Date,NIFTY_50_Close,NIFTY_AUTO_Close,NIFTY_BANK_Close,NIFTY_ENERGY_Close,NIFTY_FMCG_Close,NIFTY_IT_Close,NIFTY_METAL_Close,NIFTY_PHARMA_Close,NIFTY_PSU_BANK_Close,NIFTY_REALTY_Close,FII_Net,DII_Net,NIFTY_50_Return,NIFTY_50_30dRet,NIFTY_AUTO_Return,NIFTY_AUTO_30dRet,NIFTY_BANK_Return,NIFTY_BANK_30dRet,NIFTY_ENERGY_Return,NIFTY_ENERGY_30dRet,NIFTY_FMCG_Return,NIFTY_FMCG_30dRet,NIFTY_IT_Return,NIFTY_IT_30dRet,NIFTY_METAL_Return,NIFTY_METAL_30dRet,NIFTY_PHARMA_Return,NIFTY_PHARMA_30dRet,NIFTY_PSU_BANK_Return,NIFTY_PSU_BANK_30dRet,NIFTY_REALTY_Return,NIFTY_REALTY_30dRet,Vol_7d,Vol_30d,Vol_90d,vol_z,fii_z,Risk_Score_v2,NIFTY_AUTO_Corr_30d,NIFTY_BANK_Corr_30d,NIFTY_ENERGY_Corr_30d,NIFTY_FMCG_Corr_30d,NIFTY_IT_Corr_30d,NIFTY_METAL_Corr_30d,NIFTY_PHARMA_Corr_30d,NIFTY_PSU_BANK_Corr_30d,NIFTY_REALTY_Corr_30d,Risk_Regime
2015-01-02,8395.4501953125,8365.400390625,19057.580078125,8668.650390625,20142.650390625,11372.099609375,2715.449951171875,10955.599609375,4311.64990234375,205.1000061035156,,,,,,,,,,,,,,,,,,,,,,,,,,,,,,,,,,,,,,
2015-01-05,8378.400390625,8467.9501953125,19017.1796875,8651.5,20184.849609375,11248.5498046875,2704.5,10920.599609375,4281.14990234375,205.25,,,-0.0020308386436523884,,0.01225880410965452,,-0.002119911891194093,,-0.0019784383787755377,,0.002095018179417041,,-0.010864291461679332,,-0.00403246289520065,,-0.0031947133199400346,,-0.007073858196005367,,0.0007313207802086552,,,,,,,,,,,,,,,,,
2015-01-06,8127.35009765625,8248.2001953125,18430.53515625,8304.0,19863.349609375,10959.900390625,2610.449951171875,10637.7998046875,4104.60009765625,198.0500030517578,113.47,49.34,-0.029963988501869876,,-0.025950790324870354,,-0.03084813525927832,,-0.040166445125122796,,-0.015927787732967658,,-0.02566103356205207,,-0.03477539243044003,,-0.02589599608108739,,-0.0412388747683996,,-0.03507915687328711,,,,,,0.19409312867102102,,,,,,,,,,,
2015-01-07,8102.10009765625,8254.7001953125,18304.037109375,8404.900390625,19841.099609375,10916.0,2568.64990234375,10604.9501953125,4091.60009765625,197.3999938964844,75.03,52.12,-0.0031067936900222026,,0.0007880507075583854,,-0.0068635037345675665,,0.01215081775349236,,-0.0011201534704649019,,-0.004005546497717449,,-0.016012583887831333,,-0.0030880078567115943,,-0.0031671782124215175,,-0.0032820456715849655,,,,,,0.17259790623946603,,,,,,,,,,,
2015-01-08,8234.599609375,8397.2998046875,18701.18359375,8450.5,20244.150390625,11018.150390625,2609.25,10737.599609375,4164.75,203.5,,,0.016353724358093125,,0.01727495923546396,,0.021697207124410145,,0.005425359880036451,,0.020313933662202688,,0.009357859163154902,,0.015806006734979672,,0.012508254317038947,,0.01787806740586695,,0.03090175426608366,,,,,,,,,,,,,,,,,
2015-01-09,8284.5,8397.0,18637.033203125,8548.400390625,20286.650390625,,2599.10009765625,10934.5498046875,4138.7001953125,199.9499969482422,-675.32,681.93,0.006059844193054609,,-3.5702510863377945e-05,,-0.0034302850567404786,,0.01158515953198025,,0.0020993718768105296,,0.0,,-0.003889969279965544,,0.018342106474201536,,-0.006254830346959617,,-0.017444732441070365,,,,,,-0.24698950665120303,,,,,,,,,,,
2015-01-12,8323.0,8409.5498046875,18795.630859375,8463.7001953125,20517.80078125,11543.650390625,2555.199951171875,10976.2001953125,4201.14990234375,200.1999969482422,-106.78,194.75,0.004647232784114941,,0.001494558138323221,,0.008509812399937422,,-0.009908309325963538,,0.01139421176853439,,0.04769403042883957,,-0.01689051780805295,,0.0038090631410490072,,0.015089207742561506,,0.0012503125972276319,,,,,,0.07093176705421575,,,,,,,,,,,
2015-01-13,8299.400390625,8398.7998046875,18706.982421875,8374.7998046875,20603.0,11502.7998046875,2546.75,10984.2998046875,4170.4501953125,196.75,235.09,46.06,-0.002835469106692301,,-0.0012783086193279836,,-0.004716438525700473,,-0.010503726334049057,,0.0041524537477650725,,-0.003538792717655115,,-0.003306962794829338,,0.0007379247126395594,,-0.007307453374639894,,-0.01723275225191001,,0.014309208316031812,,,,0.2621016862185164,,,,,,,,,,,
2015-01-14,8277.5498046875,8427.7001953125,18603.583984375,8335.0,20455.80078125,11614.2998046875,2457.89990234375,10881.5498046875,4141.35009765625,195.1999969482422,-69.74,-223.98,-0.0026327909136885097,,0.0034410143469392196,,-0.005527264374776464,,-0.004752329084358964,,-0.0071445526743678656,,0.009693292232606066,,-0.0348876401909296,,-0.009354260337664067,,-0.006977687370288699,,-0.007878033299912657,,0.014314361093428927,,,,0.09164412498514182,,,,,,,,,,,
2015-01-15,8494.150390625,8614.7001953125,19235.427734375,8542.25,20770.0,11669.849609375,2483.14990234375,10936.2998046875,4327.0,211.4499969482422,1738.24,-527.27,0.026167234392820093,,0.022188734253267617,,0.033963549740237076,,0.024865026994601136,,0.01535990803342191,,0.004782880209884155,,0.0102729976822582,,0.005031452410980464,,0.044828352582124475,,0.08324795212117109,,0.011182347121274746,,,,1.1026465248759552,,,,,,,,,,,
2015-01-16,8513.7998046875,8623.599609375,19222.927734375,8589.400390625,20969.599609375,11659.599609375,2496.199951171875,11101.150390625,4261.0,212.3500061035156,1099.93,-716.91,0.0023132877520259942,,0.0010330497708257447,,-0.000649842580711768,,0.005519668778717568,,0.009609995636735702,,-0.0008783317988747541,,0.005255441411655237,,0.015073707641668932,,-0.01525306216778366,,0.004256368731439197,,0.010587904499584036,,,,0.7457106395927634,,,,,,,,,,,
2015-01-19,8550.7001953125,8694.900390625,19405.826171875,8655.650390625,20728.400390625,11642.75,2504.800048828125,11249.2998046875,4254.10009765625,212.75,433.72,-237.71,0.004334185847861161,,0.008268099689193287,,0.00951459840183122,,0.007712994736199352,,-0.011502328286810304,,-0.0014451276149698433,,0.003445275949233384,,0.013345410957373627,,-0.0016193152649025544,,0.0018836538026254512,,0.009791861660048673,,,,0.37317338318989457,,,,,,,,,,,
2015-01-20,8695.599609375,8760.900390625,19766.8203125,8763.349609375,21091.150390625,11695.0,2581.550048828125,11290.650390625,4302.4501953125,215.6999969482422,1275.59,-761.6,0.016945912118627948,,0.00759065625077926,,0.01860235876729588,,0.012442648892872388,,0.017500144399182016,,0.004487771359859227,,0.03064116835829167,,0.003675836421416223,,0.011365528912422151,,0.013866025608658905,,0.01072720827731081,,,,0.8439377668645364,,,,,,,,,,,
2015-01-21,8729.5,8779.9501953125,19843.01953125,8766.4501953125,20673.900390625,11813.7001953125,2564.60009765625,11320.849609375,4407.7998046875,215.0500030517578,,,0.0038985684884169647,,0.0021744117428712517,,0.0038549052171943377,,0.0003538128770057547,,-0.019783178834354542,,0.010149653297349293,,-0.006565803819906346,,0.0026747102872899386,,0.024485956743852233,,-0.0030134163452971707,,0.010758162450682089,,,,,,,,,,,,,,,
2015-01-22,8761.400390625,8842.0,19917.41796875,8693.0,20670.80078125,11850.849609375,2580.75,11509.5,4373.5498046875,216.3500061035156,592.79,-578.53,0.0036543204794088346,,0.007067216021410694,,0.003749350615859237,,-0.008378556163106343,,-0.00014992862093921033,,0.0031446044379253024,,0.006297240009664362,,0.01666397815838616,,-0.007770316601851235,,0.006045119894487527,,0.010036341537572765,,,,0.46212356612921446,,,,,,,,,,,
2015-01-23,8835.599609375,8983.099609375,20072.466796875,8748.4501953125,20744.19921875,,2602.85009765625,11581.099609375,4382.39990234375,219.6000061035156,2019.98,-1299.96,0.008468876599840858,,0.01595788389221897,,0.007784584747293488,,0.0063787179699184016,,0.003550826998757417,,0.0,,0.00856343995204889,,0.006220913973239428,,0.0020235502169803077,,0.015021954741452515,,0.00892664952719525,,,,1.2601924137382423,,,,,,,,,,,
2015-01-27,8910.5,9099.599609375,20555.01171875,8765.5498046875,20985.599609375,11693.4501953125,2583.75,11583.25,4385.35009765625,222.25,953.51,-783.34,0.00847711461998868,,0.012968797527127318,,0.024040140494845597,,0.001954587268972796,,0.011637006956952467,,-0.013281698717869439,,-0.007338147392140892,,0.0001856810404479159,,0.0006731917164661816,,0.012067367134931839,,0.005050201448198864,,,,0.663834196605555,,,,,,,,,,,
2015-01-28,8914.2998046875,9043.150390625,20491.51171875,8852.5,21027.849609375,11809.5498046875,2546.10009765625,11577.75,4419.25,225.1999969482422,1723.17,-1292.7,0.0004264412420740271,,-0.006203483798544518,,-0.0030892709218003356,,0.009919536965724784,,0.0020132853378715954,,0.009928601690332606,,-0.01457180545476533,,-0.00047482355988170966,,0.007730261344896405,,0.013273327101202215,,0.005373944143923961,,,,1.0942195477156136,,,,,,,,,,,
2015-01-29,8952.349609375,9049.7001953125,20528.361328125,8956.5498046875,21293.099609375,11824.150390625,2540.5,11752.0498046875,4299.14990234375,231.4499969482422,1723.77,-1680.09,0.0042684008302582566,,0.0007242835079122045,,0.0017982865237453627,,0.011753719817848118,,0.012614223752187348,,0.0012363372168264775,,-0.0021994805551458496,,0.01505472174537359,,-0.02717657920603045,,0.027753108724226205,,0.0053786240265127705,,,,1.094555061073026,,,,,,,,,,,
2015-01-30,8808.900390625,8930.849609375,19843.51953125,8920.650390625,21165.75,,2513.300048828125,11693.5498046875,4046.449951171875,236.8000030517578,-771.55,-37.6,-0.01602363904552817,,-0.01313309649739125,,-0.03336076299167279,,-0.0040081744472310055,,-0.005980792449725381,,0.0,,-0.010706534608098783,,-0.0049778550101673424,,-0.05877905095472746,,0.023115170335094026,,0.008391618995562393,,,,-0.3008002572908633,,,,,,,,,,,
2015-02-02,8797.400390625,8976.099609375,19865.669921875,8887.400390625,20840.19921875,11943.9501953125,2501.949951171875,11627.650390625,4039.60009765625,238.1000061035156,-629.97,-224.07,-0.0013054977908750764,,0.005066707197991516,,0.001116253121837385,,-0.0037273067034375718,,-0.01538101797715652,,0.010131789661816715,,-0.004516013780981765,,-0.005635535415950743,,-0.0016928056934550906,,0.0054898776816048045,,0.00841362471718292,,,,-0.2216302887201151,,,,,,,,,,,
2015-02-03,8756.5498046875,8919.7001953125,19382.724609375,9037.150390625,21052.80078125,11963.900390625,2521.800048828125,11520.0,3924.60009765625,234.8500061035156,424.79,180.35,-0.004643483770618517,,-0.006283287454118103,,-0.02431054751232964,,0.016849696583712603,,0.01020151296388394,,0.001670318025968509,,0.00793385081382314,,-0.009258137887581785,,-0.028468164476657565,,-0.013649726655559302,,0.00858285101309902,,,,0.3681798260537399,,,,,,,,,,,
2015-02-04,8723.7001953125,8812.5,19173.77734375,9050.2001953125,20991.44921875,11938.900390625,2574.449951171875,11625.7001953125,3864.449951171875,237.5500030517578,,,-0.003751432939651078,,-0.012018363057632375,,-0.010780077096278706,,0.0014440176519623371,,-0.0029141757972003246,,-0.002089619537420262,,0.020877905196415636,,0.009175364176432277,,-0.015326439634014255,,0.011496686728005079,,0.007765857078064988,,,,,,,,,,,,,,,
2015-02-05,8711.7001953125,8749.650390625,19051.6796875,8910.849609375,21093.94921875,12165.150390625,2525.10009765625,11522.099609375,3784.64990234375,231.1999969482422,,,-0.0013755630903555804,,-0.007131870567375853,,-0.006367950042446835,,-0.015397514190865769,,0.004882940617003451,,0.018950656475671845,,-0.01916908638801129,,-0.008911341613580537,,-0.02064978194475675,,-0.026731239831354947,,0.006359759357313208,,,,,,,,,,,,,,,
2015-02-06,8661.0498046875,8496.2998046875,,8808.7001953125,21286.19921875,12267.9501953125,2507.050048828125,11322.9501953125,3766.699951171875,229.8000030517578,-594.14,271.64,-0.005814064934449137,,-0.028955509606299,,0.0,,-0.011463487606729439,,0.009113987997520834,,0.008450352144164341,,-0.007148250813850399,,-0.017284125360317204,,-0.00474283001996012,,-0.006055337002438543,,0.00620200994405407,,,,-0.201594549393304,,,,,,,,,,,
2015-02-09,8526.349609375,8294.4501953125,18403.634765625,8708.2001953125,20995.099609375,12249.2998046875,2440.64990234375,11289.400390625,3635.550048828125,223.9499969482422,-1573.42,880.27,-0.01555240973670402,,-0.023757354850359347,,-0.0340151069356992,,-0.01140917476717851,,-0.013675509018001852,,-0.0015202532067766228,,-0.026485369334933173,,-0.0029629914561832837,,-0.03481825046960463,,-0.025456945282102628,,0.00627300427641832,,,,-0.749197083804678,,,,,,,,,,,
2015-02-10,8565.5498046875,8436.0498046875,18752.28125,8652.5498046875,21069.5,12162.849609375,2477.85009765625,11283.5,3704.85009765625,223.8000030517578,,,0.0045975355349490155,,0.0170716088517866,,0.01894443618421593,,-0.006390573181236259,,0.003543702673922011,,-0.0070575622028140605,,0.015241921947419357,,-0.0005226487165695959,,0.019061778244660044,,-0.0006697651195728405,,0.006127629394096941,,,,,,,,,,,,,,,
2015-02-11,8627.400390625,8514.150390625,18940.580078125,8721.650390625,21252.150390625,12243.400390625,2520.10009765625,11391.7001953125,3726.75,225.25,-272.67,145.38,0.007220854159723844,,0.009257956952091861,,0.010041382465133308,,0.007986152925703482,,0.008668947560454665,,0.00662268989891257,,0.017051071830359588,,0.009589240511587827,,0.0059111439778911645,,0.006478985381902946,,0.007451744248292855,,,,-0.021832084381025255,,,,,,,,,,,
2015-02-12,8711.5498046875,8654.2998046875,19128.376953125,8821.400390625,21224.19921875,12372.0,2530.050048828125,11598.25,3693.800048828125,228.6499938964844,60.61,-78.31,0.009753739278629103,,0.01646076327437429,,0.009915054038756255,,0.011437055549397224,,-0.0013152161715987987,,0.010503586035907952,,0.003948236493117374,,0.01813160468992092,,-0.008841470764573645,,0.015094312526012788,,0.00872352926302486,,,,0.1645344018829878,,,,,,,,,,,
2015-02-13,8805.5,8759.0,19369.474609375,8832.099609375,21616.44921875,12464.9501953125,2555.35009765625,11789.900390625,3901.550048828125,226.4499969482422,390.26,95.82,0.0107845558389561,,0.01209805503338246,,0.012604187843057613,,0.0012128707774528014,,0.01848126263597627,,0.0075129482147187066,,0.009999821481730509,,0.01652407825534019,,0.05624289275373995,,-0.00962167945317427,,0.009566322840608807,,,,0.34887103233465566,,,,,,,,,,,
2015-02-16,8809.349609375,8792.5498046875,19189.7265625,8790.0,22009.0,,2555.199951171875,11680.25,3892.550048828125,229.1999969482422,-182.8,280.77,0.00043718237181300523,0.04930044302967773,0.0038303236314076727,0.051061442861862316,-0.009279965022283121,0.0069340642323567625,-0.004766659258497508,0.013998673831192576,0.018159817890419427,0.09265660542088616,0.0,0.09609928012207791,-5.875769606389358e-05,-0.05901416077686972,-0.009300366160191698,0.066144293006555,-0.0023067754834269483,-0.09720173553233258,0.012143961302982786,0.11750360861794973,0.009503832802702707,0.010525691865004332,,0.3080318727317292,0.028422224670063473,53.52584912476037,0.8222195078414412,0.9036313035458508,0.7157413866255043,0.5995733255471478,0.34869620347593716,0.6598450491802974,0.6495307549162505,0.7665013136231859,0.6538357812349,Medium
2015-02-18,8869.099609375,8884.849609375,19296.275390625,8806.5,22195.75,12632.75,2537.5,11741.25,3887.0,228.1000061035156,2187.96,327.87,0.006782566551384539,0.05856717223720498,0.010497501491352645,0.04923262471398071,0.005552389075371922,0.01467597760084538,0.0018771331058020646,0.0179159683291914,0.00848516515970732,0.09962424439818585,0.013461730857986298,0.12305588003314671,-0.006927031743154677,-0.06174893695692363,0.005222490956957149,0.07514700840423605,-0.0014258130938601399,-0.09206636332167895,-0.0047992620391482665,0.11132767894526485,0.00904010873543705,0.010542133075596831,,0.31134421716287847,1.3541249700351365,45.61138078574372,0.8452623355694382,0.904167588109556,0.7140897000941017,0.6030247702257013,0.35113534007256053,0.651015622540849,0.6485327368100821,0.7645983042687721,0.6430249051633363,Medium
2015-02-19,8895.2998046875,8871.650390625,19188.078125,8831.5,21989.349609375,12723.7998046875,2631.0,11734.5,3839.949951171875,229.6499938964844,1542.7,-195.74,0.0029540986646272582,0.09448955659640035,-0.0014855871883382443,0.07558621039130586,-0.005607158036185944,0.041102602953615675,0.0028388122409583882,0.06352360308285165,-0.009299095125192891,0.10703129340262851,0.007207441347885535,0.1609411902658644,0.03684729064039405,0.007872224793622262,-0.0005748961992974033,0.103094645081518,-0.012104463295118384,-0.06447647521995914,0.006795211536581025,0.1595556190749885,0.003679551165726409,0.008648612317954434,,-0.07013577797225866,0.9933027216952509,43.19855433416139,0.8162578121876644,0.9075076494973232,0.5573378879537505,0.523064328299055,0.1132735231583476,0.507032587028108,0.5149861417531058,0.7504474059468809,0.5831112087546367,Medium
2015-02-20,8833.599609375,8874.650390625,19073.328125,8669.7998046875,22149.94921875,12571.9501953125,2622.050048828125,11746.5,3875.050048828125,231.9499969482422,-89.41,204.85,-0.006936269340802492,0.09028517333800345,0.0003381557960364656,0.07510269066640896,-0.0059802758385943955,0.04202848863494624,-0.018309482569495605,0.031517257998437964,0.007303517940636661,0.11636701870515576,-0.011934297278007988,0.15169935831004944,-0.003401729825874167,0.020789188295240457,0.0010226255912053617,0.10764310851663184,0.009140769567983043,-0.05292551658510547,0.010015254138410867,0.17502535015211618,0.006182757570623826,0.00877002762133079,,-0.045674726169999465,0.08064487875130501,48.968034013452176,0.8084519308041701,0.9018448977685487,0.6241521901790235,0.4923843727406976,0.14926718040479697,0.49361890306324835,0.50475348075338,0.7165174953525224,0.5573138907701575,Medium
2015-02-23,8754.9501953125,8804.150390625,18913.1796875,8551.4501953125,21902.94921875,12531.2998046875,2601.199951171875,11640.7998046875,3806.14990234375,228.1000061035156,601.91,-163.79,-0.008903438863023694,0.06319075736786117,-0.007943974905701645,0.04845016795879897,-0.008396460043598175,0.01133597200879044,-0.013650789180969514,0.011946061808472797,-0.011151267100464213,0.0819396613894543,-0.0032334196360527256,0.13733243424867303,-0.00795183054021742,-0.0030851964465363757,-0.008998441690077907,0.08411565230313811,-0.017780453314457545,-0.08610363110780961,-0.016598365576118934,0.1208845508772265,0.007769037845977054,0.008647660920208454,,-0.07032745224149649,0.4672233691618832,46.35273035813074,0.8003587172627468,0.8903598978537546,0.6522181364698881,0.4783346486755211,0.1588019542407517,0.47615808547774785,0.5095589019982738,0.7127967786553151,0.5473533829863174,Medium
2015-02-24,8762.099609375,8777.7001953125,18883.58203125,8470.0,22231.849609375,12566.2001953125,2568.800048828125,11663.849609375,3784.050048828125,229.1000061035156,697.28,-146.98,0.0008166139044774035,0.05764978084072658,-0.003004287084948598,0.045337643838573305,-0.0015649222784871464,0.013228974023808737,-0.009524723111542732,-0.009171352187829385,0.01501626047434046,0.09588567759066469,0.002785057509512745,0.14049997048548968,-0.012455752326595793,-0.011657899922918769,0.0019800877151257,0.06669682956447454,-0.005806353948912046,-0.08569119040950401,0.0043840419694956,0.14578649462454862,0.007002916522070536,0.00861739619653477,,-0.07642476413691938,0.5205532173225855,45.959583526421454,0.8054168647767846,0.8992600616861975,0.644991463370175,0.4654282963726759,0.16704591223060053,0.48078354681803226,0.5090788856364029,0.7185857536347401,0.5784276478486651,Medium
2015-02-25,8767.25,8781.2998046875,18732.833984375,8467.0,22295.150390625,12633.349609375,2556.800048828125,11533.5,3770.89990234375,229.8999938964844,516.06,19.7,0.0005878032497472763,0.05337618647122433,0.00041008570524225796,0.044205695742807194,-0.007983021792450695,-0.003341035768888667,-0.00035419126328217754,0.000389877312682696,0.002847301612876496,0.08662476199687119,0.005343653054926456,0.09439814806198421,-0.00467144182960999,0.0006262123069922243,-0.011175522125236426,0.05077347303901214,-0.0034751513100222953,-0.10241243707109116,0.003491871548040759,0.1483516353695078,0.00548820237377616,0.008604727130971388,,-0.07897714971282586,0.4192169996054575,46.53697220581334,0.8069868500334584,0.8971032306961243,0.6669718795793494,0.46226454284844726,0.18326020301488283,0.504569523578581,0.49790062383689376,0.7188497141381173,0.5818683451439336,Medium
2015-02-26,8683.849609375,8640.7001953125,18537.884765625,8506.599609375,22070.900390625,12458.5,2529.64990234375,11412.2998046875,3685.89990234375,230.8000030517578,2312.15,340.79,-0.00951271956713906,0.0463225294184233,-0.01601125260521763,0.028801780760388196,-0.010406819326568839,-0.009039280223638091,0.004676935086217027,0.015737666303823783,-0.010058241190169182,0.07124692475003647,-0.013840320641902215,0.083084137039666,-0.010618799267005263,-0.006714478317954242,-0.010508535597390178,0.038964704861510935,-0.022541038532253088,-0.11618656746299827,0.003914785468322579,0.17306227726433443,0.006387036425538777,0.008811842634167023,,-0.037250424070875456,1.423570643130215,41.01157105236821,0.8191770723302619,0.894985910011203,0.6242553149243376,0.4941219741384183,0.24617735794223172,0.5154134832943617,0.5257647145864129,0.7277524858071617,0.5635508971661775,Medium
2015-02-27,8844.599609375,8841.7998046875,19074.328125,8661.0498046875,22063.94921875,12554.9501953125,2606.35009765625,11554.7998046875,3836.550048828125,241.1000061035156,1957.1,-491.93,0.018511375395821705,0.0685045476097752,0.02327353163856971,0.04913554110590246,0.02893767903713229,0.025303949014360505,0.01815651404849028,0.03911815293191356,-0.0003149473629064925,0.0786157655081412,0.007741718129189001,0.08099071028331428,0.03032047843515273,0.06039716880697377,0.012486527907501044,0.06187078238708055,0.040872012392029644,-0.07359919872522325,0.04462739564803209,0.23514349320120087,0.009741702038073816,0.009298101324325108,,0.06071415435122007,1.2250306138814218,43.37838616892611,0.8448642553972283,0.9062032926875205,0.6584305021792654,0.4432586295345683,0.29115923416153694,0.5849508989256942,0.5478553163298917,0.7593391736280736,0.6089344762443769,Medium
2015-03-02,8956.75,8919.5498046875,20007.8671875,8711.7001953125,20648.650390625,12663.7001953125,2599.800048828125,12024.0498046875,3856.39990234375,238.6000061035156,-264.35,-137.31,0.01268009809128312,0.054460962909906874,0.008793458539830379,0.0353871408712374,0.0489421727665702,0.040157123812983864,0.005848065969738192,0.019836716943721022,-0.06414530844379729,-0.005842542579441501,0.008661922055302362,0.08516395833748258,-0.002513111662940104,0.046976683274043696,0.04061082908676927,0.09946234278743615,0.005173881029308713,-0.10875897796539169,-0.010369141172591356,0.1283991938856308,0.010915186466712253,0.0083829655662436,,-0.12365455834015378,-0.01717963249157318,48.6192230948676,0.8345687580839046,0.8626569583562791,0.5766305207753021,0.06495781943996745,0.32700042637642385,0.5823336356842376,0.6115427911739888,0.7068785137082173,0.36552845806130824,Medium
2015-03-03,8996.25,8838.7998046875,19960.966796875,8861.849609375,20661.400390625,12855.900390625,2586.25,12166.2001953125,3902.60009765625,234.8999938964844,772.92,-303.88,0.004410081781896391,0.05666684751582651,-0.009053147498269798,0.024954799046856158,-0.0023440974585388075,0.03839368657565201,0.017235374346707966,0.03171923607698712,0.0006174737698978472,-0.014697429826567188,0.015177254068573287,0.10260221802883396,-0.0052119580635567875,0.036074854013938173,0.011822172473835213,0.09594048969798141,0.011980136003120867,-0.08411168794737156,-0.015507175659609795,0.10619254600810435,0.010362684782741934,0.008396096113733124,,-0.12100919986060792,0.5628502679137101,45.17078799419045,0.814861786172974,0.8587098518457764,0.5672315441321467,0.06462730590343899,0.331646163837372,0.5748334143340637,0.6211939712912917,0.7120287442714892,0.3414691113515489,Medium
2015-03-04,8922.650390625,8777.849609375,19643.671875,8746.0498046875,20743.400390625,12730.599609375,2519.89990234375,12326.7998046875,3783.85009765625,234.25,,,-0.008181143184660233,0.04349938447337953,-0.00689575470191961,0.009539984936393076,-0.01589576923321545,0.012256406968630396,-0.013067227474160115,0.01044397705346456,0.003968753252427515,0.0007236448407657026,-0.009746558190616761,0.09343579561314974,-0.025654943511358108,0.006028366824206044,0.013200474001478169,0.09578373931780293,-0.030428431565744263,-0.11054041729273811,-0.0027671090394785214,0.10105757931844894,0.010231164661568586,0.008578536205496878,,-0.08425372990465906,,,0.8152207106000405,0.8634355774953627,0.5880685208892807,0.06126765578562993,0.3798526970090519,0.5995344962621907,0.5656103073739999,0.7262159047893757,0.35028447617998626,
2015-03-05,8937.75,8825.650390625,19747.76953125,8743.25,21005.849609375,12665.5,2474.800048828125,12632.5,3791.10009765625,234.1499938964844,,,0.0016922784950608172,0.02784746325761489,0.005445614060070936,0.007390792853813055,0.005299297245057399,-0.0009637757084255405,-0.0003201221980235758,-0.002293598940010022,0.012652179189898582,-0.004044387322178267,-0.0051136326153137235,0.08298418127404883,-0.01789747817906484,-0.04135112547922837,0.02479963982186617,0.11884608618199555,0.00191603784845773,-0.11885090458766112,-0.00042692039921277125,0.08553545298690635,0.010208787836616204,0.0080654783917282,,-0.18761741974569884,,,0.830917625218158,0.8633658969227546,0.5588600398098374,-0.007458642289350384,0.38308245669467755,0.5269598163810281,0.5734757871401116,0.7327227387221885,0.32739333734439324,
2015-03-09,8756.75,8727.0498046875,19145.328125,8551.5,20878.05078125,12422.25,2414.300048828125,12676.900390625,3732.10009765625,227.6000061035156,-394.31,840.35,-0.02025118178512486,0.0031215991752104877,-0.011172047562889809,-0.00602513561560325,-0.03050680763195368,-0.03516054626420306,-0.02193120407171245,-0.024519639138249616,-0.0060839637768311805,0.009874788345095142,-0.01920571631597645,0.05151220994493855,-0.024446419430389166,-0.05860564731533857,0.003514774638828433,0.11978348163260022,-0.015562765023396596,-0.1532963693842614,-0.027973469842858534,0.0583585346368829,0.013498402703853963,0.008920603414276236,,-0.015338828066712804,-0.08985182570710105,50.35504501744206,0.8115098006160691,0.8744638761950817,0.6289978437576473,0.04328191227482471,0.4927739646539936,0.581777133308224,0.5218533276945478,0.7024237903059799,0.4330417989547748,Medium
2015-03-10,8712.0498046875,8756.400390625,19054.1796875,8465.9501953125,20773.25,12405.0498046875,2427.75,12631.9501953125,3707.550048828125,223.0,,,-0.005104655872612551,-0.005632728072821225,0.0033631738782715637,-0.009681023453404158,-0.00476087100230882,-0.04334087292862976,-0.010004070009647426,-0.026118693740653454,-0.005019663106870076,0.004956228828973508,-0.0013846280112298492,0.046764596090569155,0.005570952615605362,-0.05928509154315609,-0.0035458348592642963,0.09752380166927321,-0.0065780788793801115,-0.15227899203195705,-0.020210922584173563,0.030737202259669028,0.013082120342034943,0.008945002686691414,,-0.010423204995417676,,,0.7990394373243872,0.8726703955019303,0.6513715023618513,0.05046932872847766,0.4948902676539226,0.5636999177654468,0.5238010403132195,0.7033884751666627,0.4414323354023712,
2015-03-11,8699.9501953125,8761.5,19043.779296875,8430.900390625,20778.5,12352.349609375,2386.75,12515.75,3682.10009765625,224.3000030517578,-449.84,350.31,-0.0013888361116221049,-0.01535259858522442,0.0005823864998750761,-0.024668501854719804,-0.0005458325047612567,-0.05124868360276236,-0.004140091056395123,-0.03629783534204101,0.00025272887006133615,0.0016535119475229454,-0.00424828566932367,0.04231764105784208,-0.01688806508083618,-0.08302441152905371,-0.009198911768637297,0.08070480542869984,-0.006864358090032829,-0.1597982430386996,0.0058296100975687715,0.021402535599323702,0.010415498405388933,0.00879733291709455,,-0.04017363828750292,-0.12090358693561953,50.243337862163685,0.7906743046023542,0.8732782881746708,0.6442922879103259,0.043854252000886836,0.508240040220655,0.5492332703133455,0.5196993199129453,0.7051518547170337,0.423278611793724,Medium
2015-03-12,8776.0,8851.650390625,19141.626953125,8543.0498046875,21107.849609375,12423.650390625,2423.0,12663.7001953125,3714.800048828125,227.75,-611.43,521.11,0.008741406902360804,-0.015094551371976905,0.010289378602408306,-0.027248365795627616,0.005138037714292221,-0.06876107807497522,0.013302187057886217,-0.025383461957059983,0.015850499765382553,0.005825423255735096,0.005772244431608842,0.06244523071601327,0.015188017178171087,-0.06221577164973391,0.011821121012524305,0.09327694691148847,0.008880788219931768,-0.15290684526795262,0.015381172096756934,0.02474690663667034,0.009540614869677787,0.008806737326808917,,-0.03827896976717855,-0.21126292597607157,50.808229918650284,0.7892744749611417,0.8654892738874963,0.6629117342796607,0.05408312870193589,0.6058044293072677,0.5886839270001667,0.5479195543888014,0.7139307635755603,0.42846575068077297,Medium
2015-03-13,8647.75,8721.75,18779.58203125,8430.599609375,20676.69921875,12312.150390625,2391.14990234375,12487.0498046875,3648.25,225.9499969482422,66.98,-71.55,-0.014613719234275346,-0.029901373133909726,-0.014675273524424437,-0.03554075479693386,-0.018914009909481222,-0.08354335741533225,-0.01316276948904116,-0.04765889755718722,-0.020426068908199202,-0.01669930102926187,-0.008974817907314803,0.0425588269027839,-0.01314490204550145,-0.06085785686711043,-0.013949350339988897,0.07853855927857323,-0.017914840086512562,-0.1744639927589523,-0.007903416253601803,0.003330373046907198,0.009826815698778319,0.009174405500366046,,0.035793655258887676,0.16809643536084953,49.42094525094156,0.8039907326628877,0.8673704545687967,0.6866465271683007,0.11695784319393325,0.6338678906721572,0.6065219169690537,0.5795624360354374,0.7124441902128869,0.43712884473145674,Medium
2015-03-16,8633.150390625,8697.849609375,18837.130859375,8364.0498046875,20436.80078125,12419.0498046875,2353.14990234375,12480.7001953125,3667.0,228.8500061035156,-762.55,158.65,-0.0016882552542568652,-0.03565535671392139,-0.0027403205348697224,-0.038879805777405685,0.0030644360470448717,-0.08238506920827238,-0.007893840031674038,-0.06615270532966933,-0.011602356592896435,-0.040214851000273666,0.008682432448510191,0.05031223338754032,-0.01589193549210499,-0.07374536416305844,-0.0005084955593447349,0.062001982865522276,0.005139450421435043,-0.1470406747155114,0.012834738634396547,-0.011233488351732435,0.009847504902953002,0.009121415432208875,,0.025117959805737795,-0.29576755692967716,52.07602085924691,0.8058976611361276,0.865732367514186,0.6815787834010316,0.10255335849226035,0.6296401090707766,0.604351697650354,0.5727508446917716,0.7446048425420868,0.42034614022097067,Medium
2015-03-17,8723.2998046875,8807.400390625,19058.029296875,8468.9501953125,20718.599609375,12383.150390625,2380.699951171875,12716.7998046875,3681.39990234375,230.25,265.52,-243.69,0.010442238346779709,-0.00971751094252371,0.012595156983620459,-0.013822785529879589,0.011726756009132977,-0.039584219580502955,0.012541818027698826,-0.0506353433363117,0.013788793615072015,-0.02112613021626919,-0.0028906731696132226,0.047276123994770325,0.011707732176639007,-0.05275935824617417,0.018917176575051098,0.08750550663322243,0.0039268891038315434,-0.0902148928648937,0.006117517409421236,-0.027660485503989474,0.01124434143238724,0.008912659786508872,,-0.01693919873591127,0.2791178053286158,48.122022783197366,0.8098472300294184,0.8529185095587903,0.7225592875619032,0.12459324764026171,0.6100382724584544,0.6189321428417643,0.5939207133730544,0.7093573101787527,0.5563506630670582,Medium
2015-03-18,8685.900390625,8748.75,19147.02734375,8476.75,20572.05078125,12276.099609375,2387.75,12732.400390625,3722.300048828125,230.5,-457.43,-882.99,-0.004287301239194297,-0.012674198632452893,-0.0066592170247454785,-0.02532832959401954,0.00466984521267344,-0.03617509910066863,0.0009209883760818993,-0.04620590640410216,-0.007073297949089508,-0.012866884557358071,-0.008644874516831047,0.027809008630398813,0.0029613344699968014,-0.04564437874482086,0.0012267697987782267,0.09501059654242128,0.01110994392604181,-0.07854739111730902,0.0010857763300760048,-0.031919386428791,0.008556840611997173,0.00894099100013803,,-0.011231423316073375,-0.12514783090688653,50.616109905648436,0.8161377147327424,0.8438748164823958,0.715953684453148,0.1285873172853941,0.6257378641225902,0.6115708430673809,0.5959020046796542,0.6902197117140122,0.5556816179326658,Medium
2015-03-19,8634.650390625,8719.5498046875,18810.931640625,8436.7998046875,20430.650390625,12275.2001953125,2388.35009765625,12799.7998046875,3632.699951171875,226.8500061035156,1428.72,53.46,-0.00590036699653107,-0.013920941099112571,-0.0033376419845692062,-0.02243913878744308,-0.01755341427632673,-0.029500133767232928,-0.004712914184386685,-0.06643140370445688,-0.006873422204162427,-0.029551906042786347,-7.326545817643026e-05,0.02601992615480464,0.0002513234870693548,-0.05291852985485068,0.0052935355466929845,0.11109373304578996,-0.024071164731725103,-0.07437704204785,-0.015835114518370497,-0.03406429547408152,0.008623491767752026,0.008964540662274392,,-0.006486967803265274,0.9295663675654735,44.34475818096798,0.8133576070607207,0.8543029091824984,0.7847719668203053,0.14858515690363214,0.6276648422640667,0.6206995673455918,0.5847152686173531,0.6968008681254978,0.5587733146950808,Medium
2015-03-20,8570.900390625,8585.9501953125,18606.1328125,8355.25,19999.80078125,12363.5,2366.0,12622.25,3589.60009765625,218.0500030517578,354.59,-219.2,-0.0073830435647072035,-0.017515480961806107,-0.015321847155822077,-0.025707779255319196,-0.010887224090629699,-0.02960525310548856,-0.00966596417781429,-0.07678837819216922,-0.021088394208571226,-0.047240589592749016,0.007193349459279519,0.035564381599867856,-0.00935796543320122,-0.0809687331761838,-0.013871295441861387,0.08571955133414755,-0.011864413272481111,-0.07112263245440098,-0.038792165814367174,-0.08208798042301568,0.008932563623701324,0.009035203816162964,,0.007749253000149297,0.32892476323648795,48.11944245658287,0.8188813798869109,0.8560664595451555,0.796536325454828,0.17466081365248706,0.5974458916700013,0.6670349264141976,0.6049331861420693,0.6985210452553567,0.5802661600683653,Medium
2015-03-23,8550.900390625,8597.7998046875,18448.78515625,8335.2001953125,19999.19921875,12244.4501953125,2373.5,12622.9501953125,3547.300048828125,217.5500030517578,417.41,403.91,-0.002333477124745964,-0.018457913045954122,0.0013801162486906104,-0.017355046105636762,-0.008456763038060755,-0.031645216649614616,-0.002399665442386567,-0.06460095718110492,-3.007842460933663e-05,-0.05189876910421776,-0.009629134524002048,0.006518604549978324,0.003169907016060902,-0.06003726260078257,5.5473098100611296e-05,0.09554253332802198,-0.01178405607235855,-0.06271382020530869,-0.0022930520201888127,-0.05903976676755818,0.007569405272087627,0.009039915746296775,,0.008698546572595514,0.36405301175756727,47.92006448832574,0.8192580276725603,0.8562041012508043,0.8133931446850352,0.17562019794133593,0.6407500780236548,0.6732014158311225,0.6114439442575998,0.7069121827384939,0.5981117663332667,Medium
2015-03-24,8542.9501953125,8480.7998046875,18331.236328125,8387.0498046875,19945.0,12180.0,2366.25,12853.4501953125,3499.35009765625,216.8999938964844,737.86,-631.67,-0.000929749494125387,-0.013635715304521456,-0.013608132622047298,-0.0018243235710030392,-0.006371629737645712,-0.037815214783801454,0.00622055957386114,-0.0478674925103455,-0.00271006944613994,-0.06300792381801079,-0.005263625094181323,-0.007169102736177213,-0.003054560775226478,-0.05616164260220469,0.01826039051358963,0.13516795301577855,-0.013517309083486029,-0.0709772100197279,-0.002987860933832187,-0.05613580932968021,0.005846056186445219,0.008986246995527311,,-0.0021138803309971943,0.5432451040622449,46.715162811654565,0.8433462395315839,0.8616532885494437,0.8015663225009979,0.19217775681387306,0.6716092511470141,0.6716347142004058,0.5944020846817631,0.7051578159907099,0.5970998508922779,Medium
2015-03-25,8530.7998046875,8515.650390625,18309.88671875,8319.099609375,19957.5,12225.599609375,2343.35009765625,12919.4501953125,3438.64990234375,217.0,813.19,96.52,-0.0014222710360253243,0.0005219344169991036,0.004109351327717725,0.026668457836724224,-0.0011646573636849844,-0.005093996271329337,-0.008101799428271272,-0.044682090123163154,0.0006267234895964702,-0.04942103770308748,0.003743810293513894,-0.0019348204134436164,-0.009677718898573717,-0.039866350595414435,0.005134808086319831,0.1443876333805234,-0.017346133887305215,-0.0541596577793898,0.00046107010755980227,-0.031033699678274296,0.005847204489349393,0.008524088741538337,,-0.09522304101582216,0.5853688060853729,45.3451106712979,0.8203738777873134,0.8446230019326366,0.7959475200986086,0.15703157332770962,0.6937211744884266,0.6358524285348205,0.5935275711794203,0.6675131367097287,0.5572980456324743,Medium
2015-03-26,8342.150390625,8385.349609375,17831.443359375,8196.099609375,19691.150390625,11902.099609375,2288.0,12676.849609375,3331.35009765625,213.1999969482422,-521.23,687.09,-0.022113918786236364,-0.026081152892280746,-0.015301330523555756,-0.006009944996333227,-0.026130328752119292,-0.049105379678805794,-0.014785253906731466,-0.052753258359197086,-0.01334584037955655,-0.06541918931987001,-0.0264608698416664,-0.02143823268183931,-0.02362007184142456,-0.07661887934053213,-0.018777934220878922,0.12348558597731207,-0.03120405034963447,-0.1008137954721251,-0.017511534800727202,-0.047363744231335825,0.00734640936626772,0.0093846054032121,,0.07814178246661849,-0.16082408457840608,51.90264589706986,0.8407219870467058,0.8602741099092313,0.8139684795406554,0.19304836278229978,0.7779472954533877,0.6650760872411386,0.6566929539231084,0.6972221163132615,0.5791888920626718,Medium
2015-03-27,8341.400390625,8435.0,18044.591796875,8116.5,19511.0,,2292.85009765625,12588.5498046875,3381.75,211.6499938964844,-320.52,674.76,-8.990487642646094e-05,-0.0331501943865713,0.005921087722984053,-0.009296334571697651,0.011953515663550407,-0.047305218612855526,-0.00971188896776598,-0.06938484845431125,-0.009148799691803156,-0.08192819825861375,0.0,-0.02787630644762218,0.0021197979266827094,-0.0901749895614653,-0.006965437581763156,0.1050632994947922,0.015128971998232377,-0.09257395854296635,-0.007270183273661468,-0.06037738558719463,0.007704325461945877,0.009262249851017312,,0.0534913025246185,-0.04858927463466489,50.93343127810341,0.8328671075219074,0.8487964158476395,0.7985722887666609,0.17394340747489587,0.7731106480975879,0.6533987461573494,0.644329168126584,0.686066868690034,0.5711807155789018,Medium
2015-03-30,8492.2998046875,8574.4501953125,18361.587890625,8183.7001953125,19880.94921875,12100.849609375,2328.300048828125,12703.7998046875,3436.300048828125,216.0500030517578,-240.34,651.67,0.018090417315550278,-0.02516773764893432,0.016532329023414283,-0.009226582297478303,0.01756737405414177,-0.04008646757532297,0.008279454852769152,-0.07229013162016995,0.01896105882579069,-0.06328860684710025,0.016698734384935632,-0.021916455756951225,0.015461085401139885,-0.0797415055458871,0.009155145095194772,0.09532039787791269,0.01613071599855842,-0.06971140738429871,0.02078908236314625,-0.055106018723232175,0.0118443411542064,0.009712652432859641,,0.14423209532374018,-0.003753506305786588,51.7533061817196,0.8427473593058546,0.8502655298149825,0.7899518201508712,0.24676354578603513,0.789189107091933,0.6750511875358949,0.6130680178629816,0.7231682842070298,0.5921652545863222,Medium
2015-03-31,8491.0,8621.75,18206.439453125,8264.25,19879.599609375,12083.0,2324.449951171875,12844.7998046875,3410.39990234375,216.1499938964844,356.07,283.71,-0.0001530568535489385,-0.03571631366759409,0.005516365902195952,-0.015669596985957268,-0.008449619849011825,-0.06004474461517306,0.009842712069735526,-0.06429384115779735,-6.788455421069539e-05,-0.08034851569740997,-0.0014750707554592735,-0.030641935132330822,-0.0016536088886772715,-0.09035949582648384,0.011099041402397924,0.08947483686132984,-0.007537219135799189,-0.12588590184352433,0.0004628134381587934,-0.045484668538600004,0.01164190911830272,0.009464783947170156,,0.0942950305551921,0.3297523628514386,49.15302618955368,0.8310209472310198,0.841718655295732,0.782731279673571,0.20469507453619817,0.7834738717431454,0.6642785283895081,0.5939649688948534,0.7442098643653381,0.6324102710656312,Medium
2015-04-01,8586.25,8710.75,,8313.150390625,20145.099609375,,2347.64990234375,13136.2001953125,3507.800048828125,219.3999938964844,,,0.011217759981156483,-0.02532532130834897,0.010322730304172634,-0.009303308653866305,0.0,-0.05124028767020117,0.005917099630940559,-0.05424910231797497,0.013355399767447595,-0.08468809989663317,0.0,-0.030641935132330822,0.009980834889638635,-0.0812265391336352,0.022686253974830928,0.12465060211147017,0.028559743512025726,-0.09884265974070938,0.015035855155084876,-0.042757430987099054,0.012530121268600229,0.009728811581088603,,0.14748761378737066,,,0.8386865817052422,0.8293518567541823,0.7885497634776775,0.2392980617546104,0.765988090866641,0.6749112875242329,0.6335732546909779,0.7590075226822441,0.6520465223261026,
2015-04-06,8659.900390625,8792.0,18605.232421875,8372.349609375,20607.900390625,11969.25,2339.949951171875,13807.099609375,3506.35009765625,234.1499938964844,511.9,772.04,0.00857771327704171,-0.02358742465005892,0.009327555032574653,-0.010450329882570886,0.02190395160881109,-0.03581224639267633,0.007121153349608722,-0.04929885773292453,0.022973367728329475,-0.07153845260353897,-0.009414052801456574,-0.05252221408640245,-0.0032798549580105307,-0.07785223599137936,0.05107256315276798,0.17594801314808906,-0.00041335057634184214,-0.09792896895903014,0.06722880770433948,0.026523400399310892,0.012840883194517252,0.009782486361982203,,0.15830125555576843,0.4168907736607315,49.39827042470483,0.8403201235263669,0.8334946605220379,0.794762677957776,0.2633074832588347,0.7151258346394305,0.6784974526761062,0.6246406969620298,0.7573263875938425,0.625940131085029,Medium
2015-04-07,8660.2998046875,8794.5,18469.0859375,8436.599609375,20747.94921875,11989.349609375,2392.0,13778.25,3493.699951171875,230.25,,,4.612224673294918e-05,-0.02641844627610679,0.0002843494085531528,-0.008696283918776526,-0.007317644912348764,-0.0374707765319775,0.007674070362285734,-0.04471498506765559,0.006795880486141659,-0.05645462065397955,0.0016792705787747053,-0.05772255195668241,0.022244086375461825,-0.09083998479665523,-0.002089476442641902,0.1741659210021731,-0.0036077819191046023,-0.09017044607425972,-0.01665596411763548,0.0026126981034715335,0.012787250027438522,0.009758906222864577,,0.1535506599683835,,,0.8442639505094993,0.8370388080596222,0.7861572881730117,0.27099836105739117,0.7147085914555124,0.7046785062021608,0.6289207818311994,0.769964942432522,0.6140799447782934,
2015-04-08,8714.400390625,8838.75,18416.384765625,8568.9501953125,21074.099609375,12214.2998046875,2431.25,13831.150390625,3506.5,232.8500061035156,118.7,-112.55,0.006246964557533818,-0.0134938444146252,0.005031553812041567,-0.004045273790494797,-0.0028534802454946995,-0.03444303768433177,0.015687669448059216,-0.011632288132013557,0.01571964473145404,-0.04857119981405145,0.018762501940605913,-0.028448282491474686,0.016408862876254204,-0.07276750835225265,0.003839412888066329,0.17746991790107702,0.0036637516120499036,-0.09510846161576159,0.011292100341001587,0.003880186105258865,0.006951847077370356,0.009772015379163274,,0.15619170885093137,0.19701768676979922,50.69219438559238,0.8528345496450591,0.8276697053659005,0.78968656245123,0.30443980894304884,0.7023904051503208,0.7128382949785332,0.6198873531462162,0.800358149022419,0.6362073589415347,Medium
2015-04-09,8778.2998046875,8848.150390625,18875.630859375,8688.25,21118.94921875,12279.400390625,2468.14990234375,13545.900390625,3604.699951171875,230.9499969482422,-1287.12,1128.7,0.007332623152276119,0.002667017956024642,0.0010635429925045514,0.004997642935183455,0.024936821183666913,-0.001985326039588009,0.013922336105157918,0.01599726380473898,0.002128186266854737,-0.035794266432798816,0.005329866384360171,-0.02010161898514895,0.015177337724935791,-0.05114948920715767,-0.020623736416990113,0.1636571900472299,0.02800511939879513,-0.05292748744546982,-0.008159798606269919,0.012494479475959386,0.006359791635802104,0.009734734436192915,,0.1486808675329448,-0.5891012934260564,55.31877817095168,0.8431740082779164,0.8259051265343116,0.7868343643135693,0.2941676974773499,0.7097522282806901,0.718659729677379,0.5335146944503953,0.7896349066660975,0.6069905092670361,Medium
2015-04-10,8780.349609375,8879.0,,8740.099609375,21214.75,,2483.0,13505.900390625,3662.300048828125,232.3999938964844,,,0.0002335081659441407,0.0020828341166623243,0.0034865602428826303,0.011540586079893389,0.0,-0.00042106269148733944,0.0059677851552384364,0.03188897395218415,0.004536247530958937,-0.04574966218492671,0.0,-0.02282311281293159,0.006016691953008246,-0.033400828089857226,-0.0029529229395252043,0.15792820063192714,0.015979165654973482,-0.03217452159167522,0.006278402110423853,0.014404136643618282,0.00468953157836948,0.00973390796092733,,0.1485143608923273,,,0.8443271159125528,0.8263559170114909,0.7990621634665087,0.29631359820700137,0.7103673158743061,0.7250465629828877,0.5319420769120378,0.7782666935645761,0.6062432336663353,
2015-04-13,8834.0,8817.849609375,,8849.900390625,21456.400390625,,2485.0,13722.849609375,3681.85009765625,232.6999969482422,417.01,46.42,0.006110279546012176,0.007613561835239091,-0.00688708082272782,0.0041622317311145185,0.0,0.007622812176689697,0.01256287527114952,0.045222675165347725,0.011390678213271332,-0.03762028895542635,0.0,-0.028017052459890723,0.000805477245267916,-0.028081996032905843,0.016063291781760247,0.1898252576732995,0.005338188724973714,-0.02361500092647706,0.0012908909622924014,0.012179221949081498,0.004157445704850419,0.009795179504383852,,0.16085849179523778,0.3638293361859589,49.7473258844271,0.8170736970256788,0.8249879973923663,0.801315901755658,0.3075075073030575,0.7112013552428199,0.7240755875940215,0.549276788165682,0.7795453522918847,0.6031300331501093,Medium
2015-04-16,8706.7001953125,8666.400390625,18636.833984375,8910.650390625,21287.80078125,12059.0,2464.39990234375,13248.650390625,3731.699951171875,224.3000030517578,-214.36,432.27,-0.014410211080767454,0.002631388953676872,-0.017175300720595366,0.002974318600527548,-0.01265106722943754,0.0053376757920884366,0.006864484041464891,0.04749850701856251,-0.007857776994535715,-0.03548109028246238,-0.017948790951818006,-0.03206646064935581,-0.008289777728873293,-0.02579408318105403,-0.03455544819394085,0.16090977431062892,0.013539349021123304,0.012425744062936284,-0.03609795447634978,-0.0281629112394004,0.00798816588927955,0.01000295691671739,,0.20271856960335166,0.010774222070170734,52.367977502819194,0.8273521283507884,0.8228315437730084,0.7676609725361793,0.30425764444698083,0.7236196128222933,0.7148629484072416,0.580095098516932,0.6939373512672781,0.6526249787771048,Medium
2015-04-17,8606.0,8558.2001953125,,8900.2998046875,21277.849609375,,2488.550048828125,12809.150390625,3737.199951171875,222.1499938964844,-675.71,72.52,-0.01156582781691673,-0.02697686949244049,-0.012485021512454786,-0.03207487340130111,0.0,-0.022936280521020924,-0.0011615971319434149,0.027623672117728093,-0.00046745889710531063,-0.03562823688458139,0.0,-0.0395023626216906,0.009799605356828334,-0.045197323618978213,-0.03317319025272181,0.10855666970782485,0.0014738591183551808,-0.0258956865912896,-0.009585417414271213,-0.07859814071881466,0.008817147853507862,0.00959677131792005,,0.12088599416008027,-0.2472075903335211,52.933877471922095,0.8102732611029567,0.781073847560678,0.7345582883407101,0.31247586776084296,0.699986755247648,0.6112568615640925,0.6148156217636404,0.6221946298356174,0.597128958625121,Medium
2015-04-20,8448.099609375,8398.599609375,18112.5390625,8657.099609375,20666.349609375,11562.2001953125,2442.199951171875,12753.849609375,3681.199951171875,216.0500030517578,-1506.86,962.5,-0.01834770981001632,-0.05678961572277896,-0.018648849325225703,-0.05840543600515857,-0.028132188241552503,-0.09472914365325824,-0.027324944175971977,-0.006267500569737128,-0.02873880637499071,0.0008571610451613143,-0.041197429694626475,-0.08698089681621834,-0.018625342768603947,-0.06062008412042652,-0.004317287217618593,0.06069500846569942,-0.014984480555406243,-0.04543096037975636,-0.027458883692650482,-0.09450964993678401,0.010978683523827753,0.009757107460128088,,0.15318827048984426,-0.7119774686890612,56.1101240580125,0.8222927522199673,0.8240330088719856,0.7705066149260296,0.7968858003812461,0.714298352221615,0.662833922303423,0.5671638526278836,0.6386345750005011,0.6656601157216309,Medium
2015-04-21,8377.75,8284.900390625,18105.5390625,8563.650390625,20429.30078125,11558.400390625,2446.25,12284.0,3699.300048828125,215.3000030517578,17488.73,1364.83,-0.008327270348106652,-0.06875086841739608,-0.013537878222350641,-0.06266681294996057,-0.0003864725964617399,-0.0929527989929565,-0.010794518137321796,-0.033649771988291666,-0.011470280557794643,-0.011233488775538869,-0.0003286402780883213,-0.10092641982090844,0.0016583608668820915,-0.05413243112614785,-0.03683982670060859,0.009682546957667792,0.004916901525680029,-0.05209348735224473,-0.0034714186040549766,-0.08343972479353878,0.01017807266132303,0.009750151492632147,,0.15178687975472738,9.910146159526922,0.0,0.8525010489170131,0.8180967441844439,0.7764907886122161,0.8047302916022907,0.70203143014046,0.6631514225691022,0.5607917373853671,0.6162134217348713,0.6859207821944671,Low
2015-04-22,8429.7001953125,8280.2998046875,18243.486328125,8548.2001953125,20538.599609375,11492.0,2459.199951171875,12431.349609375,3653.25,215.3500061035156,-910.15,217.98,0.006200972255378856,-0.05524705930767404,-0.0005552976765665907,-0.056682425289686256,0.007619064262533559,-0.07127921682793836,-0.0018041599794188512,-0.02262159646849493,0.00535010127342761,-0.009873057328756984,-0.005744773357986177,-0.09729310852435236,0.005293797106540543,-0.024088239027041602,0.011995246611445687,0.008481504230136272,-0.012448314064903432,-0.03451513518919391,0.00023224826311674107,-0.08068300489427704,0.009945343224835828,0.009805718371201685,,0.16298171481572518,-0.3783038428531298,54.22560363490748,0.8445808111376315,0.8199827399667727,0.7619627993033022,0.8192545964546746,0.6837596868934317,0.6709349847203412,0.5907826488199052,0.5827075606854738,0.6859035346594035,Medium
2015-04-23,8398.2998046875,8228.7998046875,18245.38671875,8495.849609375,20525.69921875,11451.5498046875,2495.14990234375,12293.0498046875,3591.35009765625,213.5500030517578,-276.83,559.6,-0.0037249712205020824,-0.0603563755209644,-0.006219581562837306,-0.06762681043558005,0.00010416817218050767,-0.07607860776998354,-0.0061241647061807125,-0.028296158822520234,-0.0006281046843676918,-0.02285793717244866,-0.003519856884136807,-0.09584700132742485,0.014618555581356496,0.008222827345288453,-0.011125083682241743,-0.02687118110528397,-0.016943790417778715,-0.05268919175294007,-0.00835850011953354,-0.08797775520691942,0.009658170499917278,0.009788178514407813,,0.15944803056252033,-0.02415831032575128,52.05832622870475,0.8448912296475022,0.817064166937906,0.762792081572376,0.8230633373054801,0.6873193606578394,0.6895022795244994,0.5932636834196782,0.5769517772658511,0.6866424762617909,Medium
2015-04-24,8305.25,8164.4501953125,,8509.7998046875,20606.05078125,,2454.89990234375,12210.0,3536.300048828125,205.0,-775.46,896.33,-0.011079600258562361,-0.05156022496930934,-0.00782004799027236,-0.06446618524771275,0.0,-0.04700579694295526,0.001642001206931143,-0.004876360324212126,0.0039146808907051245,-0.01302803613468917,0.0,-0.07814205923343198,-0.01613129534309432,0.016816407527859623,-0.006755834069413158,-0.03683080060882149,-0.015328510819385466,-0.0524637720598885,-0.04003747567114557,-0.09929703645630306,0.00802569965447347,0.009331926714716401,,0.06752881941883782,-0.30298668600333417,52.62826594904606,0.8513581034162114,0.7697086067769333,0.709092532048148,0.8215146625637565,0.6394581302787096,0.6589494025499628,0.6490359688544516,0.5734145364593676,0.6769164385859482,Medium
2015-04-27,8213.7998046875,8118.64990234375,17767.392578125,8386.150390625,20242.55078125,11097.900390625,2454.050048828125,11908.2001953125,3457.75,196.5500030517578,-1749.33,1667.54,-0.011011130948797465,-0.0571909035382141,-0.005609721643601406,-0.07283249507001244,-0.026198082177879334,-0.06753306258674385,-0.014530237714216243,-0.009425971432206692,-0.01764044958730071,-0.025547240742300747,-0.03088223167118742,-0.10537236324263421,-0.00034618662651519916,0.010833096005818055,-0.024717428721334977,-0.057295191067850415,-0.02221249547366755,-0.06737604227543237,-0.0412194973084985,-0.11860985178583938,0.007723339124156027,0.009467107597144265,,0.0947631669499168,-0.847564008308706,56.22254205325124,0.8607005655113487,0.772526539634954,0.7213988731939565,0.8267314324821625,0.6506176327121199,0.6588330308332904,0.6628707254826631,0.5894774273529306,0.6876092099805912,Medium
2015-04-28,8285.599609375,8315.400390625,18246.037109375,8380.849609375,20053.30078125,11052.9501953125,2453.199951171875,11984.599609375,3517.35009765625,200.0,-1532.84,1537.08,0.008741362876475867,-0.04762677677864757,0.024234385106869816,-0.05091589446727163,0.026939492058013048,-0.041889909301296435,-0.0006320875494822964,-0.00593658790058238,-0.009349118203783702,-0.034901423045455626,-0.0040503332820027715,-0.10519451401183633,-0.00034640599797708393,0.027841186203781287,0.00641569782246143,-0.042438558666080706,0.017236670567927215,-0.04474348758331359,0.017552769751591812,-0.10833706072732652,0.009809112483831458,0.009665210683203992,,0.1346741972363841,-0.7265051970650186,55.97512154922672,0.8446793034369284,0.7769228529040755,0.7072478573510198,0.7791445527270265,0.6360888408371962,0.6686967334194921,0.6654499256236923,0.6093873182896796,0.7006555850341963,Medium
2015-04-29,8239.75,8278.5,18302.4375,8302.2998046875,19729.94921875,11094.400390625,2443.25,12042.900390625,3505.64990234375,201.6000061035156,-718.31,912.46,-0.005533650132347967,-0.06110414767547856,-0.004437596374385344,-0.06475068098397085,0.0030911035797478448,-0.04384107240100599,-0.009372534808360311,-0.02818080258269151,-0.016124605421683813,-0.06527905097509357,0.0037501476601313755,-0.10699351303406479,-0.0040559071294298255,0.008357408171687952,0.004864641552513316,-0.04902199160694676,-0.003326423298123271,-0.05630185844063229,0.008000030517578027,-0.114818853552072,0.008013616519918658,0.009489339873179549,,0.09924221399471542,-0.2710290387098021,52.8170808001954,0.8380071612613706,0.770975053536653,0.6936084256540864,0.764181956814516,0.6133265651364195,0.6546014774391861,0.6507020458584982,0.6010755977758313,0.6784005171909713,Medium
2015-04-30,8181.5,8188.2001953125,,8331.75,19510.69921875,,2402.39990234375,12057.7998046875,3484.60009765625,204.8000030517578,-3157.61,2460.8,-0.007069389241178392,-0.05391575843427476,-0.01090774955456908,-0.06117462718921085,0.0,-0.02540762251556039,0.0035472334178865417,-0.011725098326941907,-0.011112547608163159,-0.05639197957392783,0.0,-0.09890636171299916,-0.01671957337818475,0.0047048493233206035,0.0012371948267626554,-0.03437561367288411,-0.006004537039887237,-0.04485709651031311,0.015873000254767344,-0.09360475407011914,0.0079015237226067,0.009241804977926423,,0.04937235634683181,-1.6350585932699526,60.4028198357817,0.8307386388263687,0.7513069754977235,0.6621977766858936,0.750586948927642,0.6048508536549674,0.6357588944818877,0.6383760199303486,0.5834232263528095,0.6611085946373801,High
2015-05-04,8331.9501953125,8330.2001953125,18501.0859375,8620.650390625,19911.30078125,11191.4501953125,2441.75,12333.599609375,3579.0,210.1999969482422,,,0.01838907233545184,-0.03488879281421786,0.01734202835945453,-0.04226900102598097,0.010853660202363669,-0.01783949606676727,0.034674635055660596,0.030678988280735897,0.020532404195694687,-0.025713417947594186,0.00874763856273919,-0.09884811065913024,0.016379495194726035,0.037651701478092825,0.02287314511394367,-0.011786244652583489,0.027090598547375278,-0.02399781838014725,0.026367157304776345,-0.08149446649714076,0.0110667762280316,0.009950295216977479,,0.19210902921172568,,,0.8494494205876431,0.7474677233152482,0.7233940051500614,0.786115505901314,0.6294391340363289,0.6855879824800603,0.6619146127637081,0.6343159798707471,0.6913747894886344,
2015-05-05,8324.7998046875,8327.2001953125,18471.234375,8663.2998046875,19963.80078125,11170.25,2508.14990234375,12391.7001953125,3530.39990234375,212.8500061035156,-756.52,979.19,-0.0008581893143123631,-0.04568225429852413,-0.0003601354024707071,-0.054522353250074485,-0.0016135032614217337,-0.030789905542396134,0.004947354564903916,0.022948488879125817,0.002636693633267795,-0.03643097711022225,-0.0018943206592992867,-0.0979476427535968,0.027193571145182727,0.05353465526352408,0.004710756614260125,-0.025564577123811105,-0.013579239356314665,-0.041017005488555136,0.012607084651508949,-0.0755700060650788,0.01102855584728615,0.009707848793526467,,0.14326432546853568,-0.29239564768768245,53.47354579174853,0.8412957827877713,0.7388391842704316,0.7115598185047038,0.7749249775597593,0.6436057346141071,0.6256224368454996,0.6472418932014351,0.6306139519665834,0.6900460475309812,Medium
2015-05-06,8097.0,8089.85009765625,17799.34375,8437.150390625,19490.849609375,10938.849609375,2430.35009765625,12037.650390625,3413.550048828125,203.9499969482422,-550.29,879.5,-0.02736399793773192,-0.06779957910415613,-0.02850298925079975,-0.0753136050685812,-0.03637497155627967,-0.07038604842176255,-0.026104304267542067,-0.004671555652225212,-0.02369043735996379,-0.052556800650154,-0.020715775441462858,-0.10893117867655377,-0.031018801792827344,0.017841104661815432,-0.02857152764407822,-0.05456551621731531,-0.03309819191815955,-0.08294602690538133,-0.04181352548773265,-0.11518439501847211,0.014598740338810414,0.010789376546749784,,0.3611553627718961,-0.17707411485574706,55.396309042397235,0.8695861249381521,0.7936658199431046,0.7604932290897313,0.7986589366708974,0.6683955365952851,0.6992309813939281,0.6778446976243812,0.6938461657434175,0.7266278056328601,Medium
2015-05-07,8057.2998046875,7986.25,17376.69921875,8318.4501953125,19541.94921875,11127.75,2417.800048828125,11873.5498046875,3328.85009765625,199.1000061035156,,,-0.004903074634123761,-0.06686438475428647,-0.01280618261224209,-0.08409835612078154,-0.02374495021761691,-0.07624462462973192,-0.01406875423773346,-0.014027784481651984,0.002621723034096135,-0.04349842784656521,0.01726876201525851,-0.09347710644675877,-0.005163885170382576,0.012330667602197476,-0.013632277114917879,-0.07236441304814722,-0.02481286342965805,-0.0836429811434346,-0.023780293784252504,-0.1223275259130352,0.0142555278744124,0.01077937223748583,,0.3591398349072344,,,0.8661873535887077,0.7814615646015263,0.7525850872784986,0.7928759029644178,0.6313625149042185,0.701013825480064,0.6853276443588212,0.6895829621108628,0.7229109166917709,
2015-05-08,8191.5,8199.25,,8397.099609375,19857.19921875,,2435.60009765625,12104.7001953125,3295.14990234375,207.3500061035156,,,0.01665572816769534,-0.04426610663215669,0.02667084050712165,-0.04503871866431497,0.0,-0.0660767933959947,0.009454815766862357,0.005008780033511906,0.0161319629107175,-0.007130149147970055,0.0,-0.09995147005297855,0.007362084733496754,0.029416778383875686,0.01946767347821665,-0.041002975276792974,-0.010123674639548108,-0.08202869046742967,0.04143646281814117,-0.04907129923636089,0.01556399964907057,0.011266920015073073,,0.4573641205779666,,,0.8794218936957969,0.7505720021474986,0.7493299020676878,0.8155950163295634,0.6374011208775384,0.6891177815482348,0.6972318473544051,0.6274123845348565,0.7562658523445785,
2015-05-11,8325.25,8427.5498046875,18199.5390625,8489.849609375,19795.94921875,11324.5498046875,2502.300048828125,12317.5,3498.10009765625,209.25,-991.87,636.15,0.01632790087285607,-0.026389079549142824,0.02784398630210072,-0.019801577597466258,0.04735305787316224,-0.013510162953226268,0.011045480500963434,0.018553773207447444,-0.0030845236191298087,-0.010162906913265046,0.01768549838803901,-0.07512794580006232,0.027385428024928826,0.05426587268933014,0.017579931865632226,-0.024198003682683322,0.06159058049776345,-0.013869689762535997,0.009163220837022257,-0.038152162423933156,0.01677231377693537,0.011722208987504831,,0.5490893547943585,-0.4240007621327,59.1330768303285,0.8877628911851382,0.7626573647581912,0.7535051765906783,0.7719288279989436,0.6663786124313374,0.7172619901463262,0.7077946917217076,0.6549970700358265,0.7463733755661396,Medium
2015-05-12,8126.9501953125,8277.5,17628.4453125,8239.2001953125,19598.75,11118.4501953125,2426.0,12250.7001953125,3369.14990234375,201.8999938964844,,,-0.02381908107113906,-0.04869512176581092,-0.01780467729826296,-0.023971772635775768,-0.031379572198986794,-0.03833844062916425,-0.029523422156467638,-0.017628321378557632,-0.00996159449445444,-0.01736024066181996,-0.018199364471838897,-0.08715515637828408,-0.030491966326683273,0.0252509244585315,-0.0054231625482037416,-0.0468940238489286,-0.03686292321906326,-0.037206964630290607,-0.035125477197207156,-0.06915629516872535,0.01922953675828475,0.012451524272337715,,0.6960215656967821,,,0.9034309795680109,0.7882473931402162,0.7868849368541508,0.7663117997845582,0.6836241869490475,0.7539817222617323,0.6898232678047237,0.6953884309111468,0.7644819883538978,
2015-05-13,8235.4501953125,8413.400390625,18097.23828125,8342.25,19818.900390625,11170.5,2428.85009765625,12261.400390625,3459.199951171875,200.3500061035156,-71.2,254.0,0.013350641678914421,-0.03462156141710315,0.01641804779522804,-0.012007303647947887,0.026592984261498476,-0.011613858718319658,0.012507258258650955,0.00278280002789133,0.011232879169589927,-0.006944738037078846,0.004681390281304099,-0.08630248356619774,0.0011748135433842233,0.03648622546221958,0.0008734354071120443,-0.05093481492937346,0.02672782495236614,0.005976196883002993,-0.007677007626674337,-0.07672808247227836,0.01847108077224769,0.012746895839072086,,0.7555288847404772,0.09082770914877164,58.521380361993096,0.9095902272302071,0.7991689740948089,0.797515653387066,0.7733880395149157,0.68862292804475,0.7426450830829598,0.6797943991831568,0.7172623779093602,0.7376930488038909,Medium
2015-05-14,8224.2001953125,8485.5,18115.98828125,8352.0498046875,19846.05078125,11093.599609375,2448.699951171875,12238.7998046875,3557.64990234375,202.5500030517578,-73.76,302.57,-0.0013660455388829762,-0.014139063645394523,0.008569615854172374,0.011943496131995524,0.0010360696869105013,0.015957481183114686,0.0011747196125146964,0.019027367009317286,0.0013699241678333252,0.007866497769411618,-0.006884238899333095,-0.06792919119607799,0.008172531328623167,0.0702359926450502,-0.001843230399260154,-0.03455509990144123,0.02846032393661524,0.06793035797910041,0.010980768061996216,-0.049953067771712156,0.0184690649245011,0.012114321129086385,,0.6280866075359675,0.08939618549047869,57.000662177488735,0.9036217430178521,0.7832503812471002,0.7896628291389649,0.7655589357086735,0.6540666440521817,0.7125480261292992,0.6705479194848099,0.6702042654951537,0.7390695155043818,Medium
2015-05-15,8262.349609375,8539.5498046875,,8333.25,19997.599609375,,2422.85009765625,12294.650390625,3586.5,200.1499938964844,-38.31,563.6,0.004638677701966021,-0.009476919647550597,0.006369666453067024,0.012394760484587986,0.0,0.003956669409798774,-0.002250921046585308,0.026704860469414227,0.007636220918480152,0.024939757540618057,0.0,-0.06792919119607799,-0.010556562270217729,0.056697993529051915,0.0045634038327933,-0.023346566413318115,0.008109313296185805,0.06054557551563544,-0.01184897121260542,-0.054334988573751186,0.014575750726586083,0.012149252115675545,,0.635124012613422,0.10921943302426187,56.96617155321549,0.9061880853213362,0.7853519454033111,0.7919579079328418,0.7750777875795312,0.6544527423122025,0.6896246927221182,0.6729952188880426,0.6749004362324882,0.7297918107355561,Medium
2015-05-18,8373.650390625,8600.0498046875,18422.734375,8472.099609375,20292.099609375,11279.4501953125,2436.5,12486.0,3600.10009765625,200.25,-202.12,618.54,0.013470838987944989,-0.013971411371629716,0.007084682610175808,0.00298556861278354,0.016932341144616503,0.003330130527884334,0.016662119746197357,0.03524071106950988,0.01472676749973223,0.020680621739994187,0.016752955981973683,-0.06787948289400525,0.005633820415449575,0.046471652666216334,0.01556364787085851,-0.017144461345111495,0.0037920249982572596,0.047667562931236196,0.0004996557909831001,-0.07313123271732935,0.014573213474050155,0.011936243874846255,,0.5922101008713213,0.01761869456138389,57.00080904308755,0.8974304422740004,0.7863800871765204,0.8095347612237022,0.7680041806814643,0.6472213989607388,0.6725408384004032,0.6863778727098621,0.6602431892207163,0.7084967579679283,Medium
2015-05-19,8365.650390625,8531.2998046875,18380.1875,8454.849609375,20231.099609375,11372.2001953125,2445.550048828125,12502.349609375,3588.89990234375,200.9499969482422,48.06,451.02,-0.0009553778372400901,-0.014762643902367256,-0.00799413975050789,-0.0104909322715806,-0.0023094766571534198,0.009543219437404993,-0.002036095040822139,0.02306314661040032,-0.0030060960262494607,0.017681442629973176,0.008222918528293599,-0.05882643422059919,0.003714364386671498,0.052098388952275476,0.0013094353175555629,-0.026660609781362865,-0.003111078861332661,0.0523399029765772,0.0034956152221832237,-0.07032152383738488,0.01385040933005357,0.011936570864271542,,0.5922759781128906,0.1575165808237782,56.16221225241202,0.8954247870908114,0.7897726416487773,0.8142171707637542,0.767417130456407,0.6394394994634406,0.6728696943027288,0.6898705680460316,0.6624984614734264,0.7075361643457958,Medium
2015-05-20,8423.25,8484.7998046875,18554.935546875,8510.150390625,20232.5,11571.7001953125,2431.39990234375,12537.0498046875,3621.75,200.5500030517578,123.49,103.58,0.006885251795789804,-0.018983840442568067,-0.005450517630906648,-0.025939235463364185,0.009507413723336633,0.01914136449618553,0.006540717316684264,0.023697393977397896,6.921969898021629e-05,0.004338543483017876,0.017542779459882585,-0.04231563392265991,-0.00578607928762509,0.035673973328130826,0.0027754939188773253,-0.0456106318202123,0.009153249895545112,0.03248473390321749,-0.001990514568593893,-0.08591609557482593,0.012763715819866158,0.0118164367226576,0.010662431298093376,0.5680730368071342,0.1996962017398083,55.61869923124676,0.877708804438697,0.8061674925892728,0.818400303304036,0.7534370464685246,0.6503039989481859,0.6503583392183686,0.6765390473528422,0.6503760741526113,0.697004540826476,Medium
2015-05-21,8421.0,8549.599609375,18512.935546875,8454.400390625,20070.94921875,11618.599609375,2419.60009765625,12554.75,3591.300048828125,202.6999969482422,-186.26,404.01,-0.00026711779894939003,-0.027586967499490855,0.007637163654904411,-0.027570563082916277,-0.0022635486872965016,-0.0049608020425201405,-0.006551000562976639,0.009800209627907064,-0.007984716730507824,-0.02605559817822445,0.004052940645791869,-0.029295936723270022,-0.00485309087827368,0.03403925218335768,0.001411830980035056,-0.09070330806657301,-0.008407524310588776,0.024227458412854563,0.010720487976903614,-0.13431560011975052,0.006439808651811911,0.011689966332147847,0.010660104327006573,0.5425935569748296,0.026487430975651923,56.352198097844045,0.8704563096376965,0.8014330154960375,0.8131551527526295,0.7505550720058495,0.6766584416167694,0.6643885286982526,0.7106837432762295,0.6565359051183376,0.7355082601137091,Medium
2015-05-22,8458.9501953125,8581.650390625,,8520.650390625,20167.75,,2409.85009765625,12690.099609375,3524.14990234375,202.25,211.42,237.62,0.004506613859696085,-0.02324972736694597,0.003748804939924355,-0.024202582224685854,0.0,0.002374216543438612,0.007836155958909075,0.009962637216610393,0.004822929907050355,-0.027964171910815683,0.0,-0.03092327874984091,-0.004029591505408048,0.0074624154081313065,0.010780749069077444,-0.07897595054705786,-0.01869800505983532,0.008715674384590866,-0.002220014578278917,-0.12160694896851254,0.005324091464165609,0.011730261065316822,0.01017557314014487,0.550711574456936,0.2488656842685969,55.11534478787165,0.8708532769507188,0.801943110544739,0.8171690772073943,0.7562214051927583,0.6752657777503018,0.6773322676785127,0.7126303984691982,0.6314010837517027,0.7403133728639935,Medium
2015-05-25,8370.25,8565.099609375,18324.63671875,8504.650390625,19766.94921875,11623.349609375,2368.699951171875,12617.5498046875,3489.75,201.0500030517578,74.14,0.17,-0.010485957862909845,-0.03949214807656065,-0.0019286245065495145,-0.030960304412388617,-0.010171203137839702,-0.00498187065716893,-0.001877790927509948,-0.0075038135619780455,-0.019873351328234423,-0.06202639329100934,0.00040882723905610874,-0.048381831522238405,-0.017075811696501964,-0.02572752651028276,-0.005717039812193625,-0.08774400911439006,-0.0097611915772573,-0.004776843005846243,-0.0059332358380330685,-0.1365686159253129,0.0074878746789762895,0.011785397105638895,0.01023448538630075,0.5618196102727268,0.1721002280926376,55.7092339547169,0.8625678573324117,0.8133664415566488,0.8109517839165515,0.7610289211930191,0.6622188052585872,0.681843522013273,0.7073429437464546,0.6360421391366815,0.7300543086724436,Medium
2015-05-26,8339.349609375,8548.150390625,18329.087890625,8415.349609375,19682.19921875,11581.900390625,2372.25,12559.0498046875,3482.949951171875,199.75,114.81,123.85,-0.0036916926764433144,-0.05000401046659475,-0.001978870010040268,-0.03390539115585822,0.00024290641846369532,-0.028954951112457605,-0.010500229538940253,-0.03141028292521508,-0.004287459792713499,-0.06803132036154591,-0.0035660304596334402,-0.05680244782412369,0.0014987330186622128,-0.038854974834666156,-0.004636399372742517,-0.07285234332746837,-0.0019485776425604007,-0.03377534930762249,-0.0064660683015416165,-0.13509416479981318,0.007756248440960057,0.01167914968542043,0.010100941700000199,0.540414370755561,0.19484244183590876,55.31591779805128,0.867257893384594,0.81211904275413,0.8039153416565579,0.7610657144906485,0.6584325239588719,0.672165695700176,0.7587166923241287,0.6271759569874584,0.7419758827776419,Medium
2015-05-27,8334.599609375,8369.900390625,18538.634765625,8481.099609375,19794.75,11367.5,2377.800048828125,12506.0498046875,3538.5,200.8000030517578,-934.98,594.03,-0.0005695887835976965,-0.050766771236997354,-0.020852464200383225,-0.05733749401678112,0.011432476959597038,-0.017853500964320035,0.007813103798652854,-0.02963352954492482,0.005718404737148575,-0.06693456203820458,-0.018511676270204114,-0.07426261556885239,0.002339571642164584,-0.04236808343611553,-0.0042200644813287225,-0.07403065008768595,0.015949137830543414,-0.03380390660992916,0.0052565859912780954,-0.13597242545024268,0.005621607969152632,0.011675621690848261,0.010081816794651569,0.5397035999088217,-0.3921885039607134,58.829574222670146,0.8350135142864853,0.8077661569034538,0.8012140090622355,0.7586556777298388,0.6377504193675805,0.6726851700534723,0.7586214796866322,0.6254384043857265,0.7414249279814402,Medium
2015-05-28,8319.0,8379.2998046875,18448.984375,8429.400390625,19856.5,11450.849609375,2370.14990234375,12311.900390625,3516.949951171875,200.5500030517578,-792.54,683.29,-0.00187166871908917,-0.058297486982114566,0.0011230019025110227,-0.04973432572735659,-0.00483586799990432,-0.022603031790224715,-0.0060958155346804155,-0.04751465908536667,0.0031195140125537257,-0.07456518155412728,0.0073322726522981885,-0.06747485666177777,-0.003217321190713829,-0.04621734312122738,-0.015524439538832535,-0.10281750940315526,-0.0060901649931114354,-0.04478730586814095,-0.0012450199013969154,-0.1381606975424038,0.0056404319928352094,0.011582809688401934,0.010072319094429743,0.5210051398582486,-0.3125376329110074,58.12728747576503,0.8514944461670576,0.81275408923862,0.796273854079417,0.7521137887106775,0.6335072073555004,0.6744344993218333,0.7472201679660931,0.6235387204403773,0.7411990480394129,Medium
2015-05-29,8433.650390625,8536.75,18721.1328125,8488.099609375,20107.30078125,11575.0498046875,2382.60009765625,12511.75,3531.10009765625,199.5,2284.3,-2267.88,0.013781751487558669,-0.03136088283302829,0.0187903761629844,-0.014960120093833962,0.01475140484528703,0.004523237594737051,0.006963629206091948,-0.04742086859277639,0.012630664077254217,-0.05545429573165528,0.010846373810622367,-0.04013186792540846,0.005252914720789814,-0.03319258559039251,0.016232230852612828,-0.05562078920479663,0.004023414231317135,-0.053755622408128034,-0.005235617231513223,-0.11056621807550826,0.007499423757593913,0.011679017237788577,0.01017075022847765,0.5403876870650066,1.407997231456989,48.03666885603815,0.8542383832325994,0.8140562227307462,0.842166080247851,0.766470790468363,0.6304892656390882,0.6710529075148401,0.7528006077674203,0.6636261737594492,0.7033706564156793,Medium
2015-06-01,8433.400390625,8509.349609375,18616.783203125,8591.9501953125,20387.400390625,11525.650390625,2382.800048828125,12079.7998046875,3537.64990234375,203.5500030517578,-1570.76,1189.65,-2.964315431874809e-05,-0.020055729650825027,-0.0032096981433215044,-0.0057080443110288925,-0.005573893974264554,-0.0010758684263009188,0.012234845338383815,-0.03464485648141902,0.013930244164656491,-0.04184864707182012,-0.0042677495903727936,-0.04422834475288162,8.392141512625351e-05,-0.04249462455046804,-0.03452356347533314,-0.0569398097215964,0.0018548906874227278,-0.053395604044560674,0.020300767176730794,-0.0837271724319455,0.007497493604148526,0.011507638987054937,0.010166219278191316,0.5058608016362258,-0.7477096412534828,60.55658746715561,0.8490908963608508,0.8235274970993672,0.8426518876632745,0.7622822612305945,0.6421598160461318,0.7144985231554207,0.687503902729722,0.6787432266300937,0.6906018363892719,High
2015-06-02,8236.4501953125,8325.0498046875,17977.091796875,8530.599609375,19709.150390625,11347.900390625,2330.14990234375,11902.849609375,3391.39990234375,195.4499969482422,-96.45,115.49,-0.023353592405198742,-0.02505290229149626,-0.021658506601309635,-0.00875738910155921,-0.034361006370994374,-0.007478093775677652,-0.007140472714910584,-0.01461228421849392,-0.03326809632442829,-0.04631680179821307,-0.015422123175329205,-0.018534517744674628,-0.022095914640537617,-0.04588078415707053,-0.014648437736843545,-0.06672495176471682,-0.04134100434955623,-0.07872434333154599,-0.039793691879513204,-0.0953483259085195,0.01128807443882418,0.01180611684734934,0.010088008605248527,0.565993933123427,0.07670818869099941,56.331678065335126,0.8519380575779533,0.8315973497293547,0.8031273604458646,0.7764706102195286,0.6326855865850147,0.7228627338962753,0.7092160242313358,0.716591305087308,0.709026594382333,Medium
2015-06-03,8135.10009765625,8191.60009765625,17721.1953125,8404.0498046875,19132.0,11361.099609375,2303.64990234375,11746.599609375,3311.25,183.75,,,-0.012305070176218624,-0.02896361222807431,-0.01602989893899609,-0.011261486387250552,-0.014234587399697407,-0.02122796502624158,-0.01483480769023826,-0.018636980569900596,-0.02928337240247203,-0.06350196686323506,0.0011631419289601652,-0.017069903670237085,-0.011372658889175047,-0.05829334600153291,-0.013127108644381491,-0.043747996631797514,-0.023633279663763496,-0.10489823580302782,-0.05986184257316973,-0.14653972412705096,0.011488272967709875,0.011915657550256354,0.01016299906232756,0.5880626570301543,,,0.8553473274902644,0.840849391462464,0.8070815288086388,0.7717889551187842,0.6222352406427223,0.7391317886211883,0.7397935417852151,0.7397892919940883,0.7089042025379813,
2015-06-04,8130.64990234375,8130.4501953125,17718.994140625,8460.0,19069.150390625,11379.2001953125,2274.199951171875,11633.150390625,3290.10009765625,185.3999938964844,936.81,-170.03,-0.0005470363313393456,-0.03547579226305608,-0.007464952099071054,-0.01809712364402194,-0.00012421125303252456,-0.028749559051737705,0.006657527812518715,-0.01031798428877062,-0.0032850517130984525,-0.07154573567319844,0.0015932072211182202,-0.009815506847154487,-0.012784039424529103,-0.07522771782418203,-0.009658047649760304,-0.06420857298937555,-0.0063872864760287085,-0.09940461297303771,0.00897955862032318,-0.13907597565906105,0.01156383153238319,0.011840240272894351,0.010150174681294316,0.5728686421322223,0.6544957414909096,52.94744925664121,0.8568334663506605,0.8396708829416872,0.8112337467070311,0.7689084979722237,0.638017592623143,0.7279497770269653,0.7312784776187843,0.7550728049142457,0.7058986293632243,Medium
2015-06-05,8114.7001953125,8092.2998046875,17549.046875,8502.349609375,19259.599609375,11291.5498046875,2315.5,11715.849609375,3280.14990234375,182.25,-1699.6,1454.97,-0.001961676769116849,-0.03376869318438824,-0.004692285139019092,-0.016588081280364042,-0.009591247916006407,-0.038165255386689134,0.005005863992316728,0.0007650794563061059,0.009987294391659463,-0.061683628697941306,-0.0077026846457193265,-0.013971907971312869,0.01816025402992527,-0.0719996430575176,0.007108927158428813,-0.04695337645930675,-0.003024283461645516,-0.08665270353775656,-0.016990258900672628,-0.14656990215154286,0.01151577494812718,0.011831314600170555,0.00997908105189699,0.5710704228238207,-0.8197555428685075,61.77137833109689,0.8562512811132619,0.8387553230043949,0.8081893581791781,0.7577031182735372,0.6344752779709312,0.7257077761930086,0.725588051368776,0.7561062498907161,0.7035804616568206,High
2015-06-08,8044.14990234375,8006.14990234375,17432.396484375,8386.75,19084.0,11238.599609375,2279.699951171875,11585.099609375,3214.5,180.8000030517578,108.93,-111.78,-0.008694134258897646,-0.03143795763598323,-0.01064591085637323,-0.019388971600272087,-0.006647106903063693,-0.044558673757214784,-0.013596195720714133,-0.014459776670623925,-0.009117510900357617,-0.07386426430798443,-0.004689364722149869,-0.018595753321120956,-0.01546104462454112,-0.0713674520922859,-0.011160095456958952,-0.05117939317158071,-0.020014299436998728,-0.09099907937245444,-0.007956087507501763,-0.11804876560118138,0.011618041564730843,0.011769623033454196,0.010001872829402137,0.5586416715276704,0.19155441093326714,55.554373592732446,0.8581231404337666,0.8505729808472943,0.8248552519487418,0.785533618426336,0.6456192099238146,0.7228033406063274,0.7296827132169997,0.7570444140695254,0.6938074124680732,Medium
2015-06-09,8022.39990234375,7953.64990234375,17489.697265625,8367.9501953125,18978.900390625,11142.9501953125,2295.75,11379.900390625,3226.85009765625,177.8000030517578,,,-0.0027038282806817193,-0.02330223610204385,-0.006557459033415203,-0.020323576208448935,0.0032870283383790166,-0.01562949156883575,-0.002241607856142136,-0.0021702681760688014,-0.0055072107197128295,-0.0624254524185498,-0.008510794706371727,0.0040593087973248565,0.0070404216220973925,-0.06450563178355617,-0.017712339614581074,-0.04436437043571517,0.0038419964710685317,-0.06677750049707176,-0.016592920073907225,-0.0953955721642118,0.008489912448205171,0.011622698409573123,0.009992089634547487,0.5290413597396076,,,0.8600622143142899,0.846032869439555,0.819922525488786,0.7792971676570642,0.65433743416192,0.727265517604769,0.7128586660526425,0.7472588064088301,0.685121706239012,
2015-06-10,8124.4501953125,8104.0498046875,17707.044921875,8503.650390625,19014.099609375,11401.7001953125,2311.5,11477.400390625,3255.699951171875,179.25,480.24,-424.6,0.012720668903445809,-0.01944933639807578,0.018909545201308164,-0.025416766001524427,0.012427182297613859,-0.029540232997940175,0.016216659055704685,0.01465254562170304,0.0018546500600944427,-0.05182195106985388,0.023220959931136376,0.031552661853837316,0.0068605031035609,-0.05776127262035291,0.008567737559488808,-0.04232091478076927,0.008940562047359935,-0.07438842856692685,0.008155213292207364,-0.10375000000000001,0.011193254827749372,0.011756338449750048,0.010046922739762276,0.5559652799928131,0.3991868521679367,54.276462246906135,0.8728320335149002,0.8504287152514376,0.8393019526562583,0.7999619675458233,0.6926025961200598,0.7354382153201818,0.7150868645688252,0.7412604990411699,0.6792057572710609,Medium
2015-06-11,7965.35009765625,7909.0,17304.19921875,8311.0,18828.44921875,11227.150390625,2281.800048828125,11308.150390625,3168.199951171875,174.85000610351562,219.17,-39.45,-0.019582875620068996,-0.033301969397584896,-0.02406818928663057,-0.04463368967808179,-0.022750589096169893,-0.054541275239978315,-0.022655022463928032,0.0010479259382547568,-0.009763827603672781,-0.045691957440178066,-0.015309103177371886,0.01196549568484806,-0.012848778356857049,-0.06607999638672879,-0.014746370627467753,-0.06101105017624975,-0.02687594106100122,-0.09625888510608782,-0.024546688404375905,-0.13268848804629818,0.010226565020644911,0.012230425655220256,0.010187626324598065,0.6514777184524717,0.2531993984685072,56.29853623061862,0.8832075043847092,0.8649829130213977,0.8531994056981662,0.7981660278605213,0.720845826435808,0.7379309750758815,0.7355798841271274,0.7556104888104714,0.704066102184756,Medium
2015-06-12,7982.89990234375,7905.25,17523.34765625,8374.099609375,18846.44921875,11049.349609375,2247.199951171875,11328.4501953125,3166.85009765625,174.5500030517578,,,0.0022032684655837187,-0.02427428926923547,-0.0004741433809584139,-0.03455584726353911,0.012664465701628158,-0.042567545647949845,0.007592300490314008,0.005082918879587117,0.0009560001352673098,-0.03404542259365306,-0.01583667939448541,-0.004060677428594395,-0.015163509911405137,-0.06460204690337523,0.0017951480999340852,-0.06048778559845247,-0.0004260632335171266,-0.09118693425214541,-0.0017157737562800701,-0.14770507592402282,0.009899197111893444,0.012190311211831152,0.010192521597391332,0.6433960232256513,,,0.8816255468948666,0.8668472901274706,0.8615710742067914,0.7965523034522591,0.6884594239258952,0.7175034901419665,0.7442075476820148,0.7568342619652692,0.7360062979558509,
2015-06-15,8013.89990234375,7996.2001953125,17458.49609375,8418.25,18935.75,11093.849609375,2233.949951171875,11451.099609375,3120.550048828125,174.6999969482422,-604.86,650.47,0.003883300602441242,-0.03817237087515035,0.011505037198380919,-0.04009507480839969,-0.003700866054373475,-0.056352899893122865,0.0052722552494566255,-0.02347855224996842,0.004738334537901068,-0.04899482921621334,0.004027386368718355,-0.008720995423665445,-0.005896226543210092,-0.08510291750921473,0.01082667195846887,-0.07155250923900558,-0.014620221166259495,-0.12809442614469824,0.0008593176388538293,-0.1688867769524336,0.010193477996068397,0.011682220283251362,0.010190291806136035,0.541032991724398,-0.20758905471240574,57.737930228967215,0.8733586555175092,0.8699998089184073,0.8577541310236036,0.7775806818713045,0.6860423680922056,0.6906121484448752,0.7168093889839594,0.7236940350614263,0.7134892015934129,Medium
2015-06-16,8047.2998046875,8090.85009765625,17602.244140625,8452.2001953125,18954.849609375,11119.2001953125,2238.800048828125,11473.7001953125,3168.10009765625,174.89999389648438,-521.65,644.81,0.004167746384501569,-0.03333413493544268,0.011836860012488737,-0.028382900868564986,0.008233701580198538,-0.04704559623536264,0.004032927902176908,-0.02436711347110243,0.0010086534399218472,-0.05053903226797407,0.0022851027217889452,-0.0045701577572122565,0.0021710860861972048,-0.1073898546749259,0.0019736607582208077,-0.07408184393835304,0.01523771389149231,-0.10262287976129214,0.0011448022423345972,-0.17829462588117073,0.010459058084187012,0.011723702708971237,0.010081467584617542,0.5493902888376944,-0.16105894392859474,57.5590371296239,0.8724024890096592,0.870978535591213,0.8613421305978648,0.7788231300061209,0.6867020274509039,0.7540975208141699,0.7212339132297724,0.7280841644319201,0.7248461437076161,Medium
2015-06-17,8091.5498046875,8160.9501953125,17583.845703125,8537.150390625,19249.099609375,11143.5,2256.699951171875,11678.9501953125,3168.64990234375,175.75,-940.91,1447.07,0.005498738840850059,-0.0006731129199085695,0.00866412018640128,0.008788802857651046,-0.0010452324915513067,-0.01210707821039747,0.010050660579432602,0.011852342955877004,0.015523731713200428,-0.012403256135315899,0.0021853914185072654,0.018708584351466717,0.00799531085999372,-0.0714506715110047,0.017888736545848882,-0.029798190151116066,0.00017354397605884309,-0.07174353473107842,0.004859955021031759,-0.1382691707291307,0.010121654330250751,0.010669328069653938,0.010104287872939472,0.3369696799513262,-0.395504494309806,56.416663125274745,0.8543578829914171,0.8435127934109525,0.8353990463377649,0.7435063408426491,0.6394087300646873,0.7073047113724223,0.6677508296260899,0.7041069351789361,0.6862289826665787,Medium
2015-06-18,8174.60009765625,8258.650390625,17733.34375,8792.400390625,19248.05078125,11215.349609375,2252.89990234375,11836.150390625,3181.35009765625,175.35000610351562,-784.73,1110.01,0.010263830165222254,0.01455826341481159,0.011971669103999272,0.03410867311003285,0.008502010845581554,0.020524296747058246,0.029898735329800585,0.05697578084672239,-5.448712647782017e-05,-0.015039361437804377,0.006447669886032292,0.007872176259800856,-0.0016838963576667476,-0.06820255734724623,0.01346013063533702,-0.0031498090021684355,0.004008077794617204,-0.0443095951072866,-0.002275925442300819,-0.11928678690070926,0.010533887959027339,0.010786079640989606,0.010163881350968297,0.3604911484566964,-0.3081703673753559,56.1749159857325,0.859128565164874,0.8543285694984628,0.8224489002586541,0.7412611098342148,0.6979741888081428,0.6981205585887745,0.6767120294324248,0.7012839766992252,0.6775662556450456,Medium
2015-06-19,8224.9501953125,8305.349609375,17880.642578125,8879.849609375,19345.349609375,11243.650390625,2261.050048828125,11810.0,3214.199951171875,173.8000030517578,-106.12,447.55,0.006159334653041526,0.004083525033571345,0.005654582351979798,0.012940160304296233,0.008306320015084578,0.02900109813900853,0.00994600050780714,0.05749008853735993,0.005054996437342085,-0.025776525870359945,0.002523397150842488,0.010415438037788327,0.0036176247670374195,-0.07166613640559982,-0.0022093662011689608,-0.024345930965446128,0.010325758721061895,-0.024566394115878465,-0.008839481025411433,-0.16180372348293337,0.00976095318045325,0.010408880607659904,0.01018425545020519,0.28449837952674084,0.0713008317473694,52.98617556383667,0.8467895947275158,0.894119141155615,0.830999100044574,0.7238444932801318,0.728401759067452,0.6941500960960743,0.6417947504582706,0.7606158514733359,0.6350014927796197,Medium
2015-06-22,8353.099609375,8400.7001953125,18334.287109375,8896.5498046875,19653.650390625,11429.7998046875,2288.800048828125,11879.349609375,3296.449951171875,183.25,651.31,-94.03,0.015580570218593381,0.003345197967028035,0.01148062278195594,-0.003185933040712019,0.025370706296930612,0.007403926352873791,0.0018806844763303854,0.04790428735785812,0.01593668698034767,-0.007188280114914569,0.016555958927512826,0.009293967691009986,0.012273058711983253,-0.08532150255121729,0.005872109176545237,-0.035571373300182674,0.02558957166619713,-0.057645619294737105,0.05437282383377151,-0.12425328554360815,0.004614516747861547,0.010369743748608577,0.010325649537734792,0.27661363427626157,0.4948473022555048,50.35027979778211,0.8363015979522795,0.9235551882467006,0.8019642603294925,0.7848050782850986,0.7258871665153827,0.6846936364461811,0.6127814159374322,0.7796136470059374,0.6511612377915644,Medium
2015-06-23,8381.5498046875,8405.7998046875,18391.13671875,8934.9501953125,19737.099609375,11341.150390625,2325.5,11910.25,3338.800048828125,183.6499938964844,-374.97,404.2,0.003405944696333929,0.031327817109282785,0.0006070457529059325,0.015499825392630617,0.003100726471438886,0.04326481392600123,0.004316323908484909,0.08444387604464709,0.004245990800253896,0.007059103737483197,-0.007755990094082343,0.02002978755136131,0.016034581609986276,-0.04142621599340479,0.0026011853881811042,-0.02779026422038855,0.01284718357128245,-0.009008163600708885,0.00218277706130654,-0.09039128554583764,0.004432676963944878,0.009338565097115252,0.010317206201316233,0.06886622756448267,-0.07903711181984106,51.30061740169284,0.8268120233737607,0.9062003314534355,0.7504533503153643,0.8081358016773482,0.6701499695519105,0.5839354436599191,0.650476528985583,0.7341199170567012,0.6084594154274848,Medium
2015-06-24,8360.849609375,8326.9501953125,18365.337890625,8881.75,19843.05078125,11353.75,2292.25,11997.5498046875,3259.75,181.25,92.57,13.52,-0.002469733616678238,0.015226783125211085,-0.009380381546920669,-0.010275297893682867,-0.0014027859462704129,0.014814393511786372,-0.0059541680870711655,0.06467080224160138,0.005368122671107756,0.001218553509478415,0.0011109639622992606,0.01640481625710577,-0.014298000430015056,-0.05624064564052922,0.007329804553850572,-0.02151879699966719,-0.02367618535763183,-0.05765782666142416,-0.013068303709485418,-0.09533319451783362,0.005657065647548019,0.009063875825409743,0.010191457117905143,0.01352568713947948,0.18240608005448877,49.06787176534682,0.8136345464218007,0.9045318818562195,0.7414590796924245,0.7924011537032429,0.6730572817588727,0.5890075470583631,0.6500889982531373,0.7036039439767237,0.6426952100594212,Medium
2015-06-25,8398.0,8395.9501953125,18492.685546875,8953.0498046875,19759.599609375,11210.400390625,2299.800048828125,12007.25,3276.699951171875,182.3999938964844,280.21,-8.45,0.00444337505883885,0.021132730303253133,0.008286347147703932,-0.010553273783218464,0.006934130861540488,0.02079363597374817,0.008027675254032252,0.07195838315795178,-0.004205561573921601,-0.0043560894219154545,-0.012625750027523974,0.010528663856886888,0.0032937283577816334,-0.0608077368860529,0.0008085146942844457,-0.01891932284069353,0.0051997702805046675,-0.07897065728327779,0.006344793911638114,-0.09948165318034807,0.00564242365494658,0.009083703996403167,0.010190660388858129,0.017520388831330957,0.28733229069592964,48.48625092180039,0.8291589345451307,0.9060957025495772,0.7432653431255137,0.7848495418161562,0.6357414229730812,0.6099352497414211,0.6495615163036734,0.77297351444714,0.6577828009331186,Medium
2015-06-26,8381.099609375,8447.2001953125,18371.287109375,8910.900390625,19695.650390625,11362.5498046875,2281.449951171875,12066.849609375,3262.89990234375,183.8500061035156,-203.74,234.21,-0.0020124304149797823,0.014372424989770316,0.006104133398577405,-0.010814341679265982,-0.006564673215919914,0.014092459332689655,-0.004707827498114936,0.06931874006240069,-0.003236362072825516,-0.01509927314518511,0.013572165913872114,0.024243726543476063,-0.007978996985238074,-0.0583610792187097,0.004963635251618914,-0.018528447252449287,-0.004211569272062787,-0.09022726827164362,0.007949628594034364,-0.08143886230343333,0.00643949692444555,0.009066351612956809,0.010161875746354425,0.014024474077831419,0.016712808496370385,50.06801683795575,0.8165691448344099,0.9090813554805871,0.7546119323243045,0.7838681564614625,0.6097931824840581,0.6337058327085262,0.6392845570751191,0.7713066258895221,0.6590900042328499,Medium
2015-06-29,8318.400390625,8325.0498046875,18241.037109375,8854.849609375,19755.55078125,11133.650390625,2245.800048828125,11926.400390625,3205.25,180.1499938964844,-711.88,906.38,-0.00748102536329065,-0.006598078188439382,-0.014460458826675349,-0.03197655900203156,-0.007089867967581487,-0.009862665439695384,-0.00629013666329048,0.045177703007228454,0.003041300461624319,-0.026441267215005837,-0.02014507465288029,-0.012926144640284964,-0.01562598483715949,-0.07826798734737328,-0.011639261555135505,-0.044818165094906326,-0.017668302451552376,-0.10967753310895623,-0.0201251677138804,-0.10037456231468467,0.007458422177461955,0.008838085405741169,0.01013319996140681,-0.03196339865431632,-0.26743345389619916,51.2210399395254,0.8243633816134551,0.9031026230769222,0.7424249033447213,0.7480824819368888,0.5900648149074869,0.6365565760834191,0.6226228742530827,0.7852383953405483,0.6843242819938492,Medium
2015-06-30,8368.5,8383.25,18295.88671875,8892.9501953125,20155.75,11037.400390625,2287.300048828125,12202.5498046875,3228.199951171875,180.9499969482422,-551.38,580.59,0.006022745602803914,0.00034063213760315847,0.006990972628143188,-0.017353721950570167,0.0030069348056318557,-0.004586502790028701,0.004302793115442682,0.0518164847606184,0.02025755815068586,-0.003724444584321196,-0.008644963387843263,-0.029440196174659428,0.01847893806113987,-0.06470936878835554,0.023154464466879077,-0.023979476982685877,0.0071601126813432,-0.10050432193339187,0.004440760915137565,-0.09952724709496419,0.0074474786348503776,0.008908594707409954,0.01008613993067063,-0.017758173837515052,-0.17768363078837962,50.8530036986801,0.8306188348956186,0.9010946654551204,0.7420949699620246,0.7438133849090445,0.5722851142853509,0.641191301725882,0.6231518323429399,0.7891238792610369,0.6892416590996676,Medium
2015-07-01,8453.0498046875,8482.4501953125,18581.3828125,8970.650390625,20093.900390625,11213.599609375,2314.75,12257.099609375,3307.300048828125,182.6000061035156,-1073.18,601.4,0.01010334046573469,0.0035378036609978736,0.011833142911460426,-0.0002769198365413228,0.015604386829604522,0.001425349366382056,0.00873727993590423,0.05411185218386949,-0.003068583871847941,-0.006850345205733355,0.015963833195691723,-0.030946237795078768,0.012001027668380848,-0.04797643622149739,0.004470361158988689,-0.02232983035672631,0.024502849529979054,-0.08682265511751919,0.009118591782819152,-0.08950384779405707,0.005988834894467104,0.009012507320534933,0.010147669816394008,0.003176681505054542,-0.4694684139513718,52.85493066176888,0.8595692546851245,0.9034093159825319,0.744170674394981,0.7247167895091203,0.5856406729092783,0.6744906773904137,0.6235527344348999,0.7927307008677654,0.6993363690730077,Medium
2015-07-02,8444.900390625,8528.599609375,18585.333984375,8986.150390625,20143.150390625,11187.25,2299.949951171875,12193.7998046875,3303.39990234375,182.3999938964844,,,-0.0009640797405430224,0.002838189125400792,0.00544057589492275,-0.0024562553756286576,0.00021264143335675278,0.00391069462304805,0.0017278568804999228,0.06289624047018783,0.0024509925421436485,0.0035972973220195215,-0.0023497904591645025,-0.037125783130261714,-0.006393800120153337,-0.04945038091223186,-0.00516433795145832,-0.028750090229793468,-0.0011792539010051506,-0.08016599631610277,-0.0010953570665150902,-0.1001480185366812,0.006011043806246731,0.00901453673346352,0.010118809979899357,0.003585539148151156,,,0.861514362499871,0.9035057578342734,0.7513485203206112,0.7276635442624246,0.5888821822703562,0.674553977375806,0.6241903588596227,0.7931787526103172,0.7060269571248895,
2015-07-03,8484.900390625,8493.5,,8969.400390625,20245.099609375,,2268.25,12264.849609375,3328.75,181.3000030517578,,,0.004736586359787687,0.0030677796550782066,-0.004115518488687964,-0.010271962456230965,0.0,0.00391069462304805,-0.0018639794875316973,0.052666167420006404,0.0050612350487859725,0.0038353117911020806,0.0,-0.037125783130261714,-0.013782887386624698,-0.05875888205410207,0.005826715693674656,-0.033510375260241476,0.007673941516515903,-0.05544596789534928,-0.006030651762800265,-0.1035846573460677,0.005915769191055045,0.009018480322271686,0.010127374798660977,0.004380038090548511,,,0.8495851832998411,0.9030959964220479,0.7375204641356862,0.7278366510456535,0.5887221749423154,0.6468373279060378,0.6240990891885927,0.8319718376083165,0.7020868716487731,
2015-07-06,8522.150390625,8517.9501953125,18824.931640625,9012.2001953125,20376.69921875,11209.599609375,2254.800048828125,12463.900390625,3360.449951171875,182.9499969482422,,,0.004390151714822377,0.01814765277321473,0.0028786949211161428,-0.005504829624035201,0.01289175951594057,0.027301764807325934,0.004771757622977324,0.059679091012017516,0.006500319184108205,0.030846945234301426,0.001997775089946252,-0.035596451445139676,-0.0059296599457180355,-0.048085407477380104,0.01622936991398971,-0.012177436700540611,0.0095230795859933,-0.03705137870280817,0.009100903853892062,-0.09002738537067323,0.005912320365686631,0.008820794479242226,0.010116534923550123,-0.03544693192432476,,,0.8657525395042951,0.8973070674914615,0.7436896266549373,0.7128964963530744,0.6120256342947477,0.6167663258856817,0.6243198104867094,0.8357093326985386,0.7169835315056924,
2015-07-07,8510.7998046875,8488.900390625,18798.28125,8913.849609375,20384.400390625,11143.849609375,2257.89990234375,12490.5,3380.39990234375,185.3500061035156,23.54,-94.71,-0.0013318922357890006,0.020559180672765853,-0.003410421993719326,-0.0069313240048959335,-0.0014156965418927747,0.02559829284331072,-0.010913049400373409,0.059236992298531854,0.0003779401066053012,0.035676966992898684,-0.005865508340280989,-0.037822012491540824,0.00137477978024525,-0.04820322379860886,0.0021341320566881095,-0.005458199923844109,0.005936690461620486,-0.02944344600576898,0.013118388605124709,-0.07209008208502832,0.005838297460501498,0.008791330540957812,0.010075989935971627,-0.0413829128149673,0.1438052682841911,48.64057343651525,0.8673740519423185,0.9003193893121175,0.7340824160281345,0.7103883530897216,0.6122702097024775,0.6215405886099262,0.6199676357156538,0.831085814056937,0.701969963099903,Medium
2015-07-08,8363.0498046875,8287.2998046875,18462.935546875,8820.4501953125,20168.55078125,11021.7998046875,2166.800048828125,12390.5,3310.800048828125,181.6499938964844,-93.74,34.08,-0.01736029555278973,0.003413504744786744,-0.023748727945982817,-0.009868765705983717,-0.017839168308272813,-0.0040833221921154905,-0.010478010977913343,0.04001256930910024,-0.010588960442234563,0.018883834413165212,-0.010952212113920057,-0.030411277353199928,-0.04034716216651646,-0.08873748661246317,-0.008006084624314513,-0.009239512595271226,-0.0205892366365793,-0.06434928675197826,-0.019962298814086843,-0.0953685700409942,0.008941181797944222,0.009390095407019346,0.010235006002880834,0.07924783140599632,0.07822359068864544,50.481632432740085,0.9218053604187281,0.9225549449059381,0.7529527668429956,0.7223573512036248,0.6460932741198141,0.682662776826967,0.6164037572286072,0.8590439094347507,0.7090758688226544,Medium
2015-07-09,8328.5498046875,8248.5498046875,18508.484375,8701.099609375,20031.75,10828.7001953125,2159.75,12399.349609375,3334.0,181.25,-826.92,504.11,-0.004125289314989233,0.0011479510382859104,-0.004675829391146413,-0.015603929092841029,0.002467041495614719,0.0032251097833129183,-0.013531121801575119,0.03223233043386786,-0.006782876109134195,0.008825825296502332,-0.017519789217444903,-0.05433216182955858,-0.0032536683908318542,-0.08877071536095404,0.0007142253641903018,0.007102820521240449,0.007007354968502799,-0.05201949237603298,-0.00220200335768983,-0.09623536653238984,0.0087742806843714,0.009415858639598006,0.010241609766814168,0.08443824603393486,-0.3317625482907384,53.00383424215165,0.9239707058835159,0.9159860800112201,0.7487302056856211,0.7274779124320339,0.6556797693402707,0.6809672849653604,0.6209543590522294,0.8421896320130259,0.7071739747101304,Medium
2015-07-10,8360.5498046875,8234.099609375,18719.583984375,8743.849609375,19887.94921875,10798.25,2179.89990234375,12537.25,3373.39990234375,179.60000610351562,-50.6,-218.75,0.0038422055160178825,-0.008667727798956415,-0.0017518467675722293,-0.03545264774357926,0.0114055589370754,-8.273153876492412e-05,0.0049131721183768295,0.030130419265759656,-0.007178642966790272,-0.01090905064216996,-0.002811989875357468,-0.06710984555530142,0.009329738323301306,-0.08507520649893996,0.011121582580487566,0.0020380842008511646,0.011817607181688672,-0.04466035823146808,-0.009103414601293158,-0.09974934283952064,0.007755328116523088,0.009086257423787093,0.01020651387903792,0.01803481755468477,0.1023470010865977,49.60233580413663,0.9132679747590668,0.9092911744426475,0.7547387849730756,0.6971464943126039,0.6314217886855443,0.6812141373976497,0.598298973719128,0.8579017903694871,0.7327265923938602,Medium
2015-07-13,8459.650390625,8370.75,18893.33203125,8820.5498046875,20133.400390625,10998.849609375,2189.300048828125,12697.7998046875,3404.60009765625,181.1499938964844,527.98,-171.55,0.011853357524637564,0.003112623471450693,0.0165956688779203,-0.016287920433108116,0.009281619026364263,0.014854812730406453,0.008771902392999076,0.02660625401433503,0.012341703469535892,-0.01245867521769961,0.018577048074919444,-0.04570681596229065,0.0043121918003061754,-0.08120698171681018,0.012805823022393303,0.05115978824087697,0.009248887240087544,-0.037609658490896036,0.008630221271125116,-0.11004671490757789,0.00927874751177327,0.009351338876708791,0.010091605528342163,0.07143970945399102,0.42588253163938405,48.301981323611585,0.9188835026886193,0.9110786825692628,0.7725970086231934,0.7299095877862103,0.6578449898562397,0.6825755802117509,0.7218257114310005,0.8568609992121446,0.7530391561495106,Medium
2015-07-14,8454.099609375,8305.7001953125,18779.98046875,8797.75,20184.44921875,11043.849609375,2205.10009765625,12786.599609375,3358.10009765625,180.0500030517578,269.9,-130.9,-0.0006561478304294432,0.026425147836912632,-0.00777108439357288,-0.0023242634973913434,-0.005999553827377491,0.044661766260467584,-0.0025848507397332465,0.031316718971478474,0.002535529375791379,0.024115642668751658,0.00409133696688091,-0.026793571566876784,0.007216940791913151,-0.05366599142901507,0.006993322154497994,0.07424692649262199,-0.013657991736536368,-0.009818896516593956,-0.006072265425276058,-0.07879250006108984,0.00906918496315137,0.008236201459057403,0.009994176748171917,-0.15322253147666823,0.2815670528377264,46.47192730525362,0.9119211865264137,0.879888582382266,0.8090715189347081,0.6365361209832248,0.6332137039297083,0.6419987663413939,0.6875937906584325,0.8077358133946437,0.7114599306930784,Medium
2015-07-15,8523.7998046875,8403.2001953125,18816.03125,8850.9501953125,20251.44921875,11150.25,2209.10009765625,12912.349609375,3349.0,181.0,407.69,-50.38,0.008244543893853207,0.047780568446015304,0.011738926003496575,0.02583135103443257,0.0019196389107001277,0.06178115630426673,0.006047022853854722,0.053176789882389164,0.003319387082297176,0.05851187637204691,0.00963435707551441,-0.018558908611364555,0.0018139766100648824,-0.041043478260869515,0.00983451455755291,0.09924148594199211,-0.002709894699863602,0.011400528501321228,0.005276295096585448,-0.014965986394557818,0.009520227464664825,0.007949405805436714,0.010023869036587724,-0.21100209587089253,0.3586176953674862,45.316268677344375,0.9071704223736502,0.8573148355086097,0.7913679313921951,0.5933301668258648,0.6846196923336331,0.633958062520262,0.6644399544097226,0.7700642655097654,0.695250154163191,Medium
2015-07-16,8608.0498046875,8434.5498046875,19167.828125,8938.5,20445.80078125,11191.599609375,2217.199951171875,13060.349609375,3387.89990234375,180.9499969482422,745.81,-98.51,0.009884089482447456,0.058716081503661144,0.003730675057877164,0.03740255484872468,0.018696656607646744,0.08176728164570046,0.009891571272637734,0.0565602836879433,0.00959692120799227,0.07219253938559356,0.003708401997713162,-0.01648627168144734,0.0036665851059527466,-0.025063759222503035,0.011461895354238694,0.12268381056090893,0.011615378424529643,0.029725480011130623,-0.00027625995446300955,-0.02400214182707472,0.01016746136295083,0.008079872326548531,0.010050168417064362,-0.1847175317127456,0.5476906560479593,44.49724568315929,0.9016891428931169,0.8597556386019439,0.8051577346582406,0.6058127350124484,0.6873549777261324,0.6351683019660819,0.6818949191744418,0.7753877981686773,0.6963085394946024,Medium
2015-07-17,8609.849609375,8473.900390625,19094.4765625,8950.900390625,20575.849609375,11269.2001953125,2207.64990234375,13139.0,3380.949951171875,180.10000610351562,605.56,-175.15,0.00020908390731189108,0.06101881796551467,0.004665404419762931,0.047156011906090756,-0.0038268061473448745,0.08806345430084783,0.0013873010712088796,0.05275609706232398,0.0063606620017673254,0.06834254224886838,0.006933824354518059,-0.001979321684054569,-0.004307256466913323,-0.04657745526074286,0.0060220739089973385,0.12147223104385008,-0.002051403929338891,0.030730317768740134,-0.004697379712969463,-0.011796948677554875,0.006002582725473812,0.008053446225613835,0.010048000023088454,-0.19004149175665885,0.46926440875280856,44.90391564640324,0.8964906825024448,0.8625082568960284,0.8146810443973792,0.6283109098979429,0.6738624608842009,0.6922608715993434,0.6888017675800129,0.7750945419334287,0.6963428703735971,Medium
2015-07-20,8603.4501953125,8476.349609375,19032.478515625,8960.75,20511.400390625,11266.9501953125,2194.550048828125,13175.650390625,3320.39990234375,176.4499969482422,714.4,-848.76,-0.0007432666484129546,0.06952882526540094,0.00028903086384035603,0.0587298155501188,-0.0032469099989239636,0.09178784068410706,0.001100404310756975,0.068441291322622,-0.0031322749715586573,0.07479566079569278,-0.00019965924475595642,0.002522608414116778,-0.005933845534890958,-0.03735136384943061,0.0027894353166146857,0.13729280151919276,-0.017909182242445754,0.03294443998872287,-0.02026656874834043,-0.024059767865547754,0.005320096975461664,0.00781645734787827,0.009822070746814307,-0.23778668576140227,0.5301265317874198,43.965800580138655,0.8907891151964391,0.8591934076795754,0.8002639553955034,0.6031748966994023,0.6763172689472687,0.6768172354876429,0.6649641979356394,0.747974865524436,0.6903922333519734,Medium
2015-07-21,8529.4501953125,8440.4501953125,18723.18359375,8803.5498046875,20143.05078125,11655.4501953125,2169.89990234375,12255.2998046875,3271.35009765625,172.35000610351562,-226.88,146.32,-0.00860120048586066,0.06320431530976345,-0.004235244617894818,0.06120464176142604,-0.01625090088088521,0.07052645391120338,-0.017543196195909938,0.052055712475321814,-0.01795828672640798,0.06133919071518257,0.034481380787644955,0.04599320566070486,-0.011232437600380951,-0.054818729241533304,-0.06985238365100865,0.07692505066069577,-0.014772258200850263,0.013790538343358971,-0.02323599272109489,-0.03065240075758424,0.007336447521835586,0.008017502700277426,0.009848774202518543,-0.19728288893444615,0.003773176678831801,47.609966272713656,0.8833824710799809,0.8744742498259629,0.8121171219022814,0.6273238511971581,0.4412711402867216,0.7108551198445537,0.5600738216524398,0.7705716729990412,0.7072763664708552,Medium
2015-07-22,8633.5,8538.7998046875,18996.779296875,9055.400390625,20310.19921875,11643.75,2189.85009765625,12377.7001953125,3320.14990234375,174.0500030517578,450.32,-351.77,0.012198887654526924,0.06265652351234818,0.011652175784369945,0.05364601779082534,0.014612669995733407,0.07283735827691284,0.028607844735927035,0.0648838998141652,0.008298069607985514,0.06816518457365972,-0.0010038389866060538,0.021229272875199046,0.009194062496132416,-0.05262812128217609,0.009987547638629302,0.07844109066918015,0.014917328696327115,0.019796035303768278,0.009863631494281266,-0.029009745875828052,0.007407667563021654,0.007994146784890997,0.009933923979691858,-0.2019883110704491,0.3824559194116379,45.281404750684786,0.8790545578798455,0.8774293494470472,0.8013169263205169,0.6572295581774997,0.3748307449521526,0.7158995809179387,0.5640363134411814,0.780920097194978,0.7111167747167049,Medium
2015-07-23,8589.7998046875,8581.349609375,18864.78125,9045.0,20272.80078125,11558.7001953125,2180.10009765625,12275.400390625,3332.75,174.1999969482422,185.42,-276.69,-0.005061700968610694,0.07839576407507698,0.004983113044076948,0.0850106978600329,-0.0069484434604508705,0.09018516323824044,-0.0011485290739620124,0.08831668872578513,-0.0018413624158583053,0.07671112717353612,-0.007304331052066515,0.02953107361636076,-0.004452359552115093,-0.04457005390288493,-0.008264847513938078,0.08553565053414003,0.00379503878645826,0.05193802517649182,0.0008617862330044801,-0.0037175243499197874,0.007932087524960966,0.007018686374759696,0.009903390013357308,-0.3985103882695014,0.23432677211405914,43.81191470808163,0.812801417133978,0.8512823117326368,0.750088004151401,0.6301519786652217,0.31339580420448154,0.7337289901171091,0.5567400629088162,0.7178287776267172,0.6632765845459511,Medium
2015-07-24,8521.5498046875,8472.0498046875,18635.6328125,8936.75,20303.75,11464.150390625,2151.64990234375,12226.0498046875,3274.25,171.5500030517578,6.62,196.38,-0.00794547038951432,0.06747546742827182,-0.012736901497183095,0.0716991625422978,-0.01214689078358644,0.06347446721193628,-0.01196793808734109,0.06718935967696149,0.0015266375417957168,0.07732495200210754,-0.008179968602857524,0.037540741845841774,-0.013049949102376446,-0.04251960257399323,-0.004020283197865404,0.07923410474509662,-0.017553071787562824,0.03391379415881901,-0.015212364769855546,-0.01718705212001881,0.008264741430039977,0.0072754953022275935,0.009818847419136068,-0.3467721287306456,0.13434379160516113,45.03267170560129,0.8282219353021968,0.877495899133166,0.7702264486217102,0.613991486110702,0.3493802512308781,0.7599689272906455,0.5563113228948131,0.7375622031761527,0.6785725270576292,Medium
2015-07-27,8361.0,8305.650390625,18212.83984375,8747.0,20151.30078125,11362.4501953125,2103.85009765625,12056.900390625,3199.0,167.0500030517578,-859.94,238.66,-0.01884044667546103,0.0433122576880125,-0.0196409862900514,0.03869965580575441,-0.02268734166442732,0.043207831072577196,-0.021232550983299348,0.039052059513556836,-0.007508426706889115,0.06419343206632955,-0.008871149788445498,0.024211666409333255,-0.0222154192628794,-0.05823758649891764,-0.013835164813221001,0.05290328456788829,-0.022982362373062504,0.02513978303323028,-0.02623141894461123,-0.043789319004686744,0.009563321217339483,0.008216702289824677,0.010014231574653119,-0.15715095050984598,-0.35022696672700143,50.215550394243856,0.8624685813082772,0.9085112976042586,0.8061411690802252,0.6323675470749781,0.37850995436190665,0.7888000017707272,0.5687624347176927,0.7937669289430362,0.7149076406786242,Medium
2015-07-28,8337.0,8259.5,18282.587890625,8757.900390625,20153.5,11306.25,2093.14990234375,11917.150390625,3211.550048828125,162.4499969482422,,,-0.002870470039468942,0.035999677201506985,-0.005556505325229222,0.020844521936280058,0.003829608532956774,0.03865096657930134,0.0012461861924089046,0.03616812051873053,0.00010913532450707031,0.06323713536783493,-0.004946133478823556,0.016822235538699548,-0.005086006519390507,-0.06505723749676262,-0.011590872900357096,0.038649275104265746,0.003923116232611656,0.013714829024505715,-0.02753670170296485,-0.07118351848320126,0.009400863429179871,0.00823679569856685,0.00995181128259798,-0.15310281243780485,,,0.8700051864180472,0.9002723457471885,0.8021871803654633,0.6362120226530289,0.3831934337329422,0.7879106540222411,0.5749159591727664,0.7896947213744101,0.7070104541637113,
2015-07-29,8375.0498046875,8368.900390625,18323.1875,8669.099609375,19975.94921875,11470.7001953125,2097.949951171875,11978.400390625,3150.35009765625,164.5500030517578,-186.24,642.69,0.004563968416396724,0.035036551321202536,0.013245401129003076,0.025481125400317106,0.0022206708162917366,0.04204664948485104,-0.01013950573645006,0.015455885478472986,-0.008809922904210232,0.03776018744383225,0.014545069789939191,0.029362426106025907,0.002293217902239242,-0.07034608208218518,0.005139651509993959,0.025640163739433453,-0.01905620346605108,-0.005775268726899818,0.012927092292803755,-0.0637268674153183,0.009956802574340581,0.008221776309816119,0.009957237816618789,-0.15612870815319985,0.026498614754232326,47.96746381363621,0.8612150231807714,0.90768040852617,0.7714018324711104,0.6015905019266138,0.3892762023927786,0.7871321250249292,0.5707609469797496,0.7456768289382343,0.7051843888734354,Medium
2015-07-30,8421.7998046875,8387.5,18440.185546875,8716.0498046875,20544.05078125,11394.5498046875,2095.699951171875,12073.099609375,3258.85009765625,171.3000030517578,-170.68,499.65,0.005582056356707721,0.030239975543528308,0.002222467529406247,0.015601775505749371,0.0063852453005242005,0.03985947641008192,0.005415809879693478,-0.008683702122904924,0.02843927746706343,0.06733149318488207,-0.006638687205521965,0.015978119412586533,-0.0010724755367701455,-0.06977671356296644,0.007905831802393015,0.02001911186745975,0.03444061664153453,0.02436072661638078,0.041020965510871754,-0.023096680415094717,0.01025414212441305,0.00808675822330628,0.009958957137598538,-0.18333025784682966,0.03519959448979414,47.58883933889928,0.8530440984070135,0.9095183170144875,0.7862053538910613,0.582066514575652,0.36404470923684473,0.8000394967381761,0.5620658251011595,0.7251163858457397,0.6914586954039249,Medium
2015-07-31,8532.849609375,8544.849609375,18729.6328125,8711.849609375,20920.44921875,11594.150390625,2128.64990234375,12353.25,3411.800048828125,176.5500030517578,-277.77,1021.34,0.013185994355469077,0.0374348058956,0.018760013040238555,0.028836835445151587,0.015696548437065472,0.04748096891180231,-0.0004818920734299681,-0.01891923933290851,0.01832152974638901,0.0814200643141485,0.017517198077925622,0.031173149984479176,0.01572264729664674,-0.058556928694699306,0.023204512485547335,0.0459991532599493,0.04693371790309597,0.06147722626409924,0.030647985443489567,0.01582278453229402,0.010482466209738143,0.00833843098960355,0.010028687025907803,-0.13262675999752813,-0.024683947919030717,48.55658256754385,0.8632026764810286,0.9136575369195088,0.7547319200739028,0.6141018985819988,0.4066654780591269,0.8125286521254532,0.59958747043803,0.7383975336426953,0.732889532302726,Medium
2015-08-03,8543.0498046875,8609.650390625,18914.478515625,8698.400390625,20991.5,11466.400390625,2109.35009765625,12379.5,3543.39990234375,176.8000030517578,,,0.0011954031512864116,0.02274008502176983,0.0075836069927905925,0.024872949927327692,0.009869157872739232,0.03164515766491549,-0.0015437845409460582,-0.022272613362777638,0.0033962359272057263,0.06807130394530514,-0.011018487400620391,0.0032022070869945907,-0.00906668807597244,-0.07840350722805778,0.0021249468763280266,0.042102506203731016,0.03857197128560519,0.07491390885036342,0.0014160294289358166,-0.03519780053611021,0.010407233746905541,0.00788793341574392,0.010026357568561801,-0.22338669045550646,,,0.8577488924791261,0.8941977512205084,0.7822004349492617,0.5811265358444253,0.3511967283942458,0.7995556348817509,0.6178348907651523,0.6689264841007068,0.7006036684177399,
2015-08-04,8516.900390625,8703.599609375,18972.37890625,8609.2001953125,20922.0,11415.5498046875,2167.699951171875,12361.9501953125,3650.699951171875,176.1999969482422,-479.18,382.54,-0.00306089917070973,0.01614863469066341,0.010912082893900221,0.03542789640569732,0.0030611676963321344,0.03160447319753845,-0.010254781489322906,-0.03645795364040161,-0.003310863921110907,0.06003416986668997,-0.00443474710503533,0.006560129396044445,0.027662479348714575,-0.06785639596995274,-0.0014176505260713457,0.037925332827816405,0.030281665006863134,0.0934167658387397,-0.003393699621939361,-0.04056627931303636,0.00999875989826231,0.007902045768963284,0.010031188250010824,-0.22054353153277503,-0.13731019011308637,48.17733876228522,0.8281618515776917,0.8871844827362065,0.781666895108659,0.5839420966156126,0.36657595669170967,0.6977026512772703,0.6184633673360427,0.6161256708681373,0.6994226170804564,Medium
2015-08-05,8567.9501953125,8795.4501953125,18928.330078125,8629.7001953125,21117.80078125,11618.0,2166.5,12572.5498046875,3617.60009765625,181.6000061035156,-437.56,1114.38,0.005993941733038577,0.024770280009017043,0.01055317225743746,0.056263096213032826,-0.0023217345775489173,0.03065514998160701,0.002381173574191209,-0.028378394425366604,0.00935860726746962,0.06424163371110914,0.017734598751377728,0.02327424859627869,-0.0005535596249039987,-0.05485876322390659,0.017036115341643843,0.04792645243075766,-0.00906671431734618,0.10977838719418664,0.030647044544839686,0.0019310681573274646,0.005692736828091293,0.007940976165551668,0.010049684229330464,-0.21270038144254994,-0.11403674688724556,48.131815904012875,0.834507104874581,0.8712026460131056,0.7806359310538447,0.5986083594368067,0.38491171288013204,0.6943431160173301,0.6337045131739623,0.5950377724611721,0.6923439311671863,Medium
2015-08-06,8588.650390625,8796.9501953125,19029.12890625,8593.5,20941.19921875,11616.5,2154.39990234375,12697.5,3666.25,182.9499969482422,-749.12,529.82,0.002416003226048735,0.022701880283996223,0.00017054272000760484,0.04776112181130854,0.00532528900906537,0.029008407568237304,-0.004194838116411415,-0.04015947777920914,-0.008362687210156872,0.05979876276513152,-0.00012911000172144416,0.03622525469425808,-0.005585090079044508,-0.0632229512989464,0.009938333691540846,0.057486102146619755,0.01344811505707022,0.11888487033693962,0.007433870040494783,0.003015367709222172,0.0050150996346153215,0.00791790378351285,0.009769222296766328,-0.21734868125780157,-0.2882576496129293,49.121361722583956,0.8312977214389977,0.8699166747925434,0.7763183234141836,0.5954838689649373,0.41136385768444583,0.6890138033318383,0.6373827239096879,0.5964251065433701,0.6909382181994892,Medium
2015-08-07,8564.599609375,8803.0,18893.33203125,8662.7001953125,20900.94921875,11597.0498046875,2131.949951171875,12641.0498046875,3579.35009765625,182.75,-354.32,-346.71,-0.002800298085977815,0.021894501742317773,0.0006877161462985892,0.04212044185775765,-0.007136263339694859,0.02841634985980912,0.008052620621690876,-0.027853548399399353,-0.001922048473898319,0.061196193282285094,-0.0016743593433908854,0.020637973344966865,-0.01042051252761933,-0.06552850301327395,-0.00444577242075217,0.047584930110208035,-0.0237026668513467,0.0969843405509292,-0.0010931781993894774,-0.005983171427779266,0.005672067270397914,0.007928780596772586,0.00977483500878546,-0.21515737352977016,-0.06748986043556396,47.82305068025614,0.8395212668704024,0.8708308578019639,0.7468157490035732,0.5957153139734903,0.4343698409079976,0.6900950093498229,0.643448154408948,0.5931413732150712,0.6994362020086703,Medium
2015-08-10,8525.599609375,8745.599609375,18874.78125,8537.25,20789.55078125,11573.900390625,2109.800048828125,12638.599609375,3576.300048828125,183.6499938964844,-48.89,-299.75,-0.004553627931107251,0.0249085411882215,-0.006520548747586008,0.05051619084016834,-0.0009818692234550008,0.034742769110386096,-0.014481650349666086,-0.035867306999629256,-0.005329826714284613,0.0523397201854463,-0.001996146817714206,0.03954228708049867,-0.010389503905368302,-0.060557483766627285,-0.0001938284676001878,0.05971619226450242,-0.0008521236383448594,0.11576321623215824,0.0049247272037449275,0.0194282548908169,0.006233345118915503,0.00784148723041141,0.00960274418487622,-0.23274401621133947,0.10330321415522306,46.58725252053259,0.8371353405004072,0.865192683641367,0.7479012671732364,0.6184123180648015,0.40260718863868283,0.6828881564181929,0.6310144130992605,0.5765128490999795,0.6727686917661782,Medium
2015-08-11,8462.349609375,8619.25,18616.68359375,8475.099609375,20663.099609375,11711.150390625,2035.4000244140625,12636.900390625,3442.949951171875,181.5500030517578,,,-0.007418833032042493,0.011214627397382992,-0.01444722089032724,0.02815137327408812,-0.013674206489148077,0.01753382494827327,-0.00727990753755603,-0.04698672282655425,-0.0060824388754492364,0.025171457741587355,0.011858577952785332,0.06104245349043169,-0.035264016822536104,-0.11012985574110445,-0.00013444675854279442,0.035595067661239765,-0.0372871671379883,0.06652314083644151,-0.011434744974237576,0.0033158668893884524,0.004591779365612923,0.007919376116553129,0.009635290884072945,-0.21705205625447077,,,0.8399868016706052,0.8723382266311421,0.7474796691422553,0.6284001885879441,0.3888494007648409,0.6842760825860352,0.6162388113215095,0.5956292646320174,0.6806189040138065,
2015-08-12,8349.4501953125,8407.150390625,18059.541015625,8275.5498046875,20329.80078125,12006.7998046875,1947.550048828125,12771.75,3310.35009765625,171.39999389648438,-518.46,590.32,-0.013341379081930671,-0.012255885363120722,-0.024607664167416,-0.008877129007973661,-0.029927058453743327,-0.0280841206567225,-0.0235454229312847,-0.07748608580977945,-0.016130146707214243,0.011739900469251996,0.025245121461267672,0.07073555530280884,-0.04316103691274509,-0.15863482068122903,0.010671098545260493,0.04198794225604252,-0.03851344207617424,0.000922217150876703,-0.05590751299728591,-0.06133631890834634,0.006307489676616333,0.008084106499566973,0.009661999440618222,-0.18386448994071466,-0.1592751312450188,48.749276908181535,0.8479036777453766,0.8689417768946245,0.764066153533465,0.6992316124261934,0.20314063327482196,0.703752193008074,0.5594585672377074,0.6195468574157241,0.7087898471533818,Medium
2015-08-13,8355.849609375,8441.5498046875,18175.189453125,8254.650390625,20271.25,11956.099609375,1893.5999755859373,12913.7001953125,3331.14990234375,169.0500030517578,-625.9,545.86,0.0007664473603414823,-0.010544917894929617,0.004091685346899521,-0.010206811044548458,0.006403730714968914,-0.02206818191132942,-0.0025254411556634437,-0.08140304448533975,-0.002880046975374251,0.006359462491756895,-0.0042226235247718735,0.06872552319604908,-0.02770150799187443,-0.1766777470000569,0.011114388812222264,0.059038232721211115,0.006283264329723481,0.008400436162848912,-0.013710565509972072,-0.07319074172942663,0.006490075703152755,0.008085963801304242,0.009616657508385291,-0.18349030684563222,-0.21935438977900087,49.114242656526415,0.8525163472730358,0.8662807415707091,0.7672931922047278,0.6973121152368754,0.19890825759387373,0.6728811959230088,0.5595075356718419,0.6197625471467696,0.7015249212530131,Medium
2015-08-14,8518.5498046875,8642.099609375,18723.3828125,8409.650390625,20345.30078125,12048.4501953125,1920.5999755859373,13137.25,3483.699951171875,183.3000030517578,403.76,179.2,0.01947141259339502,0.003965799539577208,0.023757462708581922,0.017495686039324276,0.03016163109544623,0.007427836822360145,0.018777294332905647,-0.06240662425830179,0.0036529953135597815,0.00494940374749242,0.007724139891331028,0.07698050864265116,0.014258555316914556,-0.1532679486009314,0.01731105735044447,0.07113013354506648,0.045795011722766565,0.046548990213105546,0.08429458587845806,0.011031439417179989,0.010351407864491038,0.008818168789935963,0.009841047227134529,-0.03597591896591729,0.3564200828764349,47.42976847515038,0.8869374561775194,0.8940943615986151,0.8015039778596716,0.6581982375188952,0.2198995346694602,0.7083417793855581,0.5723178589080394,0.6754343109079453,0.7628908388184689,Medium
2015-08-17,8477.2998046875,8615.4501953125,18821.83203125,8299.2001953125,20321.19921875,12001.75,1942.949951171875,13089.5498046875,3699.199951171875,180.3999938964844,142.34,183.72,-0.004842373519645449,-0.005262824977465663,-0.003083673559327038,0.011446415835309143,0.0052580892959297465,-0.00016465448237334979,-0.013133743994355407,-0.07911497576039772,-0.001184625519137672,-0.0027236992313716124,-0.003876033394790368,0.07066714407555597,0.011636975877352684,-0.13830498975655348,-0.0036309117442767658,0.05019692026206313,0.06185951804704315,0.1008049531824955,-0.01582110805778081,-0.013938251403629143,0.010341433250348194,0.008826893466058038,0.009829655419302029,-0.034218193632740174,0.21023691305184813,48.32796019809602,0.8876658659889809,0.8814169489161413,0.8010757572109282,0.6534720868590547,0.22931523722329278,0.6758720225400497,0.5698007087987048,0.5573832771787364,0.7644939979994315,Medium
2015-08-18,8466.5498046875,8662.5498046875,18780.630859375,8253.0,20283.75,12159.400390625,1909.0999755859373,12980.099609375,3728.5,179.6999969482422,-255.42,127.5,-0.0012680924643075908,-0.005199276333069047,0.005466877331683273,0.020456055092161973,-0.0021890096461700814,-0.0009389364054227523,-0.0055668250223189775,-0.07413739723407065,-0.0018428646039474472,-0.004937618408991318,0.013135616941279293,0.09113105586023407,-0.01742194932274055,-0.15447980063055533,-0.008361647034896835,0.039197759046875724,0.007920644792083431,0.10297601103789522,-0.003880249290051929,-0.030482918636204115,0.010333362979165915,0.008826603635781456,0.009796778198163276,-0.03427658457039133,-0.01218607535541847,49.66179743728782,0.8835046357823676,0.8814154780649373,0.8052254521189609,0.6541709735879125,0.22112280865784142,0.67632277627947,0.5689990574679005,0.5568686713628543,0.7713240710422868,Medium
2015-08-19,8495.150390625,8703.2998046875,18703.033203125,8275.349609375,20325.75,12249.099609375,1882.0,13335.849609375,3645.800048828125,178.14999389648438,-423.72,383.32,0.0033780685872379923,0.015795743062950285,0.0047041576578237265,0.050197291012049616,-0.004131791782237437,0.013004305606788336,0.002708058811947245,-0.061799633110244834,0.002070623035681285,0.007794274385651168,0.0073769442462934265,0.11135203201255184,-0.01419515789246173,-0.13143808492258158,0.027407339751311044,0.076296324553085,-0.02218048844625853,0.10118400237385972,-0.00862550405164586,-0.01926782338343791,0.010389974930900572,0.008222548187884465,0.009804501789772163,-0.15597320098985404,-0.10629757210959934,48.766107020779344,0.8646907802742188,0.8656787894558945,0.8219050092424554,0.6368362980138963,0.15794139077110703,0.606756881876921,0.5664012914812244,0.5119330443161288,0.7729758362146376,Medium
2015-08-20,8372.75,8553.5498046875,18282.88671875,8077.64990234375,20640.25,11985.25,1838.4000244140625,13463.75,3522.300048828125,170.9499969482422,-1007.26,567.87,-0.014408266481082843,0.005307069819961097,-0.01720611760603108,0.03697619669177166,-0.022464082687122633,-0.012188877904812268,-0.023890193932988524,-0.07165182965604877,0.015472983776736449,0.03037677686672402,-0.021540326863948356,0.10680412088499258,-0.023166830810806283,-0.1487903579515858,0.009590719329579667,0.08584324373112429,-0.03387459497119072,0.0564787189046565,-0.040415364551883215,-0.056827603044180997,0.01145127342260135,0.008628685790029416,0.009891491148856051,-0.07415029523868706,-0.43260667975032835,51.70583653563773,0.8762503162958217,0.8873036633940573,0.8405033922207196,0.4858244483108647,0.23910571169299474,0.6359920891957492,0.5121780432945159,0.5573998253249801,0.7958776464033626,Medium
2015-08-21,8299.9501953125,8381.7001953125,18056.990234375,7998.60009765625,20704.55078125,12032.2998046875,1822.3499755859373,13470.0,3493.39990234375,166.5,-2340.6,1524.1,-0.008694849922367243,-0.0072482804110590715,-0.020091028087639518,0.01792552834428296,-0.01235562457121897,-0.035395751879585546,-0.009786238032495453,-0.08523128198816532,0.0031153101948862005,0.04106011904586526,0.0039256423259839135,0.11428238878406227,-0.008730444198748688,-0.16402125912909482,0.00046420945130432045,0.07439829308660184,-0.00820490761256698,0.03557242054718368,-0.026030985830257092,-0.07293989787486532,0.010761920896863073,0.008749576380152689,0.00981957438274286,-0.04979495530064995,-1.1781956463707648,56.47163441461679,0.8817266227805187,0.892675821132252,0.8405124263580664,0.49135682231685396,0.2440307735118604,0.6293812330931376,0.5041389091166806,0.5571010086615581,0.81012104163662,Medium
2015-08-24,7809.0,7773.4501953125,16811.60546875,7333.85009765625,19742.150390625,11455.150390625,1693.949951171875,12653.2998046875,3166.699951171875,148.0500030517578,-5275.4,4097.83,-0.05915098088055637,-0.07691220802056453,-0.07256880893212647,-0.07135558996356361,-0.06896967597923198,-0.1101831354605306,-0.08310829293675837,-0.16854955075942935,-0.04648255355999065,-0.0194328822955403,-0.047966674985745916,0.04148622787432843,-0.07045848828942858,-0.22625957457105883,-0.06063104642260575,-0.0035045441481580397,-0.09351919628574135,-0.06987609107106207,-0.11081079248193504,-0.1827214571348046,0.024441992051687598,0.013621992548654153,0.011551361837428244,0.931831091709569,-2.8193033152606635,78.09779299207881,0.9464479191532333,0.9432471613923041,0.9360810948948157,0.7412691041660573,0.5861126458261634,0.7863703569915872,0.6969107654599127,0.7255793108639531,0.8796256190958912,High
2015-08-25,7880.7001953125,7920.35009765625,17192.55078125,7463.89990234375,19869.05078125,11376.75,1754.949951171875,12772.400390625,3233.5,158.1999969482422,-2080.01,1963.09,0.009181738418811536,-0.06782501278156705,0.018897645016408893,-0.04639585930078849,0.022659662886338472,-0.08452776029993703,0.017732814682026365,-0.15161263932894775,0.006427890990297724,-0.015625813421107138,-0.006844117095936464,0.030143509953486136,0.03601050902230041,-0.2041404591849727,0.009412610763666507,-0.0011104765288489915,0.021094530539088385,-0.037104342941776336,0.06855787698252169,-0.12135521095900537,0.022663850365382193,0.013787126683897364,0.011451218992142586,0.965100000357637,-1.0324766033572654,67.77605962443523,0.9500928494394012,0.9414036840327814,0.9359040261567606,0.744000273274752,0.559910432382776,0.7799028200175818,0.6992211091499462,0.7349097982187596,0.8622807798090424,High
2015-08-26,7791.85009765625,7882.10009765625,16917.453125,7476.60009765625,19688.0,11284.099609375,1760.949951171875,12623.0498046875,3146.39990234375,157.89999389648438,-2345.77,1881.08,-0.011274391291918318,-0.08587129259285609,-0.004829331977549645,-0.06201210081213249,-0.01600097971209824,-0.10090215623977561,0.0017015495221890387,-0.15527712475256172,-0.009112200841564833,-0.027822661611215715,-0.008143836387808467,0.01200418011927984,0.0034189009185097152,-0.20286547764849627,-0.011693227691728536,-0.022404892481958094,-0.026936786038735172,-0.06049569950918188,-0.0018963530818268959,-0.12762434311334603,0.022510538301628347,0.01373553923600145,0.0114774399451279,0.9547068851552084,-1.1810866531338018,68.54300254066531,0.9458269832746518,0.9461099530525854,0.9186659197521554,0.7484523412090698,0.5589648689605738,0.7583474393082393,0.6998890292897298,0.7483171072180206,0.8583044572693286,High
2015-08-27,7948.9501953125,7952.35009765625,17214.201171875,7634.60009765625,20097.650390625,11396.900390625,1809.699951171875,12995.75,3230.25,164.4499969482422,-3347.35,2577.06,0.02016210472317792,-0.0765678201601585,0.008912599323737114,-0.0571695844114013,0.01754094098457859,-0.10192218650880669,0.02113260010382656,-0.14587457653339486,0.020807110454337696,-0.017027965514770815,0.009996436149525278,0.01834418567637308,0.02768392137866149,-0.18379037027518452,0.029525368360196147,-0.004946238906853528,0.02664953605985998,-0.0465332232025768,0.041481971532258965,-0.09118541187220663,0.025440025704141365,0.014186065803397202,0.011665106133280694,1.0454726568240498,-1.7411591006623368,72.99262648586262,0.9354178088803313,0.9446837681274612,0.9219340582938075,0.7651377745944061,0.5663650013170366,0.7783504542967237,0.7193533567279597,0.753210262631456,0.8751197713818202,High
2015-08-28,8001.9501953125,8023.2998046875,17211.75,7727.85009765625,20173.900390625,11588.25,1820.1500244140625,12940.75,3203.39990234375,163.64999389648438,56.41,847.43,0.006667547122292117,-0.07060511410101489,0.008921854063261181,-0.053175110063367836,-0.00014239242649294326,-0.09860058516594905,0.012214130250073785,-0.1366399177282488,0.0037939758388656486,-0.019534999836257505,0.016789618476652057,0.02831166357486592,0.0057744783799218435,-0.17552596429275247,-0.004232152819190871,-0.015088667326280558,-0.008312080382710363,-0.05251484091522385,-0.004864719164510478,-0.09133821015850674,0.025728769879311164,0.01427812460372142,0.01168508589529623,1.064019372278891,0.16218580838110092,61.795117617060086,0.9365163516968393,0.9420925806277463,0.9226980502886598,0.7661117960818148,0.5740183929009702,0.7809823679173298,0.7090916395945013,0.7430146205971243,0.8684414688429125,High
2015-08-31,7971.2998046875,7948.5498046875,17146.3515625,7645.5,20111.5,11605.7001953125,1833.1500244140625,13213.2001953125,3200.300048828125,161.35000610351562,-551.19,478.59,-0.003830365083121179,-0.07347638171595627,-0.009316615584566423,-0.0622673472674774,-0.0037996390547154757,-0.09910043778988409,-0.010656275240280011,-0.14677900845353342,-0.0030931247511263305,-0.01949649380389351,0.0015058525068496476,0.030065811433242384,0.00714226839855403,-0.16468069370623273,0.02105366345169335,0.002849939363465337,-0.0009676760973105214,-0.036170297870100176,-0.014054310288722616,-0.08557660020337554,0.025614898216131967,0.014277366091198073,0.011636002985931539,1.0638665578180257,-0.17757738489186572,63.831863003167506,0.9350008196599582,0.942215509320209,0.9226647101085531,0.7675844656190739,0.5743418293911682,0.7740192680098974,0.6933210780198884,0.7487301199723461,0.8736399701867391,High
2015-09-01,7785.85009765625,7745.39990234375,16530.109375,7511.64990234375,19762.099609375,11476.4501953125,1770.800048828125,13007.0498046875,3058.5,156.0,-297.99,299.53,-0.023264675971940818,-0.08718030829993095,-0.025558109005487606,-0.08234753797312311,-0.03594013485922887,-0.11713148075320223,-0.017507043052285676,-0.14674761102116674,-0.017373164141162967,-0.018912287717092302,-0.01113676881401815,-0.01535762214247105,-0.0340124783872322,-0.1839254672920856,-0.015601851752623408,0.06134080862815483,-0.044308360673883995,-0.06506490938060894,-0.03315776821280858,-0.0948651321410201,0.026383891133973398,0.014739100835616513,0.011831739544932041,1.1568903957366465,-0.03599074806382893,64.09862923722274,0.9398745061821808,0.946089408067158,0.9153986633427069,0.7875411085176363,0.6772078781855732,0.7869762101682243,0.8314242976646876,0.763078849200051,0.8732517512098404,High
2015-09-02,7717.0,7638.7001953125,16252.51171875,7441.5,19855.75,11604.7001953125,1745.5,12840.349609375,2961.75,157.10000610351562,-660.3,469.55,-0.0088429775544967,-0.10615625180981059,-0.013775880958575515,-0.10541289525032282,-0.01679345550307343,-0.14445962314129934,-0.009338814142797358,-0.17822518287494626,0.00473888870495176,-0.02237541906188989,0.01117505829915788,-0.0033537137681159956,-0.014287354941551977,-0.20291347710595742,-0.012816141847356022,0.0373776555226073,-0.03163315350662088,-0.10794690387043959,0.007051321176382297,-0.09738578943432541,0.014597800660158365,0.014492999781755642,0.011822198708029554,1.1073094083349087,-0.23859048893731233,64.71925583364278,0.9391160798012108,0.9435266574943117,0.9180092996980376,0.7748726851187967,0.6725344521945125,0.7837469456414751,0.8318778657690317,0.7616309142375901,0.8725539017997971,High
2015-09-03,7823.0,7738.60009765625,16555.20703125,7510.60009765625,19906.400390625,11672.849609375,1787.9000244140625,12817.400390625,3001.800048828125,164.5,838.3,-35.31,0.013735907736166952,-0.0892686467813899,0.013078128449792281,-0.09820710611744088,0.018624525103451584,-0.12242782930493823,0.009285775402304575,-0.1696406746648701,0.0025509180275236076,-0.018073496335241357,0.005872569985912124,0.009875627201473058,0.0242910480745131,-0.17990003012422606,-0.0017872736684089174,0.04415334594005893,0.01352242722313668,-0.09930236326513386,0.04710371488851761,-0.05568310630409612,0.015245530993212249,0.014831371303763163,0.011908212366826255,1.1754797550545382,0.5994100400930822,60.50929682009596,0.9452553528876932,0.9461294047427624,0.9213053583242832,0.7655716702303573,0.6722295413934626,0.7955142104611246,0.807043486918355,0.7622687118237962,0.8793675830523973,High
2015-09-04,7655.0498046875,7559.4501953125,16128.912109375,7360.89990234375,19671.849609375,11413.599609375,1748.5,12521.5498046875,2923.35009765625,158.5500030517578,193.81,492.79,-0.021468770971813878,-0.1016833815280126,-0.023150169291989653,-0.10771886738320025,-0.0257498997789829,-0.13451223944719481,-0.019931855426467915,-0.1763336892781212,-0.01178268178311448,-0.031122348857969606,-0.022209658196211568,-0.004409465989851147,-0.022037040033586197,-0.18736779710519202,-0.02308194929713625,0.024169703601788495,-0.026134302716965152,-0.10716955099450254,-0.03617019421423817,-0.07577965472887693,0.016803506032017874,0.01518797427196684,0.012092695126774867,1.2473231177567734,0.23901836722854267,63.53376720971003,0.9473583522018801,0.9481002310963287,0.9197185170869769,0.7750213389442208,0.6904284312104219,0.7966877568585683,0.8169863603649488,0.7645996182571673,0.8821406323049219,High
2015-09-07,7558.7998046875,7464.2998046875,15789.916015625,7299.14990234375,19356.19921875,11318.2998046875,1704.300048828125,12240.0,2866.60009765625,155.35000610351562,-254.1,79.08,-0.01257339958011272,-0.09594548442919504,-0.012586945897732238,-0.1012985794450455,-0.021017914379541924,-0.1330338293704626,-0.008388919944467443,-0.16552533413241688,-0.016045791163153855,-0.039456587499294926,-0.00834967126490238,-0.003885639969028354,-0.025278782483199924,-0.18991374398453353,-0.02248522020669519,0.015186291952562714,-0.019412659484575046,-0.10390744055759615,-0.020182887963726914,-0.0700388909577998,0.013754533489292764,0.015011120547854232,0.011984461330518085,1.2116931107754345,-0.011447945969111173,64.60900500511988,0.9465053725240095,0.9468020107024503,0.9146105231757181,0.7773764379644472,0.6896564888222986,0.7965031385864019,0.8103846407897384,0.7643240313912029,0.8826500550839409,High
2015-09-08,7688.25,7589.0,16350.759765625,7428.64990234375,19174.30078125,11390.099609375,1745.6500244140625,12329.5,2966.050048828125,160.10000610351562,,,0.017125760525132927,-0.07781576106513133,0.016706214725484392,-0.08117924813850719,0.035519109122873926,-0.1056649166166792,0.01774179208984572,-0.15177730152128266,-0.009397425364572554,-0.04858705528816332,0.006343691713994293,0.007416217523493751,0.024262145397677903,-0.1660176739088699,0.007312091503268059,0.034601359877054705,0.034692649055996894,-0.07644283796529383,0.030576117240928236,-0.014465933449511192,0.015897966605997522,0.015465419162477278,0.012135981921711949,1.3032188215957798,,,0.9480177042119402,0.9476736171701291,0.9210422401387846,0.7243630811906764,0.6875445166046459,0.8081644635374975,0.8075679358042313,0.7757737968744219,0.8908828447673338,
2015-09-09,7818.60009765625,7814.85009765625,16631.306640625,7586.2001953125,19306.30078125,11504.900390625,1809.1500244140625,12360.0498046875,3016.550048828125,164.4499969482422,-452.13,1194.58,0.01695445617094271,-0.06644136094806341,0.02976019207487801,-0.06620347561902007,0.017158032961245517,-0.09233550982191285,0.021208469242714356,-0.1249148657712299,0.006884214527868471,-0.033522734272444454,0.010078997127954015,0.002981526387245026,0.036376134455309295,-0.13765815843056428,0.0024777813120970826,0.03186146744278151,0.017026010744475517,-0.042471485606525916,0.027170460205441893,-0.000607755099731988,0.018073205449351922,0.015824044504958015,0.011944024190618454,1.3754696238923585,-0.12218412958307691,67.23874026420677,0.9502961485785482,0.9488830175369832,0.9335773159327796,0.7405202018606898,0.6912951132875271,0.8180492454140992,0.7894606619312133,0.7885164108979337,0.8894175499732235,High
2015-09-10,7788.10009765625,7875.85009765625,16597.45703125,7536.85009765625,19306.75,11396.9501953125,1794.550048828125,12315.0,2965.10009765625,163.4499969482422,483.86,-369.0,-0.0039009540862875447,-0.07524516394684877,0.007805651962319082,-0.06100147866989569,-0.0020352946468028543,-0.09993004196952249,-0.0065052458919740985,-0.13529061139566634,2.326798671004049e-05,-0.060226719376066384,-0.00938297522336351,0.00021066129563207525,-0.008070074559275997,-0.14369895946953326,-0.0036447915177829637,0.02003631200368461,-0.017055891776721066,-0.09013915681830953,-0.006080875758938009,-0.04582607100797176,0.01571455299035174,0.015758514871971215,0.01194016758829639,1.3622676328541736,0.40121111609099164,63.93994489770414,0.945666959270719,0.9481571693875285,0.9330270426332802,0.771051407252732,0.701939675616714,0.8194295857658898,0.7880527502807192,0.7876542911412725,0.8926166250352049,High
2015-09-11,7789.2998046875,7857.4501953125,16612.40625,7511.39990234375,19412.05078125,11432.25,1767.3499755859375,12341.849609375,2994.550048828125,165.10000610351562,-861.06,621.18,0.00015404360706794407,-0.08713968237182634,-0.0023362433407950745,-0.08044605177232356,0.0009006933243962401,-0.11304154137431788,-0.003376768143553033,-0.13779504477894355,0.005454091509446091,-0.07210162753809768,0.003097302706650318,-0.013963971931562291,-0.015157043549690719,-0.16973196313776318,0.0021802362464473646,-0.0009228656932386281,0.009932194597799038,-0.12229614691028445,0.010094886424475868,-0.06485413055974565,0.015216750691188767,0.015489033111712668,0.011802683764042593,1.3079762287713177,-0.3508532583275045,67.80083429522084,0.9430580647498784,0.9467585613795882,0.9428112618721375,0.7613095374116642,0.6898375326172705,0.8092006367841931,0.7793151089127258,0.7794835884483035,0.8897553824330899,High
2015-09-14,7872.25,7890.75,16911.603515625,7615.39990234375,19496.80078125,11520.2998046875,1814.800048828125,12495.2001953125,3068.550048828125,168.39999389648438,58.75,183.9,0.010649249276883932,-0.07851994545547869,0.004237991187951318,-0.08349937082321102,0.018010471278054663,-0.10589110338651164,0.013845621502264649,-0.12450570675597905,0.004365844750512382,-0.07120497433484985,0.007701878867895751,0.0047006394532123075,0.026848147733985916,-0.13964019019668983,0.012425251545847171,0.00934611214608827,0.024711558929849442,-0.1340096705431244,0.019987811453499926,-0.04751136318031823,0.014840879165579005,0.015670678952466224,0.011726703476040589,1.344571684177501,0.1634943104750093,65.15389434727996,0.9403952876705179,0.9500077464142386,0.9444024317010618,0.7637223108851242,0.7081363907202186,0.8163908361013253,0.7836022554928117,0.7984626380818215,0.8907610183955947,High
2015-09-15,7829.10009765625,7766.2001953125,16739.35546875,7633.60009765625,19681.94921875,11536.349609375,1772.0999755859375,12478.7998046875,3038.35009765625,167.60000610351562,-910.85,480.5,-0.005481266771729776,-0.0807571136708195,-0.015784279654975752,-0.10770249737278692,-0.010185198979851706,-0.11769865279068314,0.002389919839521415,-0.11332064251304563,0.00949634966153301,-0.059270183598604365,0.0013931759554528522,0.010582040002829807,-0.023528803225325245,-0.18249757092630514,-0.0013125352430249926,0.009452360471352561,-0.009841765880080122,-0.16773491705859334,-0.004750521508097627,-0.04880812141700985,0.011707755992974647,0.015679354951070274,0.011474501319821325,1.346319602647318,-0.3786952751034443,68.42800688238847,0.9462290484827874,0.951816753248753,0.9415113129216668,0.7454890051026201,0.708297561536412,0.8390987985705974,0.7837225019312435,0.8172381344872888,0.8907486921847235,High
2015-09-16,7899.14990234375,7799.10009765625,,7667.10009765625,19727.099609375,,1779.300048828125,12623.7998046875,3068.550048828125,167.14999389648438,-337.27,423.81,0.008947363530129149,-0.0780583777593209,0.004236293363079513,-0.1132801704894254,0.0,-0.11564541617460189,0.004388492922269505,-0.11154502194399718,0.00229399995514612,-0.06585445076789298,0.0,-0.0070279213827680875,0.0040630175167215565,-0.17872141757298643,0.011619707204977514,0.0040763409806412465,0.00993958898784264,-0.15177190236804794,-0.002685036937011276,-0.07957054912649297,0.009462664843967293,0.01574484274758229,0.011424712150353204,1.3595131650595516,-0.05795568919576132,66.66189211588917,0.9448402061426481,0.9506368383778412,0.9409650102523939,0.7433487312366457,0.7004598999824548,0.840064631216509,0.7855530518210678,0.8253596112931886,0.8813305543220203,High
2015-09-18,7981.89990234375,7842.5498046875,17408.947265625,7805.0,19497.5,11726.7001953125,1789.300048828125,12751.2001953125,3147.449951171875,171.10000610351562,643.51,415.09,0.010475810818002973,-0.07064561493195165,0.005571118011975074,-0.10849218984251574,0.040001050107635994,-0.08514218641363358,0.017985926958995258,-0.09175539652062603,-0.011638792013088706,-0.06894061814078745,0.016500070852812243,0.00948652307601261,0.00562018756003857,-0.16946707671051997,0.010092079452788338,0.004229194354203658,0.02571243782511612,-0.14150700274889194,0.023631542633961944,-0.06477174661051788,0.008483685230694142,0.015901081672881442,0.01148148446332658,1.3909899916126705,0.4904856286091435,63.74896612769719,0.9438013727469936,0.9324618347688649,0.9437501416491967,0.7154699757371856,0.7100113569670208,0.8415505080783746,0.7877279912041035,0.8297483811718612,0.8830992883079121,High
2015-09-21,7977.10009765625,7848.75,17542.697265625,7756.10009765625,19353.849609375,11724.0498046875,1787.3499755859375,12706.2998046875,3201.14990234375,171.85000610351562,154.87,104.08,-0.0006013361162410247,-0.06859626118139373,0.0007905841170168237,-0.10840054526865839,0.007682831015525915,-0.07148737784267056,-0.006265202094010269,-0.1046556012808596,-0.0073676312668290445,-0.07402054295156679,-0.0002260133354530236,0.010951061014558006,-0.0010898525618801003,-0.1616360531336677,-0.0035212677973250894,0.005161754839048571,0.017061415433113236,-0.10566169416066473,0.004383401363213579,-0.05964428944724687,0.006955958527992862,0.015903834774003034,0.011469612385979107,1.391544647799159,0.2172435503324773,65.39507447159505,0.9446784006222166,0.9311811488656516,0.9483201434172258,0.7119024048783359,0.7097950045304735,0.8418819690314535,0.7868356608564187,0.8306235789667724,0.8831542252423406,High
2015-09-22,7812.0,7709.85009765625,17030.953125,7543.7998046875,19180.099609375,11705.5498046875,1711.699951171875,12662.7998046875,3099.10009765625,167.64999389648438,-1052.24,378.26,-0.02069675641963653,-0.08370081191595069,-0.017697073080904624,-0.11843093189499099,-0.029171348788408102,-0.09768739041677632,-0.027372041399117975,-0.11636653434214761,-0.008977542117297177,-0.077416351551307,-0.0015779530374054884,0.01137468006629283,-0.04232524432673712,-0.18869091309262798,-0.003423498632068478,0.0019147845537055286,-0.031879108383141785,-0.13343398055435618,-0.024439988698640613,-0.08712224629323173,0.01125679258116867,0.01625400636861458,0.011572866815713848,1.4620923075856826,-0.45775899777767864,70.29166167769426,0.9433311134520839,0.934843600720586,0.953033107518975,0.7130744519368912,0.6994466896525372,0.8491305283708498,0.7774145341812363,0.8362685842999424,0.883270303126034,High
2015-09-23,7845.9501953125,7705.5498046875,17255.099609375,7571.4501953125,19259.599609375,11694.0,1713.1500244140625,12731.5498046875,3135.35009765625,169.0500030517578,-1330.12,891.36,0.004345903137800811,-0.07284022080340702,-0.0005577660932807316,-0.10600692581286075,0.013161123909499306,-0.07313783776354832,0.0036653134151065636,-0.10662404640800915,0.0041449211223669735,-0.06792301380395138,-0.0009866947627590328,-0.0014644496956276454,0.0008471538724965644,-0.15832268651601655,0.005429289024576622,0.007489923251489561,0.011696943905559865,-0.08934194742242108,0.008350785602401434,-0.06885155488780903,0.011346928123067144,0.016280120122891123,0.011585057950810147,1.4673533404073027,-0.6131464173739458,71.2871185891313,0.9430438603943297,0.9346293716899524,0.9533748517380474,0.7143090032326745,0.7136768339582806,0.8580470684119029,0.7790919271013839,0.8441908694178768,0.8831415617058795,High
2015-09-24,7868.5,7721.25,,7491.10009765625,19485.0,,1684.800048828125,12826.4501953125,3123.10009765625,169.8000030517578,-115.1,50.67,0.002874069312977845,-0.05760261862302174,0.002037517855370874,-0.08158535993240501,0.0,-0.04454384558023938,-0.010612246740524633,-0.09479124959007756,0.011703275000342295,-0.04155479880693924,0.0,-0.02605188807806902,-0.01654844887016471,-0.13491309255857187,0.007453954316705369,0.004282905264548775,-0.003907059696190651,-0.056565014115145806,0.004436557151497711,-0.009334836065938656,0.010612131746461249,0.016172730349903002,0.01156345790645465,1.4457179556819304,0.06627931516476368,66.95093957719459,0.9445817288279108,0.9363857755088647,0.9462227095324062,0.7047487260795553,0.8110904995016419,0.8536695854876054,0.8055548118919267,0.8410901211871757,0.88893116572969,High
2015-09-28,7795.7001953125,7584.25,17100.1015625,7473.64990234375,19421.94921875,11841.0498046875,1642.5999755859375,12844.2001953125,3123.800048828125,171.85000610351562,-650.01,505.59,-0.009252056260723118,-0.06703679939787688,-0.017743241055528602,-0.10155715769294527,-0.00898273845899955,-0.05915139940619174,-0.0023294569669359833,-0.09461339382322609,-0.0032358625224531146,-0.041896813529012755,0.012574807994484294,-0.009622687033929322,-0.025047526127233932,-0.13255175498316785,0.0013838591137622647,-0.005381881176490966,0.00022412063334131815,-0.062245728830676916,0.012073044846371062,0.016563164751322468,0.011023325912438414,0.016220270797061904,0.011598500881551689,1.455295737957463,-0.23283643485768954,68.8605674646357,0.9440883759443403,0.9368348843929564,0.9426892906356765,0.7056837988415743,0.7828051345970987,0.8726051405327773,0.8038830492849535,0.8371064474964803,0.8848094707170668,High
2015-09-29,7843.2998046875,7648.2001953125,17280.998046875,7481.0498046875,19474.0,11863.9501953125,1605.449951171875,12700.099609375,3158.449951171875,175.25,-1112.59,876.2,0.006105879931557867,-0.07926818713068162,0.008431973538912896,-0.11500670658601442,0.010578678946077114,-0.07703654729860265,0.0009901323236227721,-0.11042083116471701,0.002679997803709089,-0.042825652499223876,0.0019339831351721237,-0.015313172815519471,-0.022616598664449983,-0.1640893618765752,-0.01121911709147061,-0.03327563916535048,0.011092227992232973,-0.09336337932622174,0.01978465973656318,-0.04391709174977354,0.010661327299629141,0.01578269556068759,0.011607927357074119,1.3671392187486806,-0.4915060496440768,69.35470692284864,0.9407628929891537,0.9331706475339124,0.9394593725951828,0.7125938514248664,0.7833497662191632,0.8472035498391929,0.7740654136893568,0.8264608550406298,0.891291536624165,High
2015-09-30,7948.89990234375,7759.60009765625,17216.1015625,7640.89990234375,19956.650390625,12032.099609375,1657.800048828125,12918.75,3098.75,179.14999389648438,116.08,-191.78,0.013463733413981993,-0.06233115667934419,0.01456550554364755,-0.09933898731396551,-0.003755366686516992,-0.0853121240314968,0.02136733504381838,-0.0793209318339575,0.02478434788050743,-0.017939336364983682,0.014173138903510907,0.0025287653363050833,0.032607741909386645,-0.14676132144925502,0.017216431158035617,-0.013048562191675606,-0.018901661287912597,-0.16231886870069234,0.022253888139711187,-0.006929046797625182,0.011239800192019072,0.01604575812895567,0.011657145827738797,1.420137374094013,0.19555261177576502,65.86833281847358,0.9432267229035898,0.9199219275674569,0.9428024470337644,0.719411986885634,0.7909246506892047,0.8615543384079923,0.781765258792621,0.8841008267986525,0.8937299690184646,High
2015-10-01,7950.89990234375,7731.5498046875,,7648.5498046875,19998.349609375,,1650.800048828125,13140.849609375,3074.449951171875,176.14999389648438,,,0.00025160714370175974,-0.06090437241132873,-0.0036149147656748815,-0.10747412955665947,0.0,-0.08330547086462814,0.0010011781912497852,-0.07324005759269359,0.0020894898659742367,-0.014070395790965695,0.0,-0.01046933049002563,-0.004222463381484465,-0.13529931908282344,0.017192035558780905,0.012384342558041439,-0.007841887479830612,-0.17541908242674664,-0.016745744360635806,-0.019755164786008805,0.01124361198500079,0.016050599642728938,0.011652446004958215,1.4211127743600092,,,0.9457664739193368,0.9199686943840487,0.9434883077959468,0.7199637328333655,0.8024762017493294,0.8659638035726435,0.7772405916139766,0.8865551933238791,0.8873401470558582,
2015-10-05,8119.2998046875,7890.4501953125,17673.845703125,7823.9501953125,20144.650390625,12002.099609375,1702.8499755859375,13149.0,3151.300048828125,177.89999389648438,,,0.02117998017986733,-0.044242958471021,0.0205522042331876,-0.09339556577577712,0.026588141279443533,-0.05502783900464003,0.022932502906303,-0.0545474735654814,0.0073156427459102336,-0.008909861105986239,-0.0024933304222835018,-0.020164747440779673,0.031530121891359286,-0.09519129883850297,0.0006202331559432839,-0.014011076522912003,0.024996372969726677,-0.13563552399395784,0.009934715075995859,-0.0014033118639636966,0.0096868873844522,0.016575459603728863,0.011873621399769893,1.526854195234727,,,0.9485193791441812,0.927053587093016,0.9460449764888481,0.718976920169435,0.7677701368166608,0.8827223880637823,0.7708488509212867,0.9051758452598592,0.8759491564624723,
2015-10-06,8152.89990234375,7947.64990234375,17605.14453125,7923.60009765625,20663.849609375,11889.900390625,1730.699951171875,13275.75,3156.800048828125,179.39999389648438,-482.11,788.06,0.004138299910646515,-0.02625781226672841,0.0072492323777964,-0.07083607580231843,-0.0038871659869053055,-0.03706975807080515,0.012736520537087737,-0.019071116791382847,0.02577355321051522,0.001143378078027224,-0.009348299247771585,-0.007955579514403066,0.016354920272030782,-0.058583589976024864,0.009639516313027618,-0.013963420295237228,0.0017453114317200757,-0.10376742325560895,0.008431703493327891,0.04942964082532608,0.009691565744760162,0.016417600501447395,0.011881126833656332,1.4950509581551659,-0.13894861367511696,68.77430317991269,0.9471353718269716,0.9223189595251908,0.9441621103932164,0.7493064995918455,0.7506028154407721,0.8784309974700283,0.8014135641086494,0.9036905008341767,0.875112784860275,High
2015-10-07,8177.39990234375,8064.0498046875,17616.595703125,8040.5,20733.44921875,11683.4501953125,1787.0,13332.400390625,3197.199951171875,183.75,-465.27,590.49,0.0030050657181448504,-0.01476518413784722,0.014645826599561707,-0.03789808549853013,0.0006504446387629592,-0.024389143790509604,0.0147533824149364,0.00523840444980217,0.003368182148568488,0.001395752933996075,-0.0173634924204481,-0.02899276240100801,0.032530219227199675,-0.019398016879041746,0.004267208302732417,-0.010215264244617717,0.01279773876040946,-0.08478844662849849,0.024247526485567272,0.10360360360360366,0.00968569069433397,0.016361330143800677,0.011793085590423741,1.4837143959998877,-0.12953187211040867,68.5817639846611,0.9435532948084551,0.9213005604724813,0.9400300117554959,0.7572314812624932,0.7291134954561521,0.8625750675653413,0.8059651026522476,0.9030435676094601,0.8732956134287001,High
2015-10-08,8129.35009765625,8021.75,17474.09765625,7926.14990234375,20452.80078125,11669.7001953125,1796.5999755859375,13212.849609375,3194.300048828125,182.1000061035156,-14.43,-50.05,-0.005875926976951273,0.041023190889518446,-0.005245479096980699,0.03194203326049849,-0.00808885265214565,0.03940683646969134,-0.014221764524127822,0.08076246402647191,-0.013536022614423437,0.035996605058913334,-0.0011768783852492692,0.01872954936175164,0.005372118402874992,0.060598026726261356,-0.00896693601656795,0.04422165074127227,-0.0009070131327529873,0.008715728702378689,-0.008979558620323291,0.22998988415997546,0.00887559609528729,0.012095828590520306,0.011807821239752431,0.6243609903259361,0.12257286464927576,56.75689469601558,0.8938653172105874,0.8837678165794224,0.8853828067105874,0.5803144084760866,0.4974810358186831,0.8138718249394034,0.6441790570578337,0.8263762357655907,0.7673552323673277,Medium
2015-10-09,8189.7001953125,8051.2001953125,17590.044921875,7936.2998046875,20521.05078125,11807.5498046875,1834.949951171875,13277.7001953125,3182.10009765625,182.1999969482422,-121.19,66.6,0.00742372968703231,0.03920971390128458,0.003671293085985017,0.01652074668959025,0.006635379285724108,0.023120137650458616,0.0012805589685793706,0.06329129657746502,0.003336951292390644,0.03281485397456829,0.011812609327390478,0.03786668465840415,0.021345862243725255,0.04558534558012872,0.004908145317228607,0.03956185127569234,-0.003819287789307957,-0.015896057629117055,0.0005490985248499669,0.15170670330576552,0.00889122955111823,0.01206109667596538,0.011577196891669627,0.6173636914888512,0.06287385458702772,57.03112117034405,0.8970005003262108,0.8851688577283893,0.8804884410388792,0.5766208503944436,0.5310367476117861,0.8190178703690731,0.6402314616086956,0.8170207153037802,0.8122349399406824,Medium
2015-10-12,8143.60009765625,8062.60009765625,17582.9453125,7968.0,20349.5,11630.650390625,1870.75,13111.650390625,3174.449951171875,181.3000030517578,-580.28,410.92,-0.005629033610123568,0.045143322265119634,0.0014159258330685986,0.022899988298000995,-0.000403615192941964,0.039337610843830806,0.003994329359102267,0.06572504827398662,-0.008359746441773064,0.03359914668833808,-0.014981890145597587,0.030711425213056476,0.019510095523456394,0.06235273680268727,-0.01250591610331142,0.0387070156180529,-0.002404118742213579,0.008914966214952802,-0.004939593367501716,0.14819512387450717,0.009223421747441386,0.011900252259563936,0.01151868390682877,0.58495901520596,-0.19384419083707735,58.182573327493984,0.8953637024120873,0.8774921345414437,0.8881094538225084,0.5689283497879891,0.5205672208842383,0.80789582130617,0.6312973399864258,0.8063171695958272,0.8191130327123435,Medium
2015-10-13,8131.7001953125,8078.2001953125,17554.646484375,7941.2998046875,20376.400390625,11522.599609375,1860.199951171875,13115.400390625,3163.0,183.25,272.61,-273.51,-0.0014612581906097155,0.022990457294318922,0.0019348718114873265,0.015825522783930346,-0.0016094475426071675,0.019777003248703018,-0.0033509281265687862,0.040172334255647923,0.0013219189967812461,0.013869780525689102,-0.009290175323049432,0.01102924606179756,-0.005639475519510939,0.027905178406673725,0.0002860051853335044,0.009206886145470605,-0.003606908707963097,-0.020818822072595,0.01075563659910972,0.1143204828253952,0.009345844683083238,0.011376874901542551,0.01151964440472001,0.4795162883776411,0.2830824548353724,54.05570073151946,0.9062469448557625,0.8783545302234468,0.8791697439361981,0.5205652941689551,0.49797410711962836,0.7984143633222942,0.5841592437540518,0.7918181082986614,0.7948269968567664,Medium
2015-10-14,8107.89990234375,8010.5498046875,17543.046875,7961.75,20344.25,11362.900390625,1863.3499755859373,13160.650390625,3153.199951171875,183.3999938964844,121.75,-207.63,-0.002926853228365389,0.01324048568726588,-0.008374438487456004,-0.0015891217217822717,-0.0006607714593013236,0.019248296948305654,0.00257516978523209,0.030267137611104555,-0.001577824837000752,0.008444059209004706,-0.013859651828921127,-0.019446388313593466,0.0016933794735765062,0.02373428046722781,0.0034501424777200196,0.016992862904004813,-0.003098339812875439,-0.015670834957304702,0.0008185205810882223,0.12068439191322389,0.005130477847702781,0.011341645008349735,0.0115220040607484,0.47241866379150227,0.1987232130033123,54.476684687478155,0.9042138165926995,0.882912869342031,0.8759703146557424,0.5189421590360113,0.491878622631712,0.7973274524188506,0.5919643874358376,0.8055017277640633,0.8099264027691158,Medium
2015-10-15,8179.5,8193.400390625,17685.89453125,8035.7001953125,20468.150390625,11338.349609375,1886.300048828125,13168.599609375,3217.10009765625,185.25,,,0.008830905477206663,0.026118725981184143,0.0228262217195756,0.030804435016951626,0.008142693641978838,0.03146692558958186,0.009288183541620976,0.05103658299816893,0.0060901920997333825,0.017733654407925847,-0.002160608683171694,-0.0230361444323266,0.012316566153908415,0.0289938214037071,0.0006040141265102328,-0.003375456761286477,0.020265174259128882,0.005249523035903092,0.010087274618775455,0.14812515024728978,0.006019720183523536,0.01141028191744268,0.011520532099614962,0.48624666522279825,,,0.895387800908204,0.8825111831561928,0.8803524699877673,0.5228307608773852,0.48845017269725954,0.8062067400311564,0.6558004307785913,0.8103987726780583,0.810979822514901,
2015-10-16,8238.150390625,8266.650390625,17912.640625,8112.5,20434.900390625,11337.7998046875,1879.5,13203.5498046875,3260.10009765625,182.6499938964844,436.79,102.49,0.007170412693318751,0.05809260225866719,0.008940122111426918,0.06729807303087343,0.012820730856974771,0.08363715076749156,0.0095573257862831,0.07998909766398654,-0.0016244750681150277,0.03404500506266195,-4.8490715707449894e-05,-0.012081295894233124,-0.0036049666819176762,0.061384655621514295,0.0026540555829199786,0.015107192095872968,0.013366074630791536,0.06591469598046418,-0.014035120666750833,0.17083329420823334,0.006497709528696018,0.010502476851568089,0.011539070628196419,0.3033548375437195,0.3748900932019881,51.390917491312706,0.8792147410500878,0.8612010557981503,0.8741548600330259,0.4440822872873068,0.45354001712687536,0.7754111270760721,0.6179335814227064,0.7732689780726355,0.7377188732895056,Medium
2015-10-19,8275.0498046875,8245.5498046875,17854.84375,8289.150390625,20623.849609375,11432.150390625,1864.300048828125,13413.650390625,3250.39990234375,187.6000061035156,898.23,-246.26,0.004479089639404021,0.07231434556012695,-0.0025524952599216277,0.07944409308633338,-0.0032265971394153103,0.0985898093155313,0.021775086671802724,0.11390853868507689,0.009246397835963371,0.03868398873751944,0.008321772086546497,-0.014868958420588774,-0.008087231269952144,0.0680607555589372,0.015912431811550443,0.04464837786281306,-0.002975428674559355,0.09745923941715207,0.027101080604670535,0.19414384987294686,0.005791590510239969,0.01031083574019056,0.01147239756538666,0.26474567525124126,0.6329222326092917,49.379414707359146,0.8679545672620107,0.8490742302697376,0.8472792783935935,0.4675316173244886,0.5187400819199949,0.7620728136694684,0.5869143586099346,0.7639900080639189,0.7452353759319575,Medium
2015-10-20,8261.650390625,8265.400390625,17830.04296875,8250.0498046875,20545.900390625,11529.599609375,1824.199951171875,13340.9501953125,3260.5,186.5500030517578,523.69,-354.96,-0.0016192547934769097,0.056071889380672424,0.0024074302390624247,0.06807436568899572,-0.001389022586658073,0.07700513410032195,-0.004717080049810973,0.09845414446470158,-0.003779566871674911,0.0321253459917934,0.008524137228802964,-0.012272067643615436,-0.021509465539871875,0.02030310770296495,-0.005419866568410869,0.04084680112438699,0.003107340007291848,0.08618160669058184,-0.005597031010640796,0.13404257174320855,0.005527174113100511,0.010106859051483718,0.011277731031791745,0.2236513139132372,0.4234836111338854,50.14291410015553,0.8626763194473327,0.843626579055365,0.8514261574152394,0.47608503615249886,0.4874742614034769,0.7481622727917101,0.616406884672825,0.7593672437982651,0.7428470519688364,Medium
2015-10-21,8251.7001953125,8285.150390625,17710.345703125,8225.650390625,20533.69921875,11549.0498046875,1847.5,13189.7998046875,3200.85009765625,183.5500030517578,-48.33,-138.73,-0.001204383487806604,0.07794206515281532,0.0023894789201501787,0.09599907090630677,-0.006713234838232829,0.09804961320551708,-0.002957486880701854,0.11747890879563627,-0.0005938494611104073,0.04381131548323092,0.0016869792509259796,0.011867438840349909,0.012772749397979677,0.05661995996568492,-0.011329806978674473,0.05336799441150952,-0.01829471011923023,0.09492533932986036,-0.016081479233037932,0.15767896259099334,0.004814650966620239,0.009122519247714326,0.011277565469286271,0.025340341066650673,0.10361635995547465,49.68238593306695,0.8344368349346769,0.820793245544238,0.8313608333261322,0.424355422999161,0.3662000743909726,0.7342097192403385,0.5212757346298172,0.7160472583641954,0.6733959246473673,Medium
2015-10-23,8295.4501953125,8228.2998046875,17933.841796875,8278.650390625,20828.150390625,11552.0,1846.699951171875,13258.5,3226.35009765625,183.0,229.18,-155.89,0.005301937657024025,0.09745599958450746,-0.006861744598122055,0.10235387377128347,0.012619521803606704,0.13577816241254648,0.006443259497195042,0.13419377617751538,0.014339898950410657,0.07604546508537413,0.000255449180875722,0.020647994782371226,-0.00043304402063604197,0.08355330532417926,0.005208585143808175,0.08321078431372553,0.007966633619822305,0.125497100308527,-0.002996475307073254,0.17798514843996927,0.0047061390303765665,0.00867372311809243,0.011283433793581713,-0.06507680627848694,0.2587968796480042,47.66629704677013,0.7998730062057755,0.8005274805480003,0.8278778707774558,0.35541973781471414,0.32788697403974876,0.7107861571300371,0.44566465734694793,0.6912690687210669,0.6283062540784514,Medium
2015-10-26,8260.5498046875,8232.25,17814.84375,8207.150390625,20818.19921875,11576.349609375,1842.5,13234.650390625,3195.39990234375,181.6499938964844,724.51,-530.78,-0.004207172582956553,0.07443824078138728,0.00048007430529573014,0.08476083805507972,-0.006635390688889409,0.0895422601372331,-0.008636673446310583,0.1047970356007264,-0.0004777751114894979,0.08573446595286138,0.002107826296312343,0.01635192021031151,-0.002274300797598383,0.0554807517150786,-0.001798816561074057,0.07341338988807333,-0.009592943845425639,0.07732501129110769,-0.007377082532872059,0.1346032915141504,0.004985209587088959,0.008356332487973392,0.011286941698604757,-0.12902021727362262,0.5357799318598188,45.23707780155762,0.784264465075587,0.7830166075466444,0.8240214730350234,0.46815837431609336,0.29803942391671184,0.6937585785332021,0.4437526096009584,0.6615726153418301,0.5976087277560048,Medium
2015-10-27,8232.900390625,8272.349609375,17806.09375,8152.9501953125,20846.25,11583.5498046875,1831.25,13223.0,3173.25,181.8500061035156,9.5,-165.45,-0.0033471638954116756,0.05298906297726402,0.004871038825958962,0.05854232723618824,-0.0004911634434066059,0.07063709032370125,-0.00660402121720749,0.07470802053842363,0.0013474163137383588,0.07976407475457847,0.0006219745909081809,0.006836166450131964,-0.006105834464043447,0.01221566773772409,-0.0008802945511316995,0.06981769563624485,-0.006931809169645309,0.05194674334435456,0.001101085679888092,0.10580729387760202,0.0045896807683774125,0.007951775717468688,0.011280154871858194,-0.21052463924583073,0.13595425572074069,46.65797879472559,0.7417208571338912,0.7718011930897207,0.809857912825128,0.4671221850936144,0.24468758849756014,0.6583575668081317,0.47331683561114996,0.6507913045584516,0.5521069051141164,Medium
2015-10-28,8171.2001953125,8206.150390625,17372.94921875,8109.7998046875,20867.80078125,11643.2998046875,1834.1500244140625,13149.150390625,3094.0,179.25,-731.17,160.17,-0.007494344931314734,0.04919044347819046,-0.008002468690996412,0.041938367144271016,-0.0243256346580788,0.04672355446017362,-0.005292610600002079,0.07601978274842192,0.00103379654614133,0.08085518180170137,0.005158176984383589,0.02161539755401609,0.0015836310793515551,0.02206679920228316,-0.005584936048929845,0.06773450187779129,-0.02497439533601198,0.043472361167718576,-0.014297531021448373,0.09666566746257588,0.004618109456910429,0.008066123345444022,0.011258425907732605,-0.1874874835200824,-0.2782202083370081,49.41947144778106,0.7777820137907482,0.7795387903480469,0.8084905763666137,0.4609319517724364,0.19433933829595978,0.6383478784883866,0.48376903653188996,0.6636608976798207,0.5672268805609437,Medium
2015-10-29,8111.75,8195.900390625,17212.0,8064.5,20642.30078125,11548.150390625,1826.800048828125,13052.0,3045.300048828125,178.5,174.12,-299.2,-0.00727557689096936,0.041396557251327515,-0.0012490631431407717,0.04307379453889615,-0.009264357865980122,0.03609313069863074,-0.005585810473560215,0.07363475581744328,-0.010806121946621894,0.06337558117189213,-0.008172031611192732,0.010138021004176823,-0.00400729247231868,0.03363797440429295,-0.007388339758762297,0.057540029501377266,-0.015740126429177437,0.016947454266079243,-0.004184100418409997,0.08116289158755552,0.004357370933003716,0.008225587857570233,0.011265695242713984,-0.15536081098976598,0.22800793721612544,46.767622644826055,0.7716345354957301,0.7851032126457839,0.8126546405358023,0.4910258852343841,0.2278191993392091,0.6387974387182502,0.5054993571311637,0.6855593089686163,0.5784986551670811,Medium
2015-10-30,8065.7998046875,8091.9501953125,17354.298828125,8099.35009765625,20118.30078125,11486.900390625,1806.050048828125,13170.150390625,3029.699951171875,176.0500030517578,-1464.89,1560.11,-0.005664646384873739,0.024586338681761966,-0.01268319407973828,0.025498234681430754,0.008267419714443447,0.026177015804029757,0.0043214207522164205,0.06354888797941616,-0.025384767209475245,0.03187702469615905,-0.0053038796628179785,-0.0028991792426191765,-0.011358659648225244,-0.004821467800626422,0.009052282456711636,0.05401675721575905,-0.005122680000695823,-0.012660734561291132,-0.01372547309939598,0.04542760945689772,0.004436777318803917,0.00813076489319522,0.011155686273272332,-0.1744644114348533,-0.6885083093380633,52.03747691881014,0.7831959141365996,0.745057377313517,0.7896762552163814,0.500729366314679,0.2139967366227924,0.6248803317655887,0.44211636030235996,0.6676940052373064,0.5692723623991816,Medium
2015-11-02,8050.7998046875,8097.10009765625,17340.3984375,8153.64990234375,20214.5,11546.25,1768.0999755859375,13029.7001953125,3039.14990234375,177.5500030517578,-371.27,147.49,-0.0018597039801661053,0.02831739334864536,0.0006364228918183112,0.04260769668846209,-0.0008009767932815048,0.03590598036298731,0.006704217502983667,0.06812641454026025,0.004781677130488937,0.027057827216760977,0.005166720991455431,0.0008581909321605519,-0.02101274727508895,-0.0022572089922169303,-0.010664281815071619,0.044146905090829414,0.0031191046388008292,0.00026323651382931246,0.008520306583346127,0.05936752139553447,0.0043890637684334596,0.008060225650722007,0.011149697734997795,-0.18867566830484508,-0.07696811278246452,48.19770065703665,0.7840196491077993,0.7390325469994337,0.7901292241133693,0.5275751722105778,0.21173360669711833,0.6118912642360307,0.4382970420274356,0.6567667241059504,0.5550468927526653,Medium
2015-11-03,8060.7001953125,8102.89990234375,17325.3984375,8231.25,20218.5,11618.400390625,1767.5999755859375,13054.5498046875,3030.449951171875,177.39999389648438,-444.65,-338.96,0.0012297400090901522,0.020451604915209476,0.0007162817079633399,0.038953187019461044,-0.000865032026459156,0.03500988851357256,0.009517222174813211,0.07358061002962568,0.00019787776101320986,0.024909915819123718,0.006248815903431959,0.007112369512737526,-0.0002827894388914842,-0.006575660608728384,0.0019071512776587252,0.034122055693567965,-0.0028626265407855067,-0.012416319450549773,-0.000844883991523826,0.0613221679586049,0.0031106362443758195,0.007918506429837456,0.011148744943081131,-0.21722726853177213,-0.11800139639400219,48.10128115598275,0.7885003274651124,0.7551322780599167,0.7938736927978064,0.532335528672307,0.21549757187518756,0.6152493304748138,0.4141254147339101,0.6481230818055643,0.5777175600459676,Medium
2015-11-04,8040.2001953125,8235.75,17220.8515625,8178.0498046875,20273.80078125,11551.599609375,1768.6500244140625,12923.900390625,3060.699951171875,177.10000610351562,,,-0.0025432033822472278,0.0073040621508710935,0.01639537687215209,0.05013678014228029,-0.006034312883316573,-0.01080454206995074,-0.006463197608200466,0.04779625940903265,0.002735157467171234,0.039815401012950336,-0.005749567841017322,-0.014931786693710536,0.0005940534298642941,-0.011540839350888565,-0.010007960137820127,0.013543838436164357,0.009982016033065477,-0.027561995058158373,-0.0016910248212510526,0.035067210905708635,0.0031631830867551803,0.007718810698526023,0.011139356547698515,-0.2574591626378837,,,0.7403169339200216,0.7772325303729417,0.7811157246062241,0.6141441681775863,0.15083235706683698,0.6171134000608642,0.3897329907680044,0.6020670657031665,0.5484568317502371,
2015-11-05,7955.4501953125,8194.150390625,16994.90234375,8107.2001953125,20221.69921875,11414.4501953125,1735.3499755859375,12632.5,3002.64990234375,172.25,169.97,328.57,-0.010540782311541208,-0.002714006603741992,-0.005051101523844248,0.04400705725433984,-0.013120676287694422,-0.031226379477482413,-0.008663386879154245,0.0452676078487364,-0.002569896146369599,0.044841188026727874,-0.011872763833607358,-0.026407223999612817,-0.01882794694736567,-0.02909335088834697,-0.022547403014370304,-0.005808127135507601,-0.018966265806584226,-0.06200896741969708,-0.027385691340297225,0.0023275756897176425,0.0040237922621380335,0.007966891490985544,0.011189204756553224,-0.20747932528008697,0.22568730316068958,46.15612427767481,0.7422687068562831,0.798428389326521,0.7924843533737695,0.616813181058597,0.20521945101514935,0.6339948015539492,0.44881849023499876,0.6516097370237438,0.5871707266154939,Medium
2015-11-06,7954.2998046875,8144.4501953125,,8168.4501953125,20251.0,,1720.25,12226.650390625,3103.800048828125,172.5,-622.89,589.29,-0.00014460408861305396,0.018215540794610963,-0.006065326231913248,0.05636946142290955,0.0,-0.00211678001726634,0.007555012646093706,0.08280315050736897,0.0014489772067636242,0.05583393269248482,0.0,-0.024868512306737478,-0.00870140075395398,0.004995062845139175,-0.032127418117949724,-0.03444336329956399,0.033686959776902725,0.0015165535232080085,0.0014513788098693414,0.028929354489033,0.004183171297650317,0.006949865093911902,0.011164591547660009,-0.41237553433512936,-0.21767123110264863,46.357520974594344,0.6889974853967669,0.7354747729385712,0.7214967653366168,0.6088687963526004,0.22544885325666963,0.5347741634951598,0.41655241747629196,0.48295749146129263,0.5150689057543557,Medium
2015-11-09,7915.2001953125,8246.2001953125,,8175.25,20496.150390625,,1723.6500244140625,11989.0498046875,3147.699951171875,168.8000030517578,-754.27,411.43,-0.004915531264230055,0.00882620948083157,0.012493169896055312,0.07016376564020232,0.0,-0.01507944152832541,0.0008324473461811532,0.07974691625935981,0.012105594322502577,0.0642043867125921,0.0,-0.023905404881776948,0.0019764711024923276,0.006129060415237753,-0.01943300727071451,-0.05831968702872503,0.014143920888307404,0.003938907340796494,-0.02144925767096917,-0.0014788523838326073,0.00394750248265137,0.0069845002224141264,0.011153036519835687,-0.4053977345939825,-0.2911374725973859,46.88205202045652,0.6488732086431738,0.7294197685529732,0.7206064285909135,0.5648237564678333,0.22215997679458552,0.5286745971797264,0.4293397807085292,0.4337026151745277,0.5239542373770381,Medium
2015-11-10,7783.35009765625,8257.7001953125,,7885.60009765625,20215.80078125,,1681.449951171875,11618.2998046875,3107.10009765625,164.35000610351562,,,-0.01665783484975325,-0.010821618141164113,0.0013945817137130945,0.06947711773514653,0.0,-0.01507944152832541,-0.03543009722561996,0.05266249213829455,-0.013678159265616663,0.03750581376700035,0.0,-0.023905404881776948,-0.02448297081452655,-0.0019884244771836146,-0.03092405203413562,-0.09419210866826777,-0.012898260363256586,-0.005123114693636355,-0.026362540685960334,-0.03209656566720398,0.006388371010985346,0.0076193532337687385,0.011222171286171022,-0.277496457195458,,,0.6021634788583277,0.664200951135824,0.8031601449570159,0.6060994752400148,0.19518968327853523,0.5999406058019283,0.5224460575472403,0.4673200670740567,0.5845803080630498,
2015-11-13,7762.25,8178.2998046875,,7932.60009765625,19896.19921875,,1704.050048828125,11640.5498046875,3107.14990234375,166.5500030517578,-746.7,70.89,-0.002710927478722036,-0.00429085194074208,-0.009615315250857792,0.07832676990968124,0.0,-0.006151964557959078,0.0059602312338877805,0.06140911085071998,-0.015809493077139303,0.02441824940733328,0.0,-0.03602717802995159,0.013440838747831307,0.03741024848138541,0.0019150822731415218,-0.09371158751202535,1.602931541788699e-05,-0.0053300935476395805,0.013386047256101152,-0.030840866241024778,0.0063250499538597,0.007447012535420548,0.011223874955281269,-0.31221724306596066,-0.2869044124046994,47.97481955763667,0.5714217020345882,0.6499227765754337,0.8028377326082611,0.5961691588044689,0.2822687720927518,0.5578556210396323,0.5448942862216117,0.47900032282262284,0.6225643836592797,Medium
2015-11-16,7806.60009765625,8190.35009765625,,7943.60009765625,19986.55078125,,1720.5999755859375,11711.0,3194.35009765625,166.5500030517578,-1051.26,661.71,0.005713562131630656,-0.00467911567135515,0.0014734472025399459,0.07088594551644034,0.0,-0.01655550809906703,0.0013866827855408825,0.061829596787194685,0.004541146854563749,0.026319748446646862,0.0,-0.03788788663135145,0.009712113073905293,0.07172445601932997,0.006052136410612752,-0.07788124816319264,0.028064367041552796,0.011366381307088558,0.0,-0.049643349205376275,0.007243157976354416,0.007436045212352429,0.011229832196667063,-0.3144267854402841,-0.45721099262723836,48.97014453048003,0.5544318006991166,0.6331412574057652,0.8051720149790149,0.6005321303177217,0.2758160416608903,0.6395624951297715,0.5836713826019562,0.4833172512442814,0.6062954396591537,Medium
2015-11-17,7837.5498046875,8252.099609375,,7940.4501953125,20469.099609375,,1739.6500244140625,11801.2001953125,3178.449951171875,166.60000610351562,-492.45,783.02,0.00396455648349936,-0.014008240011101236,0.007539300638249813,0.06346970275794339,0.0,-0.01284839183522335,-0.00039653334823330777,0.03920353581348013,0.024143677085977977,0.025678117756210872,0.0,-0.051333469146253474,0.011071747703377488,0.04937264638386041,0.007702177039748959,-0.08650603229317855,-0.0049775841715161695,0.02572003264925371,0.0003002284649749054,-0.07005296243671844,0.007927863311871152,0.007028323293355251,0.01122768500769254,-0.3965688771220201,-0.14473062720119081,46.1095572377429,0.5205081205191395,0.6976312709435114,0.7730283035778067,0.5329203957423765,0.17076047205562994,0.5931331083955033,0.5447386278534141,0.6127815517472296,0.5571764501194866,Medium
2015-11-18,7731.7998046875,8181.0,,7880.0498046875,20411.80078125,,1702.050048828125,11717.7998046875,3087.699951171875,164.0500030517578,-768.46,759.26,-0.01349273722468125,-0.027556641430193873,-0.008615941728845056,0.05813196663882403,0.0,-0.01284839183522335,-0.007606670798169124,0.0302671755968853,-0.0027992842488663294,0.020674264624375827,0.0,-0.051333469146253474,-0.021613528616827193,0.031045552752667627,-0.007067110907764018,-0.10829206991854334,-0.028551652973658137,0.00430971400101976,-0.01530614020610177,-0.06869140655115324,0.008420963959111877,0.007418401588660706,0.011306244108634192,-0.3179813751921624,-0.2990723635001894,47.978657678695185,0.5578068208437984,0.6581146690855179,0.7712307673849077,0.5236477243273938,0.1462241450748384,0.632989089476626,0.5545508858931338,0.6631700029563032,0.5935473322609859,Medium
2015-11-19,7842.75,8295.0498046875,,8030.35009765625,20642.599609375,,1722.8499755859375,11674.9501953125,3119.5,164.1999969482422,-343.18,233.82,0.014349853606560714,-0.034060794814823825,0.013940814654382017,0.05127712606504531,0.0,-0.03841514579110261,0.01907352068756496,0.026380523545179058,0.011307127215204327,0.024718682582932194,0.0,-0.04896221771093112,0.012220514180610209,0.011745015877348886,-0.0036567965052499707,-0.11210356716765535,0.010298943981281505,-0.010091088863451891,0.000914318157233085,-0.07700954141805016,0.010941698250645454,0.006795953182578766,0.011284815576368776,-0.4433835467636327,-0.061260495766273564,45.04696041343405,0.5013438955388962,0.46080323059454253,0.7639526189614223,0.5737723703936807,0.1907539142125719,0.5557193329323692,0.5643398684385673,0.6144221472702607,0.5699551795754726,Medium
2015-11-20,7856.5498046875,8339.400390625,,8126.35009765625,20449.80078125,,1726.0999755859375,11685.349609375,3122.199951171875,163.85000610351562,-94.09,610.16,0.0017595619760288894,-0.03634904159329333,0.005346632869212886,0.049291361986858906,0.0,-0.03466271954864042,0.01195464691234549,0.02558811619732948,-0.009339852139429117,-0.010358613335430422,0.0,-0.03998773578350456,0.0018864091743651112,-0.0026578700616607387,0.0008907459037106324,-0.11979740433685482,0.000865507668496468,-0.010960497060653052,-0.0021314911768048894,-0.08667774984396737,0.010932479837976974,0.006746033997148035,0.011281499567485722,-0.4534405638511958,0.07802787456348821,44.09054598640472,0.4958565361462095,0.47760727432485295,0.7574452719850893,0.5476947296568384,0.230006065561261,0.542787524464643,0.5545436252135371,0.6164967240215065,0.5586718054583889,Medium
2015-11-23,7849.25,8395.349609375,,8149.75,20166.5,,1698.300048828125,11717.150390625,3111.300048828125,165.3000030517578,-35.37,90.28,-0.0009291361817810317,-0.04012888036082207,0.006709021767667744,0.04108355140551345,0.0,-0.03529020985959952,0.002879509504580602,0.01358746346620232,-0.013853473893484236,-0.027344664786276285,0.0,-0.02302402077324084,-0.016105629541171673,-0.04963623456736155,0.002721423176289539,-0.12115222710651585,-0.0034910968273056397,-0.026867228717511127,0.00884953856715831,-0.1004081466571003,0.008533684306496626,0.006699318767979411,0.011271671014182496,-0.4628520927842994,0.11086344847558267,43.78059419573491,0.4834322203740502,0.47601528293869644,0.7559545161814475,0.525640214132742,0.314695320007169,0.5358328950597234,0.5446261493637138,0.608622189596521,0.5536357724856166,Medium
2015-11-24,7831.60009765625,8332.900390625,,8206.7001953125,20184.0,,1697.25,11637.849609375,3090.75,167.0500030517578,-540.12,532.13,-0.002248610038379506,-0.036626544117695614,-0.007438548917636956,0.03878834302053802,0.0,-0.027423179263771913,0.006987968380931964,0.03539553205848289,0.0008677757667419073,-0.013142492518502524,0.0,-0.021872884112526636,-0.0006182940575486517,-0.05529888508071246,-0.006767923821601629,-0.11920214386474814,-0.006604971717808161,-0.03241713278191061,0.010586811661776219,-0.08264691129775437,0.00849976453294723,0.006647208899556376,0.011193833413805978,-0.4733504579446913,-0.17138716344760674,45.34811748534935,0.4694727229466065,0.46328836082316394,0.7470907950349185,0.5130279174467983,0.3148561844150123,0.5559435965756396,0.5410801118565113,0.6136955717843221,0.530791842488741,Medium
2015-11-26,7883.7998046875,8444.599609375,,8324.75,20380.44921875,,1715.1500244140625,11553.2998046875,3107.64990234375,170.5500030517578,-398.1,948.98,0.006665267171503286,-0.03735184235438638,0.013404602660997522,0.04886220743728886,0.0,-0.033834056750183694,0.014384564060830218,0.04894600819932049,0.009732918091062137,-0.006851577143820897,0.0,-0.03329222538777199,0.010546486618979278,-0.06528784432583745,-0.0072650710849012645,-0.12987191797219333,0.0054678969000243605,-0.02339655982768607,0.02095181045232053,-0.06394069205058117,0.008589223050563774,0.006614555267140226,0.01122141617387773,-0.47992905365587185,-0.09197115174808945,44.792678266618076,0.5020331358546961,0.43146755207733983,0.7820824207570152,0.5326203693914479,0.24912740750039292,0.5392813835023044,0.500887127427976,0.6428298577656874,0.5669502259702329,Medium
2015-11-27,7942.7001953125,8443.650390625,,8285.4501953125,20436.099609375,,1736.3499755859375,11567.5498046875,3217.050048828125,171.1999969482422,-519.25,900.48,0.0074710662477730505,-0.02466966696971895,-0.00011240541812618243,0.04726146507992124,0.0,-0.033443940039553643,-0.00472083902669751,0.0398406369619102,0.0027305772325076916,0.004255613620727683,0.0,-0.018588831067157696,0.012360406302718285,-0.0718428568296472,0.0012334138506662207,-0.11776553980127114,0.03520349779486631,0.013419678467611051,0.0038111632064123935,-0.05570880272204004,0.008859116205198343,0.006746386214156916,0.011214773215924468,-0.45336960411004057,-0.1597168904989451,45.517866093673184,0.48270172338011397,0.43227210342789024,0.7432961646970511,0.5200133478781865,0.21680025033224828,0.6448764369057026,0.498165263544687,0.6670690746695559,0.5684841382248215,Medium
2015-11-30,7935.25,8481.849609375,,8242.75,20278.55078125,,1735.800048828125,11492.900390625,3235.35009765625,173.3000030517578,-1043.84,601.73,-0.0009379927643368147,-0.02415856347307832,0.004524017099572619,0.04996774087088407,0.0,-0.03188581103716415,-0.005153636109798576,0.037959805413033676,-0.007709339410966853,-0.004802104763313331,0.0,-0.009385851954320068,-0.00031671423707479995,-0.06687447887813425,-0.006453347106597285,-0.12370952862100781,0.0056884563654180376,0.02287388481070196,0.01226639101022009,-0.054297391259166106,0.006034853130891734,0.006745321420008661,0.011157656381561784,-0.45358412389539643,-0.45306181077390484,47.275361377898676,0.4817258218128235,0.43184105714606275,0.7401352565630135,0.5158316851875991,0.2223813132076942,0.6444663355259486,0.5008754051338121,0.6657380293713374,0.5687385760680842,Medium
2015-12-01,7954.89990234375,8419.0,,8288.349609375,20560.44921875,,1790.9000244140625,11608.7001953125,3227.25,173.89999389648438,244.95,-331.18,0.0024762801857218797,-0.018870484569718515,-0.007409894335491662,0.05098903387049525,0.0,-0.031245685835289083,0.005532086909708633,0.04102108322604958,0.013901310825458424,0.010627042960541733,0.0,0.004536676633197567,0.03174327343932082,-0.038881558548384154,0.010075768583356126,-0.11792351815819324,-0.002503623228323204,0.02348409551402053,0.003462151380039913,-0.05179934741634762,0.003813023083105654,0.00675849714713276,0.011162613276639815,-0.4509296632569709,0.26761528905866033,42.983152306564385,0.4523207258218003,0.43390519967338775,0.7445217991132073,0.5188124134094174,0.22285374588781684,0.6120091631653564,0.5183005088269271,0.6582475870941764,0.5751392736215816,Medium
2015-12-02,7931.35009765625,8416.400390625,,8331.9501953125,20665.599609375,,1806.1500244140625,11723.349609375,3156.10009765625,174.14999389648438,-406.28,705.53,-0.00296041496142041,-0.03033802828336085,-0.00030877887813274274,0.027217027042296005,0.0,-0.039070242462379,0.005260466557562182,0.0368667313114559,0.005114206869036186,0.00964665663392994,0.0,0.006711786861341551,0.008515271535042501,-0.04249060188693532,0.009876162889346896,-0.10974971089341168,-0.02204660387133006,-0.01896117563902977,0.0014376078710434115,-0.05991906128753377,0.004261181374678983,0.006529340957250919,0.01116489653411067,-0.4970968372097695,-0.09654531718747861,44.614109856607634,0.3868203295142492,0.39135217000311695,0.7341743121249595,0.5045852607020517,0.26107271685627925,0.5774908022357006,0.4901868920046668,0.6281276167478137,0.5533201087255182,Medium
2015-12-03,7864.14990234375,8334.650390625,,8278.25,20346.599609375,,1779.550048828125,11587.2998046875,3110.64990234375,174.6999969482422,733.09,-381.94,-0.008472730932953976,-0.045398599266512796,-0.009713178580603277,0.008225822647237813,0.0,-0.05123411452631654,-0.006445093171909666,0.020431432973805785,-0.015436280874003061,-0.004321077155360675,0.0,0.006760605403643538,-0.014727445243407633,-0.05317901099860334,-0.011605028359702119,-0.12241026268755406,-0.014400745827501393,-0.04584221061799376,0.003158214591065356,-0.04352585389489705,0.005661191364490316,0.006478307413039755,0.011163901402326358,-0.5073783596693613,0.5405777728708163,40.667993046742765,0.3884564128332364,0.3158886270688726,0.7326876348945424,0.5530852938822008,0.2682711864242834,0.6173549542022677,0.49231998548038275,0.625968014980538,0.5943913244261194,Medium
2015-12-04,7781.89990234375,8240.7001953125,,8171.7001953125,20087.849609375,,1776.949951171875,11645.0498046875,3085.14990234375,172.14999389648438,,,-0.010458854551524621,-0.05959479567898185,-0.011272241894894286,-0.0005881486971606176,0.0,-0.04816291972591469,-0.012871054230966683,-0.014169147593863896,-0.012717112685540655,-0.02598932838204704,0.0,-0.001548282231050302,-0.0014610983590837012,-0.04685409825052422,0.004983904876323164,-0.1318508038030871,-0.008197643836674429,-0.05083989815556045,-0.01459646878249976,-0.08235613914908979,0.006972218891374773,0.006574104287873902,0.011121967677278898,-0.4880785494094554,,,0.4464597781733306,0.3071081400018954,0.7454908350760561,0.5627032589723951,0.21582544784745544,0.6263469248226478,0.40700714390821296,0.6372997745285366,0.6018382350173319,
2015-12-07,7765.39990234375,8221.5,,8114.35009765625,19534.19921875,,1770.050048828125,11762.599609375,3060.199951171875,173.1999969482422,,,-0.0021203048364873966,-0.060066749961288135,-0.0023299228047904963,-0.005311344708091026,0.0,-0.04683895750917244,-0.007018135306670614,-0.016448350039553472,-0.027561456372443782,-0.04924102388506835,0.0,-0.009987286459528844,-0.003883003198373536,-0.02968419240937037,0.010094401196994562,-0.11830870836262264,-0.008087111473228825,-0.061432310635830434,0.0060993499214945235,-0.07156261530487196,0.006125189439791036,0.006573674056941185,0.01111448858376988,-0.48816522630140774,,,0.4460646059140727,0.30659434101111227,0.743673111027203,0.5145588125301399,0.23180813765705957,0.6565929246490758,0.3949506500383324,0.636168990162965,0.5970950424775303,
2015-12-08,7701.7001953125,8210.349609375,,7990.7998046875,19518.599609375,,1713.300048828125,11610.349609375,3011.449951171875,166.10000610351562,-1855.02,1223.8,-0.00820301695113268,-0.06665293054544508,-0.0013562477193942435,-0.009028294928072778,0.0,-0.04039691665921352,-0.015226147686730473,-0.028551005061577373,-0.000798579414508449,-0.04943578838673546,0.0,-0.011654604634259047,-0.03206124032344271,-0.0726386745179296,-0.012943567328318695,-0.11974785202965565,-0.015930331605074288,-0.059171826454184506,-0.04099301945627787,-0.09506944515452609,0.0047310282887032635,0.006666459464193131,0.011116314662229012,-0.4694721242774536,-0.906664686216902,49.806322625971966,0.4434216240940519,0.30254377016787765,0.7536561015466055,0.5048356684151172,0.22384580387330097,0.6674203773187629,0.41553733380581065,0.6634278605624375,0.6059044052011308,Medium
2015-12-09,7612.5,8067.89990234375,,7849.4501953125,19448.44921875,,1658.800048828125,11372.0498046875,2982.10009765625,164.0500030517578,,,-0.011581883616657795,-0.08232828589561225,-0.017350017211032465,-0.01949368717123956,0.0,-0.05235573413436778,-0.01768904400434146,-0.051844222797297945,-0.0035940278518395985,-0.0662421360514095,0.0,-0.011907012178627108,-0.03180995648560059,-0.10174901571016604,-0.02052477424926813,-0.1422823241929706,-0.009746087098078338,-0.07570474145922135,-0.012341980592584845,-0.10355189589203384,0.005132885002751784,0.006717221449466002,0.01101171479510009,-0.4592453117026311,,,0.5367030243709615,0.21619323139003005,0.7659349940045558,0.4674833321688336,0.2097691289368165,0.7011643771171279,0.433507397322239,0.6566653128610158,0.6260983953918483,
2015-12-10,7683.2998046875,8085.0,,8046.10009765625,19624.30078125,,1690.0,11368.150390625,2953.35009765625,166.85000610351562,317.56,-175.07,0.00930046695402309,-0.06988033649678327,0.0021195227832813135,-0.01788696893315922,0.0,-0.046025742226899924,0.02505269763494833,-0.01962316825005639,0.009041932368081262,-0.05734878530822729,0.0,-0.013985359765861571,0.01880874744000427,-0.0827679782903663,-0.0003428945642581782,-0.1410313038055141,-0.009640856798400432,-0.07574945611970574,0.017067985368305116,-0.08147530024913041,0.0072152522186266395,0.007065931573925499,0.011062863160683374,-0.38899208841713034,0.3082179971948521,43.482786955825325,0.529119336615362,0.218590098237116,0.7930305284821942,0.49401427432859213,0.21391578701057543,0.7265821708676786,0.43715453066290477,0.5941882907849417,0.6556193458020856,Medium
2015-12-11,7610.4501953125,7943.25,,8002.7998046875,19624.150390625,,1699.800048828125,11383.5,2885.64990234375,162.10000610351562,,,-0.00948155235730297,-0.07560521393181174,-0.01753246753246751,-0.039783087625072544,0.0,-0.045556954694232155,-0.005381525514623231,-0.01841669420614489,-7.663489602793838e-06,-0.05862443410085749,0.0,-0.014598254613328532,0.00579884546042897,-0.07178154330204778,0.0013502292675207084,-0.13911366558269678,-0.022923186575890986,-0.0906326629342945,-0.028468683405699413,-0.10860599030586537,0.0073387808442816485,0.0071824562303964825,0.011084741320141294,-0.3655163355349593,,,0.5576532859166704,0.20627833690787145,0.7929746320294828,0.4820646830087843,0.20747519416361265,0.6923664846084783,0.4119852712915414,0.6101996016834113,0.6712612356064918,
2015-12-14,7650.0498046875,7964.0498046875,,7997.0498046875,19698.69921875,,1740.1500244140625,11488.0,2882.699951171875,161.8000030517578,-157.07,386.47,0.005203320218742258,-0.06377892820738429,0.0026185509316085653,-0.029502333544128567,0.0,-0.021760661948633797,-0.0007184985430513935,-0.013902932589634376,0.0037988308610095167,-0.056024186484972316,0.0,-0.019655047384665503,0.023738071788946824,-0.051249897090631547,0.009179953441384558,-0.12633138577602376,-0.001022283115314493,-0.06829348701620075,-0.0018507281953230592,-0.09735005270985875,0.008286428888099448,0.007257352367532693,0.011082285439898738,-0.35042731265784216,0.04281015581376564,45.5380113132233,0.5523315920569302,0.17457531431393167,0.7763775431137225,0.49934868891083006,0.26340431503895523,0.7179617255127521,0.4382479999158712,0.5937637183983916,0.656567789962926,Medium
2015-12-15,7700.89990234375,8082.35009765625,16398.458984375,8102.2998046875,19941.650390625,,1735.8499755859375,11554.7998046875,2881.89990234375,163.1999969482422,48.67,273.93,0.006647028314128445,-0.05064876230853388,0.014854288442435415,-0.01385452330516801,-0.035095427282307745,-0.047265920033987885,0.013161103478223524,0.004687185155620277,0.012333361161418699,-0.03394245622374714,0.0,-0.011577628519718663,-0.002471079371201279,-0.049786550695863574,0.005814746229761525,-0.11471040417656297,-0.0002775345480544589,-0.053656501449587446,0.008652619716184695,-0.08571430281096815,0.008549985062702872,0.007363906147749928,0.011009393598551473,-0.32896035202651985,0.15785768607048084,45.10532965925888,0.5831553064241555,-0.13800857821447882,0.7846281787623824,0.5129908467431862,0.23033905940187474,0.7018596507650631,0.45412586735821,0.5751500045635418,0.6700159956411965,Medium
2015-12-16,7750.89990234375,8035.60009765625,,8213.849609375,19790.69921875,,1737.9000244140625,11637.650390625,2893.14990234375,165.0500030517578,-503.22,1024.03,0.006492747683265243,-0.03904137344950509,-0.005784208730769569,-0.006963722748675849,0.0,-0.055077986913590005,0.013767671818680993,0.014136876457764513,-0.0075696428790048564,-0.016283759054110614,0.0,-0.006307201494637371,0.0011810057648748984,-0.03773429449437593,0.007170231188591281,-0.11636161733512851,0.003903674791359224,-0.04507048586620199,0.011335821924692402,-0.06248224827787163,0.00904493488129581,0.007472198522113473,0.011035816014925265,-0.3071431238400097,-0.15075309196674358,47.21880106572035,0.5409065547726113,-0.10320371224977473,0.8050678146600755,0.4786518997781298,0.20885116338362253,0.6899292280379846,0.5055866295590318,0.5748193935101968,0.6766294728813306,Medium
2015-12-17,7844.35009765625,8149.0,,8356.650390625,19940.599609375,,1795.550048828125,11771.7998046875,2936.199951171875,167.3000030517578,638.01,-366.23,0.012056689737954374,-0.025643378551165386,0.014112188382399138,0.006409690101123022,0.0,-0.05432051959590389,0.017385365941812836,0.024896885531337176,0.007574284716680646,-0.013549699009374416,0.0,-0.01141494465194326,0.03317223292720728,0.015525181619376882,0.011527190589138758,-0.09654100798708598,0.014879992493043614,-0.03387458811836874,0.013632232404712008,-0.05773021584805049,0.009306779866575571,0.007858223203662498,0.011119133419804347,-0.2293722871354164,0.48741008949952974,44.323072017377825,0.5802940775666404,-0.0818324280137785,0.8230064842743452,0.4962322873542492,0.22562155220508878,0.7388994662452765,0.540260971367672,0.5975923022902937,0.6987013877734005,Medium
2015-12-18,7761.9501953125,8079.2001953125,,8277.7998046875,19813.44921875,,1772.699951171875,11663.7998046875,2903.699951171875,167.75,-6.99,-404.98,-0.010504363180879661,-0.037062537094945,-0.008565444187937143,-0.0029248426263287497,0.0,-0.05350176831250719,-0.009435668868708391,0.005655253416856576,-0.006376457735263963,-0.020033671204589876,0.0,-0.017554068413502932,-0.012725959753203897,0.0028852543880846238,-0.00917446794813781,-0.10653373887321826,-0.011068728472333422,-0.041825472138546926,0.0026897605501117194,-0.05439681075815195,0.009036915737485588,0.008041758796875976,0.011140983170496414,-0.1923961109178515,0.12673323028118963,46.93084728729865,0.5951333454113195,-0.092141580778773,0.8278266110517704,0.5034850112416996,0.21325849423839743,0.7466596258695383,0.5423663405758476,0.6067003065933394,0.6690645173234658,Medium
2015-12-21,7834.4501953125,8154.89990234375,,8343.75,20134.849609375,,1800.4000244140625,11556.9501953125,2941.550048828125,169.75,37.37,62.7,0.009340436124388285,-0.02559015882713389,0.009369703089566972,-0.009816968418935756,0.0,-0.04775562782945275,0.007967116488508674,0.020261578159810556,0.016221324569820395,-0.006853730752030884,0.0,-0.011872763833607358,0.015625923170966338,0.01795154471587357,-0.00916078903652473,-0.10576916828483807,0.01303512700786258,-0.03892897188374511,0.011922503725782407,-0.04150200931794168,0.009041706848732131,0.008264283171798864,0.01118888962656472,-0.14756502199505217,0.15153885117254712,47.31998662902409,0.6559994456445215,-0.0833102366030423,0.8270029181702205,0.536848325258806,0.2219122030629071,0.7551318102590859,0.505568377041854,0.6308002696353995,0.680228779203461,Medium
2015-12-22,7786.10009765625,8099.64990234375,,8325.5,19904.150390625,,1781.5999755859375,11595.900390625,2907.39990234375,169.5,168.73,238.36,-0.006171472975241898,-0.021287305369095844,-0.006775067831810033,-0.011532676821427224,0.0,-0.035095427282307745,-0.0021872659176029874,0.026926657715165225,-0.011457707568006015,-0.015703370161423535,0.0,0.0,-0.010442150951560536,0.026651684473262494,0.003370283219555459,-0.08205815233524638,-0.011609575195900557,-0.031721979950327106,-0.0014727540500736325,-0.01596516690856309,0.008351191630090602,0.00812457860213546,0.011200762906533292,-0.17571073856058284,0.22499390888870394,46.541507683940786,0.6595167556362492,-0.17044652526378282,0.8227256049333137,0.5516961598267844,,0.7469721114319169,0.453743982939839,0.6189570379276608,0.6557444016257316,Medium
2015-12-23,7865.9501953125,8111.0,,8458.4501953125,19983.25,,1820.75,11805.849609375,2926.89990234375,171.5500030517578,385.82,632.64,0.01025546764808305,-0.011107151043381003,0.0014013071914338315,-0.004107115214695756,0.0,-0.035095427282307745,0.015969034329770038,0.035502450656602846,0.003974025910307377,-0.01322156930521945,0.0,0.0,0.021974643551051276,0.05842174102601372,0.018105469319117162,-0.03441668550305943,0.006707023682665847,-0.05699469801579704,0.01209441328470695,-0.00550722868546194,0.008752289288166718,0.00836670691286692,0.011256542858219382,-0.12693012370483553,0.3463882334898039,46.398509114603144,0.653252814215127,-0.1576881888703606,0.8345378587825218,0.5510904058116984,,0.7658656238331885,0.5573176465337999,0.6796674118194747,0.6662258022856846,Medium
2015-12-24,7861.0498046875,8136.60009765625,,8454.900390625,20057.80078125,,1835.8499755859373,11795.75,2909.449951171875,170.89999389648438,-112.03,8.05,-0.0006229877514251081,-0.006841316617243409,0.003156219659258941,-0.013290981914136801,0.0,-0.035095427282307745,-0.0004196755440455391,0.03420695276902852,0.0037306634931755234,-0.021386923935506563,0.0,0.0,0.008293272325106349,0.0650943924710099,-0.0008554750152822699,-0.016123029584206305,-0.005961922769515238,-0.07569018765950053,-0.003789036104402288,0.01244070383151974,0.008819224010217489,0.00832231761743014,0.011234626659197632,-0.13587305614374867,0.06799602517685717,47.96154717521387,0.7046043036453346,-0.15528204017547348,0.838365476557694,0.5847923397855672,,0.7675129278332051,0.5560359827594372,0.7215246484608329,0.666346771366474,Medium
2015-12-28,7925.14990234375,8228.400390625,,8552.7001953125,20152.75,,1815.949951171875,12009.0,2921.5,171.8000030517578,-302.62,987.82,0.008154139618607559,0.018218351083834516,0.011282389679590166,-0.003548179758830705,0.0,-0.035095427282307745,0.011567233222042672,0.08459725187617928,0.004733780128016729,-0.0031188861590127903,0.0,0.0,-0.010839678992675239,0.07999048672620979,0.018078545238751298,0.033628000815994596,0.004141693113941081,-0.059734186805327605,0.005266291324846906,0.04533006797425876,0.00895094668910167,0.007849323048521624,0.011192463187220406,-0.23116536551923603,-0.03857979280519469,47.45749437060034,0.7838617282971543,-0.14473842612956725,0.8205346042590906,0.5606614415424201,,0.6924988149042817,0.479748520744541,0.7289577870878045,0.6134091312449941,Medium
2015-12-29,7928.9501953125,8268.7998046875,,8568.400390625,20053.80078125,,1811.949951171875,12022.349609375,2908.949951171875,169.60000610351562,8.49,6.44,0.0004795231655652099,0.021475757069470802,0.004909753067987355,0.011065869699240949,0.0,-0.035095427282307745,0.0018357004167064428,0.08015030193651151,-0.004909961109526018,0.007921189407446017,0.0,0.0,-0.0022027038781651243,0.06331967914789405,0.001111633722624683,0.03279912126949136,-0.0042957552038764835,-0.06378834539729517,-0.012805569901994662,0.01831283696110164,0.008071414619585568,0.007824044448783674,0.011192134474694616,-0.23625814312208793,0.1353894749024298,46.35256543312037,0.7817545641068999,-0.14263884541878727,0.8289596131995036,0.5593761145681225,,0.7094229289213774,0.48263467515766173,0.7336157832307781,0.6275001206946246,Medium
2015-12-30,7896.25,8240.2001953125,,8517.25,20068.55078125,,1817.75,11987.25,2878.449951171875,169.5500030517578,152.2,-74.41,-0.004124151937772491,0.011483859967499122,-0.0034587376705851325,0.006086442833562744,0.0,-0.035095427282307745,-0.005969654578813266,0.07221535516534927,0.0007355214186526293,0.004102758945126572,0.0,0.0,0.0032009983633234373,0.0564628767828379,-0.0029195299184803236,0.02358893348134239,-0.010484883037507386,-0.0988934014202627,-0.0002948293039994887,0.018012608496126514,0.006730679085822432,0.007814476664294672,0.010993175336267803,-0.23818572609976962,0.21575051589199207,45.847268191450816,0.7863500078681496,-0.15073915193436305,0.8398764039427609,0.5516896525144938,,0.7008751957381584,0.48050728505568857,0.7591712951098415,0.6309397703045511,Medium
2015-12-31,7946.35009765625,8254.75,,8584.099609375,20192.650390625,,1826.8499755859373,11963.5,2864.300048828125,172.60000610351562,1123.41,-257.67,0.006344796283837217,0.013881926836838643,0.0017657100971619766,0.00032117773057271926,0.0,-0.035095427282307745,0.007848731618186555,0.08105956189265773,0.006183785303069511,-0.013505685351366647,0.0,0.0,0.0050061755389561036,0.05012499637750123,-0.0019812717679200675,0.013752821916534153,-0.004915806278997237,-0.0988374544730285,0.01798881154149412,0.03601440444289028,0.006302900841324002,0.00786373698410675,0.011009982626352943,-0.2282614480128135,0.758840395646169,42.707820249969224,0.7820417859232255,-0.14788928002979762,0.8488830465000468,0.577001827801516,,0.6961461107054238,0.4623100838246179,0.7532460886745238,0.6429737257187396,Medium
2016-01-04,7791.2998046875,8142.85009765625,,8468.599609375,20087.80078125,,1804.9000244140625,11733.7001953125,2806.64990234375,172.39999389648438,214.01,-519.91,-0.01951213966956744,0.0076954915418177006,-0.013555819660649893,-0.004663232165230458,0.0,-0.035095427282307745,-0.013455109476346094,0.07468858944741652,-0.005192463958256788,-0.015873170793319846,0.0,0.0,-0.012015190883331583,0.06042711591045791,-0.01920840930225265,0.001356943358824081,-0.020127132458752528,-0.09102246114343393,-0.0011588192349848425,0.0508990593684544,0.010084109810540831,0.008297627112332137,0.011187862076266103,-0.14084735268982798,0.2503139835947604,46.807947866153505,0.7922586199760668,-0.14472312450006908,0.8532372296165759,0.5709271274465988,,0.6628330984769455,0.5335521541257899,0.7375739874552862,0.5691760932208071,Medium
2016-01-05,7784.64990234375,8124.35009765625,,8555.0,20047.44921875,,1862.699951171875,11741.5,2767.64990234375,175.5500030517578,,,-0.0008535035886758635,-0.007408128227503141,-0.0022719317902369918,-0.0205785029686969,0.0,-0.035095427282307745,0.010202441325641631,0.06533337849079279,-0.0020087595919242585,-0.028831174458991526,0.0,0.0,0.032023893831225614,0.08117362368616843,0.0006647352972777298,0.005700221720364995,-0.013895569934615715,-0.11279054260498478,0.01827151546864214,0.06912305916237793,0.009047588138265806,0.007862082337565076,0.011178737626868872,-0.2285948029824492,,,0.7715249680713909,-0.1649147970922558,0.8291857134621283,0.5410702268582271,,0.6212873111998367,0.5891524196969463,0.7174765909903092,0.5864331799253993,
2016-01-06,7741.0,8025.39990234375,,8662.4501953125,19689.44921875,,1829.050048828125,11673.7998046875,2757.949951171875,173.5500030517578,259.9,-160.49,-0.005607176031205752,-0.014707448887876784,-0.01217945978731827,-0.03765264570271065,0.0,-0.035095427282307745,0.012559929317650598,0.06597058842085435,-0.017857633462174838,-0.037181367712743274,0.0,0.0,-0.018065122255777166,0.059643169398250206,-0.005765889819230985,-0.000988400439318804,-0.0035047609033428406,-0.11666453324467052,-0.011392765395796256,0.05920046742088014,0.009167194386659154,0.007913068920830352,0.011097507266847523,-0.2183227415553476,0.27597516354751955,45.72427612005071,0.7745201732515067,-0.16971319424918244,0.7922938833748092,0.563460207736015,,0.6296109708568989,0.5948715699809269,0.710224160346047,0.599234419061432,Medium
2016-01-07,7568.2998046875,7725.14990234375,,8454.4501953125,19261.55078125,,1742.550048828125,11451.650390625,2645.550048828125,164.9499969482422,-187.51,907.05,-0.022309804329221028,-0.03579325353536966,-0.037412465877533996,-0.07982987465856628,0.0,-0.035095427282307745,-0.024011682065722573,0.03738767389337094,-0.02173237213220358,-0.04487388583789953,0.0,0.0,-0.047292308953175266,0.02605546648281254,-0.019029743338008775,-0.022659092966189842,-0.04075487384968335,-0.14969626609154119,-0.04955347710913516,-0.0021173992562240063,0.01057742853115839,0.008862342501365687,0.01129720414911095,-0.027076419367986545,0.025788444814376067,49.5203522986979,0.8330826766538924,-0.1667231495128997,0.8289376772459223,0.6436244384974211,,0.7174122640861478,0.652518914649992,0.7732826610341369,0.698376902107986,Medium
2016-01-08,7601.35009765625,7744.25,,8586.2001953125,19359.25,,1750.800048828125,11486.599609375,2645.800048828125,169.35000610351562,726.22,-413.77,0.004366937597831466,-0.029400122213710356,0.002472456573361148,-0.07064171693295007,0.0,-0.035095427282307745,0.015583508916173772,0.0462427030314525,0.005072240540730633,-0.040861573523582995,0.0,0.0,0.004734440772905302,0.03155106721350709,0.0030518936186361145,-0.012996387225880479,9.449830673613491e-05,-0.14396180576619755,0.026674805921057754,0.013768350851482536,0.01109505357080831,0.008916874327104186,0.009454953993902627,-0.016090112229038743,0.5367361449284441,46.58650178368087,0.835384618962067,-0.16103270631926134,0.8339568663961059,0.6498824423032081,,0.7162370424350529,0.6558299014433838,0.7743244233543222,0.7048310790154833,Medium
2016-01-11,7563.85009765625,7751.64990234375,,8656.599609375,19329.650390625,,1746.1500244140625,11301.0,2591.35009765625,169.75,-123.96,192.1,-0.00493333414699082,-0.04058318513377479,0.000955535054233847,-0.0820583259225166,0.0,-0.035095427282307745,0.008199134944574693,0.03986301202738818,-0.0015289646745095808,-0.05155915931226218,0.0,0.0,-0.002655942588746796,0.018074220656347784,-0.016157924510881272,-0.02183789990329299,-0.0205797679972044,-0.16613834277088713,0.0023619361208635503,-0.004690724347363617,0.011076982275059535,0.008826037389579043,0.009413637670121799,-0.03439066391051474,0.06132490125364043,49.21936262555198,0.8238890278362487,-0.17096339012709524,0.8135249290579856,0.6366650284218864,,0.7138096207000131,0.683232125392714,0.7667732915788336,0.6908794361916273,Medium
2016-01-12,7510.2998046875,7721.0498046875,,8616.400390625,19340.55078125,,1725.1500244140625,11341.599609375,2520.64990234375,166.75,-402.62,237.81,-0.007079766557687717,-0.054439973811448605,-0.003947559299214198,-0.08557916925833464,0.0,-0.035095427282307745,-0.004643765515788045,0.039943538071079754,0.0005639207334182661,-0.0536085089163697,0.0,0.0,-0.012026458039907983,-0.006450284406572804,0.003592567859038942,-0.01953310762672822,-0.0272831507315221,-0.2164716544394616,-0.0176730486008837,-0.025992973291860122,0.009637509769386874,0.00872423661904632,0.00936953399754022,-0.05490005483788413,-0.09449868570726293,49.908191456188966,0.8272786688133678,-0.18345861792361487,0.8522760166584095,0.6253234673005694,,0.7134083483205766,0.6747277453954763,0.8034874232075129,0.7004617550208502,Medium
2016-01-13,7562.39990234375,7795.5,,8734.650390625,19414.69921875,,1712.699951171875,11321.400390625,2512.64990234375,165.10000610351562,-75.9,618.79,0.006937152844914696,-0.04698655967439591,0.009642496447477944,-0.08091980416822964,0.0,-0.035095427282307745,0.013723828355128642,0.05967673296230025,0.0038338327764628755,-0.04259927505760108,0.0,0.0,-0.00721680611308928,-0.01330804067660063,-0.00178098499732815,-0.014922255842389154,-0.0031737846626623822,-0.2233761953106831,-0.009895015870970747,-0.04731677324779493,0.009551637908313213,0.008869190394892751,0.009144995225518295,-0.02569680185978301,0.08819952118237442,49.16244125058835,0.8382528146997188,-0.17487020481697801,0.8636634984099819,0.6352106054016473,,0.6877181659713164,0.6647882936586857,0.8170596021995868,0.6735151162582577,Medium
2016-01-14,7536.7998046875,7684.64990234375,15609.6181640625,8671.7001953125,19438.150390625,,1684.1500244140625,11369.400390625,2455.800048828125,162.4499969482422,-1221.97,1526.22,-0.003385181686611949,-0.052558813157795425,-0.014219754686197184,-0.08722533527215226,-0.0481045701345556,-0.0815117469737594,-0.007206950764745534,0.046251739369667755,0.0012079080706206557,-0.0545853262340944,0.0,0.0,-0.016669543744821103,-0.05960690074529751,0.004239758187489562,-0.0206138327858727,-0.022625457475232258,-0.2390425133385622,-0.01605093311512007,-0.06584242294486742,0.00945070087574302,0.008841618752088047,0.00911766636813133,-0.03125154960709693,-0.5526701347003591,52.94100221291699,0.8413353443955132,-0.07911304809605454,0.8596112928814312,0.635406695940318,,0.6955663714007627,0.6567795661451522,0.8038269347167255,0.6693077629636702,Medium
2016-01-15,7437.7998046875,7544.2001953125,,8607.5498046875,19095.44921875,,1624.5999755859375,11259.75,2312.89990234375,155.10000610351562,-1123.79,688.84,-0.013135548583687595,-0.06222777798127921,-0.018276656557693505,-0.10363102452730755,0.0,-0.0815117469737594,-0.0073976716422549105,0.03307744320531958,-0.017630338534693313,-0.07597894183107556,0.0,0.0,-0.035359111697215506,-0.10051770139472338,-0.009644342432993724,-0.039544978595901115,-0.05818883607912828,-0.2671652258236893,-0.04524463516652655,-0.10938839196452776,0.01000037667788967,0.009081168032263038,0.009206757254231394,0.017009478357318704,-0.49776896564910844,53.19072753418247,0.8523950814591139,-0.0870482762198344,0.8626203034066411,0.6663795755867387,,0.7213096444788315,0.6834979432941511,0.7701862640819085,0.6894621716440928,Medium
2016-01-18,7351.0,7431.4501953125,,8289.150390625,19006.80078125,,1607.0,11095.9501953125,2274.449951171875,149.39999389648438,-1203.84,1122.8,-0.01167009155487031,-0.06525179564428396,-0.014945255571300442,-0.10836689638817243,0.0,-0.0815117469737594,-0.03699071411577615,0.0013167505964424286,-0.004642385548749295,-0.06584878327814869,0.0,0.0,-0.010833421057752868,-0.09696274007115069,-0.014547374913963407,-0.042404150894260195,-0.016624131088817218,-0.2688184069000603,-0.03675056081704464,-0.1448197108970377,0.007555725363702323,0.009176806251445175,0.008965821197781597,0.03627732490248172,-0.5425320394172141,53.69052013533307,0.8560876939797054,-0.08925754214588892,0.8288674707840264,0.6549902869917974,,0.716180354748246,0.6908104841671994,0.7694489152867796,0.7193066422110586,Medium
2016-01-19,7435.10009765625,7526.0,,8416.7998046875,19041.19921875,,1616.699951171875,11225.2001953125,2298.949951171875,152.25,-857.7,1386.83,0.011440633608522655,-0.04456492746495633,0.012722927854261767,-0.08672809086284172,0.0,-0.0815117469737594,0.015399577525685881,0.029993710429513154,0.001809796287965293,-0.05210365524324356,0.0,0.0,0.006036061712429985,-0.09018261875879918,0.011648394028895392,-0.03605391272830771,0.010771835180359401,-0.2548336307984933,0.019076346853737602,-0.11559683184450442,0.009179795560950553,0.009366721999322616,0.009011073105098065,0.07453888516474032,-0.34897438352599514,52.98831292313285,0.8634964018770033,-0.06653520460379223,0.83038369517724,0.6373511550757693,,0.7249196003444353,0.7413457560252604,0.7994950596529443,0.7321980957575975,Medium
2016-01-20,7309.2998046875,7401.5498046875,,8179.10009765625,18758.349609375,,1566.4000244140625,11133.650390625,2193.0,147.0500030517578,-1324.69,1383.14,-0.01691978471256972,-0.05873491428543043,-0.01653603445555407,-0.09973243268412091,0.0,-0.0815117469737594,-0.028241102621791025,0.007979690205713652,-0.014854611105401205,-0.039717502657098724,0.0,0.0,-0.03111271619780298,-0.11505325770245345,-0.008155739148931196,-0.05347025654505122,-0.046086236508919076,-0.2833801597963521,-0.03415433135134438,-0.15098149166999608,0.01058521167176667,0.009782331902158131,0.009051060712951847,0.15827013715756888,-0.6101100214893636,55.559901774827004,0.8687988616760038,-0.07724051535163429,0.8488511850545193,0.7495550924145405,,0.7450700502728409,0.7550964947849108,0.8176110160960529,0.756371350217385,Medium
2016-01-21,7276.7998046875,7259.4501953125,,8046.35009765625,18468.349609375,,1552.949951171875,10876.599609375,2227.0,147.64999389648438,-1747.23,1267.74,-0.004446390334017725,-0.055169687192395234,-0.01919862908779002,-0.11581716483506554,0.0,-0.0815117469737594,-0.01623039190314346,0.006951781339355145,-0.015459782232391306,-0.05380765121569242,0.0,0.0,-0.008586614550915028,-0.09359136933774526,-0.023087736028288397,-0.0631979246695138,0.015503875968992276,-0.26048912115129597,0.004080182470417082,-0.11107773346819128,0.010538637029279992,0.00972365087011282,0.008786465222479316,0.1464479061475207,-0.8463897115577627,56.83571314311682,0.8660639735797309,-0.07425099921492066,0.8387065616605566,0.7396518994577539,,0.74594965080166,0.7189342513981662,0.7716866767467312,0.7570217446256855,Medium
2016-01-22,7422.4501953125,7544.0,,8242.7998046875,18555.44921875,,1622.050048828125,11141.2998046875,2339.10009765625,150.3000030517578,-769.83,915.6,0.020015720445019758,-0.024965491584564847,0.0391971564005269,-0.0649363413881171,0.0,-0.0815117469737594,0.024414760064749297,0.050111740260470494,0.004716155542712208,-0.04591625738154337,0.0,0.0,0.04449602358666249,-0.022154568916224915,0.024336668151721197,-0.020290976909447367,0.050336819782779596,-0.21561985813466122,0.01794791239294824,-0.0838159082244081,0.013607320576597094,0.010325182606714589,0.008954259971629746,0.2676360806242487,-0.2998384523329477,55.01066368148867,0.874963482481566,-0.04255251729013604,0.8452670006983395,0.733027761821725,,0.7767974712399619,0.7527006195242454,0.8179191182636611,0.7612758904072887,Medium
2016-01-25,7436.14990234375,7487.2998046875,15560.9697265625,8230.9501953125,18567.94921875,,1648.0999755859375,11239.400390625,2317.699951171875,151.14999389648438,-91.15,307.89,0.0018457122204607046,-0.032167155860944874,-0.007515932570585915,-0.07392704951298701,-0.0031165680664759776,-0.08437427813257425,-0.0014375709292686611,0.022973874972061825,0.0006736565551519469,-0.05382874907366331,0.0,0.0,0.01605987853249813,-0.024792913854474907,0.00880512935270139,-0.011325501121640436,-0.009148880163708073,-0.21523020484053712,0.005655294926599996,-0.09409656357633445,0.013699425171084747,0.010162368822254134,0.008765652641511548,0.23483464369612111,0.07967189001480901,52.339984384264596,0.8743423434985623,-0.05271204127695511,0.8384297311737814,0.7231548708335906,,0.766973875461819,0.76344196261664,0.8334992502703489,0.7535460861798705,Medium
2016-01-27,7437.75,7491.2998046875,,8264.2998046875,18584.80078125,,1650.4000244140625,11348.7998046875,2347.35009765625,152.39999389648438,-366.93,499.99,0.00021517824106065397,-0.02269250712906201,0.0005342379902426586,-0.056897390276335225,0.0,-0.08437427813257425,0.004051732616969561,0.03267606417529412,0.0009075618584191147,-0.05296278252492026,0.0,0.0,0.0013955760343404844,-0.0290622561448447,0.009733563202691142,-0.0030482887787147694,0.012792918457535052,-0.18654369826716966,0.00826993086652772,-0.05983967823441605,0.012761776310914002,0.010038039725602637,0.008570144227426394,0.2097865617068735,-0.07454123283051477,52.96468613746557,0.8710824843492946,-0.04439008308461684,0.838825428986138,0.7383531077407157,,0.7876542879079262,0.7706215890863984,0.8198245188826495,0.7446870889945706,Medium
2016-01-28,7424.64990234375,7458.0,,8381.2998046875,18899.5,,1640.6500244140625,11440.7001953125,2343.89990234375,151.1999969482422,-961.82,394.22,-0.001761298464757477,-0.02946384770013366,-0.004445130425385413,-0.06354176795700694,0.0,-0.08437427813257425,0.01415727923297716,0.04804896923047419,0.01693314996776807,-0.040571167155509014,0.0,0.0,-0.005907658662003157,-0.057178978021451554,0.008097807011014702,-0.004117322831432846,-0.0014698256199383586,-0.18690812708727877,-0.007873996038722075,-0.06551301547333599,0.011752310005489918,0.009976770154346982,0.008563620541865241,0.1974428281353225,-0.4071971348156285,54.812496746517645,0.8713295646994066,-0.051148403725132734,0.8337082696596437,0.6814809782130271,,0.7878003012807443,0.7585581598789548,0.8185484469743554,0.7489039023192297,Medium
2016-01-29,7563.5498046875,7605.0498046875,,8516.849609375,19132.650390625,,1658.449951171875,11755.849609375,2292.60009765625,153.5500030517578,571.7,240.02,0.018707939656508632,-0.01783559056707751,0.019717056139380462,-0.05905464217729928,0.0,-0.05107121703389861,0.01617288581082499,0.05116446128637042,0.012336325861795228,-0.040568357390335597,0.0,0.0,0.01084931368234332,-0.0445891208933169,0.027546339706692402,0.017399678755657844,-0.021886516841526982,-0.2044830926321357,0.015542368723195477,-0.05912986566749023,0.013029976914814785,0.010521519622457556,0.008799488411290265,0.30719130784221166,0.45033027161616834,50.98431406440953,0.8813566404511944,0.04818812095113331,0.8289877410842654,0.7018277822932811,,0.7830593273338468,0.7885161946581913,0.7175536482512389,0.7479181682475312,Medium
2016-02-01,7555.9501953125,7569.89990234375,,8470.75,19283.349609375,,1663.75,11742.75,2214.85009765625,153.85000610351562,,,-0.0010047675458274563,-0.02515188036066629,-0.004621916127634629,-0.05795462562258802,0.0,-0.05107121703389861,-0.005412753716380725,0.03127649066422933,0.007876546932767958,-0.025635759695358806,0.0,0.0,0.00319578460862191,-0.04266644995247204,-0.0011143056274345309,0.009030999028778686,-0.033913459255054845,-0.23445028000035784,0.001953780825759255,-0.06785820503577933,0.010140175275949546,0.010437266885332317,0.00872213402034707,0.29021724847743535,,,0.8956767132797293,0.04376103069579548,0.8233341569233508,0.7173362217477417,,0.785679908080019,0.7861498147066383,0.6967861319248044,0.7430286008725788,
2016-02-02,7455.5498046875,7470.39990234375,,8234.7001953125,19194.25,,1583.5999755859375,11425.75,2182.449951171875,150.64999389648438,-113.98,-323.23,-0.013287592960483763,-0.049564372845229854,-0.013144163236450956,-0.08327403333614558,0.0,-0.05107121703389861,-0.02786645865920967,-0.014593191005012107,-0.004620546283705895,-0.03742864427326986,0.0,0.0,-0.048174319707926405,-0.11804186320538257,-0.02699538012816416,-0.02939650779226677,-0.014628595641150044,-0.25670935649296256,-0.020799558531562012,-0.09952187000332813,0.011883931912439008,0.010386653251634768,0.008811410219295117,0.28002032369655633,0.06690560676526684,52.958810243767076,0.89125024766425,0.027614874134969204,0.8208756792484756,0.7046202136135841,,0.7753897876248501,0.7864149184752126,0.6749977544151313,0.7447851611018894,Medium
2016-02-03,7361.7998046875,7343.2998046875,,8069.64990234375,19204.69921875,,1541.75,11343.900390625,2141.300048828125,146.14999389648438,1437.5,-593.67,-0.01257452534768888,-0.05155281605216355,-0.017013827816148575,-0.09108579721195231,0.0,-0.05107121703389861,-0.02004326679223889,-0.02514555887494163,0.00054439317764432,-0.03072408005688998,0.0,0.0,-0.026427113053252516,-0.1302814675541687,-0.007163609336367394,-0.027426689365324775,-0.018854912261174417,-0.26256153017327455,-0.029870562112946808,-0.12876307662304398,0.010672443480386283,0.010454226855891924,0.008843991072059439,0.29363410538827617,0.9344760463622751,47.91675298648566,0.8969001903668203,0.02610875301122318,0.8263630659513014,0.6812051007344633,,0.7838125810567456,0.7823606402655089,0.6822924151493438,0.775777262476714,Medium
2016-02-04,7404.0,7377.5498046875,,8063.10009765625,19275.400390625,,1584.0999755859375,11215.5,2124.300048828125,145.60000610351562,,,0.005732320415128722,-0.054943255057010476,0.004664115712412764,-0.09532307041964261,0.0,-0.05107121703389861,-0.0008116590889026831,-0.03363594335205988,0.0036814516629333216,-0.042684660448113365,0.0,0.0,0.027468769635762946,-0.12013999438736933,-0.011318892638647826,-0.029545008807859374,-0.007939102233385564,-0.2778297110142939,-0.0037631735609807704,-0.14226800528120398,0.010950104084280383,0.010342876860830408,0.008790348767028338,0.2712008706836019,,,0.8950422680074472,0.024050987441604808,0.8189818008336511,0.6700137324382129,,0.7763804153815423,0.7911324300368543,0.6653955438353896,0.7635865432596126,
2016-02-05,7489.10009765625,7495.9501953125,,8057.5,19465.400390625,,1643.25,11652.400390625,2201.39990234375,147.35000610351562,434.93,-109.56,0.011493800331746407,-0.03814489876509575,0.01604874162283143,-0.07453404953423493,0.0,-0.05107121703389861,-0.000694534061145724,-0.032190258843312725,0.009857123387818634,-0.022043141324266435,0.0,0.0,0.037339830393080975,-0.07765490428929567,0.038955052438589544,0.0048724116365883585,0.036294238922678135,-0.24282865230574935,0.012019230265387648,-0.13067843006775437,0.011875179831595984,0.010587168327279467,0.008885310385869994,0.32041728780309264,0.3738500017940096,51.60190744287305,0.9007533861510494,0.034682769047952866,0.7998283674558384,0.6865896808897792,,0.7878435015191875,0.7929002678456418,0.6867426980697379,0.7752009820784593,Medium
2016-02-08,7387.25,7423.2001953125,15046.625,7947.35009765625,19184.599609375,,1629.5,11498.7998046875,2247.64990234375,147.64999389648438,536.27,-383.23,-0.013599777854234385,-0.06085726243191425,-0.009705240577171037,-0.08479839781623721,-0.033053513733435014,-0.08243664759372038,-0.013670481209277052,-0.06042479246842303,-0.014425636031881517,-0.03996599104875331,0.0,0.0,-0.008367564278107364,-0.10503913222573114,-0.013181883628121782,-0.026008276815899123,0.021009358613470974,-0.23207148268243905,0.002035885853699959,-0.13931803398489384,0.013119078676853642,0.010589753538363049,0.008735742230376252,0.32093811986031084,0.4305182078609655,51.268148191157934,0.9061265009554978,0.13527251364735948,0.795603712763666,0.7003900943041518,,0.7698096085323916,0.7890880254153928,0.5940978820634273,0.7370812027518748,Medium
2016-02-09,7298.2001953125,7295.75,,7961.10009765625,19007.25,,1599.25,11557.0,2165.35009765625,145.1999969482422,231.19,134.88,-0.012054527014450533,-0.07159980198056703,-0.01716917124139805,-0.10334170139422938,0.0,-0.08243664759372038,0.0017301364393214058,-0.058404034365240776,-0.00924437376781817,-0.052376169885586465,0.0,0.0,-0.018563976679963123,-0.1288776200301569,0.005061414782504103,-0.02024034080071213,-0.03661593587225542,-0.25575275945747566,-0.01659327497134777,-0.1503803268934515,0.010431984127824508,0.010741718785432557,0.008802565917195485,0.3515539456857249,0.2599208493953358,52.65912225185669,0.9099143034749604,0.12351359070013174,0.775752629958246,0.7090659220203175,,0.7751827371584985,0.7641327184604004,0.6082314534577898,0.7405088391334442,Medium
2016-02-10,7215.7001953125,7202.5,,7949.4501953125,18791.650390625,,1589.5999755859375,11352.75,2048.800048828125,139.9499969482422,,,-0.011304156886925099,-0.08951877450563306,-0.012781413836822852,-0.12467798623337001,0.0,-0.08243664759372038,-0.0014633533306759317,-0.070533280276868,-0.01134301960436146,-0.06753915020902856,0.0,0.0,-0.0060340937402297845,-0.12464549226142962,-0.01767327161027954,-0.054646515113664806,-0.053825036863220155,-0.29871639608826805,-0.0361570255533229,-0.1853900205922595,0.010493776363398995,0.010668585459702095,0.008863359954865774,0.33682006931744607,,,0.907507146337306,0.10748731390160929,0.7590453024951233,0.7104545858881873,,0.7942486931921822,0.7603996722833322,0.6102595840563239,0.7426958478238243,
2016-02-11,6976.35009765625,6949.4501953125,,7634.5,18227.25,,1519.8499755859375,11100.099609375,1983.9000244140625,131.5,-667.37,407.27,-0.03317073758299127,-0.12014202059427936,-0.035133607037487025,-0.15955757069207,0.0,-0.08243664759372038,-0.039619116740704285,-0.1089935516606827,-0.030034636601507625,-0.09108252351632995,0.0,0.0,-0.04387896393511814,-0.16120752970964924,-0.022254554237959967,-0.07671129437800006,-0.031677090427240095,-0.31800132084952326,-0.06037868619152065,-0.2246462543183001,0.014542805796205937,0.011972258224981921,0.009454771932442107,0.5994657668359528,-0.2425439546654886,58.64885293002436,0.9178902554578654,0.06978095717411459,0.8021514482101803,0.7770445910690855,,0.8139617009112697,0.766138723545955,0.6030914871475026,0.7984338195312326,Medium
2016-02-12,6980.9501953125,7074.5,,7513.25,18328.349609375,,1495.5999755859375,11081.0498046875,1968.0,129.1999969482422,-190.52,-418.58,0.0006593845767279838,-0.11591575807345256,0.017994201148725075,-0.14146503333445914,0.0,-0.08243664759372038,-0.01588185211867177,-0.11787842319997655,0.005546618901644429,-0.0867128469236984,0.0,0.0,-0.015955522182806936,-0.17722460427124875,-0.0017161832197803983,-0.0755970047602661,-0.008014529068196663,-0.3162986908287957,-0.017490517503861658,-0.2379829276157438,0.014909920134335777,0.012004945059352748,0.009424940442443712,0.6060510516111202,0.024105286138023804,57.1279809025053,0.9018999112445825,0.07327718809435899,0.7833043842344898,0.7790166350591604,,0.8053811250301506,0.7647369019934508,0.6035904237338049,0.7904748497387127,Medium
2016-02-15,7162.9501953125,7391.14990234375,,7780.75,18510.0,,1642.800048828125,11191.7001953125,2156.35009765625,137.85000610351562,-1311.59,1987.45,0.02607094949942601,-0.09858612982264792,0.0447593331463354,-0.10461856478466947,0.0,-0.08243664759372038,0.03560376667886733,-0.0935857743889218,0.009910897298253563,-0.08332984318919412,0.0,0.0,0.09842208855647927,-0.1007471490365709,0.009985551240658808,-0.06451287705834408,0.09570635043508635,-0.24716333453316786,0.06695053683893382,-0.20133255371473702,0.019257747323285463,0.013084391162391074,0.009734671996252955,0.8235227072418801,-0.6027846465191926,63.49898036601772,0.9214385058824394,0.08117895870873214,0.816379137086772,0.7757359938848133,,0.8321714579646551,0.7552154689051976,0.6920004900902124,0.8270230432131515,High
2016-02-16,7048.25,7248.7001953125,,7673.2001953125,18123.30078125,,1611.300048828125,10936.349609375,2023.4000244140625,133.25,-964.19,590.73,-0.016012982386442,-0.0953691711671083,-0.019273010142316083,-0.10980797774984363,0.0,-0.08243664759372038,-0.01382254984256015,-0.09392336994914352,-0.020891367841707198,-0.0977956731746199,0.0,0.0,-0.01917457941547429,-0.10726354533059923,-0.022816067396484563,-0.06795389115669015,-0.06165514282058915,-0.27906931936028745,-0.033369647441737094,-0.22708813968979336,0.01821464454100045,0.01295045113132422,0.009859298675620697,0.7965383490332056,-0.40852241257740757,62.00959466386291,0.9295762172779095,0.08451816046465432,0.8198775701479784,0.7956717903250008,,0.8432624408538633,0.7534931099733438,0.7093965780447287,0.8661002420431975,High
2016-02-17,7108.4501953125,7320.89990234375,,7796.10009765625,18300.5,,1627.550048828125,11148.099609375,2064.800048828125,134.3000030517578,-560.0,384.53,0.008541154940942874,-0.08686321356952276,0.009960366008507249,-0.09889408822304235,0.0,-0.08243664759372038,0.016016772561053383,-0.08870834627045587,0.009777425254307248,-0.08714072297617348,0.0,0.0,0.010085024208755122,-0.12624142830723262,0.019362036471336053,-0.050538720829962136,0.020460622672005435,-0.25395186469228836,0.007879947855593317,-0.23497578628829852,0.01908072183359097,0.013122941124437364,0.00962282665610056,0.8312892127182653,-0.1825038393565379,61.07049358875841,0.930792697520161,0.09003006483729425,0.8287631685198352,0.8018530379358537,,0.8569479185173344,0.7607259317413875,0.7186939127031792,0.8770384217517895,High
2016-02-18,7191.75,7373.39990234375,,7803.2001953125,18579.349609375,,1644.949951171875,11371.349609375,2072.800048828125,134.75,418.64,712.12,0.011718419964794835,-0.07095336519829476,0.007171249532204715,-0.08124205745929114,0.0,-0.08243664759372038,0.0009107242810266758,-0.09919248949505821,0.015237267253626952,-0.05638042979474844,0.0,0.0,0.010690855470944394,-0.10065339533721518,0.020025834700315936,-0.02590846171535799,0.003874467169128648,-0.24842724287024287,0.0033506845719784017,-0.2235667091298551,0.019785817365701484,0.013380274723300245,0.009704935782001697,0.8831331756883606,0.3647408141402627,58.409153223418755,0.9283235922070131,0.10027746842512979,0.8373412679607808,0.824543812754689,,0.8547175020053123,0.7709821912737472,0.7189436526640247,0.8729294593479707,Medium
2016-02-19,7210.75,7441.5,14344.033203125,7798.75,18574.150390625,,1652.9000244140625,11341.650390625,2126.25,134.85000610351562,-191.73,16.53,0.0026419160844022294,-0.047243081526190056,0.00923591539292512,-0.03671772145906094,-0.04669431163965343,-0.1252816367201044,-0.0005703038754757417,-0.0775568109297099,-0.0002798385766623612,-0.035687697134653584,0.0,0.0,0.004833018315556492,-0.051447603742774906,-0.0026117584781242265,-0.009605602358421006,0.025786351752593584,-0.19629190120903384,0.0007421603229360585,-0.1824794871270674,0.019382407667217882,0.012863161683862548,0.009703181709604998,0.778952495876524,0.02342866753390879,59.20685794531484,0.9225099742595322,0.057559021112014254,0.8284478105441017,0.8072687758570939,,0.8424133653952779,0.7558211055500066,0.7060798265649352,0.8618936512610869,Medium
2016-02-22,7234.5498046875,7464.7998046875,,7862.14990234375,18657.30078125,,1663.6500244140625,11487.7001953125,2124.35009765625,135.14999389648438,-656.93,597.87,0.0033006004489823937,-0.04825462427810645,0.0031310629157428327,-0.03608486235755559,0.0,-0.1252816367201044,0.008129495411925092,-0.0843272083690797,0.004476672627081069,-0.03625911224608391,0.0,0.0,0.006503720637193844,-0.04977725724442106,0.01287729736478438,9.581477329478894e-05,-0.0008935460758376923,-0.1970859254473274,0.002224603480836862,-0.20194869190690434,0.012714626907798138,0.012847763882730406,0.00970330399681792,0.7758503629438516,-0.23670602224651263,60.7304404888053,0.923266312655596,0.056678817720302775,0.8309448471221189,0.8067394494834245,,0.843176663274937,0.7563958629191964,0.7060955529431562,0.8713208428593254,High
2016-02-23,7109.5498046875,7351.60009765625,,7726.10009765625,18329.599609375,,1644.75,11351.2998046875,2045.550048828125,131.4499969482422,-289.66,257.93,-0.017278200216274464,-0.06006204341748134,-0.015164466562139656,-0.05160834270476311,0.0,-0.1252816367201044,-0.01730440227894192,-0.10749018710661284,-0.01756423266779994,-0.051736620220251384,0.0,0.0,-0.011360577126621973,-0.058070625660065045,-0.011873602923643256,0.004450916262941362,-0.03709372052895776,-0.21062381702949928,-0.027376967187110135,-0.22562593844923606,0.015336881480450594,0.013153350080205498,0.009804089270427451,0.8374155824724241,-0.03133270428508665,60.23698321537961,0.9251862085274257,0.044628687572827404,0.8464881257066816,0.8177236100312779,,0.8356769600121473,0.766230203152226,0.7149293065907524,0.8798771755548762,High
2016-02-24,7018.7001953125,7261.14990234375,,7728.2001953125,18099.25,,1609.800048828125,11130.2001953125,2031.199951171875,131.0500030517578,-730.99,605.88,-0.012778531956425754,-0.06545672238918765,-0.012303470552123219,-0.05956442633805337,0.0,-0.1252816367201044,0.00027181859278369025,-0.10308251184321682,-0.012567083530683587,-0.06418125291723331,0.0,0.0,-0.021249400317297495,-0.06686373588008121,-0.01947791118015374,-0.018639294397922224,-0.00701527575161065,-0.19417609352126797,-0.003042935760902865,-0.21409293522184225,0.012179218252795136,0.01327018901932148,0.009866501753586722,0.8609546526123549,-0.2781195543297844,62.00017315732696,0.9265398992207903,0.0393245406773416,0.8315575095384807,0.8275357835171493,,0.837792837505773,0.7774584796065633,0.7052613132049381,0.8632253698730832,High
2016-02-25,6970.60009765625,7175.75,13555.54296875,7652.10009765625,18094.75,,1612.4000244140625,11177.099609375,1983.800048828125,128.25,-1465.68,806.97,-0.006853134671341854,-0.07825555542283458,-0.011761209104935944,-0.07950099416329937,-0.054969911405616356,-0.17336482765446593,-0.009847066035169272,-0.12393744964660103,-0.000248629086840646,-0.06798710625788329,0.0,0.0,0.0016150922518793909,-0.05856246255462583,0.004213708041141295,-0.012745842057621415,-0.023335911521858432,-0.21047494639914788,-0.021365913670768566,-0.22319809049801687,0.010958705984816509,0.013182441107085888,0.009881994641546543,0.8432764344055315,-0.6889500685919896,64.25301762441832,0.9252502858287848,0.060521709802377435,0.8293751992410844,0.8219314006258578,,0.84696221709031,0.7805379696600206,0.7101416993193276,0.8729376485524382,High
2016-02-26,7029.75,7164.85009765625,,7713.10009765625,18306.599609375,,1629.550048828125,11164.25,2020.6500244140625,130.10000610351562,-695.37,784.14,0.008485625558068977,-0.06727653882648454,-0.0015189913728530513,-0.06764131239459137,0.0,-0.13159035498008065,0.007971667806421445,-0.1105435008205683,0.011707794215172873,-0.058212883351069555,0.0,0.0,0.010636333511775176,-0.03241990012435714,-0.0011496371889020418,-0.018044081796447564,0.018575448472090583,-0.17719277455903226,0.014424998857821558,-0.1991381437516032,0.010950217725670399,0.013336207756858407,0.009938641656268558,0.8742551815728994,-0.2582012446780677,62.0402696469432,0.9211890813423994,0.07199497012239599,0.8325211709515485,0.8279413232503192,,0.8493047111538505,0.7719058344937906,0.7177237836458379,0.8769870401153332,High
2016-02-29,6987.0498046875,7092.2998046875,,7664.85009765625,18331.599609375,,1633.6500244140625,11167.7001953125,2037.0999755859373,130.3000030517578,-2018.02,1445.25,-0.006074212498666354,-0.060602599133674606,-0.010125863343949493,-0.05990037100364631,0.0,-0.13159035498008065,-0.006255591057953702,-0.10952009903188409,0.0013656277262543703,-0.04000165697201663,0.0,0.0,0.0025160169759044226,0.005570632133526265,0.00030903959625594446,-0.008175119757321436,0.008140920482578196,-0.11924421220232406,0.0015372554870063393,-0.15989685413168842,0.009301222757268102,0.013198749298167747,0.00988802205755799,0.8465619799320121,-0.9978124816472732,66.14561864906779,0.9191934112005505,0.0788059890102694,0.8369747151114093,0.8202620076758778,,0.8440228855624892,0.7676355527796362,0.7048168890881774,0.8737370466185577,High
2016-03-01,7222.2998046875,7396.0498046875,,7822.7998046875,19317.0,,1678.300048828125,11294.400390625,2090.5,136.64999389648438,,,0.03366943224623564,-0.01750784863453947,0.042828138737062815,-0.004763591182691318,0.0,-0.13159035498008065,0.020607018404645405,-0.05626036010457003,0.05375419557609451,0.01632043300290742,0.0,0.0,0.027331450278083258,0.044368418685827526,0.011345236091284017,0.017884921238771945,0.026213747510699825,-0.08087667573300417,0.04873362007677162,-0.08534136894834254,0.017133526560704722,0.014576835790304136,0.010528905430224651,1.1241995110729683,,,0.932618644472808,0.10659443181242383,0.8507094992291897,0.847142186090723,,0.8213963730445248,0.7322733730518399,0.6943410845556026,0.8940916574622003,
2016-03-02,7368.85009765625,7435.14990234375,,7955.35009765625,19260.400390625,,1713.699951171875,11278.4501953125,2297.5,144.39999389648438,-357.13,-144.78,0.020291361052837242,-0.008910438209282945,0.005286619031617201,-0.012071498492725263,0.0,-0.13159035498008065,0.016944098823713283,-0.054824840525998786,-0.0029300413819434157,0.011511941519899205,0.0,0.0,0.021092713647043126,0.059998764724208176,-0.001412221522245627,0.004743790673972681,0.09901937335565658,-0.0006307014953221834,0.05671423597626224,-0.051559974407327624,0.01874812269609775,0.014912253874639627,0.010757659252403845,1.1917748406087563,-0.06906118132611208,64.71566517526175,0.9126200175882773,0.11092104948897724,0.8539589786704073,0.8143721453919268,,0.8251333480689695,0.6972756088058086,0.7103579235589866,0.8924790166182947,High
2016-03-03,7475.60009765625,7580.2998046875,,8040.2998046875,19208.69921875,,1796.199951171875,11502.2998046875,2312.89990234375,146.14999389648438,911.98,-464.75,0.014486656477644022,0.022751877390786435,0.019522121846930807,0.024150347524081406,0.0,-0.13159035498008065,0.01067831157503396,-0.016970117899464676,-0.002684324875206978,0.024007954790965513,0.0,0.0,0.04814144969986378,0.14670577322275835,0.01984755046114728,0.03311127987033968,0.006702895470620307,0.0546739180774054,0.012119114085659355,-0.006120429354609769,0.01683004294670452,0.01479933480513176,0.010884338492785499,1.1690254907995896,0.6406110803833261,60.184639407295116,0.9136004401645601,0.13581006311081162,0.8501890084064901,0.7859858930355991,,0.8204370549134826,0.7063883302086941,0.6885183951667272,0.8852486976727387,High
2016-03-04,7485.35009765625,7591.75,,8057.75,19144.94921875,830.0,1828.0,11537.650390625,2388.75,147.64999389648438,,,0.0013042431206367056,0.028659616667536802,0.0015105201123337686,0.04577478951533687,0.0,-0.13159035498008065,0.00217034137238592,0.0014167793105435145,-0.003318808799805284,0.036635629262267155,-0.9272851529598114,-0.9272851529598114,0.017704069531556454,0.1771145609815492,0.003073349376886636,0.06077733896540716,0.03279437107476557,0.07263134261338133,0.01026342841356831,0.0,0.014739176008220124,0.014765493382373106,0.010887154975291533,1.162207595755539,,,0.9205194709874615,0.14053372245829482,0.8540288339966088,0.7890592508662545,-0.0032836645981921607,0.8173033851580868,0.7168387988680455,0.6886708312668627,0.8875592121008622,
2016-03-08,7485.2998046875,7596.64990234375,,8177.60009765625,19214.0,,1871.300048828125,11570.349609375,2327.39990234375,149.0500030517578,578.17,-800.75,-6.71885323921817e-06,0.008467501663357968,0.0006454246180063183,0.006979043258715567,0.0,-0.13159035498008065,0.014873891304179265,-0.00790989816277865,0.003606736192456106,0.035490964055159946,0.0,-0.9272851529598114,0.023687116426764243,0.1536635692468764,0.002834131529637185,0.038509851831380226,-0.025682929421768752,-0.005002007107016704,0.00948194522957424,-0.008316699764600477,0.013675063573073604,0.014324478766377019,0.010866859479026611,1.0733581585969076,0.45394822398693213,60.1566085592413,0.9225627939247044,0.12902443464519858,0.8290040579461587,0.8027267012510102,-0.01218469674041829,0.7984448803854465,0.697647120188991,0.6638050372701059,0.8883382352847515,High
2016-03-09,7531.7998046875,7689.7998046875,,8225.349609375,19248.55078125,,1854.75,11601.0,2334.699951171875,151.39999389648438,,,0.006212176026787919,0.012862826005377137,0.012261971203255229,0.02704579825603126,0.0,-0.1288754359819393,0.005839061723308614,-0.0006804300602729629,0.0017982086629539928,0.03665464368099003,0.0,-0.9272851529598114,-0.00884414492400043,0.12538682572372073,0.002649046196509408,0.0321725000273696,0.0031365683313699932,0.0073348579877237086,0.015766459554586776,0.0016539861733055883,0.013752337932666886,0.014362018239608329,0.010888679896647298,1.080921084964552,,,0.9274311534157013,0.13262067543319264,0.8304368238781475,0.8012517954143875,-0.010238787394037848,0.7873536942187126,0.6981554177612656,0.6646976803438992,0.8888296942694354,
2016-03-10,7486.14990234375,7688.2998046875,,8096.85009765625,19066.05078125,,1868.9000244140625,11623.0,2295.89990234375,150.0,34.22,198.02,-0.006060955352974129,0.006507331161137442,-0.00019506359568499665,0.02629717207109139,0.0,-0.1288754359819393,-0.015622376898398405,-0.02026181418736439,-0.009481233266546596,0.02589481618148559,0.0,-0.9272851529598114,0.007629073683279364,0.13239214539976363,0.0018963882423927991,0.024161162416420856,-0.0166188587996714,-0.021918415733499397,-0.009246987800023199,-0.01574799207744415,0.013749758721398499,0.01441231951307163,0.010899097537080894,1.091055079788017,0.14977740604613196,62.193996521179415,0.9251960446042233,0.12734364187573632,0.830227352144317,0.8024900482994357,-0.01294462451221723,0.7827643131116548,0.6988999169335703,0.668631518449725,0.8908621100321491,High
2016-03-11,7510.2001953125,7723.5498046875,,8110.14990234375,19354.400390625,,1856.5999755859373,11695.599609375,2294.39990234375,149.25,-706.77,534.98,0.0032126384433233124,0.011522468277156639,0.004584888843500723,0.03560603441773935,0.0,-0.1288754359819393,0.0016425899611689498,-0.03235177223848995,0.015123719782524025,0.024069440494457472,0.0,-0.9272851529598114,-0.006581437566186343,0.1316246292374259,0.00624620230362205,0.02228005364277763,-0.0006533385878315645,-0.0211186492863894,-0.0050000000000000044,-0.01289680547354577,0.009006863339456559,0.014416202258945833,0.010885809625666449,1.0918373209497385,-0.26457599846890345,64.68950384221029,0.9256347412713557,0.13112362096207844,0.8486240736589882,0.8176646764208766,-0.010768983270496623,0.7777336526215313,0.704663312067201,0.6681679344522711,0.8886786711950608,High
2016-03-14,7538.75,7777.14990234375,,8159.5498046875,19535.150390625,,1843.8499755859373,11719.2001953125,2311.39990234375,148.89999389648438,1035.63,-805.34,0.0038014705260878134,-0.003278857854830286,0.006939826765112622,0.022629713424121567,0.0,-0.1288754359819393,0.0060911207485170316,-0.041952109180629304,0.009338961494645526,0.02103733626979487,0.0,-0.9272851529598114,-0.006867392097199665,0.1117911482846119,0.0020179030341105353,-0.0031175470323534515,0.007409344806297513,0.008200211064598228,-0.0023450995210426706,-0.03028335436571783,0.006277245176068877,0.014017740897394736,0.010875282059416631,1.011560916451637,0.7097547914567335,57.88020224867924,0.9229055938167003,0.12309487656522464,0.8412674905177893,0.8146304817061772,-0.01776990513518221,0.7843060036210341,0.6829889833068998,0.7209382101556715,0.8915819768477383,Medium
2016-03-15,7460.60009765625,7711.10009765625,,8171.2001953125,19136.44921875,,1849.75,11325.599609375,2349.300048828125,148.89999389648438,-54.01,-302.31,-0.010366427105786724,-0.01261920674323691,-0.008492803342725175,0.018652848404082878,0.0,-0.1288754359819393,0.001427822723541361,-0.03536284327686445,-0.020409424237979645,-0.007617991355276854,0.0,-0.9272851529598114,0.0031998397332666517,0.11179564237415485,-0.033585959739380056,-0.03552408001745755,0.016397052905446685,0.0607038604166259,0.0,-0.0321742737124151,0.005898372445894007,0.01414417493613248,0.010910367295478965,1.037033072638952,0.10044016683863717,61.8417558706356,0.9244093897372095,0.11467745413573907,0.8295908366318158,0.8194981351606743,-0.02177799467050643,0.7778735926939513,0.675655141162255,0.7123927139449345,0.8832865374872491,High
2016-03-16,7498.75,7671.7001953125,,8168.14990234375,19336.80078125,,1832.300048828125,11381.75,2348.949951171875,148.0,625.58,-680.16,0.005113516586384925,0.005794367477142792,-0.005109504719790325,0.026946387823976403,0.0,-0.1288754359819393,-0.0003732980340512837,-0.008081689847874829,0.01046963102766707,0.007426744011878483,0.0,-0.9272851529598114,-0.009433680860589266,0.15704728282164027,0.004957829391966095,-0.0038509507034548696,-0.00014902211253287057,0.07629040927632591,-0.0060442843074262065,-0.017590401618637008,0.006234188390218381,0.013960531248077085,0.010927557241430087,1.0000351189892667,0.48045937111180276,59.11766520120039,0.914048611290804,0.1307574981149425,0.8289122119299525,0.8235461553356035,-0.013766281851998277,0.7646954274685748,0.6656195945659117,0.7075177108566597,0.8754008682150963,Medium
2016-03-17,7512.5498046875,7662.60009765625,,8229.099609375,19445.19921875,,1831.550048828125,11227.400390625,2356.5,146.60000610351562,744.49,-168.38,0.0018402806717785491,0.020477329457398774,-0.0011861904694621117,0.04348185440623431,0.0,-0.1288754359819393,0.007461874201618368,0.019759185213839237,0.005605810326448024,0.012522976655900742,0.0,-0.9272851529598114,-0.00040932160673123885,0.187968249604751,-0.013561149153249685,-0.010269836298657853,0.003214222944323941,0.10049967135135884,-0.009459418219489035,0.0030791120480646583,0.006259448967037445,0.01374907274151173,0.010928976893042099,0.9574334259630582,0.5469525266616521,58.20748595158678,0.9102858009640811,0.14435892110277448,0.8220006017168902,0.8359054681738429,-0.00737750606344587,0.7545477925122407,0.6510800031335117,0.7025458072545473,0.8678628993043179,Medium
2016-03-18,7604.35009765625,7767.10009765625,,8276.75,19555.30078125,,1877.9000244140625,11092.25,2408.800048828125,149.35000610351562,1712.62,-403.37,0.012219591930221929,0.027059710650493063,0.013637668502622713,0.05280212310071297,0.0,-0.1288754359819393,0.0057904744002266195,0.02649724048518909,0.005662146284098446,0.01452111940362788,0.0,-0.9272851529598114,0.025306420436391308,0.18546812281810188,-0.012037549737502151,-0.010989255940439535,0.022193952398949612,0.13392646681759723,0.01875852582201265,0.02575549342583061,0.0074634082386612665,0.013880245517401843,0.011011825310005979,0.9838602764248017,1.0883201045144453,55.276402690010954,0.91217018253921,0.14816155527761762,0.8240238447721543,0.8339226942077503,-0.00436535516618401,0.7601333394923806,0.6310730830564037,0.7127181848425311,0.8746213045061695,Medium
2016-03-21,7704.25,7867.60009765625,,8349.9501953125,19928.44921875,,1885.050048828125,11235.7001953125,2473.550048828125,152.3000030517578,1396.33,-618.77,0.013137204502793765,0.028728405220686204,0.012939192071224292,0.04958009227117821,0.0,-0.1288754359819393,0.00884407470474513,0.03629540121780939,0.01908170279118293,0.023788302261073202,0.0,-0.9272851529598114,0.003807457437087658,0.1471474509831887,0.0129324704467082,-0.03576088885923956,0.026880603905459433,0.12362594646916558,0.019752238551617562,0.033593462797447904,0.007787563801471412,0.013926322858147502,0.011053441745847934,0.9931432925483639,0.9114542381544936,56.44899408165341,0.9114199330862743,0.14897592044986163,0.8370488134375001,0.8362895597213075,-0.0036079793272183677,0.7434250487066887,0.6603663865915981,0.7110075194633301,0.8773036477062245,Medium
2016-03-22,7714.89990234375,7947.14990234375,,8406.25,19609.0,,1908.9000244140625,11217.5,2472.60009765625,156.64999389648438,1095.44,-930.37,0.001382341219943628,0.0443534335975837,0.010111063564503864,0.07058272621585848,0.0,-0.09909744087129169,0.006742531796070539,0.05774250494879851,-0.016029808202508877,0.022121931094022163,0.0,-0.9272851529598114,0.01265217101305316,0.1714636541356629,-0.0016198541253434895,-0.02446340570020422,-0.00038404364299204907,0.10008239943326225,0.028561987902575803,0.06095496357629249,0.007854209613666199,0.013649172300217704,0.01105484857193738,0.9373068867080604,0.7431998813014605,56.78848335268796,0.9077880223956859,0.07996967144755554,0.8284123440895078,0.8133137851426395,0.003229240975513063,0.7408703720035467,0.6489405200915974,0.7462960885454988,0.8798665393572939,Medium
2016-03-23,7716.5,7990.75,,8309.2998046875,19629.650390625,,1948.5999755859373,11198.2998046875,2454.64990234375,156.4499969482422,976.91,-1022.58,0.00020740355370829633,0.057315474157062285,0.005486255851722577,0.09526093958811632,0.0,-0.09909744087129169,-0.011533108736059505,0.043737637105424776,0.0010531077885154172,0.03274542033303085,0.0,-0.9272851529598114,0.020797291981836885,0.21844613136528834,-0.001711628733006454,-0.031037483370468077,-0.0072596435345589905,0.13360417098400612,-0.0012767121355545807,0.07747934047140626,0.00797637382484696,0.013409606173698506,0.011043890764530112,0.8890424647785773,0.676919217544639,56.6069942720751,0.9030687949627144,0.08965460374299414,0.8338742895347497,0.8106486198445242,0.009043772806133303,0.7247557055121884,0.678738753021809,0.7355866036578915,0.878157308233857,Medium
2016-03-28,7615.10009765625,7876.7001953125,,8286.0,19462.80078125,,1853.199951171875,10960.0498046875,2359.699951171875,149.25,2042.94,-2494.44,-0.013140659929210097,0.055351510114459934,-0.014272728428182613,0.093606413788615,0.0,-0.09909744087129169,-0.002804063547491187,0.0423362366476554,-0.008499876770840853,0.03571535105611745,0.0,-0.9272851529598114,-0.04895823956139367,0.16582786841624908,-0.021275551124311787,-0.03459075513091536,-0.038681667426876176,0.1517473130291942,-0.046021074392376904,0.0664523276495479,0.008798709743800776,0.013476209026520669,0.010991175364917918,0.9024606730913394,1.2730313915485572,53.19133972780473,0.9038078236447871,0.08798105756036792,0.8337033700344954,0.8070473217895537,0.008141119642246841,0.7329412491054029,0.6829114307095652,0.740116158139918,0.876560577351904,Medium
2016-03-29,7597.0,7955.0,,8323.0498046875,19375.44921875,,1860.4000244140625,10665.25,2371.949951171875,149.85000610351562,513.45,-556.69,-0.0023768693023248355,0.08896484460438159,0.009940686168822044,0.1446948717419052,0.0,-0.09909744087129169,0.004471373966630443,0.09018924679906992,-0.0044881290972341725,0.06299355189345612,0.0,-0.9272851529598114,0.00388521121945562,0.2240682003477581,-0.026897670169474752,-0.03917528893233824,0.005191337989356004,0.1955995372662096,0.004020141397089505,0.13954377265030904,0.008948166383995678,0.01177999519227904,0.010990368484631705,0.5607313085607329,0.4177575165007136,54.22223060372451,0.8679509047087903,0.12425211278161274,0.7695068499610701,0.7714460855333444,0.02577074086226839,0.6872473824642011,0.6321687537129608,0.746364048772417,0.8414179355536769,Medium
2016-03-30,7735.2001953125,8084.0,,8459.900390625,19690.94921875,,1927.0,10910.2001953125,2470.5,155.6999969482422,1442.47,-396.9,0.01819141704784788,0.10804403109858263,0.016216216216216273,0.14269559686196898,0.0,-0.09909744087129169,0.016442360570812165,0.12599745657671457,0.016283493427067697,0.07434382464409262,0.0,-0.9272851529598114,0.03579873936354816,0.28844612961768146,0.022967131132650476,-0.015418178998051868,0.04154811478186371,0.25533536585365857,0.039038976352696375,0.2051083639778719,0.010861046701890064,0.012095076357613902,0.011143183901667086,0.6242094409941861,0.937255215339508,51.866981999893184,0.888857650387509,0.1341030146225513,0.8056087636486294,0.7824817077417289,0.0342250792369118,0.7060025897603595,0.6561662601339546,0.7569314263461628,0.857044050712219,Medium
2016-03-31,7738.39990234375,8087.60009765625,,8424.599609375,19764.150390625,,1912.6500244140625,10989.150390625,2448.949951171875,156.5500030517578,4056.62,-2890.57,0.00041365536126503066,0.08033696889416175,0.0004453361771710185,0.09422758359854866,0.0,-0.09909744087129169,-0.004172718308730783,0.0827490421071233,0.0037175034611991453,0.06775528852647228,0.0,-0.9272851529598114,-0.007446795841171472,0.1642622154646467,0.007236365410271839,-0.01809821574494419,-0.008722950345324887,0.13569218367353875,0.0054592557493637894,0.13565466899000223,0.010316884623640058,0.011326447642156382,0.011135126552164322,0.469356911678087,2.399058954138925,41.237929215303495,0.8824121699348849,0.12275042094536008,0.776144599767045,0.8024122422290368,0.022286361419322918,0.6758319048853249,0.6484383153416494,0.7164627951584314,0.8357004183793884,Medium
2016-04-01,7713.0498046875,8030.0498046875,,8347.75,19992.099609375,,1901.0,10928.2998046875,2500.5,161.35000610351562,-667.15,-222.79,-0.0032758836421172832,0.09432125771468103,-0.007115867782017005,0.10779168517416049,0.0,-0.09909744087129169,-0.009122048873335231,0.08790984042089467,0.011533469147154696,0.10311580934850584,0.0,-0.9272851529598114,-0.006091038227252987,0.17979267820575662,-0.005537333076214179,-0.0007360595605502285,0.02104985804363091,0.23579122755229598,0.03066114952531085,0.21088184693069878,0.009325859666682033,0.010830991891425244,0.01104859476093491,0.36953943853143933,-0.24242093310110402,55.8889988609839,0.8700319977069316,0.13898354213960296,0.752226197176542,0.7603541528784113,0.03070944677055708,0.6552975512361764,0.6162663895152927,0.6607283405705645,0.7690163951581158,Medium
2016-04-04,7758.7998046875,8124.5498046875,16190.4111328125,8371.75,19890.599609375,,1912.300048828125,10978.0,2483.300048828125,160.1999969482422,236.82,-333.74,0.005931505845093277,0.09148964844740104,0.011768295626863434,0.10977474259502795,0.1943757007843021,0.07601612539772207,0.0028750262046659536,0.07383818770064376,-0.0050770055163392724,0.08688831503920658,0.0,-0.9272851529598114,0.00594426555924521,0.17495621729422495,0.0045478433242820415,-0.015258170929146941,-0.006878604747800443,0.2026830637850474,-0.007127419347822239,0.19285177444488055,0.009577090200480046,0.010795919414287682,0.010961319743771727,0.36247352792348103,0.2630690830657222,52.77126783668744,0.8670262145556948,0.09407708025711817,0.7559604790018345,0.7474697242510896,0.029287389918104905,0.6539643394028456,0.616902012981722,0.6486874909449073,0.7589703427950293,Medium
2016-04-05,7603.2001953125,7883.10009765625,,8294.849609375,19635.400390625,,1861.6500244140625,10876.900390625,2355.800048828125,155.5,-66.45,-78.8,-0.02005459778469787,0.05721141520666051,-0.02971853368317645,0.06912688882512441,0.0,0.07601612539772207,-0.009185700794338114,0.06300612591713861,-0.01283014206518529,0.056840029573324014,0.0,-0.9272851529598114,-0.026486442044019842,0.1317365753820101,-0.009209292163873228,-0.043482017151451946,-0.051342970037055125,0.13653029396636507,-0.02933830860034703,0.15398886827458247,0.012438292341287537,0.011447752518113953,0.01116000825275976,0.4937957161133654,0.09348385656161988,55.36464545399066,0.8871882995539301,0.0964285035352124,0.7804099814648378,0.7486364956983322,0.010146282782079578,0.6911109569133858,0.6020453887418511,0.7057420057696814,0.7942083832647462,Medium
2016-04-06,7614.35009765625,7919.9501953125,,8340.2001953125,19657.55078125,,1912.5,10905.5498046875,2342.199951171875,157.5500030517578,,,0.0014664749128432408,0.05597199981364631,0.004674569293773967,0.06429485927736334,0.0,0.128720974327168,0.005467318646289021,0.06942781795960884,0.0011280844894598907,0.05832839553037261,0.0,-0.9272851529598114,0.027314465618714756,0.15705727615193377,0.0026339685970824256,-0.03845124571093994,-0.0057730271561099444,0.10156376304379777,0.013183299368217494,0.16833515699522383,0.011452709995391296,0.011447205269648122,0.011161353848555763,0.49368546417066,,,0.8894841295986132,0.10261206405797416,0.7801713901442608,0.7493873265877081,0.009500306134323943,0.6736475171822406,0.6010296948352186,0.7102673775462571,0.7930258852888955,
2016-04-07,7546.4501953125,7834.60009765625,,8350.9501953125,19384.05078125,,1899.25,10984.349609375,2320.800048828125,157.0500030517578,182.28,377.45,-0.00891736017820488,0.04311261917402365,-0.01077659525015262,0.04953921104977721,0.0,0.128720974327168,0.0012889378849731958,0.06217132705941353,-0.013913228715190296,0.03895257993216039,0.0,-0.9272851529598114,-0.006928104575163352,0.1416163087960256,0.007225660888149799,-0.04381648000727678,-0.009136667573169,0.09247531816371235,-0.00317359562243702,0.1620422504202801,0.011939420973225602,0.011611092821800425,0.011196677071360666,0.526703228747803,0.2325709188769342,54.92501323171203,0.8927198492030802,0.10569490876300863,0.7741472559469281,0.7573485490284096,0.0027414998415531532,0.6784678016539542,0.5740751013159671,0.7129832258414617,0.7928590140142517,Medium
2016-04-08,7555.2001953125,7821.2998046875,,8400.4501953125,19451.69921875,,1905.75,11012.5,2331.85009765625,159.10000610351562,559.49,-527.11,0.0011594855559287076,0.06268334885721893,-0.0016976352083023505,0.06389081299198995,0.0,0.128720974327168,0.005927469191204793,0.08728208140363303,0.003489901995378464,0.061217900733689934,0.0,-0.9272851529598114,0.0034224035803607222,0.1586867305061559,0.0025627726379879867,-0.029846784995282483,0.004761310149792752,0.13996237784166832,0.013053186959074425,0.21034621374818663,0.008697563196156884,0.01105920439112849,0.011172932590923548,0.4155164910275352,0.4435025747928258,52.32518244357347,0.8864695049634461,0.10379032894119901,0.744360514793269,0.7382449362692491,0.013374311012790326,0.6714949233336361,0.5581317822264223,0.6873223473811138,0.7717952764276577,Medium
2016-04-11,7671.39990234375,7992.5498046875,,8484.099609375,19651.25,,1944.0999755859373,11024.75,2400.75,161.64999389648438,-343.3,1089.86,0.015380096361092388,0.09299438483882838,0.021895337639066703,0.10072783404563368,0.0,0.128720974327168,0.009957729897521084,0.09781053737725198,0.01025878402734337,0.0857494095059188,0.0,-0.9272851529598114,0.020123298221664587,0.2076654967187821,0.0011123723041996936,-0.009474240666121236,0.02954731198759375,0.1819368145489162,0.016027578222150618,0.2334985893334256,0.01123830414377667,0.010948382420115558,0.011266338386547257,0.3931896351997082,-0.06132759843775605,55.08624121302304,0.8868347408532209,0.09376581098756342,0.7619985140083121,0.7269736463018365,0.0297017788620736,0.6568535018896715,0.517033065710671,0.7012602204869413,0.7747780078467661,Medium
2016-04-12,7708.9501953125,8116.5,,8554.0498046875,19606.599609375,,1922.5999755859373,11132.650390625,2398.75,161.89999389648438,,,0.004894842329530746,0.10592346244400219,0.015508216819594356,0.13110127861199183,0.0,0.1943757007843021,0.00824485785565332,0.11786956463200293,-0.0022721399720119217,0.08355183737686356,0.0,-0.9272851529598114,-0.011059102036931057,0.19238399061957323,0.009787105433229693,-0.003976811543552672,-0.000833072998021489,0.20916924133407266,0.0015465512492385258,0.2623781200505604,0.011408242526270132,0.010791823551907921,0.011279531798141357,0.361648351038359,,,0.8757970527997723,0.04399652027696882,0.7535454426167936,0.7272869954844811,0.036986123714220304,0.6451961990205296,0.5355523789026558,0.6883662170918126,0.7643794144248169,
2016-04-13,7850.4501953125,8399.349609375,,8678.0498046875,20045.19921875,,1967.5,11225.75,2447.550048828125,164.5500030517578,644.27,269.89,0.018355287868643932,0.11674671152067995,0.0348487167344298,0.1722994193727203,0.0,0.1943757007843021,0.014496057754076919,0.12510530069802495,0.022369998781700096,0.094971193256701,0.0,-0.9272851529598114,0.023353804735370742,0.20738850667084963,0.008362753352373353,0.005508654858140893,0.020343949485408963,0.2112686607062757,0.016368185640376343,0.264796274650684,0.01329829017469886,0.011097752202138884,0.011445754414166362,0.42328256314338814,0.4909106121951992,52.13392708454946,0.8906075688802663,0.03718470392824847,0.7653565737596804,0.74231806010737,0.04156551402592891,0.6563285613734354,0.5492415692981252,0.6852953194185658,0.7562141525127685,Medium
2016-04-18,7914.7001953125,8386.150390625,,8694.900390625,20253.94921875,,1986.75,11317.900390625,2388.85009765625,172.39999389648438,977.98,-313.22,0.008184244011682829,0.13276710722781093,-0.0015714572394114334,0.1824303288874447,0.0,0.1943757007843021,0.0019417480098349316,0.1343862280207826,0.010413964846242907,0.10486535001516661,0.0,-0.9272851529598114,0.009783989834815765,0.21614175025803517,0.008208840444959176,0.013449518941737404,-0.023983146412054013,0.17267199758771667,0.04770580795587964,0.3231004593914215,0.009245098600771154,0.010967209948579436,0.011474514476866196,0.39698274147425955,0.6775175496986912,50.69868759949897,0.874513313349581,0.029442329869660073,0.7513157850183289,0.7504872777260093,0.05024524872302388,0.659868691596047,0.5600827192061367,0.6663911116442514,0.7369175204682924,Medium
2016-04-20,7914.75,8341.400390625,,8610.349609375,20246.599609375,,2068.10009765625,11267.5,2414.39990234375,171.8000030517578,-80.1,-300.09,6.292681500319475e-06,0.09587668942558691,-0.005336179047066292,0.1278183098954191,0.0,0.1943757007843021,-0.009724180548539074,0.100673649377502,-0.0003628729042233214,0.048123394387068474,0.0,-0.9272851529598114,0.040946318186108055,0.23225885567977156,-0.0044531572893810045,-0.0023817457939006026,0.0106954407530917,0.15493896309196376,-0.0034802254406506306,0.2572265695225746,0.009374451174036078,0.009470369724442923,0.011438573309098837,0.09542037458864991,0.08585092768048756,50.62993892898088,0.8310709679966621,0.05647424156132533,0.69238146262314,0.6424773367345128,0.0358083651529862,0.6073009489373318,0.5621153043570248,0.6924841986492519,0.6987069591228328,Medium
2016-04-21,7912.0498046875,8320.2998046875,,8641.900390625,20071.099609375,,2069.89990234375,11320.650390625,2500.89990234375,168.8000030517578,805.42,65.72,-0.0003411598992387743,0.07371566795801976,-0.0025296215202923467,0.11904936873764016,0.0,0.1943757007843021,0.0036642857353488267,0.08630044995392683,-0.008668122222298291,0.04209150393075989,0.0,-0.9272851529598114,0.0008702696206723814,0.2078543276658762,0.004717141391169299,0.0037416661493117065,0.035826707877195885,0.08853096946409145,-0.017462164998310215,0.1689751397965087,0.007546017683500904,0.008911534201156696,0.011382860143029689,-0.017165965880099776,0.5810239081068822,46.30786496079751,0.878240696018521,0.07459179328226256,0.6536473813569753,0.713851271359012,0.02347778542242922,0.6053725973733528,0.5998831709850168,0.6129445727709947,0.6444596757928827,Medium
2016-04-22,7899.2998046875,8401.400390625,,8659.0,19876.5,,2061.949951171875,11286.75,2563.39990234375,168.39999389648438,191.07,-168.64,-0.0016114660947212922,0.0566776849344961,0.0097473153421479,0.10832033126575658,0.0,0.1943757007843021,0.001978686238220284,0.07694989121572271,-0.009695513109012954,0.03476553896987178,0.0,-0.9272851529598114,-0.003840741845957507,0.1479512343971614,-0.0029945621015797785,-0.018739713652712986,0.024991004214693913,0.10830559495729086,-0.0023697224410048623,0.15224085480126193,0.007953256364435474,0.008639924672136194,0.011381796749102398,-0.07188604295937409,0.237486189563026,47.71245034710935,0.8564880241840206,0.08866693609360041,0.636826341755872,0.7582467175143863,0.012485613018127851,0.570760874493437,0.5679035046505675,0.5990826655527571,0.6523760157461427,Medium
2016-04-25,7855.0498046875,8322.400390625,,8523.4501953125,19715.650390625,,2035.8499755859373,11185.25,2519.550048828125,167.4499969482422,222.34,-747.95,-0.005601762319964343,0.04938976830850006,-0.009403194268440607,0.096242683258142,0.0,0.1943757007843021,-0.015654210034357297,0.05779531448760511,-0.008092451355872554,0.029809489978488424,0.0,0.0,-0.012657909359586661,0.11370348773847772,-0.008992845593284171,-0.030543514380652836,-0.017106130602381864,0.054756692340397706,-0.005641312248658159,0.1341009405367084,0.00796286338991726,0.008747004722322713,0.01136336763174031,-0.050313056838491015,0.2549720273735027,47.86641115369709,0.8603361706628826,0.09255208469466768,0.6399258088981192,0.7656240238682462,,0.588469100867656,0.5781253010220326,0.6325100451234532,0.6582640418886522,Medium
2016-04-26,7962.64990234375,8457.0498046875,,8554.650390625,19890.55078125,,2082.39990234375,11295.599609375,2566.449951171875,170.3000030517578,512.22,21.21,0.013698206928241197,0.06377167382892535,0.016179155981750126,0.11326043893088933,0.0,0.1943757007843021,0.0036605124213267004,0.04610769522427671,0.008871144860032931,0.03521134491776823,0.0,0.0,0.022865106621825282,0.11280919575020754,0.009865636384971177,-0.02374604132768654,0.01861439599723913,0.10271120514673715,0.017020042731900054,0.14256960459518342,0.008878563531408968,0.009011635973190086,0.01137922450524532,0.0030011346674867,0.41706971411801813,47.53359533130173,0.8651532825405528,0.08025978294401759,0.6706303605566339,0.7708961918927878,,0.6263282056810215,0.5971309502923999,0.6518954223660594,0.6662754327636718,Medium
2016-04-27,7979.89990234375,8479.650390625,,8609.349609375,20141.55078125,,2080.300048828125,11270.5498046875,2525.39990234375,169.9499969482422,411.0,-295.07,0.0021663642394880167,0.059494424875362384,0.0026723959843506506,0.10271406356457136,0.0,0.1943757007843021,0.00639409166386784,0.04668494571493098,0.012619057298132175,0.04639310305219824,0.0,0.0,-0.001008381489675303,0.12160671186312166,-0.0022176604654708942,-0.028484630231230046,-0.015994876038545436,0.081680710652414,-0.0020552325146421246,0.12252314266565212,0.006512969131937224,0.008978217217492191,0.01134246975413406,-0.003731607347408628,0.36046861072254466,47.79240904749583,0.8643568878245016,0.08339551058658753,0.6640437968394319,0.7601868436057133,,0.6439351205588612,0.5953549633143547,0.6445892685900835,0.6618322211805829,Medium
2016-04-28,7847.25,8317.650390625,,8410.7998046875,19667.599609375,,2031.8499755859373,11179.400390625,2482.699951171875,172.8000030517578,120.63,-416.21,-0.016623003291656557,0.048235755677721315,-0.019104561218597604,0.08185822638625373,0.0,0.1943757007843021,-0.023062114293894265,0.038774301517836784,-0.023531016902442636,0.031550782856226256,0.0,0.0,-0.023289944769977144,0.08719029859447014,-0.008087397300226673,-0.038165672319969035,-0.01690819387941145,0.08136245340549553,0.016769674343587004,0.152000020345052,0.009063611536185496,0.009496039805744452,0.011437555183166193,0.1005920224042346,0.19809692140280913,50.01852274043396,0.882758721683419,0.08585032340913884,0.7141076449886443,0.7871673536107555,,0.6882388002277604,0.606483653413603,0.6452973367054552,0.5634172981427029,Medium
2016-04-29,7849.7998046875,8288.9501953125,,8404.650390625,19737.69921875,,2045.800048828125,11293.25,2444.050048828125,174.8000030517578,-205.3,28.13,0.00032492971263820003,0.04521844964758226,-0.00345051714903144,0.07320473162247909,0.0,0.1943757007843021,-0.0007311330914181458,0.036312582606659705,0.003564217838845307,0.019804221282446077,0.0,0.0,0.0068657004256256204,0.10190675198219634,0.010183874393699499,-0.03440179407753352,-0.015567689653961825,0.0652240903303325,0.011574073869668577,0.1711893001792819,0.009071398084198526,0.009493923394569366,0.011426114592147395,0.10016563757506551,0.01584047376709812,51.106944808298195,0.8812724476264974,0.08778437435227734,0.7144206861192007,0.7982566929891105,,0.6932712340942131,0.5933704375359833,0.642397936875756,0.5668931659654486,Medium
2016-05-02,7805.89990234375,8299.0498046875,,8419.099609375,19728.400390625,,2065.35009765625,11271.900390625,2403.39990234375,173.8000030517578,-606.83,760.02,-0.005592486870497626,0.03543689634803515,0.0012184425213113137,0.06710683333832468,0.0,0.1943757007843021,0.001719193313039824,0.03180932905616851,-0.0004711201656253383,0.009892424482830675,0.0,0.0,0.009556187487298029,0.12012914553957921,-0.00189047522856578,-0.03816811704150369,-0.016632288894356306,0.039802718649729174,-0.0057208236987496,0.1672263947343342,0.00921029083190344,0.009570648413053868,0.011423174032516156,0.11562311780604732,-0.2086906569025765,52.63962135508803,0.8750131839742116,0.0932600659317955,0.7059501010224686,0.795153312179918,,0.687387559286331,0.5884819903792595,0.6490825342565967,0.5787783508796733,Medium
2016-05-03,7747.0,8263.0498046875,,8341.900390625,19478.349609375,,2041.9000244140625,11148.150390625,2371.89990234375,173.85000610351562,,,-0.0075455620851691,0.03838831978592738,-0.004337846000112777,0.07157859449898885,0.0,0.1943757007843021,-0.009169533837565691,0.020890467891170328,-0.012674660707353902,0.01786644882322297,0.0,0.0,-0.011354042720795099,0.10387891575297337,-0.010978627889838721,-0.015667975636637577,-0.01310643308642967,0.009619824222494744,0.00028770455051674304,0.16756221107958247,0.009450206497707003,0.009466323527325725,0.011432330798637981,0.0946052035637986,,,0.8724178819927357,0.0924118099230483,0.736590692557145,0.7913076580739257,,0.711576036370518,0.5777686964106891,0.7080163954641073,0.5818850833203556,
2016-05-04,7706.5498046875,8087.2998046875,,8306.7001953125,19295.849609375,,1964.0,11182.0,2312.14990234375,169.60000610351562,-800.79,55.85,-0.0052214012278947175,0.027711259168194724,-0.021269386504278343,0.05417307751793232,0.0,0.1943757007843021,-0.004219685403107798,0.016962261298484993,-0.009369376957489406,-0.0021177842362997135,0.0,0.0,-0.038150753456411945,0.07187684749345813,0.0030363430873219244,-0.017550025259736035,-0.025190776364955036,-0.015666595539749917,-0.02444636094789332,0.14594598718591634,0.009432079049242273,0.009510696849448459,0.011373515437819868,0.1035449179235115,-0.31715094157542806,53.14544466453471,0.8748442376894136,0.09882191077859796,0.743786523772904,0.7954741276487227,,0.717021863305135,0.5613936138404502,0.7151566412780777,0.6022088428396558,Medium
2016-05-05,7735.5,8133.89990234375,,8289.0498046875,19466.30078125,,1967.449951171875,11233.400390625,2314.10009765625,171.0,-388.51,251.79,0.003756570196288278,0.029677033911094775,0.0057621330705757146,0.06150651197778889,0.0,0.1943757007843021,-0.0021248378068297047,0.0072851463900378555,0.008833566560976225,0.0010851810908500958,0.0,0.0,0.001756594283031987,0.07419939325747738,0.004596708158200569,0.0005344068788184497,0.0008434553964355995,-0.0179927444700827,0.008254680696355043,0.16643924202332783,0.006985167802490412,0.009523272770472031,0.011326643065546897,0.106078538044405,-0.08660852991878108,51.792593636045545,0.8768197637608125,0.09742458790413218,0.7443857251699149,0.7956865246724621,,0.7163701867071818,0.5832919587422863,0.7145284526148553,0.6106960079749003,Medium
2016-05-06,7733.4501953125,8196.7998046875,,8299.9501953125,19521.94921875,,1966.300048828125,11121.400390625,2352.5,171.5500030517578,,,-0.00026498670900398924,0.01697713755920316,0.007733055864828753,0.055323055146529354,0.0,0.1943757007843021,0.0013150350018207302,0.002803056189023545,0.002858706342069972,-0.0017054998474878014,0.0,0.0,-0.000584463326787632,0.047073871486659646,-0.009970266892068702,0.0026279961797650575,0.016593881302991997,-0.023372653473464844,0.00321639211554281,0.14864409803140677,0.006674914455876541,0.00928679439999786,0.0112830557503997,0.05843619387999594,,,0.8696813851081752,0.10836889069602505,0.7410440600122048,0.796315009947395,,0.7027154915657802,0.6570020439800293,0.6917728045034947,0.6020554567682909,
2016-05-09,7866.0498046875,8315.9501953125,,8395.75,19752.650390625,,1974.800048828125,11183.25,2412.5,174.85000610351562,,,0.01714624210748439,0.021001369982477147,0.01453620845501935,0.05698689461730688,0.0,0.1943757007843021,0.011542214402877171,0.005485039265648695,0.01181752750659859,-0.00882150066948495,0.0,0.0,0.004322839744150819,0.04761146795852689,0.005561314870664802,-0.004668173269199771,0.025504782146652527,-0.024681145569319773,0.019236391682034393,0.14806305055748692,0.008394318630295777,0.009499780436353761,0.011408654324026268,0.10134563217633902,,,0.8659915864580812,0.10328239371432366,0.7481365027944165,0.7896634590167274,,0.6899286202970432,0.631893499146706,0.6925114594532441,0.5985631770829289,
2016-05-10,7887.7998046875,8234.349609375,,8340.2001953125,19836.69921875,,1950.050048828125,11266.849609375,2422.85009765625,175.64999389648438,243.0,-349.86,0.002765047328716186,0.022411165994677962,-0.00981253903895385,0.03613870514088946,0.0,0.1943757007843021,-0.006616419579846933,-0.007857225836431225,0.00425506585004376,0.011611975049722112,0.0,0.0,-0.012532914415657959,0.021556930110414596,0.007475430610511147,0.004399341152217406,0.004290195919689044,-0.020120520114497054,0.004575280326242215,0.12128950360863322,0.008442569313460482,0.009506373351528812,0.011361535589553327,0.10267388022366221,0.26652487064707003,49.632937338801526,0.8532838003512502,0.10229505801437729,0.7407891260600608,0.8253880275762282,,0.6812846932970814,0.6315364935535772,0.693038471840085,0.6119230051154779,Medium
2016-05-11,7848.85009765625,8192.25,,8288.349609375,19726.900390625,,1948.3499755859373,11186.400390625,2370.39990234375,173.75,,,-0.00493796850778383,0.017151571004503374,-0.005112681799066321,0.02521665675937812,0.0,0.1943757007843021,-0.006216947402130968,-0.002521294911116523,-0.005535136007971286,0.004954240043238078,0.0,0.0,-0.0008718100559569342,-0.00012829724065088755,-0.007140347261141988,-0.001062608991546976,-0.02164813884409844,-0.03432261355053379,-0.010816931184205458,0.11057848123500524,0.00836426065238462,0.009563355773727054,0.011373695629598267,0.11415389915413282,,,0.8564627904904218,0.1050727964619443,0.7635497602142581,0.827588908563175,,0.6925950736285474,0.6367714764764505,0.6979577979935754,0.6179484220613829,
2016-05-12,7900.39990234375,8234.25,,8380.0498046875,19748.69921875,,1963.8499755859373,11264.599609375,2399.550048828125,176.3000030517578,-317.85,163.64,0.006567816182767139,0.03746501044356698,0.00512679666758209,0.045393349476508194,0.0,0.1943757007843021,0.011063746057330626,0.011350447102039585,0.0011050305771991287,0.01468948075425125,0.0,0.0,0.007955449582582652,0.059707547663214955,0.006990561397707262,0.027787264667104683,0.012297564835179298,0.016887781701423465,0.01467627655687953,0.18123955143556314,0.007686938575977655,0.009258167423347403,0.011362213680900981,0.052668832276341185,-0.04709624019417969,50.91460342848118,0.8490439592397827,0.09513444708464504,0.7778640273675715,0.8220534509934353,,0.6666625608399991,0.6040522503929514,0.6737816859806418,0.582638883972821,Medium
2016-05-13,7814.89990234375,8160.39990234375,,8303.7001953125,19667.69921875,,1920.25,11157.650390625,2353.64990234375,171.9499969482422,1493.88,667.03,-0.010822236982540034,0.02868236176698047,-0.008968648954822855,0.025820226567410343,0.0,0.1943757007843021,-0.00911087775782582,-0.002324822009848182,-0.004101535959547986,0.015083521249003251,0.0,0.0,-0.022201276130030645,0.032170487422342076,-0.009494276091357112,0.04616866839736522,-0.019128647267345533,-0.007715191806253685,-0.02467388558262562,0.14748074704421432,0.008865790385152353,0.009498111929096375,0.011419488185373586,0.10100948474417491,0.9660031181804613,45.41609510784733,0.8664538219529313,0.09832899660972616,0.7977864698169375,0.8150718302504597,,0.6890633934378898,0.7000833458569962,0.6901683831784833,0.611791499355371,Medium
2016-05-16,7860.75,8200.2001953125,,8276.75,19977.099609375,1050.0,1935.550048828125,11205.400390625,2241.199951171875,174.4499969482422,-79.84,-127.91,0.005867010227795566,0.01623097030682974,0.004877247861017064,0.014374096401843062,0.0,0.1943757007843021,-0.003245564589110961,-0.021649237244916186,0.015731397312098272,0.014532077019046019,0.2650602409638554,0.2650602409638554,0.007967737965434152,0.004436973963738877,0.004279574850285739,0.027057266597118046,-0.04777683845838676,-0.09281523935564662,0.01453911046449452,0.12042389446053026,0.008969563967148618,0.008980745519912273,0.011428454618399666,-0.0032222404492533115,0.08599631680203293,49.445355213796766,0.8640166739215164,0.11263320043439884,0.7586044079262876,0.7911167135434777,0.11127682335289883,0.6484119420396867,0.6535413148521525,0.5481147685364028,0.5621171727557883,Medium
2016-05-17,7890.75,8245.0498046875,,8290.9501953125,19960.900390625,,1934.9000244140625,11251.650390625,2243.5,175.75,,,0.003816429729987636,0.019687545174565946,0.005469331029337221,0.01946803812380371,0.0,0.1943757007843021,0.001715672856193562,-0.015864185867512703,-0.0008108894217255802,0.009954892879854071,0.0,0.2650602409638554,-0.0003358344644490696,0.011633074381611541,0.0041274741095993495,0.023887196977842917,0.0010262577539867923,-0.08389307877589036,0.0074520095987362645,0.12264450063213594,0.008905069127764972,0.009000094436102566,0.011415819434878226,0.0006759077090659582,,,0.8646203963018445,0.11001077837167964,0.7612691164236843,0.7893371027179666,0.10865731730696797,0.648499919508959,0.665685292160168,0.5492782256988923,0.5632113993585048,
2016-05-18,7870.14990234375,8145.35009765625,,8287.0,19963.900390625,1088.0,1948.3499755859373,11271.2998046875,2281.35009765625,179.8000030517578,-250.7,239.91,-0.002610664088489645,0.02036809065601708,-0.012092068500855868,0.014358602471113535,0.0,0.1943757007843021,-0.00047644663391333,-0.007277410080560598,0.00015029382148568082,-0.0014105181197064942,0.036190476190476106,0.31084337349397595,0.006951238308009033,0.024907930345048568,0.0017463583901320412,0.03138640100749024,0.016871004081234764,-0.08764243245100978,0.023044114092505286,0.11434766811477792,0.006429476938045273,0.008990803188016717,0.011228945910002818,-0.0011959625940628988,-0.009546703610440849,50.04292867053389,0.8601704735051854,0.1096586563547463,0.7605586778207329,0.8244382060685774,0.09832281716115926,0.6385866791428656,0.6604941415409173,0.5588168488272157,0.5869465892661173,Medium
2016-05-19,7783.39990234375,8104.75,,8186.35009765625,19612.849609375,,1917.25,11246.0,2195.64990234375,178.25,-764.58,1483.65,-0.011022661712474568,0.003170606057058878,-0.004984450903827042,-0.0024370340712388527,0.0,0.0,-0.01214551735775915,-0.02214589570206349,-0.017584278341463366,-0.013963882711162112,0.0,0.31084337349397595,-0.01596221211570803,0.0025884803877447293,-0.0022446217495677434,0.024412461286208886,-0.03756556058648963,-0.11583382629099437,-0.008620706481921592,0.11267168162050245,0.007497421105065276,0.009182177585764863,0.011290398282952132,0.03735946597850316,-0.2969027104555891,52.22972985447557,0.850053857123722,,0.7730132756669733,0.8520569025113066,0.10942465981582408,0.6513879485481208,0.656593562698076,0.593839278353007,0.6200569900555652,Medium
2016-05-20,7749.7001953125,8080.75,,8131.75,19705.0,,1909.300048828125,11070.650390625,2174.949951171875,175.85000610351562,-743.86,597.49,-0.0043296897826234915,0.019268202366987452,-0.0029612264412843814,0.02507261101536873,0.0,0.0,-0.0066696509439392315,-0.0196627566569334,0.004698470261096155,0.0035445984288779986,0.0,0.31084337349397595,-0.0041465386213977995,0.02559558659746486,-0.015592175829183708,0.017812979161507814,-0.009427710287409075,-0.07676801677044387,-0.013464201382801577,0.13086820645347674,0.007459466133187228,0.008405203611408929,0.011283993149228427,-0.11917434901197764,-0.2853163158462806,50.28180570693395,0.8180883016409597,,0.7816951592446549,0.8389328458249092,0.10621473367665213,0.6098863510266117,0.6047186589695529,0.5160190544456801,0.5558166922975611,Medium
2016-05-23,7731.0498046875,8026.60009765625,,8105.5498046875,20179.05078125,,1899.1500244140625,10958.5,2138.89990234375,174.14999389648438,-65.6,-167.77,-0.0024065951139995434,0.01532628596459884,-0.006701098579185105,0.013465981441003416,0.0,0.0,-0.0032219627155901653,-0.028134863088404294,0.024057385498604367,0.026529245977958915,0.0,0.31084337349397595,-0.005316097079813287,-0.006980379391339886,-0.010130424741799482,0.004855343954299318,-0.016575116502658416,-0.08679875888751842,-0.009667399192642145,0.10536331655463815,0.006491955769114023,0.008422282363905366,0.011032586332616265,-0.11573356158307879,0.09395916715128745,48.04744225809533,0.8190484234328471,,0.7872170287627046,0.7450014596672948,0.10927468955352544,0.6363324954684266,0.5997183391141016,0.5199716962763247,0.5595200759965614,Medium
2016-05-24,7748.85009765625,8051.75,,8118.0,20225.400390625,,1899.4000244140625,10851.150390625,2140.39990234375,173.8000030517578,-815.53,989.95,0.002302441895789764,0.02682054437588044,0.003133319467490736,0.027716781920842593,0.0,0.0,0.0015360087362981112,-0.027895052642423646,0.0022969172275471017,0.0434042202463083,0.0,0.31084337349397595,0.00013163783628789005,7.899139874290029e-05,-0.009796013083451238,-0.012126272695865081,0.0007012950902267612,-0.07773187809758408,-0.0020097091989254023,0.10665392979635802,0.005731488294215909,0.00823480619507996,0.011026172473387885,-0.15350362968653952,-0.3253933863891929,50.11031676209669,0.812711910382156,,0.8173016694101601,0.7313075147520719,0.10205820997450096,0.6350586237511304,0.6364934090833076,0.5209082273172027,0.5530307043649029,Medium
2016-05-25,7934.89990234375,8211.9501953125,16997.251953125,8260.150390625,20639.80078125,,1923.050048828125,10908.5498046875,2208.449951171875,176.75,495.08,337.22,0.024009988881288802,0.05025673671318831,0.019896320093457875,0.049946990958059656,0.04983448620877251,0.04983448620877251,0.01751051867762987,-0.016701462591348748,0.020489106896350195,0.06107957711760004,0.0,0.31084337349397595,0.012451313104177908,0.009077816517447213,0.005289707726481296,-0.009439291288308782,0.03179314704397518,-0.052919416478960146,0.01697351493925847,0.1109364752946691,0.011072430897068337,0.00925211649116618,0.011291491781302792,0.05144977535830128,0.4074852158746036,48.172486009051994,0.8226315588722307,0.4558986218245194,0.8527800812900039,0.7594157779139306,0.07324567749375184,0.6256738007890058,0.6253320514001531,0.5769107519776677,0.5626713768312843,Medium
2016-05-26,8069.64990234375,8312.650390625,,8280.849609375,20920.650390625,,1941.9000244140625,10882.2001953125,2289.35009765625,180.6000061035156,581.29,685.37,0.016981940750153468,0.0519136018288302,0.012262640775632105,0.04004987066202159,0.0,0.04983448620877251,0.0025059130610374236,-0.023956578701104236,0.013607186055309972,0.06459641959799,0.0,0.31084337349397595,0.0098021242855455,-0.0011316039295827807,-0.0024155006711962246,-0.012929980696841148,0.03663209412622037,-0.0464021253124024,0.021782212749734686,0.11722866020747413,0.012569419635432252,0.009338147458960068,0.011392137459596774,0.06878208768866413,0.45569289344547664,48.09122769159111,0.8086949827513794,0.45061855208409834,0.8233607515582659,0.7665661690451369,0.07134910365671271,0.6032558549608825,0.594166709347972,0.5880321255076782,0.5759641431980491,Medium
2016-05-27,8156.64990234375,8393.9501953125,,8454.0,20907.55078125,,1968.800048828125,11206.7998046875,2399.85009765625,183.3500061035156,479.89,69.34,0.010781136858828422,0.058075314496580654,0.0097802506862541,0.03418347752263906,0.0,0.04983448620877251,0.020909737381170634,-0.01169619150833956,-0.0006261568895042924,0.06635271784980712,0.0,0.31084337349397595,0.013852424983711087,0.024029997830467886,0.029828490888710313,0.006660535583237426,0.048266973283433545,0.00045861288431470193,0.015227020526365598,0.13248927125189347,0.0125434164419354,0.009467869677315326,0.011422333879156421,0.09491670017038736,0.3989911360427795,48.74505358578797,0.8206652850976754,0.4405303950030024,0.8140398032916321,0.7536035378777459,0.06594339722763286,0.6297689893251182,0.5762499449128766,0.6033252496413952,0.5882277128297306,Medium
2016-05-30,8178.5,8497.0,,8450.9501953125,20807.05078125,,2008.050048828125,11175.0,2424.35009765625,181.6499938964844,355.54,-211.09,0.0026788078338353394,0.04178738754159328,0.012276675735465536,0.011625946670442922,0.0,0.04983448620877251,-0.00036075286107173365,-0.02616942913283704,-0.00480687580537309,0.03800668450266009,0.0,0.31084337349397595,0.01993600113092353,0.020609935871982232,-0.002837545529652319,-0.004520856067523282,0.010208970978615506,-0.009478846482825931,-0.009271950643248927,0.10391972365596325,0.010493755758532765,0.008948220294193843,0.011414623688447725,-0.009774966580592246,0.3294559927190576,47.90596444471855,0.7956195208367343,0.4771427212881598,0.7948108392802146,0.7163175573264986,0.08225085387538478,0.583091724732521,0.557637459075047,0.5909761221938111,0.567600270067344,Medium
2016-05-31,8160.10009765625,8720.400390625,,8373.2001953125,20521.650390625,,2031.8499755859373,10995.4501953125,2494.75,183.1499938964844,-114.52,60.28,-0.0022497893677019265,0.031005584076209125,0.026291678312933886,0.03985738204428846,0.0,0.04983448620877251,-0.00920014888303633,-0.0369987211882683,-0.01371652300104853,0.013217233290343966,0.0,0.31084337349397595,0.01185225775209231,0.02270037779586631,-0.0160670966163311,-0.028490283902798508,0.02903866995604698,0.04433091153256141,0.00825763859290185,0.062354990606639626,0.010138106511460673,0.008878100751047925,0.011320737698957792,-0.02390166831872783,0.06660364474359567,49.3135581117137,0.702143335623462,0.4883102193250423,0.7949563489018013,0.703988998283241,0.09127119403307973,0.5602653539028007,0.5410185827400987,0.6045433276705791,0.5758795571514305,Medium
2016-06-01,8179.9501953125,8670.7998046875,,8363.9501953125,20886.599609375,,2014.5999755859373,10957.2001953125,2415.5,184.1000061035156,-242.48,576.57,0.0024325801667495206,0.033507084280931076,-0.005687879422465958,0.03948970180507283,0.0,0.04983448620877251,-0.0011047150174646747,-0.02861665614532294,0.01778361933876038,0.031610246280745935,0.0,0.31084337349397595,-0.008489800038029682,-0.025869213067077235,-0.0034787115871168783,-0.02753936584757044,-0.031766710091191475,0.0004556402007729332,0.005187072010322424,0.07159489425650478,0.009499437467141828,0.008879257334587885,0.011239392915698969,-0.023668656094585853,-0.00495017061389084,49.74567715054832,0.6957479516252838,0.4865263025097766,0.8030676217215768,0.6843019429788992,0.08931306583716966,0.6510946454305863,0.5385628380921912,0.5818292365324085,0.576460356156437,Medium
2016-06-02,8218.9501953125,8713.7001953125,,8401.650390625,20919.44921875,,2052.0,10902.099609375,2446.050048828125,184.3500061035156,,,0.00476775519028827,0.03878898619207072,0.004947685518215783,0.04728199702652125,0.0,0.04983448620877251,0.004507462913113658,-0.027800598148600586,0.0015727600466020064,0.042267221322480175,0.0,0.31084337349397595,0.0185644916446428,-0.00864771399017017,-0.005028710341631992,-0.03697232639536463,0.012647505207255216,-0.021932046726149124,0.0013579575867010973,0.09212086949423703,0.009290611601118038,0.008898897872685023,0.01119332986012168,-0.019711756046087662,,,0.6967049682155625,0.4818381220829587,0.8110889831852097,0.6868025560573185,0.0850268884970055,0.6475871121553908,0.5371016662173594,0.6170154531373143,0.5878695008582331,
2016-06-03,8220.7998046875,8749.25,,8447.0,20912.5,,2047.6500244140625,10808.2001953125,2398.10009765625,182.0500030517578,,,0.00022504204686080165,0.040699809850136326,0.004079759905742941,0.04140376522980138,0.0,0.04983448620877251,0.005397702506831692,-0.0244831966739808,-0.0003321893744588911,0.052121852438809624,0.0,0.31084337349397595,-0.0021198711432444117,-0.006935147358783089,-0.008612966073228034,-0.04239925617981266,-0.019603013108765777,-0.06448459506312854,-0.012476284109620761,0.0810570644299673,0.006637358467198919,0.008884430956981918,0.011026547436905785,-0.022626347243340922,,,0.7114256145777846,0.48132133915372177,0.8078366797077761,0.6887668352030075,0.08369304972299191,0.6467713758096895,0.5340330558600995,0.6410058250835399,0.5770750474945491,
2016-06-06,8201.0498046875,8763.5498046875,17671.1953125,8397.150390625,20888.0,,2049.800048828125,10678.849609375,2430.449951171875,183.8000030517578,28.3,-230.63,-0.002402442641741276,0.04404809754274552,0.0016344034845843236,0.05300747300736042,0.03965013645932891,0.09146056684665971,-0.0059014572481354,-0.014817920184124422,-0.0011715481171548081,0.05946289298842844,0.0,0.31084337349397595,0.0010499960385943474,0.006852210825688543,-0.011967819211342823,-0.045273944759839924,0.013489784495335222,-0.03536349583438181,0.00961274359057529,0.09764112512088796,0.004569774632391755,0.00881682089974626,0.011016540618244449,-0.03624747296971447,0.14646700758632952,48.68622827884545,0.7015680209976225,0.33165080923812224,0.8111849900067959,0.6821581061135663,0.0817503349056966,0.6346511918256071,0.5274690705581357,0.6183964698814756,0.5576824540229244,Medium
2016-06-07,8266.4501953125,8799.0,,8400.2001953125,21214.599609375,,2078.25,10739.349609375,2529.5,187.25,,,0.007974636440766236,0.038153164674404216,0.004045186722569705,0.040433745006795085,0.0,0.09146056684665971,0.00036319519665917177,-0.01805453037353355,0.015635753034038746,0.06656672520969731,0.0,0.31084337349397595,0.013879378717031488,-0.0019928460134286397,0.005665404253552442,-0.04924484040124166,0.040753790786914434,-0.014397300502588473,0.01877038569618894,0.09953022104815057,0.0037538950958472873,0.008602532645716643,0.01085979289597114,-0.07941926381214344,,,0.6795176076052111,0.3458994043145383,0.8136430774674792,0.6880067101013473,0.0885255604936947,0.6136726103836558,0.5092039640369349,0.6145382946110904,0.5482364390863114,
2016-06-08,8273.0498046875,8841.849609375,,8428.349609375,21225.599609375,,2082.800048828125,10716.5498046875,2553.300048828125,187.6000061035156,,,0.0007983607496653278,0.03673603753571508,0.004869827182066189,0.04271393301196036,0.0,0.09146056684665971,0.003351040857122456,-0.021023655469038394,0.0005185108464238475,0.05382151751364406,0.0,0.31084337349397595,0.0021893654892939374,0.0012017497194254378,-0.0021230154075249086,-0.049154656125967144,0.00940899340902357,0.01104781324275872,0.001869191474048515,0.1038541304631424,0.003757665414059869,0.008601322589442649,0.010859714547014523,-0.07966304897248738,,,0.6774689580015023,0.3473792831622964,0.8161470303068945,0.6954756230935576,0.08967081292471185,0.6135540173551223,0.5096039282747717,0.619576149029703,0.551447785779716,
2016-06-09,8203.599609375,8784.2001953125,,8546.25,20833.69921875,,2112.14990234375,10665.400390625,2558.14990234375,187.8999938964844,1438.72,-268.21,-0.0083947512649023,0.04541076292650281,-0.006520062725492881,0.05609153820811685,0.0,0.09146056684665971,0.013988550082670637,0.01610431807412782,-0.018463572188175292,0.059290387873218275,0.0,0.31084337349397595,0.014091536790648007,0.03952059833288435,-0.0047729367188800165,-0.045977421153198694,0.0018994451975398174,0.030390281812452402,0.0015990820000468808,0.08738420473409247,0.0052441686554874885,0.008130407941284033,0.010906700614898495,-0.17453632509769196,0.9351582568556803,42.29461455769361,0.6353905543192855,0.3583924811231555,0.6457428631125913,0.6585033690381977,0.08765637720357393,0.48731060083279854,0.503667977405936,0.6031731659682731,0.6796248710274139,Medium
2016-06-10,8170.0498046875,8688.2998046875,17828.392578125,8546.900390625,20704.5,,2113.75,10657.599609375,2519.35009765625,186.25,353.8,-124.45,-0.004089644337244347,0.04079721877859388,-0.010917373066722136,0.04817855095821866,0.008895678127319728,0.10116984873798929,7.610245721800801e-05,0.01692515374091874,-0.006201453586971328,0.04898244575191302,0.0,0.31084337349397595,0.0007575682267979555,0.03321436579825976,-0.0007314100703482707,-0.056285869047882575,-0.015167134909471858,0.030809536353083145,-0.008781234433639207,0.06550341389211467,0.005474236260293894,0.008192369412666064,0.01091643661139772,-0.16205319719640948,0.32848300398256164,46.084463609747715,0.6429808598232248,0.3416044088767324,0.6417976188553456,0.665617348264486,0.09083144837692689,0.4882962977770014,0.5178248394240011,0.6115267601675152,0.6947921839157056,Medium
2016-06-13,8110.60009765625,8599.099609375,,8527.900390625,20649.0,,2087.14990234375,10706.599609375,2478.75,183.1999969482422,212.24,-597.83,-0.007276541569812833,0.03903460191963415,-0.010266703189083626,0.03615471791939662,0.0,0.10116984873798929,-0.0022230281308579514,0.012923089914371078,-0.002680576686227676,0.04666367222618173,0.0,0.31084337349397595,-0.01258431586339448,0.010555016659034466,0.004597658177822428,-0.05015132867215266,-0.01611530596482813,0.03135146072976447,-0.01637585531145136,0.05408511928325477,0.005559358371233572,0.008247279877066397,0.010788983225387525,-0.15099060725237945,0.24932421919039385,46.69216739782908,0.6645842611906998,0.34134396014533697,0.6531004838506703,0.6685211930096268,0.09168106585672796,0.5376041277572294,0.48477528948014603,0.6122822165855197,0.7041529517139412,Medium
2016-06-14,8108.85009765625,8613.150390625,,8481.849609375,20717.94921875,,2101.800048828125,10781.400390625,2557.050048828125,185.5500030517578,-113.36,-32.27,-0.00021576701833758705,0.04670841585855823,0.0016339828456786165,0.04236941495123192,0.0,0.10116984873798929,-0.00540001397068679,0.016776659058082455,0.003339106918010648,0.06363986858406001,0.0,0.31084337349397595,0.007019211446156248,0.029335434496236434,0.006986418095293434,-0.03289783391408296,0.0315885219679779,0.07805984826822687,0.012827544446845973,0.06729937611434789,0.005533968299335821,0.008082822967529041,0.010787793098355378,-0.18412307796707245,0.06725230390125966,47.387009240987574,0.660346629526139,0.3393450714768336,0.635449080244224,0.6500464200243,0.08708753887027793,0.5145301466857695,0.4503150229350096,0.5807231316598994,0.7001758492897091,Medium
2016-06-15,8206.599609375,8689.650390625,,8609.0498046875,20956.099609375,,2118.35009765625,10790.2998046875,2633.5,186.3500061035156,-108.23,234.1,0.012054669964487674,0.0648863391998511,0.008881767591480516,0.07448105059594434,0.0,0.10116984873798929,0.01499675202586781,0.03639828117856192,0.01149488243795238,0.08604181902378416,0.0,0.31084337349397595,0.007874226112684957,0.07858966275776469,0.0008254413842414543,-0.03502952918194424,0.029897714050185042,0.1389832455631479,0.004311522708704274,0.09876178889861942,0.00763364786268498,0.008198045103802475,0.010745486440835728,-0.16090973857924482,0.07012094310713576,47.64835747840625,0.6686058075238028,0.31379114678283077,0.6534702818915722,0.6503778691358739,0.07085406851501258,0.5339450256364098,0.46782221373118194,0.586003316545813,0.6849610302884175,Medium
2016-06-16,8140.75,8612.7998046875,,8557.5,20868.099609375,,2132.449951171875,10762.2001953125,2648.10009765625,185.0,-156.75,-163.0,-0.008023982222768011,0.05238833947385424,-0.008843921502343921,0.058877034152554186,0.0,0.10116984873798929,-0.00598786229107795,0.03238612405980357,-0.004199254710577582,0.07201156726578573,0.0,0.31084337349397595,0.00665605441292505,0.08386490334949603,-0.0026041546466385457,-0.04194635452554041,0.005543989996677379,0.14433256380667348,-0.007244465035142977,0.08187134502923987,0.007277243169600084,0.008397175406280035,0.010690872628723843,-0.12079175914131114,0.042989096271052255,48.29256431267795,0.6834363281024487,0.3201867598649329,0.6695030538093707,0.6564297392485313,0.07916608336400965,0.5046487017703734,0.46102417842390486,0.5721347885337713,0.6930721005622728,Medium
2016-06-17,8170.2001953125,8675.2001953125,,8551.599609375,21044.599609375,,2131.25,10653.4501953125,2633.699951171875,191.9499969482422,31.96,-26.21,0.003617626792678852,0.05647543967694113,0.007245076170357301,0.058364288749789495,0.0,0.10116984873798929,-0.0006894993426818097,0.0303193884470081,0.008457885639030938,0.07799684209620628,0.0,0.31084337349397595,-0.000562710121855603,0.08388849467312065,-0.010104811100556055,-0.04207655321059811,-0.005437916224209194,0.11953239157146656,0.037567551071579386,0.11891573030359881,0.007541722756984662,0.008395169489753655,0.01068306397825605,-0.1211958830589585,0.14851363906654522,47.65456756889323,0.693481370109555,0.3157018520890183,0.6678602565842523,0.657468262816346,0.07589098568289125,0.49961518029064894,0.44571920214840965,0.5743539760519469,0.6372114403324225,Medium
2016-06-20,8238.5,8799.0498046875,,8633.2001953125,21010.55078125,,2165.89990234375,10685.849609375,2665.89990234375,194.0,-537.46,724.06,0.008359624373303065,0.04734907667258237,0.014276282574080534,0.058093134041051764,0.0,0.10116984873798929,0.009542142951599608,0.028282189835631133,-0.0016179366087740732,0.06368261300377309,0.0,0.31084337349397595,0.016258018695014753,0.09676921652347859,0.0030412132659853874,-0.044477266503476165,0.012226127413469179,0.10503622895077713,0.010679880616567994,0.10952240908214272,0.007741567740896499,0.00798707932615204,0.010654039300647846,-0.20341216349692665,-0.16989972089641175,48.578452363415344,0.6793690346896493,0.34268247216526737,0.6534966644433821,0.6272500716506473,0.08760400214423164,0.5381097475581929,0.43392096270031844,0.5607174625507723,0.6212158782085948,Medium
2016-06-21,8219.900390625,8858.4501953125,,8616.5498046875,20996.75,,2162.800048828125,10627.349609375,2645.5,194.8000030517578,484.66,-335.53,-0.002257645126540031,0.04210306982438139,0.006750773315699954,0.07579233522304496,0.0,0.10116984873798929,-0.0019286464171235362,0.03313464939730326,-0.000656850046135693,0.05848003079834463,0.0,0.31084337349397595,-0.0014312081145904099,0.10909976394085441,-0.005474529601153688,-0.056759433397236436,-0.007652163656188038,0.0918958637016507,0.004123727070916461,0.10902368244065586,0.0075847088556902685,0.008013848004936793,0.010544530263084185,-0.19801918567433555,0.40165846723420817,45.21381896850272,0.6924524411568058,0.3477193978145218,0.6705978589621171,0.6279353160651197,0.09177539847550628,0.5726562020186968,0.4402150602762763,0.5640325251439396,0.6181212023041779,Medium
2016-06-22,8203.7001953125,8778.2001953125,,8592.099609375,20877.599609375,,2160.64990234375,10696.5,2632.449951171875,195.0500030517578,-41.1,361.34,-0.0019708505629796313,0.04521045672183388,-0.009059146716483779,0.07152494068326765,0.0,0.10116984873798929,-0.002837585329014014,0.03664782668631972,-0.005674706353364201,0.05833147610441913,0.0,0.31084337349397595,-0.0009941494524841055,0.10896395894888777,0.00650683313965672,-0.0437942835512638,-0.004932923389954658,0.11055098701658794,0.0012833675363628227,0.12258994562162773,0.006862883415200114,0.007950909068585576,0.010454848343405014,-0.2106992395032503,0.10765929591229417,46.82565335048723,0.6839460370963086,0.3467912902776374,0.6647746217867921,0.6235871599547484,0.0898439256891694,0.5717086429077617,0.40964602606521244,0.5540634949457941,0.6078822089823762,Medium
2016-06-23,8270.4501953125,8870.2001953125,,8602.5,21065.44921875,,2168.14990234375,10793.099609375,2685.60009765625,192.8000030517578,81.87,203.56,0.008136572328440339,0.046839438198434724,0.010480508299312685,0.07723231567082611,0.0,0.10116984873798929,0.0012104597360174107,0.026545211603404617,0.00899766318397277,0.06667527746586166,0.0,0.31084337349397595,0.003471177811761317,0.10403031254811479,0.009030954926845247,-0.041856791750289335,0.020190373025217312,0.11920986977030301,-0.011535503536510783,0.09359046916837532,0.007201747138081159,0.007990412331791411,0.010391010439710911,-0.20274067628456807,0.1764227585139675,46.508575333501376,0.6909884600524082,0.34314043079147516,0.6525270351729149,0.6368131210212975,0.08800139901770039,0.5612308461652717,0.41703590404852336,0.5598869499124716,0.5505738226515101,Medium
2016-06-24,8088.60009765625,8631.650390625,,8428.2998046875,20789.94921875,,2086.550048828125,10747.7998046875,2619.0,184.9499969482422,-629.14,114.94,-0.021987932139331257,0.03502286641322372,-0.026893395801096176,0.05774845521307137,0.0,0.10116984873798929,-0.02024995005085728,0.015005311661581588,-0.013078287443060166,0.05706056349133681,0.0,0.31084337349397595,-0.03763570656596038,0.08660333228909001,-0.004197107997423899,-0.03673269654351863,-0.024798963075095437,0.11273983330826565,-0.04071579864761865,0.0756033744153719,0.010626228407968454,0.008805430245401995,0.01003156047441487,-0.03854230218999002,-0.22116616190902788,50.864489345174285,0.7529265942830108,0.32388646385149583,0.7111410391147858,0.6626779110669792,0.08888774064122267,0.6542082835847166,0.3690845486291475,0.5672011403985979,0.6310428736406319,Medium
2016-06-27,8094.7001953125,8605.400390625,,8472.650390625,20999.25,,2096.25,10964.0498046875,2693.10009765625,187.8000030517578,-146.11,-147.07,0.0007541598771854119,0.029761816024234333,-0.0030411333652380357,0.04941345158184385,0.0,0.10116984873798929,0.005262103504295679,0.023668757740054946,0.010067402235943712,0.051166105721639266,0.0,0.036190476190476106,0.00464879870833812,0.08302546930737886,0.02012039709798885,-0.021538773941485068,0.02829327898291334,0.20163312347391682,0.015409603409256567,0.07652626160536102,0.010312669648819212,0.008761063589788265,0.010031455558453369,-0.04748067347500373,0.04893886647583231,49.13659871944496,0.7504998935015763,0.33128251690288324,0.7216073682751023,0.653048864050459,-0.07816361000026349,0.6509186177214987,0.328328627660404,0.6560531559476397,0.6172446747341048,Medium
2016-06-28,8127.85009765625,8618.849609375,,8512.900390625,21433.5,,2115.85009765625,11035.349609375,2693.199951171875,189.75,-190.43,-242.71,0.004095260052119798,0.030047853202325614,0.0015628812303321027,0.045336270070192475,0.0,0.10116984873798929,0.0047505795877682555,0.026770175924827777,0.020679309975356164,0.07377420760371267,0.0,0.036190476190476106,0.009350076401311913,0.09351908158509836,0.006503053703478923,-0.019223915935943414,3.7077535926632876e-05,0.20044571035073555,0.010383370162697858,0.07965860597439556,0.010348012343497795,0.008764285227762517,0.00969322425802622,-0.04683162305726482,0.024155613141635668,49.293086844463005,0.7479011210745955,0.3308469596576428,0.7233033347082025,0.6442226483395842,-0.07833517065276105,0.657811478679834,0.33000398779920154,0.654752244748797,0.6179988036193665,Medium
2016-06-29,8204.0,8744.7001953125,,8626.0498046875,21400.650390625,,2142.199951171875,11084.7001953125,2705.050048828125,195.4499969482422,102.91,-20.19,0.009369009200318468,0.0424197889238207,0.014601784651237848,0.07358187069561417,0.0,0.10116984873798929,0.013291523319961307,0.04091345537438151,-0.0015326292661020924,0.07196739975093713,0.0,0.0,0.012453554032402003,0.09949443273282577,0.004472045534069435,-0.016555287554093523,0.004400006635635778,0.18572333619779102,0.030039509608654535,0.08704112141744136,0.010501129623598334,0.008865281978415934,0.009547537980219489,-0.026484214774346794,0.18818809358056265,48.55306086122446,0.7611987298881028,0.31375006546456335,0.7326795792200712,0.6216601079826553,,0.6742389877972071,0.34487510409267674,0.6545319136455364,0.6711457504065039,Medium
2016-06-30,8287.75,8863.75,,8705.099609375,21608.44921875,,2182.10009765625,11142.0,2725.0,200.25,1107.42,-190.76,0.010208434909800168,0.0647981735468044,0.013613937817023691,0.09364878620562012,0.0,0.10116984873798929,0.009164079326848151,0.06336761872269148,0.009709930508281728,0.1017496003447198,0.0,0.0,0.018625780689868865,0.13814061685030632,0.005169269685050271,-0.009247732527120744,0.007375076546372039,0.24109039291336676,0.024558726665157904,0.12342215988779803,0.0111975477790073,0.00868299445914463,0.009562501314866209,-0.06320894656519115,0.7498989646711283,44.74209885319093,0.7679227153811253,0.29622069086808406,0.718596870202187,0.5934707877605137,,0.6594437372146557,0.3597098857486739,0.6114325976904214,0.6769444559835197,Medium
2016-07-01,8328.349609375,8894.849609375,,8849.2998046875,22025.400390625,,2199.14990234375,11250.900390625,2742.5,201.3999938964844,-1051.74,190.86,0.00489874928358125,0.07466732899067541,0.0035086288957832945,0.10074555076880243,0.0,0.10116984873798929,0.01656502530507553,0.08824051461093863,0.01929574712437976,0.11775693431235723,0.0,0.0,0.007813484223667233,0.15180948311059161,0.009773863814844796,0.016281789564291715,0.006422018348623881,0.260948555860941,0.005742790993680025,0.14529421044164503,0.011171344287753366,0.008609359125203374,0.009509512203978842,-0.07804396050433562,-0.45747940331316833,51.80834889382699,0.7641063733403574,0.28818212940476917,0.6956506785270794,0.5946434955075939,,0.6535769506367406,0.34014393663391157,0.6011881244317283,0.668515604731087,Medium
2016-07-04,8370.7001953125,8956.900390625,,8954.849609375,21699.349609375,,2233.5,11319.849609375,2811.949951171875,206.0500030517578,,,0.005085111447510116,0.08273784373205895,0.0069760348937883965,0.11590216052253499,0.0,0.10116984873798929,0.011927475282461408,0.10478003653698398,-0.01480339859741131,0.07534045305726833,0.0,0.0,0.015619716336590539,0.17605242939619425,0.006128328965337992,0.032974367785280734,0.02532359204079304,0.31467112981332823,0.02308842748855011,0.18317548247653082,0.010959083841895522,0.008572533730836062,0.009515785107059414,-0.08546302428137229,,,0.7621832409888504,0.2808007023585424,0.6888179607794108,0.6296704378340294,,0.6473871978011607,0.3300521676953223,0.596256807123341,0.6593208833826334,
2016-07-05,8335.9501953125,8852.400390625,,8911.25,21697.650390625,,2239.699951171875,11361.599609375,2822.949951171875,205.1000061035156,,,-0.0041513850919495665,0.07576609306635396,-0.011666982487533062,0.09943805888471458,0.0,0.10116984873798929,-0.0048688265327599956,0.09771495442227152,-7.830735854252868e-05,0.07279213125898987,0.0,0.0,0.002775890383646784,0.17916179971767154,0.0036882115435017404,0.047041023336199306,0.003911876168142925,0.318889030073646,-0.00461051654536293,0.18009207423567553,0.004926400674293571,0.00866306377967714,0.009534134340475118,-0.06722430022614857,,,0.766093990730174,0.2852139850135237,0.69634479876484,0.6287798979741235,,0.648353918726849,0.3262867543179326,0.5980274963870834,0.667313325638926,
2016-07-07,8337.900390625,8801.4501953125,,8888.7001953125,21924.150390625,,2232.0,11527.0498046875,2796.050048828125,204.0500030517578,-299.51,-159.98,0.00023394997172565546,0.05078835186846087,-0.005755523142226826,0.07178562777164621,0.0,0.04889852943829509,-0.00253048727030436,0.07609423254580006,0.010438918312457579,0.062226841382197584,0.0,0.0,-0.0034379387148917306,0.16065621971728916,0.014562227239197867,0.05669864565629301,-0.009529004342632152,0.2660690124965026,-0.005119468651930914,0.15445546281051103,0.004992683737130117,0.007653643184263018,0.009320405517743645,-0.27058819907631876,-0.03684071523594036,46.97398590249982,0.7440274254281785,-0.13046434987322703,0.659522904079276,0.5598588193790365,,0.6762976953562954,0.30970251948816063,0.5760434234458327,0.6887728622858321,Medium
2016-07-08,8323.2001953125,8870.5,,8825.5,21856.599609375,,2223.949951171875,11569.7001953125,2769.800048828125,203.1499938964844,,,-0.0017630571995113087,0.03142023458726606,0.007845275852867317,0.0671085133093221,0.0,0.04889852943829509,-0.007110172907601187,0.06577228380145739,-0.00308111283887591,0.04473805552285404,0.0,0.0,-0.003606652700772872,0.1452443087758426,0.003700026576414661,0.06317656242862912,-0.00938824396616289,0.20986303128723804,-0.004410728457794333,0.12486150072466606,0.00548897718222573,0.007107070253046854,0.009198134896281317,-0.3807040445455541,,,0.7303779679724012,-0.12051287657445171,0.7108966626114505,0.5332118053045592,,0.7023738392428062,0.36724739704528364,0.5352740676361152,0.6773968223919266,
2016-07-11,8467.900390625,9058.7998046875,,8963.4501953125,22078.349609375,,2275.60009765625,11745.7001953125,2876.5,207.1000061035156,311.18,779.86,0.017385163388715874,0.038159108458463376,0.021227642713206762,0.07920580821962431,0.0,0.04889852943829509,0.01563086457566154,0.060261437817896946,0.01014567700205693,0.055998851342022204,0.0,0.0,0.02322450937223608,0.15583098395936124,0.015212148718538598,0.04808691151952171,0.03852261870564222,0.19861653142804947,0.019443821440841003,0.1295336744444462,0.007431509958864948,0.0075095550814228825,0.009292216709611905,-0.2996170484029691,0.30465037182770016,44.57669318819817,0.7586497906974243,-0.12071731617793507,0.7202000113841935,0.5708468402278407,,0.7252000013542936,0.3683464842892968,0.5531939393085008,0.6777735113725598,Medium
2016-07-12,8521.0498046875,9121.849609375,,9025.150390625,21996.849609375,,2350.75,11680.650390625,2886.699951171875,209.8999938964844,193.66,-56.28,0.006276575256050743,0.04188418471449529,0.006960061602738543,0.07353767322290228,0.0,0.04889852943829509,0.0068835318954263425,0.06794504547322888,-0.003691399105546944,0.05718248302624285,0.0,0.0,0.03302421300699998,0.17066305263251325,-0.0055381802366674115,0.04524835710290831,0.003545959037676072,0.19071084409904482,0.013519979287539341,0.15551886016631866,0.007073088399629281,0.0075612731879538715,0.009278352487656709,-0.2891976099319565,0.23893448888918958,45.09602174748139,0.7652926778464455,-0.12349695876995037,0.7267647244200321,0.5599098770777976,,0.7182588875586227,0.34693811045616696,0.5452597813806489,0.697051950028539,Medium
2016-07-13,8519.5,9069.9501953125,,9039.900390625,21932.80078125,,2390.35009765625,11639.7998046875,2882.050048828125,206.4499969482422,290.53,-654.73,-0.00018187954806314632,0.04404356540270582,-0.005689571335309007,0.040084146258156705,0.0,0.04889852943829509,0.0016343217964902568,0.07962310463874167,-0.0029117273274307243,0.06876398163715236,0.0,0.0,0.01684572908912041,0.1764402521731112,-0.0034972869293551367,0.058601475876785436,-0.0016108021001152162,0.1552460362072854,-0.016436384223734835,0.12721814812031518,0.007223960722446428,0.007536272717766477,0.00924014796524674,-0.29423435389526964,0.293103120443423,44.710569030596226,0.8815339876253299,-0.1259857744289906,0.7303641183764514,0.5606261202248779,,0.7157589950764699,0.3424100208107349,0.5856714613895763,0.6924700421597213,Medium
2016-07-14,8565.0,9115.150390625,,9063.400390625,22020.849609375,,2399.25,11590.650390625,2958.050048828125,205.8000030517578,869.84,-874.15,0.005340689007570898,0.04707238986713547,0.004983510861598761,0.05124678183635156,0.0,0.04889852943829509,0.0025995861662779784,0.08362677669990193,0.004014481734602393,0.05430515360149335,0.0,0.0,0.003723263112159314,0.19093121665614476,-0.004222530875720665,0.05781131895203395,0.026370118045279112,0.224611901812513,-0.0031484325797657142,0.1178707019490306,0.007235305180330646,0.007567781534574087,0.008619405392822868,-0.287886399570519,0.6170468589143946,42.8430820516674,0.8929899987874429,-0.12837294463405882,0.7316865883663414,0.5812010262309208,,0.7299685195212103,0.3291392379132705,0.6457788655738307,0.679184477895217,Medium
2016-07-15,8541.400390625,9204.4501953125,,9067.4501953125,22031.349609375,,2418.89990234375,11607.7001953125,2955.39990234375,204.6999969482422,1461.26,-1033.97,-0.0027553542761237226,0.03923252820006162,0.009796854781391806,0.05631935790767706,0.0,0.04889852943829509,0.00044683060583849965,0.07924631158545159,0.0004768208396250806,0.05315151364637316,0.0,0.0,0.008190018690736656,0.1788011219998782,0.0014709963731880382,0.06472153174336581,-0.0008959099544055826,0.20823361883361668,-0.00534502471916376,0.11038779588268488,0.0070112722391701505,0.007582527730288237,0.008407614283560256,-0.2849155429550891,0.9477623753158065,40.89443923264409,0.8632030199273001,-0.12060549287481034,0.7316694328118156,0.5829019889557813,,0.7219775998258701,0.34877408742358784,0.6468489391684386,0.6873912141061226,Medium
2016-07-18,8508.7001953125,9226.0,,8965.2998046875,21973.5,,2388.60009765625,11556.849609375,2900.25,202.1999969482422,599.09,-439.09,-0.003828434895569499,0.03502097088665734,0.002341237578587174,0.05449038489013347,0.0,0.04889852943829509,-0.011265613642720385,0.06135903926689945,-0.002625786000435615,0.050735206216377726,0.0,0.0,-0.012526274716097796,0.16650798191929828,-0.0043807632073435965,0.06926679748097087,-0.018660724154458408,0.20939488840958687,-0.012212994808359023,0.11068384267346376,0.0074796482035017105,0.007638462621245899,0.008315224710093555,-0.27364656592154396,0.4656464563820449,43.9223624706492,0.8574687462917654,-0.11570137079183337,0.7340368320964173,0.5865881346324976,,0.7257209615159427,0.3677493714810161,0.6702779285895848,0.7007197102561953,Medium
2016-07-19,8528.5498046875,9260.0498046875,,9104.0,21838.44921875,,2399.85009765625,11647.0,2907.800048828125,201.1999969482422,548.9,-377.43,0.0023328603569714446,0.0399339118527009,0.0036906356695751708,0.056655123901324655,0.0,0.008895678127319728,0.015470781606208073,0.08417731926823202,-0.006146075101827186,0.045502164819513524,0.0,0.0,0.0047098716989246725,0.17077277807084124,0.007800602557973102,0.09066055109298077,0.002603240695845166,0.1964040022408562,-0.004945598492051229,0.09466808273982763,0.007207038726031856,0.007610836297740055,0.008315696417799603,-0.2792123299693239,0.4375807640344968,44.02396745616113,0.8606249515330275,-0.13459618067244347,0.7115199027160949,0.5738933350303027,,0.7239737638775163,0.36160160007531755,0.6800169599390656,0.7057086048707382,Medium
2016-07-20,8565.849609375,9279.7998046875,,9199.7001953125,21957.349609375,,2406.64990234375,11925.349609375,2913.949951171875,206.6000061035156,215.21,-45.45,0.004373522526303297,0.036218619478560976,0.0021328179023403226,0.05464255082253655,0.0,0.008895678127319728,0.010511884370880908,0.09517630311312564,0.005444543677712854,0.03501126647102826,0.0,0.0,0.0028334289271403357,0.15801751586370738,0.023898824536361385,0.110434993099086,0.0021149674119540496,0.15198653930495154,0.026839012113218486,0.10333781630715944,0.003993461864036047,0.007530465566770157,0.008319685622666563,-0.29540429720055633,0.25098501030958525,44.94923837173581,0.8642314201131569,-0.13302206802471248,0.7318906557866465,0.5604240637083014,,0.7134311503518014,0.3480661469665775,0.6715763252907219,0.6901394923865255,Medium
2016-07-21,8510.099609375,9208.650390625,,9103.9501953125,21999.30078125,,2387.800048828125,11820.650390625,2832.050048828125,204.3500061035156,420.22,-372.4,-0.006508402848794281,0.02865325487986148,-0.007667128123449385,0.04148462114319185,0.0,0.008895678127319728,-0.01040794786429966,0.08015811128503936,0.0019105753937209702,0.03645132227658099,0.0,0.0,-0.007832403665056442,0.1464374845639198,-0.00877955130704866,0.10302761672927208,-0.028106145855666842,0.10917244141672122,-0.010890609552415276,0.08928571138082764,0.004425665658013524,0.00766139916592917,0.008347315741890196,-0.26902563271081675,0.36562433264811534,44.57794641158151,0.8703034829475729,-0.12474447177560553,0.7425894040946177,0.5481230688096428,,0.7233759382991143,0.381628400075844,0.6841911747796596,0.6988553929008088,Medium
2016-07-22,8541.2001953125,9290.5,,9207.150390625,22000.44921875,,2428.14990234375,11815.75,2797.25,205.8999938964844,437.78,-365.67,0.003654550165692383,0.04115273806777364,0.008888339322592698,0.057637553041844036,0.0,0.008895678127319728,0.011335760092979985,0.07733220893666815,5.220336370781453e-05,0.056003016447023546,0.0,0.0,0.016898338508464228,0.1496105932866556,-0.0004145618441508958,0.10785808007603448,-0.012287935674909711,0.09346602301811524,0.007584965728768545,0.09579563908829258,0.004656252053997138,0.007466868579531642,0.008312595880809613,-0.3082169258894359,0.3754436902417185,44.04873474787646,0.8677990122683423,-0.13815369925384308,0.836174900407282,0.5073715305051328,,0.780624625078272,0.34695550630728433,0.677959835451693,0.7154049702973592,Medium
2016-07-25,8635.650390625,9378.7998046875,,9326.2998046875,22139.0,,2442.0,11869.599609375,2897.949951171875,208.9499969482422,891.01,-67.89,0.011058187743255843,0.056988708400573795,0.009504311359722406,0.07947469764193249,0.0,0.0,0.012940965337529642,0.09119088540184861,0.0062976341924836365,0.0692844550701539,0.0,0.0,0.005703971424038334,0.15529272619751633,0.0045574431902333234,0.1137216675820567,0.03599962505027254,0.15027679315702747,0.014813031287854939,0.12187917824559569,0.005984869764197106,0.007595842944164024,0.008371683605497822,-0.28223298048300777,0.6288848885417624,42.83989490295333,0.8676232871994084,,0.8454294754950987,0.5011065467963554,,0.7633711467843055,0.33426793314392717,0.6912519084741499,0.7140760588662737,Medium
2016-07-26,8590.650390625,9255.400390625,,9310.400390625,22059.650390625,,2439.449951171875,11691.150390625,2864.89990234375,206.25,670.89,-418.29,-0.005210956669673972,0.05918801163769283,-0.013157271360118572,0.07632203498776557,0.0,0.0,-0.001704793368803026,0.09175763835846729,-0.0035841550826595237,0.06831567584992015,0.0,0.0,-0.0010442460393632613,0.16879479927747987,-0.015034139703335447,0.09195737369200763,-0.011404630647523839,0.15578412600857283,-0.01292173719873746,0.1258187960465409,0.006317368143382626,0.00751898098439718,0.008398758944892845,-0.2977180497221961,0.5057962214857299,43.39260607441927,0.8615587685866989,,0.8478636265340047,0.50289551782242,,0.7506687874570356,0.3859499182023504,0.6851168091217114,0.7086855940026201,Medium
2016-07-27,8615.7998046875,9330.75,,9286.5,21904.150390625,,2462.050048828125,11569.900390625,2894.75,205.6999969482422,404.69,-152.47,0.0029275331807177007,0.06251807604357817,0.00814115070065724,0.08331441770203774,0.0,0.0,-0.0025670636731226493,0.09486732584077173,-0.007049069103383654,0.057254758149589025,0.0,0.0,0.009264423582616699,0.17140070017643216,-0.010371092317589925,0.07313521170085124,0.010419246282157957,0.13206622659835698,-0.0026666814630681435,0.10859603107019988,0.005993255249704063,0.007509713703982762,0.00830431532028482,-0.29958509135516437,0.3569401285804242,44.263338132255484,0.8596926460254108,,0.8438354724887336,0.4903762504852924,,0.7532670884916022,0.37246468902558477,0.7310762234771745,0.7151867429727444,Medium
2016-07-28,8666.2998046875,9404.349609375,19076.328125,9328.0498046875,22290.849609375,,2440.449951171875,11615.75,2896.199951171875,207.6999969482422,1767.06,-1074.47,0.005861324676151858,0.05601591611553114,0.007887855678804012,0.08224717757587441,0.0699970870288209,0.0699970870288209,0.004474215763473843,0.08351676622994031,0.017654152836510173,0.06369267301072012,0.0,0.0,-0.008773216314806875,0.1520522287000612,0.00396283527316732,0.07649928271259987,0.0005008899462388694,0.09975316163731729,0.009722897567680633,0.11456930585162883,0.006190301182739082,0.007307628569732083,0.00830820819535114,-0.34029836884086695,1.1187623498103312,39.20384547504761,0.8655360411855214,0.10382228373894799,0.8324613948420925,0.4672135326193028,,0.7283524392393166,0.394464919281668,0.7032682394703501,0.7381830380488058,Low
2016-07-29,8638.5,9470.849609375,,9311.849609375,22228.849609375,,2422.699951171875,11697.25,2862.89990234375,207.3999938964844,-14.02,148.34,-0.003207805558776422,0.061143015078463314,0.0070711960701361765,0.09962495636093949,0.0,0.0699970870288209,-0.0017367183550369703,0.08815069931346775,-0.002781410358352776,0.06520718347485177,0.0,0.0,-0.007273248931606524,0.13611104909660132,0.007016335578847732,0.08688277375612863,-0.011497841789083307,0.08111468478008543,-0.0014444056628105661,0.12108104808910491,0.0064273535752431814,0.00713420417639265,0.00832388817931887,-0.37523748237338156,0.12280213211017424,44.76033741885837,0.8379323131310688,0.10209599423118532,0.8283129635111016,0.459358438217434,,0.7659746145218401,0.3647008661430983,0.7401121342583061,0.7361813442606691,Medium
2016-08-01,8636.5498046875,9530.0498046875,,9296.2998046875,22136.900390625,,2459.0,11685.400390625,2824.60009765625,207.5,-1236.95,1003.99,-0.00022575624385023918,0.05707933688608513,0.006250779787897676,0.09853946769284971,0.0,0.0699970870288209,-0.0016698943109910713,0.08708314576562914,-0.004136481210940457,0.051904089482576854,0.0,0.0,0.014983303570285988,0.15378299120234606,-0.0010130252302891218,0.09686535126118634,-0.013377975477293247,0.07248363519900325,0.00048218952005130156,0.0810106970512261,0.005545668474485168,0.007138751218351514,0.008248302079745773,-0.3743214081569539,-0.5610467848570889,48.87442381125909,0.8319173396275586,0.1054204418028678,0.8348777517079572,0.46089259577570674,,0.7540584255225918,0.3940705562609624,0.744799111190794,0.7814266198646029,Medium
2016-08-02,8622.900390625,9469.599609375,,9298.349609375,22638.849609375,,2411.300048828125,11567.7998046875,2844.85009765625,205.0,-84.56,279.49,-0.001580424402241265,0.04665902659768162,-0.00634311431224277,0.07620707003275284,0.0,0.0699970870288209,0.00022049683536096154,0.07704552182441571,0.022674774240867723,0.07749910247846081,0.0,0.0,-0.019398109463958924,0.11330170254812977,-0.010063890154063393,0.08253440087147967,0.0071691564468905344,0.06712562431739255,-0.012048192771084376,0.05670103092783507,0.005656492995414054,0.0070576975746556225,0.008159382289647441,-0.39065095906258673,0.0833569450570553,44.81204682090663,0.8256607548092935,0.11549793426559979,0.8313078699287592,0.40599707555005105,,0.731810640763866,0.4067678440758153,0.7330459536085445,0.7797216580695738,Medium
2016-08-03,8544.849609375,9301.75,,9167.150390625,22084.55078125,,2411.14990234375,11553.2001953125,2824.300048828125,202.0500030517578,775.07,-1341.51,-0.009051569392458547,0.03953201417387153,-0.01772510098619451,0.05004259152713586,0.0,0.0699970870288209,-0.01410994684666611,0.0639003543666592,-0.024484407895684734,0.05180805511567277,0.0,0.0,-6.226785606711083e-05,0.11482793041834305,-0.001262090425275475,0.08711961307085958,-0.007223596366309537,0.06758648604351736,-0.014390229015815548,0.037217658554521194,0.004985584118823182,0.007289140907068279,0.00823179182619247,-0.34402300372251937,0.5640525241111045,42.48740881066314,0.8529914061271459,0.11769860803404578,0.8430784459250504,0.4680665345615707,,0.7165207710455384,0.4044465623086645,0.7280411509150636,0.7952694044271352,Medium
2016-08-04,8551.099609375,9439.75,,9179.0,22072.349609375,,2451.89990234375,11591.0,2843.949951171875,206.8500061035156,180.27,-159.01,0.0007314347572768831,0.04234667354872368,0.01483591797242445,0.07536280672213014,0.0,0.0699970870288209,0.0012926164478679336,0.06830698168170923,-0.0005524754384118591,0.057226406404666585,0.0,0.0,0.01690064975238137,0.13479740502339999,0.0032718038334380584,0.08362548497171973,0.006957441491354022,0.0803434078227574,0.02375651066200768,0.060497323081951215,0.004748313057394081,0.007263737929858923,0.008231289064308851,-0.3491408391532274,0.23144694912960265,44.42162823538365,0.8304561779747195,0.11576808975980644,0.8418750669163926,0.4628040946493839,,0.7011464539189791,0.41353647832656076,0.724328300593827,0.7671961262638806,Medium
2016-08-05,8683.150390625,9738.650390625,,9392.7998046875,22151.900390625,,2517.550048828125,11678.900390625,2914.89990234375,211.8000030517578,,,0.015442549763450941,0.04990057198414766,0.03166401553272058,0.09790649322339262,0.0,0.0699970870288209,0.0232922763577188,0.09186862013222896,0.003604092117869051,0.05157502983169082,0.0,0.0,0.026775214771867617,0.16115128668302714,0.007583503634285282,0.08207102809285516,0.02494767924542396,0.08538121699042689,0.023930368876881047,0.0985477162824493,0.007735828396676431,0.0076112343360525666,0.008224143786255581,-0.27913213879481064,,,0.8470853684488324,0.10443944675892743,0.8766582739399128,0.4352503467860813,,0.7408747521720525,0.4094097148292862,0.7352836130248006,0.8282876637673824,
2016-08-08,8711.349609375,9797.5498046875,,9503.0498046875,22200.400390625,,2531.75,11692.650390625,2905.35009765625,213.6000061035156,1156.19,-876.34,0.0032475792173825013,0.07699101256090013,0.006048005801625234,0.1350725946139808,0.0,0.0699970870288209,0.011737714237769703,0.12751682129321806,0.002189428407710192,0.06784293492179128,0.0,0.0,0.00564038485689089,0.21336653363379132,0.0011773368673506646,0.08791107046164148,-0.0032762033028377324,0.10933566157168761,0.008498597855628454,0.15490678360644172,0.007530223827081094,0.00616564574857187,0.008215773836687939,-0.5703690450150343,0.777170608739467,38.49254780738279,0.7947291299845576,0.10315851572302687,0.8438657144213326,0.3574002995498853,,0.6130899725745645,0.40280344124088446,0.7143137526504454,0.7600564788979454,Low
2016-08-09,8678.25,9747.599609375,,9464.5498046875,22014.400390625,,2510.0,11595.150390625,2926.39990234375,214.3999938964844,111.41,-587.43,-0.003799596028080332,0.07209035425739718,-0.00509823336530546,0.13273051420063475,0.0,0.0699970870288209,-0.004051330971769684,0.11707073564135695,-0.008378227271907512,0.04834222129957033,0.0,0.0,-0.008590895625555484,0.19737626714370893,-0.008338571388243565,0.05756090105206235,0.007245186975738616,0.08662871643372494,0.0037452610960184707,0.14163999154672857,0.007585381970336702,0.006265199386392827,0.008040589607144481,-0.550312374857951,0.19294119947723845,42.23860430484116,0.8022660589808887,0.10609523001616915,0.8508992499698209,0.3912816905350302,,0.6283894231403718,0.4785217775556541,0.7395415255087308,0.7648662558583291,Medium
2016-08-10,8575.2998046875,9559.349609375,,9265.25,21829.80078125,,2494.25,11361.900390625,2878.199951171875,211.25,,,-0.011863013316336768,0.055051422166395136,-0.019312446914514836,0.10912129142814919,0.0,0.0699970870288209,-0.02105750498442016,0.0883775887009719,-0.008385402559209054,0.018489783808057547,0.0,0.0,-0.006274900398406391,0.17884060064694918,-0.020116168582736904,0.02959133990395557,-0.016470732907444274,0.06869152062753536,-0.014692136129468736,0.1133069828722002,0.00896662695719025,0.006768451926455601,0.00815924346723936,-0.44892411398991316,,,0.8353055767578547,0.1130503203462092,0.8744128241135928,0.4301054674314724,,0.6394052210463318,0.5618197640300052,0.7548894263099938,0.7777253959537059,
2016-08-11,8592.150390625,9513.25,,9336.849609375,22235.150390625,,2474.300048828125,11376.900390625,2796.949951171875,210.1000061035156,86.66,294.06,0.00196501420606765,0.04731233430338855,-0.004822462956035167,0.08788749614303226,0.0,0.0699970870288209,0.0077277579531043195,0.08240154193188665,0.018568635299831104,0.03899414198951501,0.0,0.0,-0.007998376735241064,0.15502759089998897,0.0013202016814350959,0.026360676442657827,-0.02822944944006356,0.033973457305739085,-0.005443758089866968,0.0749552795293873,0.009027111648356354,0.006616604517383984,0.008145815109370055,-0.47951619946884266,0.17910127348397656,43.17119796547003,0.820072578496317,0.1226896217279647,0.8665056433087924,0.429790651440971,,0.6206034267102499,0.5609458332230546,0.7196685399774992,0.7624607575349693,Medium
2016-08-16,8642.5498046875,9558.599609375,,9445.400390625,22396.0,,2550.10009765625,11420.0,2984.39990234375,207.6499938964844,684.73,-108.98,0.0058657509204553815,0.04281014807245631,0.0047669943894042,0.07839228423353539,0.0,0.0699970870288209,0.011626060801172677,0.08504219531879098,0.007234023901309783,0.036446427657873315,0.0,0.0,0.0306349461796378,0.1686448758218111,0.0037883437399623965,0.024950637228504657,0.0670194155935242,0.09519262471330281,-0.011661171517644231,0.03695377726084592,0.008404380213031231,0.006466751343046348,0.008145391875157186,-0.5097065145137556,0.5135353962633761,40.802309448254675,0.8108255366884903,0.12976048244250898,0.8720660544454913,0.41746086110394,,0.602089376101048,0.5608235453620426,0.6604724883691593,0.7009638090796049,Medium
2016-08-17,8624.0498046875,9647.0,,9388.0,22342.849609375,,2599.800048828125,11496.7998046875,2995.5,208.6999969482422,0.05,-89.37,-0.0021405719860551065,0.0355052572456418,0.009248257510263036,0.08456021446751039,0.0,0.0699970870288209,-0.006077073310938985,0.06087489487328135,-0.00237320908309524,0.0144128693744483,0.0,0.0,0.019489411893107045,0.18218410034594767,0.0067250266801663905,0.021855976457439752,0.003719373414914351,0.09225159525979953,0.005056600446043058,0.03624629231870702,0.008526239510501524,0.0064638236200797675,0.007832234856647321,-0.5102963510595343,0.13066992034149524,43.092424265236616,0.7937571072169026,0.13667544328332334,0.8800505059597593,0.41201837519479084,,0.5687524236879385,0.5355572767500145,0.6575632017975847,0.6898375369838944,Medium
2016-08-18,8673.25,9678.599609375,,9508.349609375,22262.099609375,,2595.050048828125,11565.2998046875,3028.60009765625,211.3500061035156,162.17,-14.42,0.0057049989769026865,0.03614390643890508,0.0032755892375868623,0.08057466168825411,0.0,0.0699970870288209,0.012819515272155968,0.06181008326711934,-0.003614131653382202,0.025933957013940523,0.0,0.0,-0.0018270635859635176,0.16187600126623014,0.005958179768605687,0.021683167513923518,0.01104994079661159,0.07704623135062794,0.012697696186026342,0.02572192658704542,0.006337238893656168,0.006477700942268369,0.007845182344468042,-0.5075005428912691,0.2213256295143283,42.5820397082188,0.7872633043872044,0.13578017329225125,0.8807747598460217,0.4531302544526997,,0.5415509068248406,0.5361054570325731,0.6548210555375468,0.6998906939467876,Medium
2016-08-19,8666.900390625,9638.5498046875,,9522.900390625,22234.75,,2629.800048828125,11587.400390625,3135.64990234375,210.1499938964844,409.94,106.19,-0.0007320911278931863,0.03970155621834226,-0.004137975151767503,0.08880635526778247,0.0,0.0699970870288209,0.0015303161797557419,0.06863800147285737,-0.0012285278502429664,0.024753814339596225,0.0,0.0,0.01339087853650156,0.17417516013791867,0.0019109393021132792,0.01987403085949979,0.035346299027839034,0.11077063234580753,-0.005677843257044679,0.024622075293454726,0.0061580654771969294,0.0064099415880790375,0.007770403749147414,-0.5211517468731521,0.35987587045778274,41.58692381477548,0.7822555011107961,0.13385716968626885,0.8777494089095762,0.4570237963648274,,0.5322367634121258,0.5506862500425238,0.6192998108849399,0.6991757883301404,Medium
2016-08-22,8629.150390625,9539.0,,9466.849609375,22388.19921875,,2608.699951171875,11473.7998046875,3100.39990234375,210.25,-300.5,52.5,-0.0043556517669032235,0.03493085625338921,-0.010328296964247308,0.08379866821041682,0.0,0.0699970870288209,-0.005885893892703109,0.06504318982064339,0.006901324222219785,0.02116610312632372,0.0,0.0,-0.008023460820016481,0.16877237955729174,-0.009803802587973975,-0.004619568831770393,-0.011241688676293937,0.10884993050935687,0.0004758796403527832,0.03038469421962975,0.006207883918774935,0.006490975440635287,0.007795377285719886,-0.504826183208654,-0.03739431227567084,44.16645167515017,0.7929760772911524,0.13663758648939411,0.8818570958682209,0.4422382741076552,,0.5464620881950747,0.5980084696599248,0.6280995944623908,0.69181872349445,Medium
2016-08-23,8632.599609375,9526.2998046875,,9355.150390625,22176.099609375,,2597.35009765625,11409.0498046875,3112.699951171875,209.5500030517578,-0.19,-451.87,0.0003997170745508871,0.037173131343968935,-0.0013313969297096273,0.0739304215870018,0.0,0.0699970870288209,-0.011798985233628767,0.06001364122429331,-0.009473723514009436,0.014618010381768354,0.0,0.0,-0.0043507700111415915,0.16789952772436156,-0.0056432917692661455,-0.013885441101584295,0.003967245908770289,0.12379951487430563,-0.003329355282959301,0.031503860928169924,0.00384357097629612,0.006469302641740889,0.0076545050588532,-0.5091925146488723,0.13053571499853028,43.106475534222355,0.8062868655238263,0.13499061206862709,0.8603645621266982,0.4340600668719509,,0.5402624591866233,0.6079114494256539,0.6245236721975912,0.6895334632294816,Medium
2016-08-24,8650.2998046875,9529.0,,9462.2998046875,22193.849609375,,2595.550048828125,11536.5498046875,3109.0,210.1000061035156,-39.28,129.18,0.0020503899304304962,0.02154009915662658,0.00028344639239374914,0.05190535230386639,0.0,0.0699970870288209,0.011453521278490308,0.055653749226595384,0.0008004112676558428,0.0052313692845482596,0.0,0.0,-0.0006930328066860891,0.1406002537534634,0.011175339067028611,-0.017806549388044823,-0.0011886629710268215,0.0808273944029203,0.0026246864411734183,0.014485755246672838,0.003847431946777837,0.005710790257346605,0.007645535260483083,-0.6620069475199163,0.10867701976311181,41.40385451118233,0.7800096049452334,0.16982547487634306,0.8614567190259775,0.3949146122940502,,0.4896683913798002,0.5358381129913842,0.5679991059597775,0.6605764703873341,Medium
2016-08-25,8592.2001953125,9470.849609375,,9429.2001953125,22283.19921875,,2553.85009765625,11490.849609375,3069.75,208.6000061035156,-372.08,-357.02,-0.006716485056797228,0.008349955962686506,-0.0061024651721062195,0.03825978446753986,0.0,0.0699970870288209,-0.0034980512199161984,0.04476931543514362,0.004025872525388996,0.01301775547226347,0.0,0.0,-0.016065939930806628,0.08639799964107198,-0.003961339922784468,-0.01624916206740812,-0.012624638147314293,0.06341152593771127,-0.007139457193832466,-0.0061933674643646075,0.004109402120768455,0.0057677602429392115,0.0074722801690082,-0.650529434142257,-0.07742105581497127,42.65817312518274,0.7825003959108747,0.18233032125172707,0.8574178378872305,0.38901856192319345,,0.49658706598054614,0.5690398191053612,0.587602509493631,0.651884355947117,Medium
2016-08-26,8572.5498046875,9538.400390625,,9488.349609375,22252.650390625,,2551.949951171875,11395.4501953125,3018.89990234375,206.1499938964844,341.35,-266.43,-0.0022870033493540554,0.006226868324138657,0.007132494341704376,0.05164859621330686,0.0,0.0699970870288209,0.006273004373361868,0.049607761078326984,-0.0013709354669008134,0.014583163024415757,0.0,0.0,-0.0007440321129728034,0.06760509838038975,-0.00830220717401664,-0.020992595532149716,-0.01656489865827837,0.047483510416923336,-0.011745024618145972,-0.0014531511561756139,0.0041175672623890045,0.005786515284381768,0.007441108772446257,-0.6467509315357295,0.3215211018162542,40.30986221067372,0.772413560218102,0.18402970919480469,0.8443860192037591,0.390566126641682,,0.5129521492448005,0.5731400558492366,0.5909395679895667,0.6718830226594782,Medium
2016-08-29,8607.4501953125,9697.0,,9608.2998046875,22192.80078125,,2579.85009765625,11382.349609375,3045.449951171875,206.25,286.52,17.49,0.004071179686342186,0.004956239966433129,0.016627484995375363,0.06383324294609949,0.0,0.0699970870288209,0.012641839756197815,0.0601208586819284,-0.0026895497086592,0.00780856210932912,0.0,0.0,0.010932873691963607,0.07527356367875382,-0.0011496330301096203,-0.017971448903202347,0.00879461051607322,0.029546458275232723,0.0004851132984549089,0.0021865740601034744,0.0037103750424205464,0.005752340728841208,0.007447865296756132,-0.6536359414986467,0.29086077283805006,40.411204064987935,0.7751817114601014,0.18651244365908223,0.8552014284429572,0.37291997652710684,,0.5245193376825282,0.5894502185474239,0.5789369023550208,0.6860452581555807,Medium
2016-08-30,8744.349609375,9866.0498046875,,9720.4501953125,22546.94921875,,2606.89990234375,11552.75,3109.300048828125,208.0,390.63,485.14,0.015904758198549196,0.023760649245849308,0.017433206629627662,0.07187823230462254,0.0,0.0699970870288209,0.011672240969238468,0.07201583531581734,0.015957807263299983,0.023402997025456784,0.0,0.0,0.010485029619385466,0.07772128140475787,0.014970581336269273,-0.004733943364137794,0.02096573533631063,0.05207422060287881,0.00848484848484854,0.01612116805547492,0.007432685241745036,0.006396683254436831,0.007611058774849224,-0.5238228499138319,0.3490779322383934,41.619658207603656,0.8075051687601353,0.14935949380300997,0.8311567181694482,0.45460442925725364,,0.5312195224179697,0.6461667412950461,0.590023850905583,0.6632441607913857,Medium
2016-08-31,8786.2001953125,9897.2998046875,,9663.650390625,22609.30078125,,2566.75,11489.150390625,3110.39990234375,205.5500030517578,854.19,847.7,0.00478601471887985,0.03261367701648199,0.0031674277566642317,0.07276173907300021,0.0,0.0699970870288209,-0.005843330663315438,0.07789483911875061,0.0027654101623713068,0.028934888900266298,0.0,0.0,-0.015401397770452574,0.0745833940635583,-0.005505148936400417,-0.0058579302351638995,0.00035373026030072197,0.072459237080855,-0.011778831481933594,0.01656778513390944,0.007068505523071704,0.006374933177085425,0.007614941208923687,-0.5282047503333098,0.6082955521752209,40.01176968294895,0.8115713625415583,0.14136175053020367,0.7986778951757161,0.45139270079672056,,0.4668109327015855,0.6229843974401569,0.5740541507245377,0.616285487457541,Medium
2016-09-01,8774.650390625,9939.9501953125,,9535.2998046875,22715.55078125,,2574.550048828125,11463.349609375,3086.800048828125,201.25,,,-0.0013145392127147382,0.028856088265115876,0.0043092956126074,0.07342297341433635,0.0,0.0699970870288209,-0.013281791119225228,0.047374758862862576,0.004699393449978606,0.04016317979881734,0.0,0.0,0.003038881397925408,0.0727961931215999,-0.002245664855345053,-0.01576804246801755,-0.0075874017028620955,0.0615585655802362,-0.020919498846589946,0.00024852411787401607,0.007186206482818772,0.006385183810531101,0.007585192070715224,-0.5261395965285756,,,0.8069962932159939,0.1447310734017346,0.7997716217474917,0.455026235690004,,0.46443934441773804,0.6263746940960965,0.5768913697982999,0.6098354618097053,
2016-09-02,8809.650390625,10052.9501953125,,9503.400390625,22789.30078125,,2570.949951171875,11555.150390625,3129.050048828125,202.8000030517578,-680.7,-174.14,0.0039887629069979,0.02846194976189742,0.011368266216594147,0.08331541702380907,0.0,0.0699970870288209,-0.003345402317273538,0.03301196657117633,0.0032466745231145566,0.03788941683197433,0.0,0.0,-0.0013983405208567445,0.06826919389817321,0.008008198683474133,-0.03104304954371917,0.01368731350643837,0.07381736174629405,0.007701878518051153,-0.01839304423763577,0.007209760295882721,0.006378491226914753,0.007474528067719085,-0.5274879243750497,-0.2499979430893343,45.17013256603541,0.8127345445926478,0.14526269460226438,0.7846297278287349,0.4519355849241596,,0.45863009123759424,0.6715473076981895,0.583785060453826,0.6303033436584021,Medium
2016-09-06,8943.0,10348.5498046875,,9591.5,22972.80078125,,2607.050048828125,11612.7001953125,3202.0,206.0500030517578,234.2,-317.74,0.015136765190694401,0.050869015698488784,0.029404264781181633,0.12378571948208505,0.0,0.0699970870288209,0.009270324910429784,0.05355365464746642,0.00805202413893169,0.04425140642786762,0.0,0.0,0.014041540419639453,0.09182092114773299,0.004980446185641307,-0.017592111130993793,0.02331376936562446,0.13062973633709496,0.01602564078448543,0.008319045253079471,0.007217814636949269,0.006720143208837743,0.007617981589752835,-0.4586566766182683,0.26160400807168804,42.92649583215065,0.835279567290529,0.11759960252768653,0.7624842425408231,0.47759093628799626,,0.465155323797107,0.6537432122521535,0.5762124469539178,0.6484734747161497,Medium
2016-09-07,8917.9501953125,10359.849609375,,9550.2998046875,23008.19921875,,2632.949951171875,11633.0498046875,3298.550048828125,207.3999938964844,,,-0.002801051625573092,0.04410972596178753,0.0010919215639646485,0.11510140566977012,0.0,0.0699970870288209,-0.004295490310431083,0.037269882591676184,0.0015408847113187463,0.04580588286993437,0.0,0.0,0.00993456276583271,0.08434407143909994,0.0017523581107530273,-0.01546242898779171,0.030153044605910395,0.17921174325788725,0.006551763284310619,0.00728509006539424,0.007315231583919735,0.0067578892599605145,0.007388558280463335,-0.45105213183545106,,,0.8330903540389584,0.12295680241284479,0.768963461934309,0.4766974569856683,,0.4454036010089033,0.6426799933707557,0.5455640546278351,0.6273184456445482,
2016-09-08,8952.5,10458.650390625,,9601.400390625,23186.150390625,,2660.25,11936.650390625,3323.35009765625,213.3500061035156,144.15,-610.15,0.0038741867728371293,0.036690879672361065,0.009536893388934153,0.11513739587423477,0.0,0.0699970870288209,0.0053506787203077,0.029497291712542895,0.007734250307168011,0.047298901965987517,0.0,0.0,0.010368616697774335,0.08937346437346427,0.026098107635984302,0.005648950550702692,0.007518469770357417,0.14679347595784087,0.02868858429186316,0.021057713422045765,0.007322834865785603,0.00652954100337351,0.007391962022026367,-0.4970565347237446,0.2112490450133756,42.76782731323481,0.8435875662881009,0.13418347368001196,0.7568600960628105,0.47492337953115776,,0.4548214636122695,0.5822319098588473,0.5080547069741913,0.5762774549747102,Medium
2016-09-09,8866.7001953125,10299.2001953125,,9668.2001953125,22703.69921875,,2607.199951171875,11818.7998046875,3287.949951171875,214.6499938964844,-315.24,-328.26,-0.009583893290980194,0.032133749149977575,-0.015245771620344906,0.11277737976033841,0.0,0.0699970870288209,0.006957298099215192,0.038430120045941596,-0.020807730638634725,0.029195785822549114,0.0,0.0,-0.01994175315407387,0.06876550179658958,-0.009873003068772035,0.010918464804358319,-0.010651946212149155,0.14766660729822756,0.0060932165726681475,0.04072724313446985,0.007703094829552789,0.0067240243011230235,0.007446693485995177,-0.4578747685984421,-0.0456367570894357,44.779323319355306,0.8530492990532966,0.13439675140653498,0.6894367652168161,0.5276540006990964,,0.5047171773236091,0.5874390387651112,0.5108084029655561,0.5104615182030575,Medium
2016-09-12,8715.599609375,10013.5,,9514.5498046875,22291.25,,2485.699951171875,11622.599609375,3132.0,204.0,200.52,289.57,-0.017041355026008564,0.011583347680989897,-0.027740037080018265,0.07317203868928002,0.0,0.0699970870288209,-0.015892346819576186,0.02455713182442265,-0.01816660865597519,0.017672432049255837,0.0,0.0,-0.04660171919126821,0.00960577643618854,-0.01660068691870764,0.004554855009184067,-0.04743075578638056,0.08195871836946189,-0.049615626365311694,-0.008264448096564347,0.010354654294697006,0.007480332176789392,0.007640251178110341,-0.30550446921545527,0.24277052494227147,44.8773232197609,0.8807057235725781,0.1376147957616672,0.7304139215832763,0.6047213875711445,,0.6210041382294126,0.6690007009365444,0.6060919467652092,0.6354256748556583,Medium
2016-09-14,8726.599609375,10086.25,,9540.7001953125,22326.69921875,,2496.550048828125,11640.599609375,3213.39990234375,204.0500030517578,-477.33,-8.53,0.0012621047883116798,0.006957964303852648,0.007265191990812436,0.0725090430437878,0.0,0.0,0.002748463265399792,0.022796875561078123,0.0015902750518701492,0.0016082657235245712,0.0,0.0,0.004365006987723907,0.022987604244582682,0.0015487068818478278,0.0021393030475862496,0.025989751706178232,0.10952280799657088,0.000245112998812802,-0.017573394078546523,0.010391731796078284,0.0074115912115158685,0.007608201139438249,-0.31935343442604996,-0.1362756905943981,46.98541293045379,0.8803700558155872,,0.7300113279252965,0.5965187388829796,,0.6465095759562636,0.6670556569958171,0.6079676512957848,0.6292876658794612,Medium
2016-09-15,8742.5498046875,10064.0498046875,,9561.400390625,22526.599609375,,2489.800048828125,11715.650390625,3182.89990234375,203.6000061035156,345.42,-456.91,0.001827767518446155,0.012044892595647338,-0.002201035599206813,0.06263431685424536,0.0,0.0,0.002169672549051427,0.02679927100613355,0.008953423372906055,0.013394755249701351,0.0,0.0,-0.002703731096105333,0.027696412683623217,0.006447329499208676,0.0015730526940092027,-0.00949150461408621,0.11177477764347543,-0.002205326839069266,-0.018322024613295906,0.010259168446642786,0.007387382523377817,0.007604234445282415,-0.3242306612511894,0.32379700075736834,44.16645006044151,0.8872254888991878,,0.7296831650276682,0.5930540019038628,,0.6407713613446699,0.6871870659023223,0.5953130655785086,0.629433694857763,Medium
2016-09-16,8779.849609375,10117.9501953125,,9644.849609375,22762.5,,2450.89990234375,11725.5,3154.449951171875,205.5500030517578,660.59,-213.13,0.004266467508998506,0.016592251295734384,0.005355735680073304,0.06168912048453645,0.0,0.0,0.00872771930268934,0.03749339113522887,0.010472081659711474,0.028260488069049794,0.0,0.0,-0.01562380340649605,-0.0032940616739528528,0.0008407223710671374,0.0034315990924171924,-0.008938374452468811,0.11677754093024428,0.009577587867314552,-0.009397575654179202,0.007968190600821353,0.007419185595437,0.007608159127134996,-0.3178234245069114,0.5000365755168168,43.18589945281616,0.8894076337114197,,0.7326240467015417,0.5985795283977445,,0.6208409027052108,0.6852751865402146,0.5825893058233889,0.6337402524667597,Medium
2016-09-19,8808.400390625,10146.349609375,,9727.150390625,22668.349609375,,2485.550048828125,11766.650390625,3173.550048828125,208.6000061035156,205.38,-252.28,0.003251853109136782,0.02151248322451682,0.0028068347357210754,0.07146553475502926,0.0,0.0,0.008533132664920062,0.04611579465862037,-0.004136206068094506,0.0013030697455485019,0.0,0.0,0.01413772404627367,0.030792517934914443,0.0035094785403606554,0.017190009275309448,0.006054969313795677,0.1155420988412279,0.014838253497810872,0.01756100538300287,0.008265539621175171,0.007423225008398153,0.007424620788600322,-0.3170096202586347,0.24548818313731197,44.72295545807251,0.889185578634925,,0.7335151505985863,0.6653705951017428,,0.6271944911368297,0.6910029794648846,0.5852053372795899,0.6336781747093846,Medium
2016-09-20,8775.900390625,10075.0,,9694.349609375,22487.19921875,,2495.10009765625,11746.400390625,3161.300048828125,205.5,-1146.93,777.52,-0.0036896597064991488,0.027039771536353507,-0.00703204720139694,0.08312951863896578,0.0,0.0,-0.003372085341829756,0.057509607270014085,-0.007991335661687526,0.01823213166019455,0.0,0.0,0.003842227531337672,0.034817493193142646,-0.0017209655533009238,0.01672265623778313,-0.0038600305057496787,0.11932159974993795,-0.014861006772824648,0.01707496607836445,0.007896244733064793,0.007241765086666807,0.007441321886888338,-0.35356761930876685,-0.5107085974666471,48.821440153094684,0.8832043599371643,,0.7169890453827715,0.6487960262153752,,0.6351617872651779,0.7039263607535606,0.5846378548212077,0.6245465775776574,Medium
2016-09-21,8777.150390625,10095.9501953125,,9676.849609375,22343.05078125,,2511.85009765625,11730.9501953125,3123.25,206.1000061035156,183.85,-230.59,0.0001424355273373923,0.02643528804203954,0.002079423852357376,0.0695145735122753,0.0,0.0,-0.0018051752520948927,0.05423789185913508,-0.006410244161478729,0.01226426622746235,0.0,0.0,0.006713157526519353,0.0244505068315366,-0.0013153131852061684,0.012074039799197633,-0.012036202904001425,0.0982084965008041,0.0029197377300029803,-0.0036258157015700565,0.0073430564021986335,0.007243078443467312,0.007413350322044931,-0.35330302260770335,0.23344884549549666,44.35967065573458,0.8987836199029022,,0.716527781619913,0.6445690798199385,,0.644793915316579,0.7053854116190228,0.5821872833771052,0.6512420120917393,Medium
2016-09-22,8867.4501953125,10250.349609375,,9828.0,22401.75,,2540.550048828125,11844.4501953125,3212.10009765625,208.8999938964844,336.87,310.35,0.010288054854791007,0.02122499281902157,0.015293202826434982,0.052543134646520606,0.0,0.0,0.015619793292908524,0.04633338348117588,0.00262718011630092,0.011278924379812594,0.0,0.0,0.011425821627912613,0.009135866041950713,0.00967526058079704,0.014175119159368199,0.028447962108780978,0.10195897124067055,0.013585578408777277,-0.013692205446119488,0.004285450410032675,0.006940934604410078,0.007453485652268753,-0.414174724060386,0.3190159354142415,43.11580769878992,0.8873244131595931,,0.6895775095018201,0.6588883828563965,,0.6076188735637913,0.7219330172892373,0.5861218447290162,0.6244949624591597,Medium
2016-09-23,8831.5498046875,10224.9501953125,,9886.0498046875,22315.75,,2542.0,11798.650390625,3176.0,210.5500030517578,-299.98,496.14,-0.00404855847332275,0.013798114035412201,-0.002477907098824228,0.04362319142491278,0.0,0.0,0.005906573533526638,0.04030285096591624,-0.0038389857935205995,0.005195834640158603,0.0,0.0,0.0005707233252671973,0.004048582995951344,-0.003866773377596333,0.00906552376568004,-0.011238783524396001,0.0931556932027171,0.00789856009326173,-0.01427904009646741,0.004954520542506222,0.006977178627116216,0.0073632411924499635,-0.4068727868886855,-0.03710353403258009,45.340147761531256,0.8862365195196686,,0.67222235650092,0.661515967483412,,0.6006769405667606,0.725194269107798,0.5987859665531968,0.6004095704962725,Medium
2016-09-26,8723.0498046875,10048.650390625,,9860.650390625,21977.099609375,,2539.449951171875,11708.7001953125,3143.199951171875,205.5500030517578,-206.4,-113.35,-0.012285499419638857,0.005162308609166555,-0.017242118672453066,0.030884606807244808,0.0,0.0,-0.0025692176920307785,0.041850969577160724,-0.015175398121282102,-0.0016943809773662943,0.0,0.0,-0.001003166336791872,0.011733048275647473,-0.007623769866422436,0.009792870369262907,-0.010327471293490209,0.07408421817349375,-0.02374732808135316,-0.04127794354788794,0.007245280426610757,0.007320258902859779,0.007486715517630471,-0.33775378653266575,0.01522536594517537,45.85560236593696,0.8951893835203237,,0.6562336950414097,0.6905964928064234,,0.5697615937850988,0.7258881646004127,0.60715744453924,0.6468326909801245,Medium
2016-09-27,8706.400390625,9992.5,,9831.849609375,21913.150390625,,2523.60009765625,11782.599609375,3111.60009765625,206.1000061035156,-155.76,90.67,-0.0019086689214536934,0.015288163553866196,-0.0055878539348315215,0.04531170093415171,0.0,0.0,-0.0029207790672086675,0.06115319169747169,-0.0029098115714377704,0.0038181571243010026,0.0,0.0,-0.006241451424672029,0.011767103400320833,0.006311495967083136,0.03702718773147584,-0.010053402267279798,0.08109240165518905,0.0026757628002529454,-0.02437866933247057,0.006967741396468624,0.006972050841955982,0.007488426662003055,-0.40790586109718574,0.04354269331078273,44.843873506969075,0.8831617038439342,,0.6104368607408577,0.6815102818980483,,0.5751541733258864,0.676691530165585,0.5956174332535842,0.6293858224584347,Medium
2016-09-28,8745.150390625,10115.9501953125,,9822.75,21917.099609375,,2579.050048828125,11777.75,3187.85009765625,209.8000030517578,73.83,-69.53,0.004450748674702076,0.017806950884721395,0.012354285245183894,0.06335376399364034,0.0,0.0,-0.0009255236538935341,0.05204114995459652,0.00018022140493734184,-0.014303963574003986,0.0,0.0,0.021972558656727426,0.042335205081377,-0.00041159078096320023,0.035233639709574716,0.02450507700441129,0.1397594355668017,0.017952434928041106,-0.001427905964029197,0.007108114883613408,0.007004396289026412,0.0074858787396281665,-0.40138935424545485,0.1719268795246412,44.1517664719067,0.8929234388431754,,0.600379753620341,0.7208364340750921,,0.5873237379826055,0.6693676611160575,0.634725241963954,0.6371544939612699,Medium
2016-09-29,8591.25,9893.849609375,,9631.099609375,21661.19921875,,2488.60009765625,11432.2001953125,3067.0,195.1499938964844,3413.37,1630.88,-0.0175983698107679,-0.005935725665089708,-0.02195548432419292,0.035073129297223504,0.0,0.0,-0.01951086921941414,0.019660280249666817,-0.011675832805702946,-0.03280946513886407,0.0,0.0,-0.035071033698230836,-0.02411670038228053,-0.02933920355649422,0.0010683183285902231,-0.03790959234410074,0.027677288687545376,-0.06982845062999943,-0.060197449397621394,0.009518264087863697,0.007675441792762079,0.0076370745965602185,-0.2661965212821295,2.0393606755463707,34.569477691336225,0.909914011881253,,0.6640494407872446,0.7287819881413131,,0.657967592930284,0.7406191771150106,0.7266424854947109,0.7398327897061341,Low
2016-09-30,8611.150390625,10029.2998046875,,9756.2001953125,21542.05078125,,2522.050048828125,11461.0,3129.64990234375,202.6999969482422,-1028.31,1560.29,0.002316355667103087,-0.0014957490221692016,0.013690343057585208,0.039628879930289296,0.0,0.0,0.012989231864628081,0.039220302014539854,-0.0055005466824230576,-0.0358413918602839,0.0,0.0,0.013441272144679939,-0.029906146064981542,0.0025191830264927884,-0.0031138930220306893,0.02042709564517442,0.04478380982932739,0.038688205420916555,-0.02874940147453864,0.009671890353517613,0.007679115500392466,0.007615824654453272,-0.26545639421285294,-0.4443776067062137,49.48078890968305,0.9169171255186147,,0.6579699767082381,0.7183569363190894,,0.6907298892204609,0.7540079490317316,0.7261736014837437,0.7162929363801569,Medium
2016-10-03,8738.099609375,10275.5,,9915.5,21729.44921875,,2586.050048828125,11638.25,3187.699951171875,209.0,1063.11,-598.03,0.014742422671912614,0.007476967615945629,0.02454809409500669,0.06167218551398945,0.0,0.0,0.016328058208977536,0.04282030082524102,0.008699192077994189,-0.023926332195580047,0.0,0.0,0.025376181582811075,-0.003468141203698205,0.01546549166739375,0.00630767870651594,0.018548416161389802,0.052532473217163256,0.03108042992899729,-0.01111902548214072,0.010753616975981643,0.008078389434929435,0.007738111630940858,-0.18501628391039426,0.7251213032262218,43.42907677371794,0.9308557582046894,,0.6845200088813432,0.7463440695264223,,0.7298181266448283,0.7721301861490326,0.7260657970021627,0.7363870931736521,Medium
2016-10-04,8769.150390625,10289.7001953125,,10057.349609375,21709.849609375,,2614.64990234375,11681.400390625,3245.5,209.8000030517578,,,0.0035534936242527237,0.011797758759360288,0.001381946894311703,0.06755688395243098,0.0,0.0,0.014305845330543132,0.0561225253680222,-0.0009019837170142209,-0.02360720901404334,0.0,0.0,0.011059280746938738,-0.0057609499593423985,0.0037076356518377374,0.008112259595003835,0.018132211222350536,0.03503264110388793,0.0038277657978842416,-0.0016654335231577333,0.010900693074203422,0.008097745399607222,0.007740890439346253,-0.18111671572170857,,,0.9292766521815309,,0.6801331716346543,0.7441296914427055,,0.7445503189908834,0.774373335617964,0.7737021976755909,0.7362987804896224,
2016-10-05,8743.9501953125,10344.0,,10034.5,21736.80078125,,2635.25,11615.900390625,3251.5,213.6499938964844,328.59,68.2,-0.0028737328235858284,0.013303720469656222,0.005277102700449454,0.08439039731628051,0.0,0.0,-0.0022719314990999884,0.059961910672253316,0.0012414260052433512,-0.02909561555779161,0.0,0.0,0.007878721215327733,0.010177501945441536,-0.0056072044283806965,0.012384788679984382,0.0018487136034508467,0.04873568004631457,0.018350766390488493,0.01617119570266068,0.009795553480079712,0.008072070590523792,0.0073685418953368205,-0.18628931602445756,0.3143858510819502,45.87821310121481,0.9239295793197316,,0.6773241932149676,0.7716054132855527,,0.7296724777777808,0.7733345382507839,0.7681446993053034,0.7185115465158011,Medium
2016-10-06,8709.5498046875,10269.849609375,,10196.0,21659.5,,2640.10009765625,11494.4501953125,3192.85009765625,210.4499969482422,201.32,-165.62,-0.003934193340149772,0.008913907605413884,-0.007168444569315535,0.07805232041108234,0.0,0.0,0.016094474064477504,0.08988092914226509,-0.0035562170361647105,-0.02329533229353853,0.0,0.0,0.0018404696542073662,0.01645908267760121,-0.010455512808160816,0.007485320170126153,-0.018037798660233695,0.025749396903546717,-0.014977753520520332,0.004294888491421789,0.009903856451094383,0.008112093896340905,0.0071898790559996725,-0.17822598191693262,0.24321787608548798,46.40198096048388,0.9256961536778809,,0.6497811551500341,0.7863622539116881,,0.7257139470449258,0.7786982745185863,0.7696178543638752,0.7221909447439124,Medium
2016-10-07,8697.599609375,10344.2998046875,,10145.5,21638.650390625,,2666.550048828125,11480.099609375,3211.199951171875,211.25,,,-0.0013720795655899343,0.005467995994990593,0.007249394893235506,0.08555984937427841,0.0,0.0,-0.004952922714790087,0.07220234080662413,-0.0009626080645905866,-0.025015904339347972,0.0,0.0,0.010018541037650763,0.027354510090088935,-0.0012484795439239305,-0.00489316097691217,0.005747170382065514,0.03287229050237217,0.0038013925557554007,0.0054735547980793164,0.00971974473070504,0.008111097217518678,0.007115457373929377,-0.178426778782095,,,0.9233474949111015,,0.6508973035562606,0.7856578696609415,,0.718341296927111,0.7869366964924496,0.7683884164074504,0.7202732261135423,
2016-10-10,8708.7998046875,10335.7998046875,,10082.75,21672.55078125,,2710.39990234375,11547.2998046875,3185.449951171875,208.5,-547.26,468.96,0.0012877340663539627,0.013570401844059887,-0.000821708589318737,0.09132762434072483,0.0,0.0,-0.006185008131683989,0.06931126618908734,0.0015666591960692422,-0.027403984118500202,0.0,0.0,0.01644441421037479,0.06129952765480273,0.005853624759285303,0.00491262154074712,-0.008018809289842888,0.03769034975873442,-0.013017751479289963,-0.0004794156308219888,0.006267877425323433,0.008006245395574464,0.007112706201108059,-0.19955085273995912,-0.17537977240081443,48.65766840152538,0.9194446815527026,,0.6324930267298771,0.818518189521598,,0.7019130826067224,0.7853086279129027,0.7581800780921893,0.7138874316858745,Medium
2016-10-13,8573.349609375,10203.0,,9889.7001953125,21454.900390625,,2656.25,11338.849609375,3081.0,203.6999969482422,-911.53,679.49,-0.015553256286772621,9.329834246774027e-05,-0.012848527177091063,0.0696762121695178,0.0,0.0,-0.019146542826857793,0.04229930414251859,-0.01004267530951175,-0.035849662219835654,0.0,0.0,-0.01997856563414324,0.04087072663013225,-0.018051856177483283,-0.004966946015066864,-0.03278970091288036,0.02057043945313919,-0.023021597370541103,-0.01188453563317815,0.009098418420614351,0.008514597205199669,0.007310669391047677,-0.09713526258597723,-0.37907552357517843,51.108829990419345,0.9245232340263152,,0.6874944391976832,0.822147914273429,,0.7239253301509169,0.8095942533401884,0.7865490335393324,0.7225067540007407,Medium
2016-10-14,8583.400390625,10223.4501953125,,10061.75,21423.0,,2643.5,11380.099609375,3103.050048828125,205.3999938964844,-946.42,556.9,0.0011723284023095193,-0.0027940684107120584,0.0020043315997746447,0.054290006735330465,0.0,0.0,0.01739686757835668,0.04719359351081853,-0.0014868580158470257,-0.03468695947112632,0.0,0.0,-0.0048000000000000265,0.024671938265550697,0.00363793518928901,-0.00019767447646723557,0.007156783131491373,0.018913493434389084,0.00834559142715241,-0.004121241714015067,0.006302474453899546,0.008483643207619733,0.007308278970381553,-0.10337143971714809,-0.39858562530870995,51.151056475246484,0.9294136954006681,,0.6657258590341674,0.828394692596662,,0.717581147247454,0.8144354842325291,0.7851054137365162,0.7248365429472019,Medium
2016-10-17,8520.400390625,10008.400390625,,9987.25,21415.5,,2611.10009765625,11279.400390625,3090.300048828125,203.3000030517578,-456.64,235.57,-0.007339748483457642,-0.025610734789228817,-0.021034954010545448,0.014428326306427763,0.0,0.0,-0.007404278579769885,0.027447268318514517,-0.00035009102366612144,-0.05018192074558314,0.0,0.0,-0.01225644121193492,0.001611183961733209,-0.008848711540894061,-0.023660999275064376,-0.00410886057245996,-0.006110700061629948,-0.010223908992835318,-0.022596139174241303,0.005880332548888166,0.00802448474005509,0.007341342463356009,-0.1958762455218156,-0.12470607165296017,48.39772148365597,0.9228941521310506,,0.6621655635086763,0.7870856908106928,,0.735713287133095,0.8038286192443257,0.7777407897976849,0.7517650721935705,Medium
2016-10-18,8677.900390625,10150.0498046875,,10071.9501953125,21749.099609375,,2663.10009765625,11469.4501953125,3152.5,205.75,345.04,173.36,0.01848504680288232,-0.012326125319256698,0.014153052289473278,0.025537268243637,0.0,0.0,0.008480832592805854,0.04225109437771102,0.01557748403609538,-0.03804634120257133,0.0,0.0,0.019914977616781515,0.037537780327749015,0.016849282595328585,-0.0017146781652866983,0.02012747959391903,0.013535268447162352,0.012051140735194421,0.000972984409014277,0.010411117223926382,0.008715311446779825,0.007584009259603349,-0.05669817332117014,0.3235845089643405,47.378114866359915,0.9073140220647368,,0.6762870642822568,0.8171219538645084,,0.7827078364505416,0.8401562930062381,0.7791148801908929,0.7436700738885038,Medium
2016-10-19,8659.099609375,10092.5498046875,,10164.7001953125,21449.650390625,,2669.64990234375,11527.75,3142.14990234375,204.6000061035156,-282.77,724.64,-0.002166512682066579,-0.013168704860703762,-0.005664996833162905,0.015352150300206091,0.0,0.0,0.009208742914869283,0.06600740443584052,-0.013768350144523711,-0.055728359959904994,0.0,0.0,0.0024594662037917825,0.036938436508124006,0.005083051383869108,0.00561793828326862,-0.0032831396213323094,0.017931143138551597,-0.005589277747190313,0.01664599306094705,0.010350373709506096,0.008719860036328908,0.007582990055830656,-0.05578178731797867,-0.02747989256413413,49.49549790756906,0.9086721910305122,,0.6846085379131236,0.8083178234783568,,0.782282312047833,0.8333980972274004,0.7804084589039948,0.7525808936368058,Medium
2016-10-20,8699.400390625,10088.7001953125,,10183.150390625,21424.55078125,,2708.5,11483.349609375,3208.89990234375,207.9499969482422,7.3,583.22,0.004654153788272275,-0.012514685045541096,-0.0003814308028692315,0.0035561700103388105,0.0,0.0,0.0018151243969801722,0.07152702949047218,-0.0011701640314832895,-0.059885558275787676,0.0,0.0,0.014552506537333754,0.05350164392170598,-0.0038516094315890204,-0.006213747015205828,0.021243416792499525,0.025518880257453747,0.016373366299078596,0.02539444683918468,0.010542126318720658,0.008732258745640204,0.0075548919414436975,-0.05328386932649905,0.1347240400768952,48.552249327620636,0.9024943547482841,,0.6959384472573739,0.8034671986249032,,0.7920859502179631,0.8181758955838054,0.7800566005885815,0.7550336223516454,Medium
2016-10-21,8693.0498046875,10101.599609375,,10106.4501953125,21546.80078125,,2688.050048828125,11494.5498046875,3195.550048828125,209.6499938964844,-272.91,500.37,-0.0007300027188475999,-0.027949255877501966,0.001278600197525348,-0.023863265865584515,0.0,0.0,-0.007532069386219975,0.05368818175598178,0.005706070631221305,-0.062073406441755075,0.0,0.0,-0.0075502865689034415,0.031069599157258043,0.0009753421861646849,-0.010174239293001985,-0.00416025863127556,-0.0020143507719784237,0.008175027521954314,0.017471442811977544,0.010531087007432655,0.008225672758972265,0.0075561486812857764,-0.1553437062464969,-0.021966289723990225,48.26767326338598,0.8902848935636287,,0.6874089186069176,0.7824515349483828,,0.7944682772165225,0.8398830611047766,0.7695194006940578,0.7614506934193431,Medium
2016-10-24,8708.9501953125,10188.2001953125,,10201.650390625,21569.94921875,,2690.800048828125,11487.599609375,3242.300048828125,210.8000030517578,-325.13,333.26,0.0018290923188344355,-0.02343587880877107,0.008572957678616433,-0.016568716780132386,0.0,0.0,0.009419746149509134,0.06820210875660715,0.0010743329246420963,-0.06251032452935001,0.0,0.0,0.001023046427725216,0.02197159031849516,-0.0006046513722238744,-0.012503186847346859,0.014629719230072613,-0.017052947254804884,0.005485376526370045,0.016393487248463456,0.008073011748866996,0.008232435629107,0.0074963436160965435,-0.15398121805845574,-0.051167135597450245,48.45922819688323,0.8906387218772671,,0.6881483142681564,0.7901138136287998,,0.802448374978784,0.8410198802850397,0.8162175254689279,0.7655997411324391,Medium
2016-10-25,8691.2998046875,10143.7001953125,,10181.4501953125,21387.55078125,,2679.5,11585.9501953125,3219.64990234375,209.5,-606.34,389.11,-0.0020266955521803798,-0.02917622957972632,-0.004367797957138153,-0.030113846772698016,0.0,0.0,-0.0019800909204910067,0.06041304196144881,-0.008456136620917376,-0.07757215316356436,0.0,0.0,-0.004199512644221248,0.007236162014848224,0.008561456638620735,-0.029380117858519017,-0.00698582677212789,-0.0312035121986195,-0.00616699730995085,-0.018045493289780445,0.008234571227541452,0.008188334872374895,0.007484702680958632,-0.16286601976750406,-0.20841665432735634,49.296107688754084,0.889699399829507,,0.686818297482545,0.7865760567686496,,0.8000506249913769,0.8786056807890645,0.8147140741207557,0.7665090155376024,Medium
2016-10-26,8615.25,10056.5498046875,,10104.0,21338.400390625,,2641.14990234375,11454.900390625,3180.449951171875,208.9499969482422,-1450.65,989.46,-0.008750107164233856,-0.028358937346887214,-0.008591577919985549,-0.02356011981740469,0.0,0.0,-0.007606990539339664,0.04507558758441843,-0.002298084111065579,-0.060135523069186014,0.0,0.0,-0.014312408156838985,0.013021613918263286,-0.011311096843875657,-0.03078987884355,-0.012175221642371503,-0.03269514487642533,-0.002625312896218701,-0.02655484328124913,0.008508593939661059,0.008159397347836713,0.007503968024503852,-0.16869594620242367,-0.6805454589888088,52.05892139950377,0.8860935457299136,,0.7307573943505548,0.7767923492177305,,0.7974189758473722,0.878935079991226,0.8171862442662131,0.7847500170064846,Medium
2016-10-27,8615.25,9912.849609375,,10053.2001953125,21450.0,,2619.60009765625,11534.5498046875,3143.699951171875,207.6000061035156,-469.93,856.5,0.0,-0.011513792954308988,-0.014289214303450204,-0.01005146957856895,0.0,0.0,-0.005027692467092226,0.05661333449109951,0.0052299894711898,-0.037739023159311436,0.0,0.0,-0.008159250888553071,0.05386818566788332,0.006953304816835093,-0.007575741025826699,-0.01155496881391238,0.003735616593829816,-0.006460832086353174,0.017647088742723582,0.004153712647347825,0.0075707678686491335,0.007503707023046926,-0.28728475488095195,-0.13213769251964505,47.34540909654645,0.8385829206825037,,0.6884753880303127,0.7285287244222923,,0.7562625550319986,0.8585073636512329,0.775623296523849,0.7429736156563916,Medium
2016-10-28,8638.0,10056.7001953125,,10092.25,21547.94921875,,2678.35009765625,11571.849609375,3177.300048828125,210.4499969482422,-777.58,1124.08,0.0026406662604103737,-0.010152821641984944,0.014511527119452472,-0.002929711705291882,0.0,0.0,0.0038843158326546945,0.057810201913533144,0.004566397144522227,-0.03487976401572179,0.0,0.0,0.02242708726899334,0.07282051041334481,0.003233746034226881,-0.005906053150787072,0.010688073982291213,-0.011234161515127572,0.013728279195259319,0.03136483117258759,0.004327690882159286,0.007585112040369194,0.007408676213071268,-0.2843948924192384,-0.304172166532858,48.41229429016629,0.8313200365201138,,0.6888749118730338,0.7289600051499415,,0.7456208140834932,0.8590114007261651,0.7989887774475471,0.7452484183250371,Medium
2016-11-01,8626.25,10105.5498046875,,10137.5,21370.400390625,,2781.0,11530.150390625,3177.550048828125,209.0500030517578,-1319.24,900.99,-0.0013602685806899384,-0.013302732873782808,0.004857419275337449,0.0041235884962205205,0.0,0.0,0.0044836384354332015,0.06025263934557845,-0.008239708861505268,-0.05132595415194485,0.0,0.0,0.0383257970769304,0.11695716341114792,-0.0036035050711528127,-0.015833521299717157,7.86831574475233e-05,-0.0016808111092924127,-0.006652382593422823,0.02676815709657343,0.0037260399836819107,0.007576423258866471,0.007354656833042855,-0.2861453862081292,-0.6070624418262008,50.20863001645965,0.8303747039599707,,0.6875310875653902,0.7350618658398382,,0.670951328272871,0.8602901706514772,0.8102372633122831,0.7479481388252538,Medium
2016-11-02,8514.0,9973.7998046875,,9919.4501953125,21195.900390625,,2756.75,11268.900390625,3067.449951171875,203.3999938964844,-1112.66,1222.12,-0.013012606868569754,-0.030279517440837456,-0.013037390596886356,-0.014246995472638635,0.0,0.0,-0.021509228575832262,0.02847121490319382,-0.008165499794592135,-0.0688237060680944,0.0,0.0,-0.008719884933477196,0.12479093795865404,-0.022657987203048013,-0.038940736802268505,-0.034649366953906746,-0.027580085703271195,-0.0270270704271387,-0.010459786540270799,0.005788993607715532,0.007859481771708395,0.0074874947851310165,-0.22911872850391563,-0.4915451928691083,50.199846415167656,0.8364290296969447,,0.7146577904763737,0.7487432823233819,,0.7309648655941962,0.8733026881777588,0.8475643771473458,0.7637152477733046,Medium
2016-11-03,8484.9501953125,9948.25,,9805.5498046875,21261.75,,2737.949951171875,11124.2998046875,3005.85009765625,201.0500030517578,378.36,-432.81,-0.003412004309079175,-0.036720650852424486,-0.002561692152221906,-0.01952422467208903,0.0,0.0,-0.011482530622395237,0.008059854213630757,0.0031067144193659413,-0.062051257970420104,0.0,0.0,-0.0068196422701097825,0.10154690003637223,-0.012831827500915605,-0.05459077686622593,-0.020081779489863116,-0.052843014476422256,-0.0115535443227327,-0.036193685670417364,0.005392578959319134,0.00782944152180742,0.007451133826597843,-0.23517081657310096,0.34221668407930966,45.12465009664693,0.8366555187903206,,0.7057680892884176,0.7419590989204129,,0.7274935389867708,0.86385469935965,0.8394245770759408,0.7613100260112595,Medium
2016-11-04,8433.75,9870.75,,9711.150390625,21658.94921875,,2674.75,10606.0,2961.199951171875,195.3999938964844,,,-0.00603423639902867,-0.03898749705392146,-0.0077903148795014365,-0.02027295285359798,0.0,0.0,-0.009627141357986146,0.0017330488301920965,0.018681398226862767,-0.036832065742958275,0.0,0.0,-0.023082946108939906,0.07200108024223262,-0.04659167891799365,-0.09708509438646185,-0.014854415567559398,-0.06329677492347674,-0.028102507184836423,-0.04914844819229003,0.005397680897938694,0.007866591557890117,0.0074766034852796455,-0.22768634853814637,,,0.8387242886482736,,0.7092308367457301,0.588143043076067,,0.724754487457421,0.7452232186367832,0.8420177869061813,0.7613418158508334,
2016-11-07,8497.0498046875,9892.599609375,,9762.0498046875,21916.5,,2728.300048828125,10818.75,3075.64990234375,198.6000061035156,1055.8,-610.57,0.007505534867348507,-0.03191247426233912,0.0022135713471620466,-0.020141797651885618,0.0,0.0,0.005241337227321452,0.008804538538033757,0.011891194658097293,-0.01909098204296955,0.0,0.0,0.020020580924619225,0.08617152407854256,0.020059400339430544,-0.07776012855949221,0.0386498558216517,-0.015240565966941455,0.01637672623841757,-0.036390100814616466,0.006529819787793965,0.008026223608792505,0.007510727793672488,-0.1955259226458649,0.7210336321550807,43.32748713531914,0.8298415944401977,,0.7110766721528541,0.6189219790509002,,0.7354755494671831,0.7562305743757033,0.8470474124497211,0.7678078975095535,Medium
2016-11-08,8543.5498046875,10079.7001953125,,9821.7001953125,21902.849609375,,2739.199951171875,10665.7998046875,3073.300048828125,198.1999969482422,608.35,-621.65,0.005472487636161372,-0.03652689143900911,0.01891318696050215,-0.016648155484025984,0.0,0.0,0.006110437030997007,-0.000641005767958891,-0.000622836247804126,-0.02227059897664241,0.0,0.0,0.003995125957070522,0.07819169019534988,-0.014137510831889077,-0.0995107726563329,-0.000764018529493371,-0.043211620001942674,-0.0020141447279962144,-0.05122066663891023,0.007104923500529868,0.007837602099476752,0.007485173663297069,-0.23352673788157766,0.4708245458647764,44.372731870232414,0.8161082858336365,,0.6937206180305898,0.6150209836404398,,0.732029699961632,0.7074570973484394,0.8246747283220031,0.7561693925611608,Medium
2016-11-09,8432.0,9819.7998046875,,9825.4501953125,21414.349609375,,2700.550048828125,10871.099609375,3137.89990234375,175.1999969482422,,,-0.013056610804363489,-0.045241187959494056,-0.02578453580850204,-0.03962370308764307,0.0,0.0,0.00038180762245110245,-0.006129810244964173,-0.02230303402124023,-0.040393013482630025,0.0,0.0,-0.01410992371229236,0.06237216712357396,0.019248420976106573,-0.07861498989638815,0.021019702759012215,-0.011996252410658048,-0.11604440138314531,-0.1678936385236044,0.008107635872727528,0.00811765689211651,0.007240376572336814,-0.17710522757988648,,,0.8298610573582743,,0.6777633266102236,0.6483287745461294,,0.7432465963723509,0.5770194683952516,0.7177738361235558,0.7106818787435368,
2016-11-10,8525.75,9758.150390625,20200.015625,9975.5,21561.099609375,,2870.050048828125,10990.5498046875,3411.64990234375,177.35000610351562,,,0.011118358633776193,-0.022618213710241197,-0.006278072393397616,-0.028909354859337655,0.05890481085442123,0.05890481085442123,0.015271544988247454,0.01164726512200387,0.00685288148726948,-0.018928794399354798,0.0,0.0,0.06276499118153822,0.13018571108427968,0.010987866876823515,-0.061334766340033764,0.08723987651598808,0.08540657780036853,0.012271741967601724,-0.13719288022166254,0.009824526920194391,0.008170821404775912,0.007326565416228582,-0.16639438749597704,,,0.7621698277691169,0.27387722729023684,0.7111933239713322,0.6340539909279015,,0.7581334737299757,0.596252985831845,0.7038429267578669,0.7072728410230146,
2016-11-11,8296.2998046875,9308.2998046875,,9807.4501953125,20825.900390625,,2810.64990234375,10901.25,3320.25,168.35000610351562,-1493.27,64.72,-0.026912611243878892,-0.04710334553176465,-0.04609998492846423,-0.06847137306104578,0.0,0.05890481085442123,-0.016846253790536836,-0.002481670797652824,-0.03409841019566218,-0.04961632538537919,0.0,0.0,-0.02069655423208694,0.1137461537404807,-0.008125144444494747,-0.07480094704005225,-0.02679052803189441,0.06705550064126542,-0.05074710848753439,-0.18316350743356935,0.013298729086108447,0.00946756021957905,0.00786946264509432,0.09485435496754087,-0.7043780911436702,55.36452080647251,0.8283195406090408,0.25299213466962783,0.7300988378826458,0.7389009251809254,,0.7537139549238482,0.5557759827830653,0.7048336731580777,0.7278506131178379,Medium
2016-11-15,8108.4501953125,8828.599609375,,9658.2998046875,20307.94921875,,2668.10009765625,10747.900390625,3395.35009765625,159.6999969482422,-2353.82,-104.83,-0.022642577269069153,-0.07280608873176808,-0.051534673933786634,-0.1272594824096731,0.0,0.05890481085442123,-0.015207866229724698,-0.01674176735766464,-0.024870529588634782,-0.07341986026000857,0.0,0.0,-0.050717737761871495,0.03452823603349131,-0.014067158296066973,-0.08744026740039479,0.022618808118741063,0.06509088998650125,-0.051381103900612235,-0.23879888167187446,0.015112007286563025,0.0101422552953621,0.008170728280017204,0.2307824525015144,-1.1855881240124184,59.88291817409268,0.8490883367225005,0.2529800923538706,0.7528269210469133,0.7770391159379784,,0.7892233155127772,0.5644140530080369,0.5832339890383261,0.7447029901187456,Medium
2016-11-16,8111.60009765625,8918.650390625,,9657.7998046875,20126.099609375,,2645.64990234375,10559.25,3372.800048828125,158.10000610351562,-1957.04,2344.31,0.0003884715658204474,-0.05583004828677429,0.010199894120736408,-0.0985662060019532,0.0,0.05890481085442123,-5.176894589220549e-05,0.00277228939533658,-0.008954602329175665,-0.07086863445889979,0.0,0.0,-0.008414300247663542,0.06310769047843756,-0.01755230173044331,-0.07635889683513697,-0.006641450271561378,0.09970656955595869,-0.01001872808579396,-0.18985390187929818,0.015328805805132005,0.009740586294535832,0.008096796636902992,0.14985981784715574,-0.963713140755592,57.58059665869942,0.8399205904648304,0.25178665235618947,0.7289006125999097,0.7637654482503431,,0.76102417133919,0.4995481734138646,0.5384720436863004,0.7166208090737817,Medium
2016-11-17,8079.9501953125,8915.599609375,,9678.400390625,20154.0,,2662.949951171875,10595.650390625,3377.10009765625,160.10000610351562,-983.93,1144.15,-0.003901807530291679,-0.06168748322997819,-0.00034206759054111746,-0.1110446608438187,0.0,0.05890481085442123,0.002133051663330221,-0.007974396089666103,0.0013862790687970694,-0.0644344772624037,0.0,0.0,0.006539054473080119,0.0558672110449272,0.003447251521178085,-0.07550384864976878,0.0012749195819121706,0.07906641414657534,0.012650220890507047,-0.21016276016819146,0.0142937646079243,0.009714621560165363,0.008087588820764146,0.14462880746538195,-0.4195608020362757,54.25291050180224,0.8400571081426986,0.2564893599610874,0.7285715920430964,0.7676368642026529,,0.7566757496052786,0.49209430432898826,0.5342165678981766,0.7153359723967521,Medium
2016-11-18,8074.10009765625,8983.849609375,,9797.25,19959.900390625,,2626.0,10751.4501953125,3382.60009765625,162.3000030517578,-926.32,1143.44,-0.000724026450019899,-0.07598900692392574,0.007655121695711031,-0.12570195033088416,0.0,0.05890481085442123,0.01227988144509129,-0.011925772779990962,-0.009630823130644006,-0.08143551225394541,0.0,0.0,-0.013875571020632416,0.01544825135537442,0.0147041284813767,-0.07619700596631795,0.0016286162213010602,0.061141308614295786,0.01374139203230107,-0.22344496147484305,0.013560137402352221,0.009187490363460083,0.008067251553665652,0.038429809887407435,-0.3873459278353943,52.785233285661256,0.8175999104471298,0.2818036801488339,0.6917341891401658,0.7519508437081657,,0.7326391015678134,0.4470655769664621,0.5253483278610015,0.688090540222732,Medium
2016-11-21,7929.10009765625,8681.599609375,,9689.599609375,19701.25,,2536.199951171875,10642.099609375,3149.5,153.85000610351562,-1310.82,1211.01,-0.017958657713704862,-0.09579608691246055,-0.033643706555883335,-0.15628255006594594,0.0,0.05890481085442123,-0.01098781705325469,-0.03656529943606612,-0.012958501072805273,-0.09252019914995746,0.0,0.0,-0.03419651516684119,-0.03000399827967526,-0.010170775472240545,-0.08897056401594616,-0.06891151508502624,-0.02957941765521488,-0.05206405908413614,-0.26668253638890216,0.013986980110575767,0.009524782411022552,0.008268767494975394,0.10638267924145506,-0.6023540710438466,54.89071657716054,0.8339649047342741,0.2860434709033104,0.6989248850607028,0.7596064246577252,,0.7526888124500769,0.4484475658387155,0.5739867462254093,0.7111665813533138,Medium
2016-11-22,8002.2998046875,8852.900390625,,9749.2998046875,19934.30078125,,2610.699951171875,10693.849609375,3154.35009765625,158.4499969482422,-692.85,1075.2,0.009231779915716665,-0.08481868881442023,0.019731476796628344,-0.14415116099912995,0.0,0.05890481085442123,0.0061612654515401655,-0.028421963756290802,0.011829238309752022,-0.08292388646055138,0.0,0.0,0.02937465556119756,-0.00931602270301679,0.004862762227334505,-0.07937833058504629,0.0015399579794412865,-0.029878487573043233,0.02989919182474088,-0.25836648034255116,0.01355378553126473,0.009796321782449224,0.008332161582089662,0.1610886219530733,-0.2567920885769356,53.473815994898494,0.8488264714684587,0.2703350979882032,0.7038790538413555,0.7743633547084071,,0.7684669838232329,0.4578260753322115,0.5616244536580357,0.7390104573102805,Medium
2016-11-23,8033.2998046875,8891.150390625,,9817.0,19976.099609375,,2677.5,10934.2001953125,3162.85009765625,163.10000610351562,-1023.12,1254.67,0.0038738863522509437,-0.07764465617224448,0.004320617911899971,-0.13424726468160075,0.0,0.05890481085442123,0.006944108466122811,-0.037171439780306015,0.002096829408950951,-0.07772111039613105,0.0,0.0,0.02558702649767941,0.014166092557229781,0.022475590616758856,-0.048740913265122754,0.0026946913744025913,-0.009395993887098553,0.029346855442303088,-0.22499402010621916,0.011600844390649756,0.00987142645385392,0.00834314631022761,0.17621965738875703,-0.4414754161645963,54.763488385652664,0.8503077884164024,0.26329858139504947,0.7495146751743611,0.775580688158342,,0.7723578408110816,0.4710848380732333,0.5614758047616947,0.74176219077713,Medium
2016-11-24,7965.5,8754.5,,9696.2998046875,19851.69921875,,2711.300048828125,10762.4501953125,3201.64990234375,160.9499969482422,-2010.15,1648.22,-0.008439844937436325,-0.08417260419597627,-0.015369258714720058,-0.1536884888010579,0.0,0.05890481085442123,-0.0122950183673729,-0.0442758065460056,-0.006227461469335949,-0.0825814521523579,0.0,0.0,0.012623734389589192,0.01678198390450847,-0.01570759606849248,-0.0625124727555888,0.012267354913927608,-0.0029739813693756556,-0.013182152512666856,-0.2381065233219305,0.008812635129178702,0.00992424373479871,0.008168271441359159,0.1868605420986541,-0.9934116647758805,58.20279649383913,0.8563387550924098,0.2663808861613552,0.7551714536252937,0.775762205608289,,0.7546418914279832,0.47970305842446637,0.5468161232593852,0.7408780961688499,Medium
2016-11-25,8114.2998046875,8780.400390625,,9806.4501953125,20157.150390625,,2757.449951171875,11085.0,3208.64990234375,163.4499969482422,-372.88,997.84,0.018680535394827613,-0.0682642859329492,0.0029585231166828763,-0.15048660417717208,0.0,0.05890481085442123,0.011360043815038523,-0.02740321883290764,0.015386651213539437,-0.06992256730278601,0.0,0.0,0.017021318744746328,0.01735908003370268,0.029969923096878404,-0.040035316698007084,0.0021863727182900305,0.007283100198557602,0.01553277444797918,-0.21606716091970168,0.01196247552772618,0.010657014532486919,0.008388078889347075,0.33448892124846447,-0.07786840695818782,54.4810774967307,0.825004094877857,0.23778982769805046,0.776027666307509,0.7937669710204525,,0.7425616855429048,0.5471606458874055,0.5187070896749416,0.7392701575208981,Medium
2016-11-28,8126.89990234375,8826.650390625,,9890.099609375,20426.05078125,,2784.60009765625,11110.25,3126.949951171875,166.39999389648438,-1436.4,1233.79,0.001552826240037497,-0.052074128243067896,0.00526741355091076,-0.13489656075419,0.0,0.05890481085442123,0.008530040167081587,4.038687266660901e-05,0.013340198659730351,-0.047954061339971044,0.0,0.0,0.009846106716401737,0.048320036764705865,0.0022778529544429382,-0.020160740926133514,-0.025462407448128777,0.014913973116480017,0.018048314489576445,-0.1831124379507738,0.011834654745636768,0.010377351415046176,0.008390830272498848,0.2781463201704572,-0.672577016750264,57.37321794254707,0.8316906104683403,0.23382031173969442,0.7597147812415267,0.7846901051339871,,0.7343532519141728,0.5263048083015849,0.4690109857829543,0.7396950457125334,Medium
2016-11-29,8142.14990234375,9017.9501953125,,9915.0498046875,20306.599609375,,2777.0,11061.2998046875,3114.050048828125,167.1999969482422,-715.3,534.2,0.0018764842908427504,-0.05140742225694084,0.021672978561684486,-0.11791518293430214,0.0,0.05890481085442123,0.002522744592870385,-0.0145799881047034,-0.005847981734415808,-0.0521122340766933,0.0,0.0,-0.0027293318213437168,0.05050122943067903,-0.004405859032200032,-0.02801379738582166,-0.004125394568248675,0.0035448993174165278,0.004807710823928835,-0.1859785690524115,0.01181641742990493,0.010384933068754307,0.008371710480106508,0.2796737653848921,-0.26934588003344984,54.9721604648194,0.8161382257008463,0.2332227275505055,0.7863950084734794,0.7783732325598742,,0.7348022364642114,0.5206529405399701,0.46433430029379297,0.7401782601437045,Medium
2016-11-30,8224.5,9113.7998046875,,9938.9501953125,20487.900390625,,2798.89990234375,11080.0498046875,3179.5,167.85000610351562,-434.42,676.68,0.01011404833415619,-0.03472846075996372,0.010628757899419528,-0.08938497172589976,0.0,0.05890481085442123,0.0024105164467960183,-0.004836146555608378,0.008928170384878253,-0.04331440355700311,0.0,0.0,0.007886172972182193,0.07192363282283631,0.001695099159327862,-0.017673863772332488,0.021017629821494133,0.028864495279576685,0.0038876146359898556,-0.17437283037923534,0.00850730348078064,0.010546046307288285,0.008442838509069586,0.3121326001793272,-0.11228089365012063,54.41927656405265,0.819168079864602,0.21924038168385396,0.7768775605496842,0.7907009654921433,,0.7249829001586253,0.5104210301136202,0.4780526186560189,0.7376420428273811,Medium
2016-12-01,8192.900390625,9041.0,,9876.349609375,20554.69921875,,2748.800048828125,11132.0498046875,3140.89990234375,165.75,-540.99,141.25,-0.00384213136056899,-0.05588909507695672,-0.007987865242558567,-0.1092654544586883,0.0,0.05890481085442123,-0.006298510879652497,-0.01942032894766821,0.003260403792062938,-0.05491723391207193,0.0,0.0,-0.017899837530335527,0.03218052195908738,0.004693119698613746,-0.02941731163041217,-0.012140304342270758,-0.0036796503271213643,-0.01251120659608751,-0.1944106925880923,0.008917784528497855,0.009881421927944316,0.008442901404238753,0.1782334052666125,-0.17187365781585476,53.17004281009448,0.8207765760395234,0.24821160287614327,0.7760706954249054,0.768334908233912,,0.7232886112476765,0.47338299179205745,0.4653798878479453,0.7506687484630594,Medium
2016-12-02,8086.7998046875,8888.7001953125,,9804.5,20179.849609375,,2717.60009765625,11038.0498046875,3114.0,162.6999969482422,-398.37,545.07,-0.012950308300941793,-0.06609229948895434,-0.01684546009152743,-0.11928101745070119,0.0,0.05890481085442123,-0.00727491555248283,-0.03543638163362728,-0.0182366866761573,-0.05919913649524988,0.0,0.0,-0.011350389485468848,0.01796122977413761,-0.00844408726597845,-0.04248011930450435,-0.008564393384098978,-0.008958803118448544,-0.01840122504831254,-0.20478987246009395,0.010831351490305044,0.010086676201691593,0.008540755490001408,0.21958515651335786,-0.09212213275892503,53.187754674713844,0.8239902675075856,0.24989150566543783,0.7951528363341436,0.7909099939309101,,0.7254399619727044,0.4811526017656404,0.4674480050181294,0.747824404002132,Medium
2016-12-05,8128.75,9046.25,,9808.0,20478.80078125,,2758.64990234375,11073.5,3147.39990234375,163.85000610351562,24.14,258.35,0.00518749027126697,-0.06559651987509019,0.017724729288381758,-0.10332849377334574,0.0,0.05890481085442123,0.00035697893824271354,-0.036840307393513294,0.014814340922348457,-0.04414328261331324,0.0,0.0,0.01510516750529356,0.018515747588609965,0.003211635745423491,-0.03569077171005919,0.010725723296001854,-0.019165446686286836,0.007068280128113891,-0.21207016827080238,0.01004852344260236,0.010099684517952451,0.008546461757121667,0.22220588955992188,0.1441407816416035,51.801625984869446,0.8288532167805363,0.2492371907974506,0.791807738377711,0.7984613357084265,,0.725850693210348,0.49136853842474526,0.46213925070240447,0.7455316674537825,Medium
2016-12-06,8143.14990234375,9014.0,,9901.7001953125,20293.19921875,,2781.449951171875,11069.849609375,3161.300048828125,166.1999969482422,,,0.0017714780678148578,-0.06325741997327916,-0.003565013126986316,-0.107666077792831,0.0,0.05890481085442123,0.009553445688468498,-0.020259338941279847,-0.009063106989640413,-0.05818040344954056,0.0,0.0,0.00826493017789387,0.03474634052460002,-0.0003296510249695128,-0.036947962515183175,0.004416390327147246,-0.010718029596363254,0.014342329918754615,-0.20725017034675342,0.007289043191379235,0.010122619816348082,0.008526093734359974,0.22682657168610149,,,0.8266688371692055,0.24711671149321357,0.7981798226959237,0.7859774389808425,,0.7309274101618362,0.4904095519748065,0.4641455655498957,0.7477355933361652,
2016-12-07,8102.0498046875,9053.25,,9912.9501953125,20137.349609375,,2786.64990234375,10832.650390625,3110.35009765625,164.1999969482422,212.92,119.27,-0.005047198952388254,-0.06968697455080841,0.004354337696915955,-0.11139849763009957,0.0,0.05890481085442123,0.0011361685143047584,-0.02829936179520587,-0.0076798935296018556,-0.06641645721306066,0.0,0.0,0.0018695109612467675,0.03562132145692831,-0.021427501467510157,-0.057013583430910786,-0.016116771703072574,-0.04069640353599169,-0.01203369456512593,-0.22106264434955392,0.007556639043472273,0.010107814390681156,0.008528322787749102,0.22384378225081422,0.24970446766212792,51.187898581037,0.8179142657377562,0.2517615802117219,0.7979786380366828,0.7861108334303387,,0.7320267961133473,0.4888334898854083,0.46231769626159885,0.7463733318467967,Medium
2016-12-08,8246.849609375,9299.0498046875,,10066.900390625,20510.25,,2868.800048828125,10972.650390625,3153.35009765625,166.64999389648438,1203.71,-392.47,0.017871996368588716,-0.05113736786214573,0.02715044925164989,-0.08326846952903055,0.0,0.05890481085442123,0.015530209703393583,-0.011250833868463928,0.01851784856788674,-0.04101922610134068,0.0,0.0,0.029479894986191635,0.07064752708644328,0.012923891656391184,-0.0529347869055774,0.013824810278560529,-0.020592240367263814,0.014920809949920066,-0.20453463533897676,0.010288839093746237,0.010761849257383082,0.008661733867022249,0.35560955073296824,0.8037432666465298,49.444855008916434,0.8357127111492442,0.22482045932734382,0.8189371931163238,0.808947302182289,,0.7472746277449617,0.5143657571749383,0.46774065892189753,0.7417401185042487,Medium
2016-12-09,8261.75,9252.2998046875,,10111.9501953125,20622.400390625,,2865.25,10929.4501953125,3230.550048828125,169.64999389648438,-593.61,-12.9,0.0018067979083868924,-0.04103189112329875,-0.005027395377152799,-0.0799727556288865,0.0,0.05890481085442123,0.004475042261216089,0.0007868364323535548,0.005468016753818139,-0.033554530184679354,0.0,0.0,-0.0012374681984459457,0.08484944283449569,-0.00393707935408294,-0.04587121471108935,0.024481883958668016,0.015752518802501614,0.018001800839329674,-0.18808329086261055,0.009638281159081042,0.01069549311449208,0.008650196598867803,0.3422410460756632,-0.20129817926092305,55.314681628473494,0.8334271711078817,0.22000118801379412,0.8163516051515253,0.813939260958633,,0.7394398746572045,0.5047867304642784,0.4644592760190913,0.7499243481803344,Medium
2016-12-12,8170.7998046875,9092.0,18392.736328125,10060.5,20319.69921875,9953.900390625,2857.85009765625,10895.900390625,3180.949951171875,168.75,-94.45,-266.2,-0.011008587201561393,-0.05158877517338445,-0.01732540104313174,-0.08280662389941718,-0.08946920291676752,-0.03583455853745443,-0.005088058615671409,0.0007261175094179784,-0.014678270528226567,-0.05269467511655013,8.148805506089154,8.148805506089154,-0.002582637586161729,0.0909489964568111,-0.003069669936543451,-0.055368386705735184,-0.015353452788710809,0.011849095199468529,-0.005305004001553537,-0.18713875222211607,0.010537973968532528,0.010835857552135966,0.008714518630740752,0.3705197035835988,0.07782656654904077,53.97927704370894,0.8458215089052598,0.2543452813819397,0.8242649065559055,0.820601348479358,-0.16212702540227822,0.7419755460884655,0.500858041879184,0.4778537519193113,0.7390794423486937,Medium
2016-12-13,8221.7998046875,9196.0,18465.8359375,10149.9501953125,20491.650390625,10058.650390625,2827.5,10947.900390625,3200.39990234375,166.75,-2181.03,178.92,0.006241739024219095,-0.048182472251968034,0.011438627364716236,-0.08558475231405216,0.003974373800119224,-0.03200260466792537,0.008891227604244323,0.005717277644975205,0.00846228923095138,-0.04902085193359651,0.010523512983780403,8.245083079618567,-0.010619905390118367,0.055687231655886515,0.004772437167720689,-0.05391957550541482,0.00611451027851273,0.007270277644739531,-0.011851851851851891,-0.20765026173409595,0.009109606317371514,0.01090540296828186,0.00871775562633094,0.38453073826908035,-1.0889658689669348,61.14816407303057,0.8507128663816166,0.2579966952287748,0.8268596910765146,0.8228836877173613,-0.16300403293698246,0.7162075298847371,0.5030729642963104,0.47563944766766486,0.7265002682867354,High
2016-12-14,8182.4501953125,9146.0498046875,18341.287109375,10154.150390625,20313.55078125,10128.9501953125,2784.75,10859.25,3158.800048828125,167.4499969482422,-632.29,210.86,-0.004786009184091999,-0.05144759364584839,-0.005431730677740276,-0.09494782753481978,-0.006744824796805937,-0.038531577503204684,0.0004138143765906044,0.0016424553020961685,-0.008691325782938408,-0.04945389838548042,0.006988989770737142,8.309696870691637,-0.01511936339522546,0.0013484358144553177,-0.00809747873673694,-0.058186612307372765,-0.012998329829081778,-0.005900772517152042,0.004197882748079085,-0.19899548192408323,0.009377594482999916,0.010920871768879225,0.008724751978678485,0.387647175177845,-0.22292760703544304,55.9893317443468,0.8527165606154953,0.26009012063020287,0.827797372777874,0.8268823830339724,-0.16084610340241023,0.7494559434353532,0.505147633843662,0.4778884402332904,0.7200333956913211,Medium
2016-12-15,8153.60009765625,9118.25,18400.935546875,10114.900390625,20136.05078125,10195.75,2786.10009765625,10655.5,3182.60009765625,167.85000610351562,-611.97,-177.48,-0.003525850688682164,-0.04233026806950313,-0.003039542237486148,-0.08577972502369735,0.0032521402202745353,-0.03540474737587895,-0.003865414484725216,0.019703732713417965,-0.00873800951450776,-0.05000257549067244,0.006594938606610423,8.37109375,0.00048481826241131287,0.010646630146458724,-0.01876280590280177,-0.05443302978658948,0.007534522116065645,0.037539372546366634,0.0023888274861962877,-0.17477870629170766,0.009515673922786346,0.010717499062578082,0.00873024431550382,0.34667449574074344,-0.21156488799774278,55.42948327687538,0.8534042718850966,0.26540246738289125,0.8363250210649407,0.827444636910366,-0.1695185866124789,0.750459714765899,0.47786860493144506,0.44962560414641195,0.7114037737955254,Medium
2016-12-16,8139.4501953125,9153.5,18312.587890625,10080.650390625,19982.599609375,10222.9501953125,2742.800048828125,10646.5,3169.050048828125,167.6999969482422,-90.36,30.48,-0.001735417750965862,-0.04071915474422827,0.00386587338579214,-0.07988842258688711,-0.004801258937348063,-0.04003601895346409,-0.0033860936516729723,0.028055600289337068,-0.007620718359425682,-0.06016204642726963,0.0026677973971998004,8.396093929515166,-0.015541454833065904,0.001771434008198014,-0.0008446342264558648,-0.04295100033947008,-0.004257540505357094,0.05429410844510407,-0.0008937095610287438,-0.1658791623839473,0.009289685486815533,0.010710933801704505,0.008730454894876206,0.3453518190940765,0.08011364926873535,53.6635399335165,0.8517433117192724,0.2660058341299343,0.853288501429973,0.8301038743680198,-0.1706152391893461,0.7441254116964979,0.4776125146632532,0.4497585575654457,0.7105052509592372,Medium
2016-12-19,8104.35009765625,9098.0498046875,18256.837890625,10140.2001953125,19957.19921875,10223.650390625,2716.10009765625,10555.7001953125,3134.699951171875,165.9499969482422,-535.77,556.36,-0.004312342580149231,-0.039057347246924556,-0.0060578134388484806,-0.07828181195071293,-0.003044353989341997,-0.04295848912878775,0.005907337560568715,0.04418115129817135,-0.0012711254352052448,-0.07857029363764367,6.84924898510797e-05,8.396737491383272,-0.00973455982811533,0.015459425238339985,-0.008528606085333235,-0.004742580113850647,-0.01083924113756174,0.05859111267759487,-0.01043530132287429,-0.15071646810717776,0.005439137482057615,0.010689442845547613,0.008693137863758903,0.3410221227772595,-0.16895469160636678,55.105993622965315,0.8516423577301637,0.2683403798061325,0.8494762460234665,0.8922804006008287,-0.1719763338655446,0.7459299019956585,0.5208491676251737,0.44685916179559126,0.7087175926578475,Medium
2016-12-20,8082.39990234375,9023.0498046875,18069.189453125,10103.9501953125,20039.05078125,10322.849609375,2693.5,10436.75,3055.300048828125,165.89999389648438,-685.93,418.93,-0.0027084460873485483,-0.04879927879380008,-0.008243524888307263,-0.08789901937034295,-0.010278255118667534,-0.05279520593667708,-0.0035748801110215833,0.035023422074821564,0.004101355185305744,-0.08566373365957158,0.009702915784460364,8.487913243910846,-0.008320789677726426,-0.012755213211637972,-0.011268811458412076,-0.035309069901790835,-0.025329346853138923,-0.0066164401546865426,-0.00030131396611843275,-0.16465262438102402,0.00510425294465868,0.010562146090672308,0.008695000267396025,0.31537615864692004,-0.25292250118811244,55.30204891089171,0.8551817885996276,0.27041387205996986,0.8468654534593854,0.8831411127182925,-0.1679702936664869,0.7385157966038076,0.5004059122484343,0.42146572659398257,0.7014386475405701,Medium
2016-12-21,8061.2998046875,9013.0,18084.2890625,10168.0,19809.69921875,10228.25,2707.800048828125,10361.599609375,3060.449951171875,167.64999389648438,-1178.08,1057.96,-0.0026106228238139684,-0.056446092201090536,-0.0011137924432467194,-0.10582657962471564,0.0008356550477359725,-0.05200366946927848,0.006339085550640888,0.03525864135547274,-0.01144523086465743,-0.09556520854387263,-0.009164098379296992,8.400965073529411,0.005309095536708774,-0.011463165487541893,-0.0072005548302872535,-0.028521086171034993,0.0016855635326962215,-0.004181205040864722,0.010548523594834602,-0.1541372528867173,0.0037475042448971347,0.010477950877439343,0.008527639209806327,0.29841368838886806,-0.5281273326056413,56.749728256300266,0.8542752591873941,0.2703107887932829,0.837731422875536,0.8815743383820542,-0.16441946969989932,0.7386883568834061,0.5382586129768497,0.4254933477153012,0.699569755369091,Medium
2016-12-22,7979.10009765625,8961.2998046875,17891.2421875,10032.349609375,19750.25,10163.0,2630.5,10226.150390625,3002.39990234375,166.8000030517578,-614.4,319.79,-0.010196830414798908,-0.05371203775423983,-0.005736180551703107,-0.08742540755160744,-0.010674839045805018,-0.062123377713707684,-0.013340911745180928,0.021057499651385703,-0.0030010157192962295,-0.07770955642969768,-0.006379390413804864,8.340992647058824,-0.028547177573757243,-0.025939178153177478,-0.013072230529680762,-0.0593269532912577,-0.01896781511029022,-0.043181747097411516,-0.005070032064846908,-0.04794517147717714,0.0028155874399700786,0.010385376990136521,0.008573760378094271,0.2797632004365249,-0.21292371709526303,54.63470070780988,0.8418404223257233,0.28742360571924014,0.8489959997440365,0.8680966774458458,-0.1675003707677994,0.7411548620099037,0.6520795978383539,0.48365671157187523,0.7979261567508885,Medium
2016-12-23,7985.75,8987.25,17883.79296875,10062.099609375,19592.849609375,10071.0498046875,2623.10009765625,10156.650390625,2991.300048828125,164.64999389648438,-1462.65,1614.94,0.0008334150796909245,-0.06333753628713013,0.0028958070679574455,-0.07900066711060649,-0.0004163611822998181,-0.11466439923855254,0.002965407024113187,0.00868122995087961,-0.007969539151403193,-0.09128708811976283,-0.00904754455500345,8.256479599896599,-0.002813116268294946,-0.08604377866954183,-0.006796301378837022,-0.07587422184346404,-0.003696993697262063,-0.12321013748416898,-0.012889742901301293,-0.07160987747369185,0.0033864778642937396,0.010110822818875546,0.008570297830953902,0.22444987815355433,-0.687255726137057,56.816932894664994,0.8756620748254137,0.19383401075350232,0.8403761045675049,0.8592709639478487,-0.16568260522353914,0.7527867178132319,0.6289101864435265,0.4523581867842084,0.78709964635055,Medium
2016-12-26,7908.25,8854.75,,9928.2998046875,19624.44921875,,2543.949951171875,9889.2998046875,2910.64990234375,158.64999389648438,-1095.04,1065.39,-0.009704786651222541,-0.04677384060641676,-0.014743108292302964,-0.0487253111958319,0.0,-0.11466439923855254,-0.01329740410866509,0.01232222514193948,0.0016128133479818008,-0.057690239045599445,0.0,8.256479599896599,-0.03017427606178502,-0.09488906852094203,-0.02632271227768901,-0.09282882195275766,-0.026961570276432312,-0.1233642339149913,-0.03644093666819204,-0.05761812803895516,0.0041288520698080115,0.00909325425813421,0.008542215030987205,0.019444441569592963,-0.4816922839397638,53.123487002473695,0.846031704578465,0.23102142621715221,0.8111456035163602,0.7955230084246149,-0.19615487052791178,0.7721063201137379,0.6741403146101769,0.42303517167496063,0.738701332061195,Medium
2016-12-27,8032.85009765625,8991.7998046875,17879.34375,10067.0498046875,20150.25,10170.7001953125,2609.300048828125,10083.0,2961.199951171875,159.6999969482422,-712.17,1502.41,0.01575571051196545,-0.00932361867375775,0.015477546479290671,0.01848540001057475,-0.000248784961768167,-0.11488465742213994,0.013975202474696857,0.04232111326691479,0.026793148454206328,-0.007765393592987668,0.00989473714831779,8.348070032456341,0.02568843684450095,-0.02203817198604241,0.01958684630237295,-0.06186328180013356,0.0173672720952871,-0.12786609156565654,0.006618361753249813,0.0,0.008716914714767087,0.008717392829361952,0.008715449389504274,-0.05627884556144035,-0.26759561868561516,50.930227565376406,0.8152315497915771,0.2761285647068669,0.8008733360738356,0.7862887379925779,-0.23197317595356684,0.7400532369295161,0.7136947349153265,0.653030158210928,0.6523974010949812,Medium
2016-12-28,8034.85009765625,8981.150390625,17876.4921875,9994.7998046875,20279.0,10198.599609375,2605.64990234375,10149.349609375,2947.5,161.4499969482422,-527.06,824.84,0.00024897763255693484,-0.009461758355441607,-0.001184347326877555,0.007007786746041633,-0.00015948921503339264,-0.1150258237733418,-0.007176879165369576,0.0348940759609071,0.006389498889591838,0.007597119839046096,0.0027431163564686223,8.373712876263786,-0.001398898714624397,-0.015119158420985546,0.006580344081622558,-0.0388190819068589,-0.0046264863561318315,-0.1260970240367184,0.010958046546282407,0.02118906208348381,0.008672466090442896,0.008717063633221112,0.00868790009493835,-0.05634516738109787,-0.1640841560345966,50.308362927634406,0.8204465443102451,0.2760088903929432,0.7847802156944972,0.7942295595312673,-0.2318797379249479,0.7439520679205507,0.7320730439887875,0.6535314555305575,0.6552661346414179,Medium
2016-12-29,8103.60009765625,9109.0498046875,18032.94140625,10148.900390625,20400.75,10291.849609375,2645.050048828125,10132.349609375,2948.39990234375,163.14999389648438,-662.29,957.83,0.008556475748073389,0.0029269861536362907,0.014240872104313906,0.021697945599652213,0.008751673265037674,-0.10728081893501007,0.015418076294557492,0.04861340521267854,0.006003747719315555,0.012243227150937841,0.009143412191050304,8.459420596852022,0.015121043870450546,-0.006721832055413879,-0.0016749841767492724,-0.043725563242434595,0.0003053103795589429,-0.1269432894837862,0.010529557016883517,0.019050516406581064,0.009363039105127641,0.00883454363606755,0.008741974977700706,-0.03267694471522368,-0.2397032749060635,51.0460963128537,0.8283091220043945,0.2986968028076584,0.7943525160923646,0.7987194729028545,-0.23750897147036631,0.7618926457061415,0.7287114140564722,0.6584020965968311,0.6766846532987882,Medium
2016-12-30,8185.7998046875,9141.75,18176.98828125,10271.5498046875,20754.099609375,10399.25,2652.5,10267.0,2982.0,165.35000610351562,-585.64,725.26,0.01014360358861044,0.013834322795140297,0.0035898579998621116,0.017576027815539685,0.007987985529086972,-0.10014979103512456,0.012084995353368155,0.04841152412028893,0.017320422502849153,0.039789738586222034,0.01043547998672345,8.558134191176471,0.002816563404981931,0.01009139375475998,0.013289157581022781,-0.04505905589589343,0.011396044895246593,-0.11842963580998522,0.013484598770056477,0.018792378277313837,0.009902308710703986,0.009018986066703042,0.008790634371264226,0.004481928382711821,-0.19684144349662822,51.23483180157231,0.8246205513023726,0.31703988491104523,0.8294122676178662,0.816324735736399,-0.24002207994848013,0.7573341135645629,0.7655850601797518,0.671162916183681,0.6930187312921053,Medium
2017-01-02,8179.5,9326.900390625,,10307.650390625,20710.349609375,,2705.25,10310.2001953125,2922.25,172.60000610351562,92.73,1133.74,-0.0007696016073948098,0.03157986395174461,0.0202532765198129,0.07432970999413047,0.0,-0.10014979103512456,0.0035146191785999648,0.0637849659599985,-0.002108017250733285,0.05122008042002402,0.0,8.558134191176471,0.019886899151743576,0.06665485848227926,0.004207674618924795,-0.031187399690387974,-0.020036887994634434,-0.07215431020796947,0.04384638483448988,0.12187194836628312,0.008466976601307364,0.008325394616345355,0.008790641392032946,-0.13525314557426077,0.1824955502831321,47.28198895141008,0.746767835415737,0.3577733573325224,0.8127907493614305,0.8086852316890135,-0.2730895895096411,0.6897884172157274,0.7762549945348264,0.5939190365994591,0.534591162473856,Medium
2017-01-03,8192.25,9300.2998046875,18035.390625,10431.0498046875,20864.150390625,10362.25,2714.949951171875,10317.4501953125,2940.39990234375,173.39999389648438,-198.27,254.21,0.0015587749862460143,0.023736950620274477,-0.002852028522169925,0.05053704371691392,-0.007789940448828969,-0.10715957057582726,0.01197163362998177,0.06992809880276862,0.007426276434289614,0.04664570980335592,-0.0035579488905449486,8.524126838235293,0.003585602503234364,0.039931819799209345,0.0007031871217493268,-0.03519774709871748,0.006210934158182857,-0.06782702892474413,0.004634923317957229,0.09435151300839473,0.008432119427376074,0.008182656510350059,0.008784389784123001,-0.16401001647779467,0.019771571938113516,47.91325037063778,0.7329965909918592,0.3559155340209905,0.7974768944393151,0.799903282443928,-0.271920100222743,0.6773725795786811,0.7765205193829006,0.5932866530924619,0.5112140720416796,Medium
2017-01-04,8190.5,9330.900390625,17890.79296875,10346.849609375,20935.25,10496.900390625,2711.5,10303.7998046875,2916.14990234375,177.25,,,-0.00021361652781592966,0.019568570716204547,0.0032902795157288,0.04945929161919027,-0.00801743966940005,-0.11431786485313666,-0.00807207298297652,0.0539726606269737,0.0034077404564216707,0.048014898272476625,0.012994319826775014,8.647886388442096,-0.0012707236722304671,0.012698412698412653,-0.0013230391585705714,-0.05765400114909669,-0.008247177528699634,-0.0779993321515019,0.02220303482717534,0.08675655037991681,0.006450627920564462,0.008163967847004036,0.008783891325636199,-0.16777514615675307,,,0.7315548100295576,0.3547079011023545,0.781869782787892,0.8001101966624785,-0.26942170745246996,0.689958129544772,0.8049046330063966,0.5911394500303301,0.49669188590063884,
2017-01-05,8273.7998046875,9522.2998046875,18115.73828125,10505.4501953125,21070.5,10400.0498046875,2798.25,10457.75,2953.949951171875,179.25,,,0.01017029542610337,0.038704388260310196,0.020512427102405306,0.08770344447855383,0.012573244399670447,-0.10318196690751325,0.015328393851766764,0.08344939893812175,0.006460395744020353,0.06139528751769707,-0.009226589024699083,8.558869305778952,0.031993361607966175,0.03206946837531177,0.014941108933663738,-0.02831141513158497,0.012962313356300603,-0.07736634508056228,0.01128349788434413,0.11369992792011474,0.005110461587997538,0.008154275146047024,0.008852290424203383,-0.16972789555176412,,,0.7308611004468645,0.3955340377296014,0.7818259257959245,0.7930921276475098,-0.28442932514353897,0.7567012894154195,0.8051064754505589,0.6751946050722304,0.4820432197071195,
2017-01-06,8243.7998046875,9506.650390625,18263.787109375,10468.5498046875,20867.099609375,10110.4501953125,2797.85009765625,10472.7001953125,2969.85009765625,177.75,-517.31,171.65,-0.0036259035398709116,0.015959479328726545,-0.0016434489969320287,0.08271262900213872,0.008172387226317523,-0.09585282266953687,-0.003512499696725513,0.06751674624233384,-0.009653325294843529,0.035220713493321565,-0.027845982934088687,8.292693194221048,-0.0001429115853658347,0.014651270993043974,0.0014295804845687599,-0.05523678887573302,0.005382672945446254,-0.07442376449766908,-0.008368200836820106,0.08748854890640367,0.0057809548410612,0.007505879024219042,0.008833704897285601,-0.30035764883133925,-0.15863206397664495,47.347500597883794,0.7988140477272865,0.396675287818041,0.7870789575997648,0.787056422082429,-0.2897890454153748,0.7523246100060429,0.7499312272396428,0.6923096942425256,0.4742074889070039,Medium
2017-01-09,8236.0498046875,9495.9501953125,18286.4375,10396.150390625,20987.25,10198.4501953125,2793.800048828125,10323.4501953125,2982.10009765625,179.25,-832.81,731.72,-0.0009401004613908137,0.013430693580004816,-0.0011255484185104248,0.07582715696980369,0.0012401803902637454,-0.09473151707029925,-0.0069158971790038715,0.051167409959178345,0.005757886475560747,0.027474680483275282,0.008703865634074326,8.373575547162224,-0.0014475574769061694,0.0033038680059009895,-0.014251338930412971,-0.07081747077586009,0.004124787311543976,-0.04632304826667921,0.00843881856540074,0.07722359720463379,0.005558195971550483,0.007508251320207223,0.008831649052423706,-0.29987971192022905,-0.3350561710826703,48.41178048345328,0.7989164941459019,0.3937217545133955,0.7834240686653565,0.7938300462328057,-0.287651205085393,0.7548219391337645,0.740505816170697,0.7298076508499979,0.4740115410722177,Medium
2017-01-10,8288.599609375,9616.599609375,18409.384765625,10489.5498046875,21157.75,10221.5,2833.89990234375,10366.7001953125,2993.35009765625,178.75,,,0.0063804622280927425,0.017986613951813224,0.012705354554413795,0.06638420052194083,0.006723412672643425,-0.08864502348002512,0.008984038375082104,0.05794222029307372,0.008123980035497746,0.0419149639525096,0.0022601281808578566,8.394761029411764,0.014353157997990973,0.02048970196029898,0.00418949083704967,-0.06279547807579056,0.003772509181982908,-0.03875979810192731,-0.002789400278940035,0.06907896688140003,0.00480809262109593,0.007581971799753606,0.0088481425674052,-0.28502754403920216,,,0.8326600793957956,0.4019158274341876,0.7881601821047806,0.8077952522270075,-0.28856909497271255,0.7627491974689956,0.7464410536392794,0.7326867136803283,0.45825606509318423,
2017-01-11,8380.650390625,9703.650390625,18829.78125,10523.75,21194.55078125,10220.5498046875,2954.800048828125,10464.650390625,3062.10009765625,179.5,1038.31,-667.91,0.01110570972035907,0.01898600408839446,0.009052137427572271,0.06472059937438202,0.022835987716438355,-0.06783333243090006,0.0032604063996355404,0.058839192590310896,0.0017393523058926164,0.03449110827131685,-9.296045712470224e-05,8.393887688131894,0.04266210898429601,0.05570050802953941,0.009448541335919991,-0.055541213704847325,0.022967577382221327,-0.036924013946768364,0.00419580419580412,0.06940716993063223,0.0057545406365675355,0.0076268101771206544,0.008762948008978106,-0.2759941368738399,0.7112534177865089,42.42054985079487,0.8272044142935874,0.4466814760406439,0.7881635097777838,0.7810582380642601,-0.28769684988680305,0.7774233786376734,0.7645540054757688,0.7363054783328913,0.4569735984688523,Medium
2017-01-12,8407.2001953125,9676.9501953125,18873.73046875,10644.2998046875,20988.05078125,10398.7998046875,2958.550048828125,10401.75,3054.0,179.0,306.11,176.19,0.003167988574872327,0.026156769211147735,-0.002751561962526572,0.07034069188281156,0.002334027048243037,-0.06565763021532312,0.011455023607316761,0.07775648146188874,-0.009743070383104402,0.02108284620894363,0.017440353347551563,8.55772040872013,0.001269121408566054,0.07630602309157442,-0.006010749358750789,-0.06560335405434359,-0.0026452752679280156,-0.02766719890656333,-0.0027855153203342198,0.07993966817496223,0.005696343356532327,0.007591577036851,0.008753773559669109,-0.28309241563546184,0.30181528395756535,44.791999308629066,0.81610671558839,0.45361102715304646,0.7805188961292387,0.7649846613279684,-0.29476546733697145,0.7745080995038315,0.780420949527173,0.7295621178111249,0.44088326782692533,Medium
2017-01-13,8400.349609375,9600.7001953125,18911.87890625,10656.599609375,21232.94921875,10263.5498046875,2952.300048828125,10445.099609375,3048.300048828125,178.8000030517578,-117.59,-473.5,-0.0008148474852923693,0.038773039058757286,-0.00787954866574958,0.08010170040108644,0.002021245220342749,-0.06376909516623208,0.0011555297119762997,0.08690903252333104,0.011668469838027162,0.0521857015666638,-0.013006308664489596,8.433409746955423,-0.002112521301600334,0.08636294625330931,0.004167530403537789,-0.05371874613762784,-0.0018663887268746127,-0.021098250215759506,-0.0011173013868278625,0.09895517151507582,0.005769613784888766,0.0071385323653572995,0.00875337869394339,-0.3743654995876031,0.06488693473150217,45.11829239655975,0.7888063598749439,0.48780479650425657,0.7709867485994968,0.7100955427827716,-0.3241286128216341,0.7773011232238964,0.7846403947050705,0.7416722434903282,0.38629527704904426,Medium
2017-01-16,8412.7998046875,9650.7001953125,19096.2265625,10599.849609375,21197.69921875,10173.099609375,2980.949951171875,10418.2001953125,3099.89990234375,181.1999969482422,-347.25,203.45,0.0014821044232022906,0.034943848031677716,0.00520795348076919,0.066817763748791,0.009747717673312506,-0.05464298062888251,-0.00532533848321326,0.08073507436531413,-0.0016601556211923718,0.035104518334794665,-0.008812759428632577,8.350275376263786,0.00970426510514133,0.0805829143593968,-0.0025753142687463537,-0.05917729757416357,0.016927419443325986,-0.01509182228944872,0.013422784426852852,0.10588947328915777,0.005014454854866181,0.0071007876812192216,0.008743090410107091,-0.3819697689695238,-0.06353639470738774,45.79758114061004,0.7931373940229438,0.4857496142267951,0.7683971210081606,0.7084481521963027,-0.3225497858425204,0.7726897694814401,0.7826259073155921,0.7191599580472282,0.3812638244935159,Medium
2017-01-17,8398.0,9641.849609375,19066.830078125,10445.650390625,21442.94921875,10206.7998046875,2937.10009765625,10426.650390625,3105.949951171875,181.8999938964844,142.21,-607.23,-0.0017592008642893786,0.0312962552221836,-0.0009170926210928521,0.06965271903427994,-0.0015393870762262507,-0.05609825100692223,-0.014547302502633586,0.05493502980124654,0.011569651850851237,0.05665691188492761,0.0033126772180076536,8.381249820484834,-0.0147100267478113,0.055960074499559864,0.0008110993409689016,-0.05810369981948782,0.001951691673512057,-0.017508650492308653,0.003863117880968714,0.09446448397427765,0.004679422440690694,0.007119706051180412,0.008584074836338473,-0.3781583612246488,0.21016421849107544,44.20111435435776,0.8000808825359825,0.4840786767588601,0.7516656484502342,0.6973544632588474,-0.3185963840425398,0.7713299532595969,0.7759095125880718,0.714848519898169,0.38118783675148216,Medium
2017-01-18,8417.0,9644.7998046875,19164.27734375,10403.900390625,21529.55078125,10231.599609375,3006.550048828125,10452.4501953125,3126.35009765625,182.0,,,0.002262443438914019,0.03887290289554657,0.00030597815066846223,0.06534115424709364,0.005110826772238397,-0.051274132677805784,-0.003996878934170556,0.049526143644366805,0.004038696431938327,0.0691352734536057,0.0024297336248439994,8.404043758616728,0.02364575563062865,0.07891201054693853,0.002474409682969414,-0.03509761522826771,0.006568086030065645,0.005144115452487608,0.0005497861840089158,0.10840440549684405,0.0044179967924419744,0.007028262759533947,0.008586489872337632,-0.39658107262701425,,,0.815848367380579,0.49408992576548877,0.7508453306911411,0.6885275072723146,-0.32930669594024475,0.7658290554376692,0.7767523074558501,0.7049240940835584,0.35896769967480663,
2017-01-19,8435.099609375,9709.0,19124.02734375,10538.650390625,21634.150390625,10222.150390625,3005.800048828125,10389.75,3136.75,181.3999938964844,-132.26,379.63,0.0021503634757038537,0.022826898623929948,0.006656457014410755,0.0440851704123415,-0.0021002618193232125,-0.053266705393946956,0.012951873330258268,0.04686149476946522,0.004858420430494892,0.05479701079338373,-0.0009235328893579808,8.395358814912683,-0.00024945535175513456,0.047755158138666154,-0.00599861220487985,-0.05312302587559237,0.0033265315844013266,-0.005264273595433688,-0.003296736832503311,0.08850885412670384,0.004180250534741998,0.006297835405704616,0.008578303403377214,-0.543737327587916,0.05668363314276877,43.13505027008839,0.7685465559049603,0.5430137456382653,0.713957268337188,0.6455169996430364,-0.3517299089541284,0.7392061810665137,0.757412215659573,0.7059489642575806,0.32216225943597804,Medium
2017-01-20,8349.349609375,9601.0,18820.58203125,10407.099609375,21641.05078125,10132.650390625,2933.10009765625,10307.849609375,3040.10009765625,177.35000610351562,-26.34,-175.48,-0.010165855054597661,0.01060303318001643,-0.011123699660109176,0.03768794815056009,-0.015867228541647682,-0.06828873894744825,-0.012482697155133393,0.02918817917035632,0.0003189582442761907,0.049395335718924516,-0.00875549630751693,8.313097785500918,-0.024186555988718772,0.023680341211499867,-0.007882806672441567,-0.05687391175487455,-0.03081211519685978,-0.05895279388751784,-0.022326284064154378,0.045387636216064786,0.004603393537752487,0.0066019879031831916,0.008585349035900398,-0.4824609498190595,0.11591292450463944,43.514991055143454,0.7949513191219366,0.5550750483853661,0.7371080662802912,0.6232954947491153,-0.323732302821523,0.7627242353684738,0.754100423711644,0.769689851206422,0.388272321669977,Medium
2017-01-23,8391.5,9665.0,18842.48046875,10449.349609375,21873.80078125,10219.400390625,3013.5,10214.150390625,3073.300048828125,178.60000610351562,-288.8,519.99,0.005048344194100052,0.027010843563427755,0.006665972294552569,0.063022437307523,0.0011635366782833945,0.024452269232897006,0.004059728606992552,0.03865112165150841,0.01075502305099052,0.07648250821872171,0.00856143226655326,0.026672961309725185,0.027411237143933453,0.054463984122680165,-0.009090083994316323,-0.06256940459795213,0.010920676986086786,-0.03384206101831033,0.007048209512157566,0.05837040653935177,0.004900125241850082,0.006291033269581986,0.008425199555962331,-0.5451077265362752,-0.03085180180612886,43.643818092401474,0.7704015406703728,0.6420912813472219,0.7427428539750818,0.5856310059271974,0.3234901463612078,0.7916180483079085,0.7605774082004929,0.7671810031660784,0.38513434904165267,Medium
2017-01-24,8475.7998046875,9828.2001953125,19023.279296875,10584.9501953125,21908.400390625,10201.599609375,3062.300048828125,10339.4501953125,3090.800048828125,179.1999969482422,93.95,533.49,0.010045856484240057,0.030893479047639616,0.016885690151319244,0.06874730266556117,0.009595277459613305,0.030187821513292912,0.012976940288785155,0.04285735315242167,0.0015817831441831132,0.0691379158336689,-0.001741861613165696,0.014211570459117695,0.016193810794134622,0.08304157341401419,0.012267276268274507,-0.05557688448038245,0.005694204835832162,-0.03424567455940797,0.003359411109867594,0.07466265036427089,0.006232268511144785,0.00643885277679651,0.008495088622631021,-0.5153271262098833,0.18317776077653733,42.71700792082218,0.7817745307519912,0.6582207255414652,0.7519939836100762,0.5527526285131982,0.27924437047955136,0.8314462264253952,0.7726404856330784,0.759346043987421,0.4156499029810499,Medium
2017-01-25,8602.75,9967.7001953125,19472.97265625,10661.900390625,22206.25,10164.4501953125,3109.050048828125,10332.599609375,3153.25,182.5,1378.81,383.03,0.014977960574563243,0.05136600830497917,0.014193850066926084,0.08983664075433873,0.02363910829237903,0.06170153381964938,0.007269773961390724,0.05000418355717762,0.013595223935310985,0.0931742184875437,-0.003641528337218869,0.0035048054650745897,0.015266302862088965,0.11645571373664598,-0.0006625677195685187,-0.048497860407026305,0.02020510876967041,-0.0017570117583681766,0.0184151959149359,0.08987759525853956,0.008105752413332026,0.0068224254471307665,0.008643681750274662,-0.43805028632180526,0.9016572481180513,39.33345307543003,0.7866488659353731,0.7037385828846842,0.7432948030426313,0.5687722949329759,0.25784420603395186,0.8077447560964339,0.7217305709049967,0.7739071538415937,0.4635651573919661,Low
2017-01-27,8641.25,10014.849609375,19708.072265625,10735.4501953125,21798.19921875,10181.849609375,3109.64990234375,10367.2001953125,3234.14990234375,181.3999938964844,211.77,482.52,0.00447531312661642,0.05980792490472098,0.004730219924218071,0.09833022886792975,0.012073123786754847,0.07103642721970127,0.006898376648891924,0.06135006581603686,-0.01837549254151416,0.08254590016468044,0.0017117909703099343,-0.0013633514577152672,0.000192937876908994,0.11613000012443186,0.0033486815753613897,-0.027056431391065616,0.025656038164988404,0.01619738676105187,-0.006027430704195091,0.08072676377868171,0.0078039999959212,0.006767524008976115,0.008644906524789192,-0.44911105778449867,0.24906140039375416,43.11629890422349,0.7829686438316494,0.7127340207623223,0.741055179269197,0.4714915690990634,0.283692104840249,0.8061713622070874,0.7219811968621642,0.7786665696182691,0.45494589896331616,Medium
2017-01-30,8632.75,9928.650390625,19585.021484375,10765.2998046875,21786.30078125,10170.650390625,3104.60009765625,10412.150390625,3223.10009765625,180.6999969482422,607.36,40.04,-0.0009836539852451365,0.06060603515598517,-0.00860714060741441,0.08468349709127665,-0.006243674144864264,0.06948409483956186,0.0027804711336683052,0.06791718664295954,-0.0005458449746511551,0.09026358967973214,-0.0010999198750381023,-0.005115920912094563,-0.00162391421738306,0.131909013558136,0.004335808556376053,-0.022011892112431264,-0.003416602514154432,0.017055599626175644,-0.003858858719927305,0.0775193812556374,0.008025622391634653,0.006754747733078134,0.008637761506678812,-0.4516850425944013,0.4702709488250459,41.758153795916904,0.7842908128414786,0.710045287723787,0.7346291676588241,0.4657358082601357,0.29191215244733537,0.8076205152785466,0.7118053023447769,0.7784478276387746,0.45684283262730063,Medium
2017-01-31,8561.2998046875,9837.75,19514.923828125,10674.150390625,21832.650390625,9848.5,3072.10009765625,10236.349609375,3174.35009765625,179.5500030517578,-532.88,237.37,-0.008276643631809133,0.05638326349738998,-0.009155362214267493,0.08130315959925727,-0.00357914625245237,0.06891039647923014,-0.008466964758641615,0.05265677057927598,0.002127465779545812,0.09397366590964307,-0.031674512273271005,-0.03669436808686355,-0.010468336976648063,0.13107027988666387,-0.01688419535394814,-0.030253851476315652,-0.015125189576162934,0.0126487852432422,-0.00636410578808011,0.08195243358610793,0.009227882079985296,0.006918976786765679,0.008672126238266695,-0.41859847707938797,-0.167338635601497,45.980850088656325,0.7909730317910485,0.7069577598785066,0.7727491993722084,0.44657795156216296,0.3888230705503972,0.8058392112001957,0.7283265084725405,0.7831275252476384,0.4531095429538423,Medium
2017-02-01,8716.400390625,10191.9501953125,20020.3671875,10742.400390625,22496.69921875,9750.0,3146.800048828125,10189.5,3300.199951171875,188.4499969482422,-260.64,20.66,0.01811647640847469,0.0784421082774438,0.036004187472999494,0.12954604218384702,0.025900350102650904,0.10798368899926225,0.006393951509240825,0.06318817719516212,0.03041540153137534,0.12264295671128078,-0.01000152307457991,-0.05549335997830962,0.024315598059081678,0.16829405933845365,-0.004576788715001778,-0.023690325053297268,0.039645864395532415,0.08015576160439064,0.04956833052193721,0.1359252795743211,0.009122541343304329,0.007468388072649142,0.00888532337125246,-0.3079107997354277,-0.01510504156490643,46.39570065256431,0.8226265957665859,0.7543587360994229,0.7387241134248881,0.5545846238568627,0.3288201870689094,0.8032503266616471,0.6344742708033244,0.8280218685058652,0.5591670233723837,Medium
2017-02-02,8734.25,10058.7998046875,20070.068359375,10756.4501953125,22696.19921875,9926.0,3147.449951171875,10402.0,3347.75,188.75,108.59,-110.89,0.002047818890261066,0.0834791177126537,-0.01306427014196343,0.1160323759777544,0.0024825304855562447,0.1098068765662874,0.0013078831710426897,0.057872757210120085,0.00886796760983155,0.14571145013993503,0.018051282051282147,-0.02955050961796979,0.00020652800739351385,0.1623642419734872,0.020854801511359655,0.003899049581924219,0.014408232692458611,0.09387510118180997,0.0015919504198251833,0.12585748208582603,0.009255231200846111,0.007405612634422831,0.00881993787360313,-0.320557914256103,0.1913642866974001,45.005119308742366,0.7939289457595938,0.7551793484834213,0.7589291458332719,0.5410804197364728,0.2955531885213719,0.8097275890600691,0.577833731309747,0.8233923429547251,0.5748501995697403,Medium
2017-02-03,8740.9501953125,9975.099609375,20196.56640625,10708.099609375,22645.150390625,10025.7998046875,3128.699951171875,10555.0,3445.10009765625,190.3999938964844,122.94,-83.21,0.0007671174184962215,0.09548070438169254,-0.008321091674723946,0.11313088801662441,0.006302820927658326,0.12885210510205103,-0.0044950318236559594,0.06735710240485715,-0.002249223653395971,0.14657537958380273,0.010054382902226378,-0.0134999700199252,-0.005957203542829581,0.18939363283477473,0.014708709863487712,0.03215771300180359,0.029079261490926767,0.14744877754855934,0.008741689517798079,0.14148675307519953,0.009205408105095202,0.007006879370538489,0.008810498418709784,-0.40088909782137055,0.1993886478288469,43.99299893917047,0.7915738397339398,0.726885715408719,0.7325639587574893,0.5310602141797754,0.2668578244261611,0.7838672218743875,0.5125337064369343,0.7532665465989277,0.5705630934931427,Medium
2017-02-06,8801.0498046875,10031.099609375,20371.36328125,10783.0498046875,22904.400390625,10029.0498046875,3119.800048828125,10710.7998046875,3432.300048828125,194.1000061035156,-59.13,222.29,0.006875638006406781,0.10209433111323296,0.005613979027073501,0.11614783269353812,0.008654781782407639,0.13909634923904357,0.006999392800463022,0.07165007536208257,0.011448367333754872,0.16901833307930114,0.00032416366407805874,-0.004170369605406066,-0.0028446007871149037,0.18935607970724355,0.014760758378730365,0.0545602529131064,-0.003715435971463621,0.14742753745909454,0.01943283784474703,0.1788643382856514,0.008103964817096208,0.007027242020536343,0.008743404021241186,-0.39678671679873445,0.09757711952205127,44.653096681282875,0.791205563035592,0.7279911361189123,0.7373818318373396,0.5382591118232407,0.2608050808549508,0.7656048902084575,0.5164019628856243,0.7351956605066434,0.5766135416087994,Medium
2017-02-07,8768.2998046875,9931.7001953125,20327.013671875,10692.099609375,22877.75,9997.9501953125,3079.550048828125,10604.0,3450.449951171875,193.0500030517578,,,-0.0037211469911869743,0.10875349219960162,-0.009909124416390247,0.12162400918292438,-0.0021770565260018637,0.13661647209818772,-0.00843455209424726,0.07693158141002976,-0.001163548932540892,0.16577794082198571,-0.003100952730383688,-0.007258390216775212,-0.012901467840901848,0.21053877157037815,-0.009971225924767957,0.07227005040071033,0.005287970773402151,0.1854568797138607,-0.0054095982418351785,0.21682956494608296,0.0084870557043135,0.006724699856259012,0.008750252885613532,-0.457738667228045,,,0.7782658452195826,0.7513467812274848,0.7179388178325777,0.5586905272764502,0.2825469035372109,0.7406135041515914,0.4501587709364157,0.6821539867595071,0.5124451090589479,
2017-02-08,8769.0498046875,9994.25,20245.166015625,10722.599609375,22766.25,10007.0498046875,3106.60009765625,10583.400390625,3439.60009765625,194.5,473.72,-232.95,8.55353964515082e-05,0.09164863007291157,0.006297995656073363,0.11148493261492698,-0.004026546032349421,0.13232153812272895,0.0028525734995263896,0.06511836311590091,-0.004873731026871053,0.12982469200133995,0.0009101474999611003,-0.016090376029412767,0.008783766589024466,0.1905875290392416,-0.0019426263084685313,0.04962812561985519,-0.0031444749725872967,0.16155617802676625,0.007510991584151583,0.21790860185824723,0.00843137150759989,0.006334694321946731,0.008738048747499071,-0.536311510293874,0.39554094035072185,41.19101623436918,0.765324059556533,0.8376380699800877,0.6925779628121504,0.4920257664216965,0.23959366469762108,0.7160887718725386,0.38170776829158937,0.6820373989403454,0.5432524499753618,Medium
2017-02-09,8778.400390625,10028.0498046875,20150.916015625,10726.0498046875,22874.94921875,10167.900390625,3084.64990234375,10542.599609375,3404.39990234375,196.3500061035156,,,0.0010663168924529565,0.09254065526196209,0.0033819250756685904,0.11656629368497251,-0.004655432310471497,0.1272298728558936,0.00032176854850418657,0.07316304621299641,0.004774577225058918,0.12801169775383392,0.016073726930204257,-0.00301014060026239,-0.007065664914212899,0.1838312965871376,-0.0038551675023220655,0.03874632514745113,-0.010233804603182017,0.15501268951441904,0.009511599503936319,0.21616605645685882,0.007121123304942355,0.006324441678608276,0.008533135128167833,-0.5383770690236054,,,0.7628822973132298,0.8324897847663162,0.6936603578503939,0.49628573100246226,0.22103782883418296,0.7126374519655605,0.3964560537631069,0.6764491893524434,0.5469700857847818,
2017-02-10,8793.5498046875,9987.2998046875,20213.666015625,10676.75,22709.30078125,10387.849609375,3075.449951171875,10438.099609375,3414.14990234375,196.0500030517578,,,0.0017257602055471555,0.08514113464592099,-0.004063601676664197,0.0964151057279381,0.003114002358569845,0.12093005573783921,-0.004596268485156152,0.0520105222298366,-0.007241477824318943,0.11316009368528124,0.021631724377709105,0.009327769414017917,-0.002982494436365335,0.16271900130375094,-0.0099121662466507,0.03017562675858554,0.0028639408646697895,0.15796703819918223,-0.0015278993757689152,0.20165498244607893,0.003131679947987614,0.006238905663977544,0.008531775031501581,-0.5556096651351148,,,0.7533608688202835,0.8321400187968171,0.6807565500308534,0.4912486060313082,0.17926466834738458,0.7067684210393325,0.4097004452787228,0.6976072686005458,0.5468621229854601,
2017-02-13,8805.0498046875,9973.2998046875,20251.564453125,10704.7001953125,22649.0,10452.900390625,3083.050048828125,10403.599609375,3312.449951171875,194.0,306.74,-171.7,0.001307776751758416,0.07564929692580491,-0.0014017802883447006,0.09096177479011125,0.001874891841524784,0.11413200799688994,0.0026178561184349025,0.04216991582198526,-0.0026553341219465176,0.09130246198534375,0.006262198982096567,0.005159063454095225,0.0024712148716170557,0.16231858579759662,-0.003305199345771115,0.0133047247857212,-0.029787781462688567,0.11081487296172865,-0.01045653159830151,0.17326878039876425,0.0031132410664955717,0.006084286933220288,0.008392083032396268,-0.5867600776241332,0.3021675729828483,41.14587363061331,0.7712271398539788,0.8379885308562574,0.6611191903954133,0.458919402762773,0.14554330366397633,0.7326075557627183,0.37646211633044635,0.6552667209353975,0.537245028842778,Medium
2017-02-14,8792.2998046875,9820.599609375,20257.86328125,10728.849609375,22596.05078125,10474.099609375,3055.449951171875,10322.25,3308.0,192.6000061035156,-6.45,-3.2,-0.0014480326951941125,0.07491898095085281,-0.01531089993311241,0.05293282849318781,0.0003110292115742208,0.11447853559692689,0.0022559636068157918,0.04086277694605256,-0.0023378170669786646,0.0910511511124561,0.0020280704835773378,0.007197596881986623,-0.008952205516981726,0.12945197344861836,-0.007819371412726595,0.0011687265483921738,-0.0013434017834142997,0.1320044486269143,-0.007216463383940219,0.11587485105884121,0.0032683299503667913,0.006097917979711416,0.008385646454895222,-0.5840138856280144,0.1270351923028608,42.22962221864667,0.8348459948507855,0.8372244529357333,0.6627667614476814,0.46037988524275214,0.14153487179320534,0.7724441158379203,0.39896835550477494,0.6588438578510821,0.6838101843613688,Medium
2017-02-15,8724.7001953125,9523.349609375,20163.46484375,10648.75,22674.400390625,10427.650390625,3011.25,10137.650390625,3259.800048828125,185.0500030517578,225.84,248.98,-0.007688501401983627,0.06499437826146659,-0.030268009268623164,0.023983076822435168,-0.004659841770547013,0.11799435138378112,-0.007465815282284183,0.02087040129121709,0.0034674027834993293,0.08676365757090254,-0.004434674146923778,0.006311408296943322,-0.014465938528930189,0.10913646813276645,-0.017883659994187284,-0.01742676739735438,-0.014570722845185902,0.10862473034017772,-0.039200429971429585,0.06718575297198814,0.0034191999918801673,0.006371025640419416,0.008419887813715833,-0.5289919859959362,0.25692918862507513,42.110521036298316,0.8422508358376524,0.8545813459365869,0.7063654532602438,0.4410039753660308,0.15535010608055258,0.7854804953636878,0.4578662802705327,0.6797533209770352,0.7107841855140786,Medium
2017-02-16,8778.0,9686.349609375,20243.46484375,10746.099609375,22379.69921875,10628.0498046875,3075.75,10407.75,3283.949951171875,188.5,-215.69,846.11,0.006109070053333943,0.07172944264696901,0.017115826540646806,0.038093774863048546,0.003967572072554715,0.1315018221444646,0.009141881382791484,0.03858662443863592,-0.012997087764086923,0.0689960339021507,0.019218079486311712,0.012494108658936298,0.021419676214196715,0.13433523879771347,0.026643216028122252,0.010088530181381339,0.007408399896316364,0.12612522028875084,0.018643593036187234,0.06346967559943573,0.004166771816220161,0.006395672706707644,0.00843356075236276,-0.5240264408917805,0.010030500794573235,43.6514997045312,0.8449616508106061,0.8590871453653746,0.7133512200472901,0.38486728765126677,0.1968687338008366,0.7858834874670928,0.4560968652196841,0.6781596798624141,0.7556026717969623,Medium
2017-02-17,8821.7001953125,9683.599609375,20551.111328125,10846.2001953125,22445.80078125,10527.2001953125,3053.60009765625,10624.400390625,3275.449951171875,189.25,8043.14,-5631.99,0.004978377228582742,0.06622113219546222,-0.00028390468142280856,0.016939164697177267,0.015197323518951977,0.13443410415106505,0.009315062169177324,0.0324355447567628,0.002953639450373746,0.06527138801879406,-0.009489004213220742,0.012225940549601022,-0.007201463819800025,0.09125349688421336,0.02081625621532024,0.01593558754273139,-0.0025883463896783088,0.10883732132037527,0.003978779840848823,0.05578800557880048,0.004544412957073272,0.006244707492396924,0.008447472621588221,-0.5544407941479513,4.628276803458455,15.577049649473857,0.8310322345180051,0.8488899115400917,0.6938717795696892,0.3768909332893989,0.22384207604349013,0.7522311698372369,0.42488663171833824,0.6645276404751241,0.7535495165068916,Low
2017-02-20,8879.2001953125,9743.9501953125,20676.859375,10947.150390625,22439.650390625,10671.25,3116.75,10641.599609375,3292.949951171875,191.9499969482422,-433.38,827.9,0.0065180179247708026,0.0770761548896064,0.0062322471365992005,0.024961452765898784,0.006118795468881055,0.13212332421386708,0.009307425042378359,0.045717945165929086,-0.00027401074637256606,0.0753602949469554,0.01368358177054918,0.05546734258653507,0.020680475610483473,0.11398033890768189,0.001618841357407419,0.016127589915931884,0.005342777407952415,0.1087933205014655,0.014266826674991684,0.07988746525030765,0.005026379542854318,0.006195138632818123,0.008473042173212377,-0.5644272324981279,-0.11169933716393911,43.8970692330061,0.8392622512071759,0.8769195314666407,0.6944354130142071,0.34045515141288624,0.186336735485451,0.7606207263614725,0.43287515894485923,0.6764377554214732,0.7528605997256697,Medium
2017-02-21,8907.849609375,9758.900390625,20860.70703125,11024.4501953125,22450.55078125,10680.75,3127.0,10644.599609375,3310.800048828125,192.8000030517578,-1435.76,1535.44,0.003226575978951818,0.0815682057076863,0.001534305390815005,0.027690772371816053,0.008891469101554472,0.14077479723702324,0.007061180483434182,0.060435813361654045,0.0004857647260652076,0.06972332160001904,0.0008902424739369863,0.047291480122065854,0.0032886821207989136,0.11926406519737798,0.0002819125047099913,0.031108728960432375,0.005420701170966158,0.11022431857006176,0.00442826838775523,0.07559276458442299,0.005062367754406024,0.006162053541179811,0.008309120907344559,-0.5710927525597846,-0.6722191358356907,47.18020178429673,0.8410350506235357,0.8748286932054227,0.6880814552112409,0.34935361372292667,0.20048693234629986,0.7593343190177291,0.4219822921375311,0.6810429870453879,0.7668613557458666,Medium
2017-02-22,8926.900390625,9768.4501953125,20868.20703125,11418.5498046875,22426.400390625,10514.7998046875,3107.14990234375,10582.2998046875,3313.85009765625,193.0,-259.21,917.97,0.0021386509747480797,0.07700948427138843,0.0009785738459502369,0.015790465664127673,0.00035952760319979404,0.1335635219171607,0.03574777901782067,0.08856433472338865,-0.0010757148392621652,0.05996149829849573,-0.015537316697095238,0.02869439951939534,-0.006347968550127869,0.09642189541487012,-0.005852714707336726,0.02079732270761414,0.0009212422324340608,0.10707066983275593,0.0010373285533014087,0.07972027972027962,0.005057065125767379,0.006121691332769432,0.008310676484866473,-0.5792243640068151,-0.01430540139640685,43.13514004029666,0.8393935530298997,0.8742437522922648,0.5160189028824624,0.340187021556937,0.19611896880022078,0.751590695793931,0.41765232960840387,0.6853041821825122,0.7815855486731271,Medium
2017-02-23,8939.5,9761.75,20876.408203125,11311.150390625,22434.75,10689.650390625,3120.25,10561.599609375,3297.550048828125,194.5,392.33,-445.04,0.0014114204061503877,0.06668332209635608,-0.000685901568676206,0.00598739722023911,0.0003929983952486449,0.10869095747593982,-0.009405696511339046,0.07482127479510625,0.00037231161620088216,0.05851500376441843,0.01662899809652596,0.04589778386700427,0.004216113823915846,0.05599362002091901,-0.0019561149933902122,0.00926444889519229,-0.004918764683910504,0.07689165724924862,0.007772020725388629,0.08356545961002793,0.004845416490435595,0.0059034084057969635,0.008269363884432791,-0.62320094550636,0.35002855341772854,40.42141733341731,0.8417502709824942,0.8666968824160846,0.5247491474777324,0.3547697131610977,0.1965997173842887,0.7389374643255943,0.39682083855587735,0.6635392515046652,0.8021174991154221,Medium
2017-02-27,8896.7001953125,9666.849609375,20612.810546875,11458.7998046875,22419.599609375,10706.7001953125,3110.89990234375,10571.7001953125,3262.449951171875,194.8500061035156,-145.55,263.79,-0.004787717958219084,0.05822390196832994,-0.009721657553717344,-0.0010437778156998645,-0.012626580860329306,0.09214289040550128,0.013053439213828844,0.07651982891738096,-0.0006753090908078185,0.06820780276574778,0.001594982442312043,0.029609223795827644,-0.002996586060812434,0.05149476973559075,0.0009563500143041637,0.016338615647607302,-0.010644295654807068,0.0682547318833906,0.0017995172417253347,0.08854752013137213,0.003865227278119625,0.006034313147771757,0.008064107352862998,-0.5968280947572151,0.04925201227608389,42.542550789256914,0.8481136302047572,0.8708085828858917,0.46338481568519735,0.3780218367610077,0.18868285522820827,0.7358835240909931,0.39280142337274665,0.6777518646534553,0.7918570909252205,Medium
2017-02-28,8879.599609375,9654.650390625,20607.009765625,11360.2001953125,22338.19921875,10680.9501953125,3127.300048828125,10585.150390625,3286.35009765625,197.1999969482422,1146.23,268.34,-0.0019221268068030373,0.05705119694841576,-0.0012619642637420325,0.005619402149318331,-0.0002814163181099616,0.08963312782289412,-0.008604706518623884,0.06602486831901966,-0.003630769150353652,0.05205353192405293,-0.002405036055018517,0.04066822868968467,0.005271833552734639,0.05927581787273417,0.0012722830825702136,0.013408276271898556,0.00732582778037405,0.07809272217793639,0.012060512040621418,0.10290824151249067,0.00391069607736885,0.006054878783167767,0.008063305543663761,-0.5926848190845527,0.7716010870064209,38.258175648946846,0.8437554167296155,0.872270753785701,0.47415558382539624,0.4132216788106777,0.18037109494880488,0.7233983579956466,0.39593140805984606,0.6639290927941996,0.7680489476078475,Low
2017-03-01,8945.7998046875,9670.599609375,20783.5078125,11277.349609375,22650.849609375,10748.0498046875,3184.60009765625,10700.7998046875,3310.699951171875,204.8500061035156,-500.49,562.27,0.007455313102474381,0.06335584019282381,0.0016519726872230578,0.002061965832506729,0.008564951872319648,0.08835678841983263,-0.007293056857544333,0.06391600116673235,0.013996221788664664,0.0685522695472367,0.0062821760375260105,0.056516717361408286,0.01832252995666228,0.0683171974773733,0.010925627864950105,0.02712556910762287,0.007409391206673499,0.06800221151294106,0.0387931504749528,0.1305188165208897,0.0043493108524166975,0.006139345746406431,0.00808563100677684,-0.5756676004481512,-0.1492265061905171,43.987347831765284,0.8392817864236843,0.8844869541180206,0.4345996627962621,0.4361301560445313,0.19026689568104804,0.73806700605308,0.4132212597778752,0.6767031702397652,0.7669452326643008,Medium
2017-03-02,8899.75,9705.5,20559.8125,11172.2998046875,22417.30078125,10741.599609375,3166.300048828125,10541.099609375,3247.0,196.1999969482422,353.84,-42.53,-0.0051476453411544165,0.05974636818290069,0.003608916927050343,0.006601471004392234,-0.010763116338112111,0.07830260277967604,-0.009315114661353707,0.06956478408607958,-0.010310819777300417,0.04543925150221462,-0.0006001270397618663,0.0523964234550669,-0.005746419728364982,0.07803613889590344,-0.014924136347504002,0.010976604610518637,-0.019240629507765394,0.045412853086994165,-0.04222606247276528,0.07861464283443365,0.0045619448450457565,0.006242485565622499,0.008105600914145816,-0.5548884367796347,0.3285053715397225,41.37030652940605,0.8113126434448088,0.8888410670351413,0.4489355572544083,0.4995031160255261,0.19838111016103327,0.7397844630281246,0.44776176303265425,0.697752404891258,0.7673063580971013,Medium
2017-03-03,8897.5498046875,9680.5,20495.361328125,11305.0498046875,22280.69921875,10806.25,3187.10009765625,10614.0498046875,3223.949951171875,198.1999969482422,1529.48,-737.0,-0.0002472199008398679,0.05709276519989315,-0.0025758590489928235,0.0037014967687716283,-0.003134813212669174,0.06945651852659629,0.011882065673202158,0.08661649768143964,-0.00609357762707341,0.03488918301789057,0.006018693023018162,0.05616427661012646,0.006569197014611117,0.06005223458644848,0.00692054890057392,0.01546045246381289,-0.0070988755245225965,0.031218465772209436,0.010193680077006384,0.08901097224308896,0.004380851681420249,0.006255026288376927,0.008104136421313501,-0.5523619079121579,0.9859102440535975,37.45619564073252,0.8116959348271175,0.8894406669691234,0.4348585961526301,0.502651322864467,0.19295479540653188,0.765893170382275,0.4375147126995289,0.6999682284994634,0.7593053900905047,Low
2017-03-06,8963.4501953125,9800.0,20663.41015625,11539.599609375,22392.30078125,10779.0498046875,3189.39990234375,10612.849609375,3272.949951171875,199.9499969482422,,,0.00740657732427441,0.06263714839244772,0.012344403698156148,0.009372746935832676,0.008199359134712703,0.08049469836190615,0.020747348197461823,0.09497888075312066,0.005008889595622845,0.03504414903917552,-0.0025170799595142235,0.05447967333500081,0.000721597884293379,0.06108185858444082,-0.00011307609579613853,0.021473048858249744,0.015198747109020472,0.04342072245855588,0.008829465322630625,0.10226021872053259,0.0052141619938836465,0.006336200587616291,0.008135033748124396,-0.5360080490204885,,,0.8202568139870836,0.8945934201080757,0.46389822534134534,0.5080700872852705,0.17889278265873831,0.7534376228204002,0.43303541738933765,0.7078338770864577,0.7594746096011379,
2017-03-07,8946.900390625,9753.5498046875,20627.259765625,11573.849609375,22393.099609375,10799.099609375,3133.449951171875,10560.900390625,3253.39990234375,201.6000061035156,-804.67,954.34,-0.0018463654426456033,0.07156854236634724,-0.004739815848214257,0.015888949556035925,-0.0017494881218367286,0.09599478546280671,0.0029680405871426174,0.11211096691617706,3.567423163897132e-05,0.034751031071771354,0.0018600716251242488,0.06577244778588409,-0.017542469707470643,0.06830651762472018,-0.004894935918446475,0.024549328020836647,-0.005973219609155644,0.07016209921901662,0.008252108929516666,0.13673526453585638,0.00527424274851873,0.005953790871889757,0.008080384211766566,-0.6130505931310812,-0.3193205946200282,44.55931645014719,0.8252302919681086,0.8794527841557409,0.4021742898494196,0.5368041864585721,0.12409856265658409,0.7121379924752026,0.4198347720055094,0.6648389740256667,0.7255699664714913,Medium
2017-03-08,8924.2998046875,9701.25,20676.310546875,11456.5,22365.19921875,10739.4501953125,3073.39990234375,10584.349609375,3261.35009765625,198.8000030517578,24.07,-389.34,-0.0025260799775062015,0.06349279684055298,-0.005362130274083943,0.0037506466632177826,0.0023779591573158676,0.0973242392988749,-0.010139202887165966,0.09638402659256418,-0.0012459369677130239,0.022465160143600782,-0.005523554390656438,0.05088848511744182,-0.019164195938622508,0.019877186774099886,0.0022203806382661284,0.03624376033172427,0.002443657573965252,0.061188314138032274,-0.013888903606084524,0.11310188274313027,0.004984064414623452,0.005994731539038724,0.008086357410528617,-0.6048024419334872,0.14410163841657203,41.87776086629872,0.8246447304320174,0.8800459324699731,0.42194639033291315,0.5322577746482604,0.13159232636292756,0.740493793174478,0.43516807020871284,0.6541446828096981,0.7328908441646755,Medium
2017-03-09,8927.0,9754.349609375,20721.109375,11397.5498046875,22392.0,10724.75,3052.699951171875,10499.0498046875,3285.050048828125,198.3999938964844,,,0.0003025666294942386,0.0532339372932058,0.0054734811879912915,-0.007514151570978678,0.0021666741763932684,0.08925012620741501,-0.005145567608999313,0.07676933706639977,0.001198325174207815,0.02207370692302768,-0.0013688033414333,0.05128121183507717,-0.006735196144208033,-0.0031349304454747484,-0.008059050185941219,0.015435986088250253,0.00726691414972791,0.06284780540030388,-0.0020121184564029226,0.1071428419375906,0.004877137660847441,0.005808848161552013,0.008082911247550367,-0.6422516167857468,,,0.8037567349887983,0.8812933292820744,0.39776909771649405,0.544540424681865,0.15363377241095735,0.7230355331113855,0.40990739995819686,0.6590885502640568,0.7588200012198467,
2017-03-10,8934.5498046875,9779.25,20727.310546875,11350.9501953125,22341.75,10749.849609375,3034.64990234375,10468.349609375,3273.5,198.25,-693.03,1552.41,0.0008457269729471584,0.038569039514980696,0.0025527474021505014,-0.018906085819186513,0.00029926833369664507,0.06441429938650955,-0.0040885637855107015,0.06462729714614301,-0.0022441050375133775,0.006101885730368739,0.002340344471899014,0.05759282625364892,-0.005912814595878002,-0.023930186171309153,-0.0029240927401633643,0.013138029647140392,-0.0035159430317492912,0.03813525727424083,-0.0007560176466672175,0.08630136986301373,0.003911600323230109,0.005244449695584383,0.008080863704827728,-0.7559587008948678,-0.2568927425841593,42.46985204476654,0.799523825558958,0.8526864353118272,0.3994690984274423,0.4928907951422424,0.21463173866590032,0.7014583628346348,0.46435257705277366,0.6358832152964444,0.7756162545528221,Medium
2017-03-14,9087.0,9910.400390625,21102.453125,11435.650390625,22743.75,10879.25,3032.10009765625,10648.0498046875,3308.10009765625,203.3999938964844,4087.89,-1519.94,0.017062996865551794,0.05158397222624034,0.013411088848838126,-0.010429434572060248,0.018098951008458597,0.07075176306345754,0.007461947577523276,0.06522317951959145,0.017993218973446634,0.04337747222883781,0.012037414040857675,0.06849446980466745,-0.000840230263639552,-0.024938435876350806,0.0171660483283409,0.027090207971674385,0.010569756424698262,0.022865419830697675,0.02597727060017352,0.12127894564623998,0.006996095317663761,0.005963532829288441,0.008140672602879869,-0.6110879202392963,2.416544791949401,28.167676205432038,0.7877586018749123,0.8745485382831336,0.3895710339670738,0.6619849737687835,0.26689733374909497,0.6148468022077086,0.5200270850160502,0.6170315507278792,0.7877321041122891,Low
2017-03-15,9084.7998046875,9987.650390625,21157.654296875,11469.5,22793.150390625,10696.5498046875,3046.5,10671.0498046875,3351.35009765625,203.8999938964844,1141.13,126.75,-0.0002421255983823256,0.05236451938113573,0.007794841475131209,0.005942398783193026,0.0026158651578571668,0.08029773231316861,0.0029600073645790204,0.06541389539433662,0.00217204245671887,0.046214803489793344,-0.01679345500034468,0.05170755004490757,0.004749151373624194,-0.018714196942824057,0.0021600199493689853,0.024865124335469613,0.01307396956659268,0.03979088334652081,0.002458210496576907,0.12838958129527467,0.006995701518113456,0.005953575574382807,0.00812928288939559,-0.6130939682520417,0.7687492234684156,38.03037704016501,0.7712376344533017,0.8767292225401172,0.3902676652621726,0.6590342397677257,0.2694973227993109,0.6065517554831866,0.5250599934561534,0.5961306342141466,0.7857317159956649,Low
2017-03-16,9153.7001953125,10056.5,21249.654296875,11524.7998046875,22905.44921875,10822.099609375,3135.550048828125,10731.2001953125,3388.199951171875,206.4499969482422,1360.1,-88.17,0.0075841396735512046,0.06919514608058086,0.006893474108748077,0.022235775456786344,0.004348308120980526,0.08889250524513437,0.00482146603491862,0.07969247040116811,0.004926867335161678,0.049137361196680995,0.011737411312989998,0.09885765440168548,0.02923028026526331,0.02065360800589855,0.0056367828588501645,0.04834248582954692,0.01099552492035838,0.06736807438899661,0.01250614579739695,0.14981895538442336,0.007014636839107217,0.005735499796092193,0.008127537687014267,-0.6570288163415738,0.8911948232560742,36.76848526436467,0.7728230949949622,0.8767007003477353,0.3544442596019775,0.6994308754797943,0.14800192130770978,0.6002030190593138,0.4797635320730187,0.5759276302082884,0.7957199542238089,Low
2017-03-17,9160.0498046875,10009.400390625,21174.8046875,11487.150390625,23491.25,10900.75,3127.5,10674.9501953125,3327.0,208.0,1532.39,-711.5,0.0006936658662091144,0.05089823713693442,-0.0046834991672053405,-0.01791117511263529,-0.0035223918624411876,0.057663153187359484,-0.0032668171855954053,0.06932808058894824,0.025574734450982683,0.044208742428359704,0.007267572233105923,0.11802564102564106,-0.0025673482173035334,-0.006133230115879851,-0.005241724967964934,0.04764219984420226,-0.018062674002078283,0.008120734872021362,0.007507886048292889,0.10374106324409871,0.006782449969209437,0.004893658924260364,0.008097402398065815,-0.8266311037180378,0.9875374838370478,34.15520185236126,0.677116423768015,0.8224067249130517,0.37480721715619447,0.4361073413962676,0.33392358439126657,0.5164723970806592,0.6320170485533,0.4088054655689651,0.728348007606413,Low
2017-03-20,9126.849609375,10009.2998046875,21110.00390625,11411.9501953125,23500.25,10776.75,3126.60009765625,10710.599609375,3336.64990234375,207.1999969482422,56.67,-536.21,-0.0036244557639315556,0.044949435770100576,-1.0049147159074678e-05,-0.0049210642383927805,-0.003060277636858344,0.051815246876786736,-0.006546462155999411,0.06094017897146564,0.0003831213749800888,0.03542667093729723,-0.011375364080453143,0.08570924843844452,-0.00028773855915265045,-0.006624363798973909,0.0033395391463422186,0.02966733410642175,0.0029004816181996684,-0.0033156889422000235,-0.0038461685180664062,0.0977483282026077,0.00695266312334758,0.004987153775888594,0.008096052581309058,-0.8077950727950363,0.1623311975026463,39.332471941443686,0.6895087440870887,0.8255958457118484,0.39403062123868515,0.43575112913489794,0.37732357014718715,0.5071257961506759,0.6440104257569205,0.39845424634409315,0.7288045155711668,Low
2017-03-21,9121.5,9963.75,21018.755859375,11359.0498046875,23796.650390625,10787.2001953125,3119.39990234375,10493.75,3306.0,210.5,1662.72,-798.57,-0.0005861397529225432,0.04353643439034549,-0.004550748361655477,-0.0011377940892272065,-0.004322502604937162,0.04070936794833435,-0.004635525893438408,0.060790450132027996,0.012612648402676507,0.0508497395750005,0.000969698221866544,0.07594410475551405,-0.0023028833517587666,-0.0029724962359019003,-0.020246262327385578,-0.005802936996683994,-0.009185831070326222,-0.040376213669635286,0.015926655889778596,0.10556726233112945,0.007022826505430441,0.004999915326003149,0.007962427227027316,-0.8052240547293676,1.0604165769563132,33.97481188150971,0.6973253728567785,0.8355671721880192,0.39903723229720556,0.4001375922880278,0.38617101531171416,0.5081211402948104,0.6537705599737914,0.47066337713087986,0.711373925199543,Low
2017-03-22,9030.4501953125,9803.9501953125,20781.107421875,11321.650390625,23390.75,10783.2998046875,3079.14990234375,10510.5498046875,3241.0,211.8000030517578,356.64,-779.91,-0.009981889457600146,0.026065116743552608,-0.016038118648852073,-0.022644517840318068,-0.011306494023241687,0.020113731956374892,-0.0032924773379430228,0.04994881742114976,-0.01705703886732357,0.02123389397148623,-0.00036157580784446086,0.07520652650936777,-0.012903122799278854,-0.013029728139033803,0.0016009343359142392,-0.018696082799751546,-0.019661222020568636,-0.05573523471336361,0.006175786469158284,0.09119008960155628,0.00861520984987451,0.005305166372434162,0.007968964777343277,-0.7437263567308068,0.3300711005409804,39.09485711598444,0.72657600410233,0.8483567029647967,0.39369731582079803,0.4660911275304567,0.3934983777606992,0.5573658904357778,0.5698184156777139,0.5491606824481218,0.630792280949826,Low
2017-03-23,9086.2998046875,9897.9501953125,20895.2578125,11456.650390625,23335.30078125,10850.7998046875,3113.199951171875,10575.2001953125,3252.10009765625,212.25,1094.44,-590.78,0.006184587497530369,0.036267008095457465,0.009587972003870737,-0.0033982097059201966,0.005492988814678856,0.027955121681805917,0.011924056594415644,0.07150614090609753,-0.0023705618139648887,0.01999981559593933,0.006259679432325305,0.0853024462729226,0.011058262802407626,0.010926889256615668,0.006150999883580477,-0.0027159378241701226,0.003424898999151438,-0.05748521390616301,0.0021246314530609656,0.0994560820757644,0.005907993744549305,0.005317706125697834,0.00742701289311542,-0.7412000231827248,0.7426406923724398,36.64975556757266,0.7277828670711795,0.8516272210574156,0.3942995345393596,0.4455824893406105,0.38825128935249476,0.5566842256095244,0.5652370957487578,0.586175055817314,0.6135323628449249,Low
2017-03-24,9108.0,9878.349609375,21122.3046875,11485.400390625,23455.099609375,10768.9501953125,3123.0,10556.349609375,3359.85009765625,213.1999969482422,543.35,116.5,0.002388232369495924,0.03865301291039702,-0.0019802671816617767,-0.0115967071691222,0.010865952314987659,0.04332583250727784,0.0025094594859529362,0.07113953789555527,0.005133802612960592,0.030257491215066157,-0.007543186755656572,0.07613636441262739,0.0031479021527145434,0.005279051641092325,-0.0017825275729395074,-0.0025559631358142987,0.03313243650699871,-0.02318583490398829,0.004475839567689821,0.09614394317862307,0.005973023977336535,0.0053176565478236775,0.006985826325783171,-0.7412100114372057,0.434477265478432,38.498616269882945,0.737133569387838,0.8367795740137228,0.3948036018817014,0.445819322116074,0.3719517684271035,0.5687863344727497,0.5626214441184653,0.5252118548191562,0.6168549314214431,Low
2017-03-27,9045.2001953125,9808.2001953125,21056.65625,11307.900390625,23444.05078125,10648.5,3040.199951171875,10441.900390625,3404.050048828125,213.0500030517578,577.88,-594.48,-0.006895015885759803,0.030392758682143528,-0.007101329355252317,-0.021923466043440865,-0.003108014890953137,0.04494784424056397,-0.015454402455563065,0.05424649302702478,-0.0004710629376557529,0.02487881206020437,-0.011184952398138992,0.047266356957835765,-0.026512983934718237,-0.01441004735678475,-0.010841741983266484,-0.009551649733567924,0.01315533428193949,-0.00010276510564577457,-0.0007035361099033688,0.08505218451298635,0.005554745818378941,0.00552329410589096,0.007038686260432912,-0.6997810414433507,0.4537860591975162,38.879911147494695,0.7410311034680906,0.8422360969276623,0.4443499684069951,0.4390500482594054,0.4287971598699807,0.6129840953822412,0.5845010777882953,0.4478408356260457,0.6070975643667589,Low
2017-03-28,9100.7998046875,9887.7998046875,21225.154296875,11298.2001953125,23467.69921875,10681.0498046875,3059.35009765625,10497.7001953125,3432.550048828125,212.1499938964844,6415.38,356.23,0.006146863328001739,0.034940383215458226,0.008115618338728536,-0.009962652763592872,0.008002127444854956,0.05003982357619474,-0.0008578246161897729,0.05820593301449417,0.0010087180633013837,0.03339593961105902,0.0030567502171667815,0.028225302284689224,0.006298975985771449,-0.005234958712135862,0.005343836140938363,0.005709907757918797,0.008372379839071797,0.005389378618596563,-0.004224403390666764,0.08212185969962027,0.006279644057199449,0.005601390631211103,0.0070359763898489155,-0.6840472492581025,3.71805143235575,19.483124414768273,0.7517249413065135,0.8466590544402861,0.434828982370486,0.443978045666072,0.45614069731612117,0.6193853783147755,0.6029927137198198,0.4578874493773207,0.5845995865720078,Low
2017-03-29,9143.7998046875,9845.75,21390.90234375,11339.2001953125,23672.5,10741.25,3071.050048828125,10419.5,3487.10009765625,211.3999938964844,460.98,1283.03,0.004724859454424246,0.03847224121545123,-0.004252695798671602,-0.012789127689468494,0.007809038490683928,0.05625925311904423,0.003628896575669671,0.0592730285223535,0.008726922027634032,0.04518963309638391,0.005636168392930907,0.02758560768775853,0.003824325689576469,-0.0038922494964236387,-0.007449269254938162,0.0015283547254809626,0.015891989352565528,0.05272536915541548,-0.003535234605596793,0.08969069018806386,0.006468165870510689,0.005639102933300034,0.0070413943525396904,-0.6764495037571064,0.38841687339499836,39.55210471454473,0.7359909798993076,0.8487293764140579,0.4350890816896432,0.4558627787874907,0.46463497887820354,0.6212850716297177,0.5788164621945755,0.522338859022106,0.5779359625992461,Low
2017-03-30,9173.75,9860.2998046875,21620.447265625,11377.650390625,23671.0,10730.75,3061.699951171875,10407.2998046875,3514.35009765625,215.3000030517578,67.97,1701.79,0.003275464899958447,0.04338457557022046,0.0014777751504455594,0.004042542908948343,0.010730960208514384,0.06726197948211854,0.0033909089398029835,0.06047253944943631,-6.336466363920934e-05,0.04757243773066677,-0.000977539858023957,0.02450333682097905,-0.003044593056963696,0.002045525241741508,-0.0011709002651278944,0.008239463749424747,0.007814516141453787,0.06237911053695577,0.018448482818703926,0.11786083192563224,0.00654588455091412,0.005626394537210369,0.006734239590839677,-0.6790098130956198,0.16865003240058,40.83998204844908,0.7451073786920365,0.8408923889586013,0.43790871616991467,0.4481277453408532,0.465164707057536,0.6122139598897811,0.5709959450444732,0.5230840813445834,0.5743497199199936,Medium
2017-03-31,9173.75,9880.2001953125,21443.900390625,11648.7001953125,23542.30078125,10703.25,3096.550048828125,10411.150390625,3526.60009765625,214.9499969482422,-295.92,1499.41,0.0,0.051468794873749335,0.002018233828502858,0.03747112104192918,-0.008165736482274255,0.06350275395609373,0.023823003465710313,0.09390305860429637,-0.005436999651472263,0.03827666335925883,-0.002562728607040543,0.026429694039491247,0.011382597319149701,0.028327122898505586,0.00036998895100204265,0.02697863799415745,0.0034857084979011965,0.0818455257475188,-0.0016256669695982051,0.16157791625716134,0.004592659913728619,0.005365698553149426,0.006687507186011156,-0.7315311822593478,-0.034833226980756124,41.43062517477236,0.7436013379870464,0.8258881904766994,0.3645203002661632,0.4873014775204637,0.457863387984577,0.567499052952356,0.5216684872821494,0.4797478477416572,0.5130342550133714,Medium
2017-04-03,9237.849609375,9921.099609375,21547.5,11819.400390625,23639.599609375,10592.0,3105.699951171875,10503.650390625,3525.75,219.1000061035156,,,0.006987285393105225,0.05238660393882433,0.004139532929899881,0.024235135986914624,0.004831192436441922,0.06441758692571886,0.01465401224603502,0.09987817164040069,0.0041329362422593,0.05629657388645515,-0.010394039193702853,-0.00339194916753216,0.002954869838843077,0.00973744653234987,0.008884705006594995,0.009214324962167675,-0.0002410530348522233,0.07363085687156667,0.019306858405179206,0.1623342498860243,0.00471534374124571,0.00539297561700269,0.006707731518846881,-0.7260357821460689,,,0.758050717603195,0.8259685255770683,0.37731472561473706,0.5716444024842351,0.37473854008029595,0.5509052348363451,0.5366373828171971,0.45805265005065554,0.5167973497893118,
2017-04-05,9265.150390625,10033.5498046875,21652.447265625,11979.2998046875,23583.69921875,10510.2998046875,3137.25,10541.150390625,3576.050048828125,225.8999938964844,-601.12,926.1,0.002955317785461098,0.050268109944172856,0.011334448774835248,0.036138441223210194,0.004870507744517916,0.05359009154861516,0.013528555491641558,0.10446973031760032,-0.002364692784510236,0.050695381670256,-0.007713387019684714,-0.001605402225800301,0.010158756262407254,0.02739386287286094,0.003570187373474587,-0.007835736318207664,0.014266481976352496,0.09177368060492053,0.03103600001615736,0.19365914872646983,0.0047204699026772365,0.005363361590753283,0.006623573964089015,-0.7320020006540834,-0.20549768811786837,42.44896212085821,0.7480455492205169,0.8399484707750895,0.37218815212942113,0.5652156334295131,0.39606212341987423,0.5731067330762937,0.5496668262592408,0.4721601491321888,0.5077483553822628,Medium
2017-04-06,9261.9501953125,10035.2998046875,21622.697265625,12123.4501953125,23349.0,10538.150390625,3146.14990234375,10469.7001953125,3537.64990234375,227.9499969482422,,,-0.00034540133484917135,0.04310635998522261,0.00017441484161295762,0.029900564302469235,-0.0013739786378433871,0.045743788912575134,0.012033290173486977,0.1074526029801206,-0.009951755938415463,0.040524232487816114,0.0026498374408956415,-0.012472729003162653,0.0028368483046457005,0.00943287153084138,-0.006778216102110268,-0.01615353145884768,-0.010738145708267921,0.07431025518161682,0.00907482561817674,0.18754884382575487,0.0028275421553351464,0.005294493779312518,0.006374543114643157,-0.7458765210507338,,,0.7420101911830249,0.8388657194987733,0.3494210765027065,0.5779893952507481,0.359898979843819,0.5509809922606806,0.5524827121206507,0.4746809813144794,0.495361998306555,
2017-04-07,9198.2998046875,9993.75,21430.900390625,12055.0498046875,23235.55078125,10485.75,3111.10009765625,10285.7998046875,3483.949951171875,224.6000061035156,-834.36,295.88,-0.006872244968150865,0.032606095528018075,-0.00414036506095139,0.0240651712769413,-0.008870164191074892,0.027333366914210178,-0.00564199048315861,0.0934830845181922,-0.004858847006295797,0.034965734589264885,-0.004972446651702489,-0.01825714486342256,-0.011140538682339773,-0.005084714532699097,-0.017565010190772834,-0.033707214724309154,-0.015179554974136367,0.05229850785010015,-0.014696165341415823,0.16493777255398157,0.004500425657905489,0.005493073890749041,0.006435198142045968,-0.7058693863842723,-0.33592291392265233,43.54510484692465,0.7453177304809218,0.8549011439003494,0.36897209843620293,0.5901374685219216,0.37165258973258525,0.5704820147072107,0.5953341820039774,0.5108003438777353,0.532451749854728,Medium
2017-04-10,9181.4501953125,10030.5,21519.900390625,12017.4501953125,23264.75,10338.150390625,3138.449951171875,10315.7998046875,3505.5,223.3500061035156,-632.14,584.88,-0.0018318178068531532,0.028514914869536057,0.003677298311444588,0.026826139197930088,0.00415288197778807,0.031229005846026725,-0.0031189924541314973,0.052449776974230256,0.0012566613559064077,0.037382263527474535,-0.014076209081372304,-0.01680007392853544,0.008791055464987707,0.010073556092197178,0.0029166424166964244,-0.02518356169440139,0.00618552193061106,0.0578330029108125,-0.005565449537093481,0.1572539176347958,0.004406526874464841,0.005514592780733305,0.006443961707500057,-0.7015340623518431,-0.22284372869608993,42.91865362395442,0.7326815592678483,0.8417539737220228,0.4181267275466688,0.5903981315527944,0.4181369203166869,0.5559643382917109,0.5901034260172981,0.5020216439918377,0.5410064404311395,Medium
2017-04-11,9237.0,10040.0498046875,21735.8984375,12012.25,23651.75,10398.849609375,3092.050048828125,10355.5498046875,3578.25,226.1000061035156,,,0.006050221207523521,0.033279266178197986,0.0009520766350132881,0.02850921245550242,0.010037130421342466,0.041170407572617806,-0.0004327203548161185,0.061983050809411244,0.01663460815181761,0.05424620287723281,0.005871380900498879,-0.027203956221527825,-0.014784337193723518,-0.009037721712002234,0.003853312467535286,-0.01950933687209655,0.020753102267864865,0.08512378796847364,0.012312513655027502,0.16246789770445047,0.004795426078620953,0.005592396531145856,0.006395963629417605,-0.6858592543471871,,,0.723849672060373,0.8468257408952664,0.4167643861389501,0.605559029700389,0.4673258366595907,0.4925374375246318,0.5965271027749016,0.5259375476366255,0.5461782701283119,
2017-04-12,9203.4501953125,9987.150390625,21666.548828125,11914.0,23670.19921875,10323.4501953125,3071.199951171875,10445.2001953125,3531.39990234375,226.3999938964844,-333.59,776.18,-0.003632110499891761,0.034479075754583866,-0.005268839805735004,0.033133936514267104,-0.0031905563772488543,0.05112055334975918,-0.008179150450581707,0.03972494528844894,0.0007800360966947473,0.05578153183663681,-0.007250745697343741,-0.03579534244993532,-0.006743130714896406,-0.012761564954875348,0.008657231370218454,-0.011965908762347488,-0.013093019676168494,0.08243803129463112,0.0013267925027453664,0.1619193574785296,0.0051070169682786125,0.005554244140349887,0.00639410042879763,-0.6935456627461959,-0.0558978739369652,42.012839290667436,0.718820119005266,0.8499226493694624,0.4956350783877768,0.6035641340523237,0.5036824460929906,0.5016331588844849,0.5628528674735391,0.5236472461268509,0.5491241097231572,Medium
2017-04-13,9150.7998046875,9907.400390625,21686.34765625,12018.400390625,23507.900390625,10064.2001953125,2985.550048828125,10531.9501953125,3545.75,228.0,-407.88,65.43,-0.005720723153564311,0.030541939641757,-0.007985260748137102,0.02617909398826379,0.0009137970371773108,0.052377220319731466,0.008762832854205094,0.05793913698669595,-0.0068566735169866,0.05236327066566715,-0.025112728312257082,-0.05774298997018734,-0.0278880905527068,-0.04532663888555155,0.00830525010319394,-0.005025927204550418,0.00406357196949747,0.07893252229235959,0.007067164958701966,0.15618663046856796,0.004643031261852966,0.005668705558532778,0.006256832733621671,-0.6704855821659669,-0.0974400194739117,42.538813130851864,0.7327866165488808,0.8332269755013328,0.44001598210029325,0.6143978500077439,0.536564877931039,0.5508871725825583,0.5041953835105764,0.5162998243094353,0.5428875956138078,Medium
2017-04-17,9139.2998046875,9889.4501953125,21647.34765625,12107.849609375,23459.900390625,10000.900390625,2953.35009765625,10448.5498046875,3532.14990234375,246.3000030517578,-250.54,-52.38,-0.0012567207506942735,0.021630262718220994,-0.001811796697899215,0.022630508425283136,-0.0017983664477849715,0.04156371732544839,0.007442689196789809,0.07364319000180641,-0.0020418667427714032,0.03571834148398301,-0.006289601106800546,-0.06951488201484224,-0.010785265912562458,-0.07261508287027674,-0.007918798425586848,-0.023573004317817614,-0.003835605346189097,0.06688916375326892,0.08026317127963956,0.2023431570087264,0.004249489797450764,0.005549501707259436,0.006249798216938472,-0.694501101626373,-0.009457233381797542,41.722730180774306,0.7469390886376064,0.8276736281848959,0.4884710092719153,0.5944305033913755,0.5209374300076411,0.5254540831520568,0.480675061185545,0.5171055104522684,0.3057527682802538,Medium
2017-04-18,9105.150390625,9813.7001953125,21671.59765625,12031.400390625,23382.94921875,9981.5498046875,2901.25,10355.7998046875,3531.64990234375,237.9499969482422,-930.67,878.08,-0.003736545992832463,0.02307934387201893,-0.007659677586111413,0.011148338087939802,0.0011202296181997973,0.05407564666506559,-0.006314021169440909,0.07689559007153135,-0.0032801150300599824,0.04307603519812142,-0.0019348843785744752,-0.07075759964318051,-0.017641016450300362,-0.0837097068315501,-0.008876829965282829,-0.01757879268332674,-0.0001415568460636507,0.08766550734331702,-0.03390177019917029,0.21279307160750727,0.004230111793742787,0.005503771482920952,0.006272275736168984,-0.7037141856064475,-0.3897783996766342,43.89410017078244,0.7866563242428186,0.8164334538961293,0.4782869783026115,0.5801165786441365,0.5319288093478534,0.5416167317911573,0.4651375647554301,0.48906566010151004,0.28385674967006647,Medium
2017-04-19,9103.5,9831.349609375,21556.099609375,12100.7998046875,23387.150390625,9944.7998046875,2915.800048828125,10321.0498046875,3473.25,241.4499969482422,-673.38,525.52,-0.00018125901870869043,0.023146843775350368,0.0017984464280791368,0.015582832433758576,-0.005329466184588849,0.051755041751539554,0.005768190884626989,0.07038889821343841,0.00017966817768355625,0.04965962517656908,-0.003681792979958076,-0.0797177740023135,0.00501509653705301,-0.08512442048106217,-0.0033556075489477033,-0.027604920401881117,-0.016536152778052426,0.07732751829398188,0.014708972661854336,0.21821392868787104,0.0037919108867247625,0.005503362007829886,0.006238169443531993,-0.7037966809026396,-0.24590468012890287,43.02986790994174,0.7848541482863091,0.8097047413056306,0.4903928430364813,0.5832906761211516,0.5488768007979467,0.5443807802939765,0.47962200985366976,0.4782462531149293,0.28179162671327385,Medium
2017-04-20,9136.400390625,9909.900390625,21491.150390625,12068.5,23495.150390625,10039.0498046875,2919.64990234375,10303.9501953125,3504.550048828125,246.5500030517578,-168.84,8.82,0.003614037526775471,0.019295047280225353,0.007989826867218275,0.011214325573979611,-0.00301303203858605,0.04005825892802295,-0.002669228911215238,0.045833513165856266,0.0046179204476015645,0.04925128597318862,0.00947731496370352,-0.06865169132794946,0.0013203420849012826,-0.08457703902284963,-0.0016567703575303128,-0.02910617086193601,0.009011746585510627,0.0707618818226432,0.021122411132640684,0.23305829864842775,0.004238332737433812,0.0053881920949998,0.005989038629920106,-0.7269994990438248,0.0362285021191922,41.05863499875895,0.77215008962347,0.7784837205759716,0.43442395572230963,0.5854957846651767,0.5673125038159691,0.5495398775693755,0.4838636790361541,0.4606336768369934,0.29473619765242637,Medium
2017-04-21,9119.400390625,9858.7998046875,21551.19921875,12193.7998046875,23229.80078125,10008.150390625,2905.25,10208.5,3473.10009765625,252.5,-978.34,1132.39,-0.0018606890321317682,0.01928042030966992,-0.005156518625135997,0.01079094300102068,0.0027941188365232517,0.044792156768429736,0.01038238428035787,0.05356473569609288,-0.011293803400419189,0.03736424105954095,-0.003077922180251824,-0.0732421449343198,-0.004932064742485198,-0.07282706113960136,-0.009263456587350616,-0.03336840397981866,-0.008974033965470585,0.06752941596704054,0.024133023218795513,0.25248012081085336,0.0030195348381952523,0.005388421671152878,0.005997035835704894,-0.7269532472615794,-0.41643493592305014,43.775170648399346,0.7718721279844097,0.7698376580830498,0.41313938969874425,0.5846038961632885,0.5788403949546781,0.5467729276482866,0.4858096731683119,0.46152464088157874,0.2775969693462499,Medium
2017-04-24,9217.9501953125,9978.2001953125,21857.146484375,12273.150390625,23344.650390625,10058.349609375,2925.699951171875,10177.75,3523.0,258.54998779296875,-279.55,984.17,0.010806610135114969,0.03290458602374158,0.012111047286732513,0.028547887675557382,0.014196298893604853,0.05711057274086406,0.006507453559061682,0.07128271205211023,0.0049440634664288385,0.043793536659126664,0.005015833774542733,-0.06342043340680359,0.007038964347947596,-0.04805751150679749,-0.0030121957192535964,-0.03841517186987642,0.014367539356963555,0.08022748080059938,0.02396034769492572,0.3005532385512839,0.005495619629961277,0.005660331500554693,0.005942099265741287,-0.6721726698748539,-0.025679304212687548,42.088003786777875,0.791180958681135,0.8019268249773401,0.407500281418444,0.5744476734959487,0.5890319439525702,0.5506287779183654,0.45854670880430287,0.4897321439435321,0.29293349575699384,Medium
2017-04-25,9306.599609375,10090.349609375,22054.443359375,12406.849609375,23764.849609375,10091.25,2945.85009765625,10241.4501953125,3548.25,262.45001220703125,178.82,998.26,0.00961704198701141,0.04252264023468122,0.01123944317284642,0.034446171549671334,0.009026652913775468,0.0643466505699577,0.010893634844736155,0.08855410346813342,0.017999807738339424,0.061309825356153924,0.0032709531784751444,-0.059068975966805715,0.006887290843445415,-0.03500175425842533,0.006258769896342553,-0.024535516467403484,0.007167187056486002,0.0801205300557799,0.015084218132647598,0.32283276351291157,0.00577451285192757,0.005867041548823286,0.005983773664032425,-0.6305276296028532,0.23063612518252263,41.04985169367062,0.8147275436113085,0.8094825235556825,0.43561067770732237,0.6100823697864733,0.5951762655692762,0.5604995445540922,0.4812245509046367,0.49219377985428,0.2957157573793868,Medium
2017-04-26,9351.849609375,10189.7001953125,22242.591796875,12278.650390625,24304.30078125,9966.75,2957.89990234375,10197.2001953125,3566.85009765625,254.6499938964844,-492.52,1011.38,0.004862141050359314,0.046706304605136806,0.009846099469654979,0.04197154130557057,0.008531089832291006,0.07310554095154687,-0.010332938883463871,0.08172885787972217,0.022699540739453683,0.0878423033670146,-0.012337421033073226,-0.07284749441443861,0.004090433758692225,-0.025291220559157,-0.004320677165451925,-0.025901830200595333,0.005242048236806962,0.08961359329654806,-0.029720015041926784,0.2844892504236287,0.005583575758874458,0.00589955903206978,0.0059581528813915634,-0.623976463316129,-0.14476977042622224,43.38090106276378,0.8151553920796046,0.8116742518709054,0.3878472964781448,0.6026125577927678,0.5607050550271002,0.5642939891728962,0.4681409257550889,0.4933100987574461,0.23607426342926394,Medium
2017-04-27,9342.150390625,10173.099609375,22326.041015625,12290.099609375,24067.0,10012.349609375,2929.85009765625,10100.0,3537.699951171875,255.6499938964844,-181.71,233.31,-0.001037144431864756,0.02807861677396284,-0.0016291535196626405,0.026507427388958726,0.003751775850228123,0.05798320618826169,0.0009324492827600395,0.07471802560967422,-0.009763736195738226,0.0581808189062929,0.004575173389018472,-0.07968383763816445,-0.00948301349388947,-0.033722501469868105,-0.009532047370922614,-0.05146950049446963,-0.008172517960182701,0.06940535254005575,0.00392695866470949,0.2568829968922781,0.005087539169660622,0.005132991143355453,0.005940300436835438,-0.7784138061745172,0.02903174060269602,40.48484388228962,0.8024982505988368,0.7596201517588469,0.39032861434076416,0.5534196535403515,0.474188765593004,0.6529422566887375,0.33762214395177087,0.5098944022816005,0.1831718358725871,Medium
2017-04-28,9304.0498046875,10255.150390625,22357.990234375,12263.5498046875,23675.400390625,9943.7001953125,2974.39990234375,10120.900390625,3659.300048828125,251.0500030517578,-1150.43,1684.44,-0.004078352878555069,0.024133718377247426,0.008065465236808178,0.02678307605271124,0.0014310292956838389,0.0567329402710437,-0.0021602595203742414,0.06923142287697814,-0.016271226549840034,0.03870680379325164,-0.006856473928778972,-0.07038247127546515,0.01520548942866995,-0.02366653459913015,0.0020693456064355686,-0.05155532249702688,0.034372643054697116,0.09188832625610743,-0.017993314901424085,0.2312408561385757,0.0057515078633230765,0.0052105566788328,0.005959875277365576,-0.7627869903727225,-0.5126657587182195,43.92255066783665,0.7632252366232374,0.7515164983476306,0.40032713281826343,0.5733684829757894,0.493087798361164,0.5862575978103542,0.3199686271092514,0.38997309769874716,0.2147800235057627,Medium
2017-05-02,9313.7998046875,10294.75,22341.08984375,12242.849609375,23755.099609375,10006.349609375,2957.35009765625,10036.349609375,3654.5,255.6499938964844,,,0.0010479307618374012,0.017490152174416407,0.0038614362409741254,0.023691145030577232,-0.0007558993651860524,0.05136250837904255,-0.001687944815504161,0.06230475295505311,0.0033663303443669523,0.03709381040776494,0.006300412606167871,-0.0753781640757889,-0.005732183044406813,-0.05683211825576673,-0.008354077007646454,-0.06475050071668753,-0.0013117396125147396,0.07859632036651787,0.01832300652781993,0.2383143505716634,0.005797256237709322,0.005051694476581069,0.005927790180210859,-0.7947923179602602,,,0.7550304225692851,0.7556988526872059,0.396736638243025,0.5761217702156063,0.44404706267967237,0.5475332797317287,0.28214577783639155,0.3753739900806796,0.2099208184539537,
2017-05-03,9311.9501953125,10273.0,22307.041015625,12212.849609375,23683.80078125,10131.0498046875,2950.85009765625,9981.7998046875,3691.35009765625,259.6000061035156,,,-0.00019858805361794296,0.016582921912418724,-0.0021127273610335173,0.026335204816253732,-0.0015240450829897556,0.05347092192039837,-0.0024504099092279574,0.0631748687944631,-0.003001411456799885,0.008196702229553487,0.0124621065803725,-0.0706098383425452,-0.002197913600135215,-0.05648278252398087,-0.005435223643120657,-0.06493242384675202,0.0100834854716787,0.10951310419484517,0.015450859774440717,0.24807695242074823,0.005607124562245054,0.005053692062928768,0.00591335070918149,-0.7943898722901365,,,0.7636319355778869,0.763997288541461,0.40055913322637593,0.6421598614226601,0.41840968717264676,0.5475494936530165,0.2845262781627602,0.3881713020716203,0.20724661709027095,
2017-05-04,9359.900390625,10211.7998046875,22719.8359375,12140.150390625,23951.80078125,10106.5,2927.550048828125,9979.0,3817.5,257.3500061035156,340.13,-194.05,0.005149318274558334,0.025534635851851117,-0.00595738297600501,0.02023118539272506,0.018505140219442717,0.07625920101196093,-0.005952682713311508,0.06381032013367971,0.011315751321982592,0.01921472244976119,-0.0024232241634170038,-0.06219407520820286,-0.007896046243294874,-0.06366341796551989,-0.00028049096778970384,-0.0683061300073835,0.034174461648556864,0.14411164243467334,-0.0086671800735737,0.24203672728721481,0.004614742493285761,0.005057012644695979,0.005907956473284111,-0.793720888065227,0.32083889132284893,38.55031599528018,0.7183178214572814,0.7455537814804727,0.34354739805728973,0.6614061493817253,0.39313901818088454,0.5329366888969033,0.3170659461426664,0.41845049763122766,0.1660121966222469,Low
2017-05-05,9285.2998046875,10107.9501953125,22604.685546875,11925.400390625,23630.44921875,10086.349609375,2856.699951171875,9935.150390625,3750.5,254.9499969482422,-363.98,298.11,-0.007970232889681239,0.017957551355314294,-0.010169569650917976,0.014472482279513255,-0.0050682756223138226,0.07545307144298108,-0.0176892372079539,0.04985897550196383,-0.01341659299168696,-0.006984225474879313,-0.0019938050388363937,-0.06497057375852255,-0.024201156760619957,-0.0842149001077086,-0.00439418873384112,-0.053231648302561,-0.017550753110674555,0.13445251058681196,-0.009325856220528173,0.21116388098927397,0.004687208604186307,0.005303191441205703,0.005862154985763054,-0.7441242381653693,-0.07289162548990377,41.50785889495499,0.7427325659483778,0.7601862484810309,0.4175820248766222,0.7191488657431222,0.378067446937877,0.5824830892224244,0.33486819653434535,0.46613095580622116,0.20518424890739995,Medium
2017-05-08,9314.0498046875,10167.0498046875,22767.0859375,11909.5498046875,23442.19921875,10209.150390625,2854.35009765625,10021.0498046875,3790.60009765625,265.6499938964844,,,0.0030962920535411165,0.03140481407252649,0.005846844140803942,0.0370360520138715,0.007184368492462845,0.09556653913133051,-0.0013291449694184942,0.05192700655633353,-0.007966416476358429,0.0021995540437993455,0.012174947925249313,-0.05324431523390616,-0.0008225762438442974,-0.07300709995196708,0.008646010446259123,-0.04657225445824842,0.010691933783828933,0.16957732109109847,0.04196900206441034,0.254249244895276,0.004400722598003909,0.004926917691014982,0.005863236624756125,-0.8199305940307031,,,0.6962022000383665,0.7238695452152735,0.4050028515649056,0.6542772546668216,0.428276296878814,0.570230429134308,0.40748796981764146,0.4006368132967299,0.23272247289683354,
2017-05-09,9316.849609375,10157.7998046875,22707.037109375,11980.7001953125,23527.849609375,10279.599609375,2876.449951171875,9997.7001953125,3741.89990234375,266.8500061035156,-379.16,474.36,0.0003006001413146109,0.025373343345831856,-0.0009098017790505342,0.02625287097302831,-0.00263752806528883,0.08670767851407679,0.005974230075178388,0.045741974034254396,0.003653684103003929,0.008251396882773987,0.00690059564747858,-0.05264129885298818,0.007742516775980368,-0.07604715524644734,-0.0023300562146769677,-0.05460889527708224,-0.012847621499986639,0.1506103102547467,0.004517267963871419,0.25724384501067443,0.004406104147071998,0.004831370048614208,0.005737534197321747,-0.8391801924367982,-0.08138011343243773,40.418118371353046,0.6817988049772197,0.7208022054566097,0.37597475797925733,0.6753904659479886,0.3952659980953539,0.5387223121951695,0.38195935412577514,0.40758666769335944,0.2480287303032676,Medium
2017-05-10,9407.2998046875,10303.900390625,22830.083984375,12118.4501953125,23954.349609375,10219.5498046875,2899.10009765625,10106.2001953125,3711.64990234375,267.1499938964844,-656.5,519.03,0.009708238203339103,0.032861199460638923,0.014383093656765933,0.04307913751565673,0.005418887299444286,0.08085193931918089,0.011497658547026779,0.05511778285102098,0.0181274535106708,0.021285349809405663,-0.005841648212906558,-0.05101707972093161,0.0078743405478503,-0.0716938528158021,0.010852495862085476,-0.04264252613069264,-0.008084128594955997,0.1047069941998029,0.0011241813232425457,0.2530487697958994,0.005437477099298392,0.005089828538157924,0.005606640916793486,-0.7871096022751496,-0.23646557100703378,41.97347819874041,0.7256210415289515,0.7127557612051516,0.411699091648575,0.7093694585942557,0.35446707434171887,0.5550959577444242,0.44673454127731105,0.3375239831409984,0.21843216513905742,Medium
2017-05-11,9422.400390625,10410.75,22818.18359375,12037.0,24025.849609375,10256.099609375,2915.35009765625,10178.849609375,3749.85009765625,267.8500061035156,,,0.0016051987553300506,0.041701696719546044,0.010369821652411959,0.06143326937550353,-0.0005212591698368074,0.08365655604744937,-0.00672117259218552,0.06447701024846952,0.002984844137534637,0.0248164804603781,0.0035764593730669425,-0.036850297283654965,0.0056051876280978075,-0.04106632968910495,0.007188598351356212,-0.025191849319514015,0.010291971580718817,0.10158488972486457,0.0026202965488462127,0.25721662645761545,0.005432286268987799,0.004861411736807624,0.005604323565021892,-0.8331278146006319,,,0.6890761192053579,0.7008213251681935,0.3360811655988428,0.735225516052366,0.31131702371817827,0.49625483133210113,0.3956856471804377,0.3981419669710684,0.20586464707811558,
2017-05-12,9400.900390625,10429.2001953125,22671.435546875,12017.650390625,23966.94921875,10367.2998046875,2912.050048828125,10121.400390625,3726.14990234375,269.5,-1470.56,1074.39,-0.002281796475279485,0.03297518815686162,0.0017722253740124483,0.05475438432403723,-0.006431188804843946,0.06813996401491118,-0.0016075109558029155,0.06367830122279061,-0.002451542467077461,0.021273921884984448,0.010842347436919697,-0.029374453423324343,-0.0011319562720024656,-0.04814749673173091,-0.005643979521721909,-0.03584592793529462,-0.006320304730931259,0.08553403427165174,0.006160141343609649,0.27032763494444745,0.0056060087601081665,0.004819450841454373,0.005573590295468184,-0.8415815070624746,-0.6916789105656105,44.051095378643964,0.6732025333566956,0.6977294511798714,0.36095010455713566,0.7479213720216075,0.2522126762829451,0.4784630968369342,0.3865605868820968,0.40302316198845695,0.23090264959767356,Medium
2017-05-15,9445.400390625,10481.2998046875,22821.234375,12036.5498046875,24119.44921875,10339.75,2978.5,10252.849609375,3751.85009765625,271.54998779296875,235.33,-65.77,0.004733589140501593,0.03298416329969145,0.0049955517584576725,0.0645506746248381,0.0066073816902894045,0.06686637189327893,0.0015726380322431677,0.06149901204348396,0.006362929157487152,0.01888052460661105,-0.0026573751320515537,-0.03737926219015475,0.022818959172290265,-0.030136288030682246,0.01298725607888751,-0.01599408710830652,0.00689725211976433,0.07592268434678551,0.007606633740143698,0.28453167281517433,0.005561353150140741,0.004819677931729278,0.005509949050971966,-0.8415357561000855,0.2622358915614814,38.32815557743009,0.7172101420328022,0.6963243958649743,0.3550759120364991,0.7460387023503885,0.22924096709769926,0.48518814901662216,0.4400553380443386,0.3915967558672291,0.2455339572061663,Low
2017-05-16,9512.25,10597.4501953125,22928.333984375,12099.5,24370.55078125,10461.2998046875,2964.10009765625,10247.150390625,3841.300048828125,274.1000061035156,858.29,-401.89,0.007077477566896029,0.0368987600490529,0.011081678111435567,0.0747594297563412,0.004692980564290794,0.06049304635938069,0.005229920229132823,0.06344452365752007,0.010410750271395042,0.029553072588821783,0.011755584485843462,-0.025110099043636258,-0.00483461552585196,-0.0318776676591932,-0.0005558668045602122,-0.015388181090965403,0.02384155785641684,0.09303283454597211,0.009390603664806818,0.27310730245378756,0.0040880150923776415,0.0049278048958624945,0.005533960577594312,-0.8197518524459875,0.6105882267842057,36.49944840994292,0.7364068217337076,0.6970600815419912,0.35922629668556627,0.7596020255653337,0.2761936675673961,0.46255363035289376,0.43149715323883514,0.4258182132479638,0.23594599760582574,Low
2017-05-17,9525.75,10669.7001953125,22935.68359375,12073.150390625,24266.75,10437.2998046875,3030.64990234375,10222.599609375,3817.85009765625,273.6499938964844,-731.39,614.51,0.0014192225814082526,0.03837035018394874,0.006817677711942194,0.07990728774651412,0.0003205470305871483,0.06956678477098266,-0.0021777436567627095,0.03643755854265196,-0.0042592710432241,0.030772235283264227,-0.00229416998347054,-0.02484761126877355,0.022451942409138503,-0.021281796013377763,-0.0023958642465579105,-0.018110465623451755,-0.006104691347667335,0.08258662505951908,-0.0016417810908815333,0.2730867540434372,0.00416155600098785,0.004922495847136129,0.005534018362996277,-0.8208214450945664,-0.27834322990139265,41.820202038273564,0.7323874764440019,0.714901138148513,0.4280792192000277,0.7558703674536064,0.27458849935509355,0.45188727075079604,0.4323629853077458,0.4228119034970259,0.23160224900297033,Medium
2017-05-18,9429.4501953125,10436.349609375,22698.3359375,11884.400390625,23864.0,10545.599609375,2947.050048828125,10160.2998046875,3737.800048828125,264.70001220703125,-360.59,897.96,-0.010109419697924005,0.020740821082760874,-0.021870397636853722,0.05193476734303837,-0.010348401227276982,0.05340925571411992,-0.01563386472403816,0.005499432953600447,-0.016596783664891257,0.00949256308622104,0.01037622821171258,-0.004380701531816467,-0.027584794090195985,-0.05108346100333572,-0.006094321118707002,-0.03268869137571029,-0.02096731060165702,0.060143245785471144,-0.03270594514553027,0.20812416628583552,0.006552958853599237,0.005218254657652337,0.005668971654905162,-0.7612361096069452,-0.07099597502052363,41.2911425348398,0.7855545257004068,0.7552595990987133,0.47602958450187244,0.7891476240959602,0.21251685192625686,0.5324798514045659,0.4167617998912096,0.505218003744768,0.3165807890929633,Medium
2017-05-19,9427.900390625,10409.7998046875,22769.53515625,11794.7001953125,24352.900390625,10456.349609375,2943.199951171875,10156.099609375,3769.10009765625,264.5,-988.7,349.21,-0.00016435790585866972,0.01756582388178818,-0.0025439742516530917,0.03749919094677967,0.003136759405889755,0.05159176128780918,-0.00754772578877938,-0.015409883080375497,0.020486942282308185,0.032615798087496595,-0.008463245648038575,-0.005133078629064314,-0.0013064242522046188,-0.061853549710136235,-0.000413392851908001,-0.03652834529260229,0.008373922740446904,0.053984157434090685,-0.0007556184276819033,0.17087209892180666,0.005534434831404723,0.005202774436540288,0.005597273573616112,-0.7643548473607727,-0.4222281332277045,43.36111063103696,0.7886829243472784,0.7513809492831233,0.47329397981863824,0.7406930514093647,0.23084508383077348,0.5275093236588757,0.41041551271981747,0.4959210937739892,0.3082903676682205,Medium
2017-05-22,9438.25,10339.9501953125,22652.5859375,11700.5498046875,25230.0,10504.849609375,2926.300048828125,9959.2001953125,3611.85009765625,260.6000061035156,-321.27,1262.64,0.001097763971423804,0.01903484697820179,-0.006709985848483591,0.03035787635190501,-0.005136214593203903,0.04762998155240705,-0.007982431860575567,-0.03488284141988829,0.03601622785401992,0.08056019529744307,0.004638329991999868,-0.003160021447371375,-0.005742016384928661,-0.06987901414101283,-0.01938730631203578,-0.04875975342909644,-0.04172083413167593,0.02097443143351785,-0.014744778436613926,0.14323320724889888,0.005518182020374041,0.005200463457349905,0.005571062957084395,-0.7648204310237701,-0.0490086663314304,41.11620682570334,0.7726133721211712,0.73452323067811,0.4976121576506407,0.6524842131275477,0.23387956971618323,0.5300952437703828,0.3636699511542331,0.4256068328109471,0.3027317206877193,Medium
2017-05-23,9386.150390625,10380.650390625,22582.5390625,11559.25,25002.349609375,10510.2001953125,2913.89990234375,9648.2998046875,3548.050048828125,253.4499969482422,-400.53,352.54,-0.00552004973114717,0.020422316072125746,0.0039362080613261075,0.03871423545966235,-0.0030922242252281462,0.05373729758824264,-0.012076338893997285,-0.04112797646797883,-0.009023003988307576,0.07603860329193157,0.0005093443634571759,0.0023317545537993034,-0.0042374829229629984,-0.06338600145365325,-0.03121740546709073,-0.061978651354800296,-0.017664091006856952,0.018398684985325042,-0.027436719062981507,0.12845053455354738,0.005889372276330681,0.005138584222111757,0.00561453372855383,-0.7772869911406003,-0.09332998084560969,41.232535991386456,0.7387479051353977,0.7181314986216066,0.5185969079616867,0.662943422120579,0.20698273771826084,0.5116963181958152,0.36404469574530535,0.42587203576787125,0.31522037226568916,Medium
2017-05-24,9360.5498046875,10386.2998046875,22536.0390625,11546.349609375,24986.5,10509.2001953125,2848.10009765625,9446.9501953125,3467.449951171875,249.4499969482422,81.88,197.31,-0.0027274851639997877,0.01950667983435106,0.0005442254434848692,0.03547179150466073,-0.002059113010778213,0.04721855833113775,-0.0011160231524536268,-0.03920137618887376,-0.0006339247959742389,0.07400681288215005,-9.514566624968523e-05,0.016545493944701617,-0.022581353818837413,-0.09251377528171523,-0.020868921307480193,-0.08422513288598277,-0.022716730752676773,-0.010854385630616137,-0.01578220575325895,0.11685690678974092,0.00550852948967301,0.005156293995396858,0.005607090190059594,-0.7737190744967624,0.1764283504032577,39.65680100361931,0.7442752496305959,0.7331170788609271,0.5127706735536398,0.6640981491415675,0.1889248830088897,0.545475359271901,0.39409262614334817,0.44829318380082966,0.3235947709118266,Low
2017-05-25,9509.75,10588.099609375,23190.53125,11627.5498046875,25056.650390625,10738.349609375,2899.800048828125,9199.150390625,3558.550048828125,254.6999969482422,589.11,-236.44,0.015939255537936958,0.02952798527660505,0.01942942226609179,0.05458636315047216,0.029042024008073097,0.06692305895165518,0.007032542583551349,-0.0320256567514412,0.002807531692113674,0.05939942670732612,0.021804648289477813,0.03264784209341065,0.018152434745681845,-0.06217557832637999,-0.026230666994566776,-0.11166953332975604,0.026272938020478476,-0.005505470878746643,0.021046302121580318,0.12649265843731383,0.008138550702271258,0.00579010529649803,0.005723353496390708,-0.6460276662643458,0.46006575087041846,39.48727349960534,0.7995295982130574,0.7955387778256532,0.5390079219540905,0.57294450144803,0.34162053098619316,0.6409031813460628,0.10608448812353916,0.49307665532335315,0.34055882454359515,Low
2017-05-26,9595.099609375,10711.5498046875,23361.927734375,11858.349609375,25507.55078125,10735.400390625,2997.75,9060.4501953125,3538.89990234375,256.1499938964844,-274.14,1008.56,0.008974958266515953,0.04255462959553746,0.011659334523373088,0.0725331436625305,0.007390795947160633,0.07824868278279995,0.019849392912895114,-0.004671008110206487,0.017995238134212332,0.07762298684180768,-0.0002746435772053024,0.03990431372445147,0.03377817419220297,-0.0239157177453877,-0.015077500575906622,-0.13257285395271168,-0.005521953103019062,0.0021238036493749224,0.00569296021050536,0.13140459718211117,0.00883116271577141,0.005899785673487318,0.005775756166076655,-0.6239308027832244,-0.022654092106685644,42.64875491924142,0.8039128264550194,0.7908896604889253,0.5657136425930627,0.6005876248240885,0.30618275936928163,0.6638541351292673,0.09286069157221091,0.45135750900322674,0.33338727434480186,Medium
2017-05-29,9604.900390625,10753.5,23182.48046875,11919.900390625,25948.05078125,10568.349609375,2988.75,8757.7998046875,3459.449951171875,245.1000061035156,-709.97,290.53,0.00102143611312,0.04962414167392093,0.003916351609002611,0.08540076871987856,-0.007681184004390107,0.06898961670333703,0.005190501484400478,-0.008195766224999068,0.01726939617910328,0.10380129020787154,-0.015560740649774196,0.05009334117750486,-0.003002251688766555,0.0010718129388356257,-0.033403460545655794,-0.16845411891661133,-0.022450465784368934,-0.024339011162130775,-0.04313873923976863,0.07500002676980522,0.00736272148298723,0.0057453048760938005,0.0057707781858646195,-0.655053426393396,-0.26636540304176964,43.73755130152987,0.7925492483819914,0.7869539272420517,0.6316388355228216,0.5725305266311908,0.21185119806959468,0.6404483606622426,0.14716946480510068,0.4654424842671302,0.33280331956707293,Medium
2017-05-30,9624.5498046875,10802.0498046875,23306.978515625,11954.0,25783.400390625,10609.0,2998.75,8990.2998046875,3520.64990234375,247.6000061035156,-217.1,366.97,0.0020457696866569286,0.0530948771098545,0.004514790969219362,0.09228011581549422,0.005370350556008097,0.07666670696702349,0.0028607293901397046,-0.012706600621787967,-0.006345385709818907,0.0990413412381117,0.0038464275054772568,0.06080448615857059,0.003345880384776345,0.015372340170499488,0.026547763728917095,-0.13956482260780245,0.017690659508209805,-0.0032558074594651876,0.010199918146652998,0.005278128443565677,0.007268190025268907,0.005719635880737486,0.0057710573707567365,-0.6602248554279754,0.009242044404654075,42.021849468436365,0.7904070365041861,0.783945026097289,0.6593190248199766,0.56210262239039,0.19897883025303967,0.6361395863830689,0.13304026174626632,0.458322522235614,0.4816611849459959,Medium
2017-05-31,9621.25,10870.7998046875,23424.529296875,11925.650390625,25841.80078125,10549.099609375,2952.949951171875,9025.25,3514.39990234375,250.3999938964844,1048.93,-939.54,-0.0003428528870922376,0.05668216198893261,0.006364532773230236,0.10771672135245391,0.00504358731747212,0.08088612885997648,-0.0023715584218672037,-0.008789500520853921,0.0022650383479378977,0.10515575000814392,-0.005646186315863888,0.05685988807278908,-0.015273046712171778,0.01781988838323989,0.0038875450287294555,-0.12848353867223594,-0.0017752404167876712,-0.004884402609826144,0.011308512616910793,0.05232190421481819,0.007350168981547612,0.005640564562914282,0.005763961754507888,-0.6761550351298773,0.7171920042127086,37.582987553165225,0.7736647989209308,0.7841760273245003,0.6527275216372588,0.5560749197376802,0.19566555328802296,0.6198272210659121,0.11440873692337611,0.4656749107851055,0.4448015354380468,Low
2017-06-01,9616.099609375,10891.5498046875,23309.87890625,11796.7001953125,26165.75,10574.7001953125,2926.949951171875,9104.9501953125,3518.75,250.6999969482422,-255.21,165.29,-0.0005353140834091219,0.05630797049211833,0.0019087831965274304,0.1078387238209404,-0.004894458675005042,0.08135884175040009,-0.010812843835659502,-0.02513053800437226,0.012535860851657254,0.11880881436880109,0.0024268029391578683,0.06333967530729923,-0.008804754713056306,0.0038239598590552593,0.008830801951469569,-0.11782712344074586,0.001237792447395858,0.013100122363780331,0.0011980952838273051,0.03831020963724785,0.006618143695148953,0.005645339961038404,0.005767501843638759,-0.6751929549172333,-0.012068645680324138,41.97009641507514,0.7733140928084764,0.7862061066083259,0.6686572015362106,0.5381698773155648,0.18767369397604422,0.6295585057896196,0.09862593827381311,0.45988742070760213,0.45682110965404393,Medium
2017-06-02,9653.5,10942.2001953125,23375.62890625,11757.5498046875,26401.69921875,10608.9501953125,2923.35009765625,9254.7001953125,3527.300048828125,254.0,-403.52,449.52,0.00388935141525959,0.05659773951080371,0.004650430061220678,0.10416853489910749,0.002820692473969544,0.08768625603434699,-0.00331875778622881,-0.02576543856423752,0.009017483494644818,0.12370845812013909,0.0032388625083841216,0.05676835972652494,-0.001229899238346599,0.0012673421253450723,0.016447097105165565,-0.10182987884368144,0.002429854018650035,0.006491560880292457,0.013163155532224025,0.030216981772570595,0.006029776072811701,0.005648541092121032,0.005772624882114718,-0.6745480359402962,-0.09500195574338152,42.47543530317673,0.772560028175526,0.800334132225626,0.6665104311075006,0.5407840763828259,0.18216657615844722,0.626989904217634,0.1116175364841622,0.4575436525210472,0.4586182570483712,Medium
2017-06-05,9675.099609375,10967.9501953125,23459.376953125,11806.400390625,26430.650390625,10660.099609375,2905.949951171875,9229.75,3530.85009765625,255.9499969482422,,,0.002237489964779682,0.060935938213796836,0.002353274436619257,0.11250359197857329,0.003582707751345504,0.08854160341642814,0.004154827047215592,-0.03177019635122902,0.0010965647186238492,0.137790661207847,0.004821345479131489,0.06514182873997432,-0.005952125439346201,0.0002409263133551498,-0.0026959485219345547,-0.09587598569819267,0.0010064493462369484,0.0166277960255079,0.0076771533395361136,0.013663354250464055,0.0032559039733651065,0.005605039509631068,0.005637050372122256,-0.6833121244297746,,,0.7683207732813871,0.8064477635567305,0.7216843119915022,0.5293642134328276,0.17031668721622173,0.6218036609643844,0.10285093629681863,0.45084096493979925,0.5037706833556677,
2017-06-06,9637.150390625,10849.2001953125,23416.029296875,11677.2001953125,26058.900390625,10907.25,2896.39990234375,9174.599609375,3505.199951171875,252.4499969482422,61.16,-360.01,-0.003922359487981697,0.04547650903187472,-0.010827000294982292,0.08729029112977438,-0.0018477752557799487,0.07132142403009456,-0.010943233418976073,-0.0485572307308908,-0.014065109806448817,0.11626860777876624,0.02318462300367674,0.08439758246559381,-0.00328637760064443,-0.010014714193910756,-0.0059752854221403195,-0.09856308030998995,-0.007264580986148683,-0.005052525923396223,-0.013674545972773622,-0.0235930811553976,0.0025296033759212096,0.005448929890817307,0.005655644847776714,-0.7147629001264563,0.16484195579394917,40.433793463718835,0.7663039958860574,0.7913398843670347,0.7240802811507238,0.5721696451509807,0.05702952107153833,0.6206187614595341,0.11147923889302326,0.4367661886338366,0.47967850048894917,Medium
2017-06-07,9663.900390625,10932.400390625,23567.376953125,11788.900390625,26230.19921875,10701.25,2924.85009765625,9300.5498046875,3548.64990234375,252.75,-15.29,315.95,0.002775716774745085,0.03839219438322816,0.007668786068529387,0.08345110069007378,0.0064634210322840335,0.0685999446504677,0.009565665865464812,-0.04980710157742696,0.006573524805621789,0.10373933140323532,-0.018886520433656462,0.06044840827449516,0.009822606087466879,-0.007128672303016281,0.013728140809959655,-0.09187179283024283,0.012395855237116615,0.00011270410589725444,0.0011883662324596589,-0.0369594656348482,0.0026587232063942554,0.005236429554222331,0.0055844763949265885,-0.757574486449597,0.12209196217031798,40.176554389582925,0.7569022335029016,0.7879996062689051,0.6897564374588814,0.5484962336117096,0.029015339653913914,0.6216213185035359,0.08794451925932165,0.43627774671338154,0.4583463762925612,Medium
2017-06-08,9647.25,10939.650390625,23535.826171875,11701.150390625,26183.349609375,10550.0,2950.699951171875,9486.650390625,3518.14990234375,252.25,,,-0.0017229472523487832,0.031587376076799734,0.0006631663441651892,0.07359884794819527,-0.0013387481056018613,0.05814225189268152,-0.0074434423137362815,-0.04703285635047749,-0.001786094302383745,0.0773134288057622,-0.014133862866487545,0.05851957759550497,0.008838009693672433,-0.0024341429424876715,0.020009632747056028,-0.06968087230592268,-0.008594817984117209,-0.013653558175741765,-0.001978239366963397,-0.009424676827049172,0.0027624567056412715,0.005218639425464147,0.005405315987233884,-0.7611585919867211,,,0.7517261151152103,0.7854935870712093,0.739057536483438,0.5411328598109757,0.09604907876038656,0.6006468717583152,0.057228704730609904,0.43850495940698714,0.5260981095972027,
2017-06-09,9668.25,11047.4501953125,23690.625,11688.349609375,25941.44921875,10442.650390625,2997.699951171875,9507.349609375,3518.800048828125,259.6499938964844,-1353.02,51.57,0.0021767861307626646,0.03490626844353151,0.00985404476726992,0.08594731394665045,0.006577157181335114,0.06112073266460394,-0.0010939763034116812,-0.048962174361953825,-0.009238710639924652,0.07788462287572195,-0.010175318424170632,0.04297700320483111,0.015928424027435995,0.023158131390374592,0.002181931229431111,-0.05867825649752478,0.00018479783477731715,-0.005342426606159578,0.02933595201777761,0.015646391924498237,0.002822180496308402,0.00520728608822865,0.005395510572337346,-0.7634459030795012,-0.6259518438485194,44.594360226137105,0.7456866458973589,0.7906142939110852,0.7466875137737204,0.5218692056125837,0.08967743484328018,0.5922489027792154,0.052341406093704634,0.4346886620721419,0.5172914049624683,Medium
2017-06-12,9616.400390625,10963.849609375,23470.17578125,11633.75,25864.849609375,10470.75,2986.949951171875,9583.849609375,3449.949951171875,259.04998779296875,-1217.92,995.11,-0.005362874292141773,0.03357146538275546,-0.007567410077392589,0.06910666267730936,-0.009305335707690321,0.04974443298418807,-0.0046712847578760375,-0.05135542438509699,-0.002952788363097092,0.09247781167903635,0.0026908503420000063,0.05300338851084363,-0.003586082721787287,0.004219354908610695,0.008046406532117523,-0.05306353787924545,-0.01956635691169195,-0.05721042135456844,-0.0023108265650675364,0.03186610095185549,0.0036443921680858683,0.005256867256557238,0.0054355957397760534,-0.753456984935116,-0.5504054195378253,44.26094869800556,0.79945382743145,0.8141944720400615,0.7515338378028179,0.5032417899469008,0.0559620444003025,0.6463126591361392,0.03169188515258179,0.5755779619908049,0.49322291078808894,Medium
2017-06-13,9606.900390625,10910.2001953125,23477.576171875,11629.4501953125,25942.25,10339.0,2963.85009765625,9592.150390625,3446.39990234375,260.95001220703125,-312.4,304.58,-0.0009878956380873216,0.03146949602567006,-0.004893300799805322,0.05978291802253577,0.00031531040474397365,0.05086978012592058,-0.00036959748039111506,-0.05010266675111219,0.0029924933565801393,0.09207077329037316,-0.01258267077334474,0.03324393046524565,-0.007733592424795099,0.002197913600135326,0.0008661218183014796,-0.04425904198624886,-0.0010290145881447499,-0.05694352104426048,0.007334586001142673,0.020731540923458303,0.003220750303658839,0.005270879182454901,0.005346162687244563,-0.7506340587001116,-0.04404866053101694,41.25668325878477,0.7997095569973789,0.8151229993606839,0.7469999384756127,0.5019410095337976,0.07294159370198582,0.6506572109813872,0.02934278910262322,0.5733891020758511,0.49455309667739883,Medium
2017-06-14,9618.150390625,10905.25,23498.42578125,11797.349609375,25744.599609375,10366.099609375,2943.699951171875,9576.0,3478.199951171875,264.5,-161.13,71.65,0.0011710332721861505,0.032882499249903274,-0.00045372176714286727,0.061544826243550954,0.0008880648165026095,0.05340846259216958,0.014437433519443266,-0.03402154397128154,-0.007618860762848234,0.0870130114316996,0.002621105462327078,0.023200932698874466,-0.00679863887188803,-0.0024230802134117546,-0.0016837090711989688,-0.04065397149088634,0.009227033927925454,-0.057743140272636384,0.013604091308308863,0.01887516864899652,0.003081597369126885,0.005265649657394301,0.0050365185409785825,-0.7516876300362719,0.040539848761941666,40.73650934699309,0.7983719426357373,0.8146525495785701,0.70429989372659,0.4929297211473478,0.08432419639735349,0.647131801440842,0.02704474861017989,0.5811178144029073,0.5041184849986475,Medium
2017-06-15,9578.0498046875,10839.400390625,23391.478515625,11779.0,25753.349609375,10278.0498046875,2932.449951171875,9695.849609375,3456.39990234375,270.20001220703125,-645.35,854.85,-0.0041692616884621,0.023306809363163872,-0.006038340191650837,0.06145837148603461,-0.00455125235284215,0.029561946660733973,-0.001555400999595502,-0.02974842806757083,0.00033987710559757467,0.07521559003343459,-0.008494014914526615,0.01697420518354531,-0.003821721026805558,0.001673721119033189,0.012515623368316575,-0.02837462577663097,-0.006267623809488088,-0.09459072630157173,0.021550140669305273,0.049932021755410005,0.0031238948712107775,0.005292860628720592,0.0050660179840076305,-0.7462055453180139,-0.23023061444845316,42.42691714287455,0.8515030193861197,0.8366035021288456,0.7220111459149773,0.4810057174600679,0.1217068666425822,0.6718840414642945,-0.00577777208135353,0.5754591744779455,0.46951364772619975,Medium
2017-06-16,9588.0498046875,10869.2001953125,23502.4765625,11823.25,25914.30078125,10189.5,2931.050048828125,9525.5,3463.39990234375,270.95001220703125,-764.48,890.91,0.001044053873587636,0.03260530153772345,0.0027492115443279452,0.07531200543044081,0.0047452343297091915,0.0397170318411757,0.0037566856269632964,-0.008565782890216811,0.00624971797130458,0.09664867313177594,-0.008615428643585221,0.01022673163431942,-0.0004773832007569645,0.02602656874263265,-0.017569332883452304,-0.041232429758844336,0.0020252286187294466,-0.07654981939908012,0.0027757215622379316,0.06275746401376603,0.0028425845003581178,0.005028125568185268,0.005065935785885578,-0.7995406509393848,-0.29684679156268706,42.18659293810351,0.838535592880783,0.8366667077638487,0.6843640414001757,0.4359548531458989,0.11089224214600658,0.6338381440805511,-0.020345667383490026,0.554579558670309,0.45802389361352763,Medium
2017-06-19,9657.5498046875,10893.2998046875,23741.875,11913.2001953125,26126.150390625,10197.900390625,2982.39990234375,9489.2001953125,3486.75,270.1000061035156,-250.39,529.9,0.007248606485755094,0.03687976843618834,0.002217238521873277,0.07143173427410221,0.010186094085164576,0.042815714983286846,0.007607907750618592,0.0003065095393919304,0.008175007736588524,0.11449229429499375,0.0008244163722459508,-0.0011019526179505412,0.017519268746760464,0.0448612820104457,-0.0038108030746417665,-0.05307324279799697,0.006741958282221017,-0.08015883760571907,-0.003137132552945343,0.016751410913885767,0.004216669683475196,0.005141354260240737,0.005070912478940212,-0.7767289227234981,-0.009373355042444437,40.73549305757268,0.8161749691435253,0.845147248348196,0.6996020147528237,0.4633254867176996,0.0980032278266858,0.6559139432707876,-0.035314455449724606,0.5604126046742143,0.45087291005633395,Medium
2017-06-20,9653.5,10900.7001953125,23697.673828125,11933.099609375,26055.55078125,10289.9501953125,2988.699951171875,9481.900390625,3484.25,270.6000061035156,-312.84,477.13,-0.0004193408027297618,0.03613350056506737,0.0006793525155541769,0.07313595511915638,-0.0018617388843551463,0.043626859549236396,0.0016703667978592573,-0.003973105508150887,-0.0027022584008523642,0.10743443254872731,0.009026348675862828,0.0010069055537980098,0.0021124091451230065,0.03902379735627548,-0.0007692750218407651,-0.0515918455855815,-0.000717000071700058,-0.0688553700173461,0.0018511661928966028,0.014052838351989116,0.004122853419314575,0.0051474734578697695,0.005047934323180483,-0.7754961126408346,-0.04429470365978604,40.9598148702687,0.8166897073138416,0.8471369175038717,0.7069458826385444,0.46641454155991535,0.09171437567030481,0.6599601200958611,-0.03620688365769562,0.5588262693869233,0.4514330184979325,Medium
2017-06-21,9633.599609375,10835.5,23708.474609375,11897.849609375,26256.75,10223.400390625,2953.550048828125,9456.7998046875,3495.5,272.1000061035156,-152.82,-41.39,-0.0020614689620345183,0.024055766201342754,-0.0059812850683240715,0.0515920757404329,0.0004557739011996631,0.038475137699939044,-0.0029539684703802083,-0.018203696213797138,0.00772193305139357,0.0961161721428625,-0.006467456442871389,0.0003767862587971127,-0.011760933823406261,0.018781673394407727,-0.002647210464509553,-0.06425762186328032,0.0032288153835116074,-0.05823553083690902,0.005543237125523959,0.01852896245600988,0.0035896068197896337,0.00491987196846774,0.005057758899439989,-0.8213500673542445,0.04518670876210354,39.872678939176446,0.8015670283398598,0.8599813375596677,0.6819412414168665,0.41032075602552925,0.14572863881227022,0.6721431183729958,-0.09023113509928905,0.6023442995137501,0.4629965938352048,Low
2017-06-22,9630.0,10820.75,23735.82421875,11811.4501953125,26187.69921875,10199.5498046875,2912.64990234375,9471.599609375,3514.5,267.79998779296875,192.68,455.21,-0.00037365154469337636,0.022032560787966116,-0.0013612662082967963,0.039382369185697375,0.001153579461589782,0.04021532306591413,-0.007261767201564018,-0.0187380414295506,-0.0026298297104554447,0.08998015239933221,-0.002332940609405365,-0.005513772958660512,-0.013847791914209484,-0.0009261993318301354,0.0015649907995476386,-0.06948231157169305,0.005435560005721651,-0.06276253490862205,-0.015803080536907488,-0.00018674000151985837,0.0035613908584890713,0.004922029430485214,0.005060009138439904,-0.8209154121773163,0.2383864837387493,38.71869615143971,0.8134039437285833,0.8621214298193477,0.6916561961775283,0.41241554276684433,0.14559037673376482,0.6670241832038927,-0.09656387417156892,0.5977388314500547,0.4619473077571318,Low
2017-06-23,9574.9501953125,10637.4501953125,23542.4765625,11768.75,26163.849609375,10170.599609375,2892.39990234375,9478.150390625,3444.25,263.45001220703125,269.95,-45.78,-0.005716490621754944,0.018514163266857953,-0.01693965803548736,0.01996797415909235,-0.008145815981282278,0.03842019680774311,-0.003615152636333052,-0.020711235768613112,-0.0009107180121392666,0.09166374787936316,-0.002838379719386719,-0.018973136594695905,-0.006952431867525588,-0.0067478738877728706,0.0006916235398628512,-0.06355345853087813,-0.019988618580167872,-0.07565447170185902,-0.016243374847725534,-0.022448934296730005,0.0041919098755214025,0.005033390223484639,0.005109279678029379,-0.798480002055613,0.28159501228417744,38.72866990162758,0.8260268540544259,0.8697400303309676,0.688898229364854,0.40958224579749664,0.17956984115780936,0.6699278951447968,-0.10792658753171627,0.6175465537377421,0.4967520845124252,Low
2017-06-27,9511.400390625,10576.2001953125,23215.98046875,11778.2998046875,26188.30078125,10068.849609375,2885.0,9467.900390625,3328.0,260.04998779296875,,,-0.006637089842891464,0.006987528031687118,-0.00575795880360408,0.0090542578109023,-0.013868383510257543,0.01729731561682879,0.000811454460966532,-0.02145548385463647,0.0009345403004548114,0.08577524070871867,-0.010004326579350242,-0.02619989754346097,-0.0025583953096367518,-0.03139164008729223,-0.0010814346235884509,-0.07655912733102588,-0.03375190534949557,-0.11297095742738383,-0.012905766773662508,-0.04234947713850634,0.004620514073570766,0.005140233406680067,0.005171446063481625,-0.7769547365727235,,,0.8249367447266795,0.8746739001160805,0.6579312929267885,0.40089788415189004,0.2231358585744609,0.646723272358421,-0.14270577656672967,0.6422357513169583,0.5038842656162674,
2017-06-28,9491.25,10582.650390625,23235.580078125,11644.2001953125,25981.900390625,10133.5498046875,2931.75,9482.349609375,3306.800048828125,262.1000061035156,-469.09,168.97,-0.0021185514012070916,-0.0022076795710793684,0.0006098783299657295,-0.0013965439246930167,0.0008442292325918643,0.013400279931345072,-0.011385311258729547,-0.03762963797574281,-0.00788139682482858,0.06611871942651071,0.006425778298670526,-0.03132975883676914,0.016204506065857993,-0.010913969363527731,0.0015261270349133937,-0.07463545982009856,-0.006370177635779739,-0.13914559998067877,0.007883170185644994,-0.04377964149139102,0.004542677199960528,0.004990751093255385,0.005175305984584124,-0.8070703357642727,-0.13166797381926768,41.10516381374433,0.8101758337172928,0.8790859881688953,0.647482112876239,0.3899454219219887,0.16014612787275845,0.6447916208032249,-0.15775261882718786,0.6116044272958587,0.47929826620562554,Medium
2017-06-29,9504.099609375,10568.150390625,23227.03125,11630.7998046875,26143.650390625,10124.400390625,2991.199951171875,9428.2001953125,3279.89990234375,264.54998779296875,-1140.77,600.23,0.0013538374160411148,-0.0022728279269348395,-0.001370167157071056,-0.00951758745124942,-0.0003679197203709794,0.012702811104762235,-0.001150821043973016,-0.036639201171633884,0.00622548764979336,0.0773445307107461,-0.0009028834158655297,-0.029978961984207242,0.020277974306088575,-0.01301699386041466,-0.0057105481545379755,-0.07771011723221244,-0.008134796808748068,-0.14090395944113776,0.009347507181993286,-0.03325417981539569,0.0029202879241751753,0.004990096309795444,0.005094558233430843,-0.8072022523488175,-0.5072639936638796,43.35715693379747,0.8098955343653848,0.8781894776878817,0.6490230431982621,0.40125945646964184,0.16166893726188653,0.6484272307968757,-0.15990941307780673,0.6099572996238798,0.48251995001373255,Medium
2017-06-30,9520.900390625,10540.25,23210.9296875,11600.400390625,26752.05078125,10155.0498046875,2991.35009765625,9606.400390625,3302.39990234375,263.45001220703125,-160.48,1195.71,0.0017677404426008625,0.00969835922755724,-0.0026400448133052645,0.009955625722969819,-0.0006932251619543583,0.02258287794362679,-0.0026136993648749884,-0.023896872426482085,0.023271439968580943,0.1210212362240195,0.003027281901146539,-0.03703438582480434,5.0196070749519706e-05,0.015031997453094137,0.018900764899020484,-0.05451605018652661,0.006859965447092442,-0.11648567092851358,-0.004157912064612579,-0.004722326945048816,0.0032510326096177825,0.004623290659075995,0.005065766614899614,-0.8811011083752074,0.04090332156580512,39.181366770102684,0.7653004861639395,0.868568158991584,0.5935552009417322,0.316858628936979,0.27495592496550036,0.5861438430053771,-0.1695610772861503,0.58958030812705,0.3943243098760357,Low
2017-07-03,9615.0,10680.9501953125,23272.53125,11643.0,27787.19921875,10189.849609375,3046.300048828125,9616.2998046875,3319.89990234375,267.1000061035156,920.46,-1073.75,0.009883477981521338,0.019845310368472813,0.013348848017124881,0.0260476085719632,0.002653989449340033,0.02209074934109645,0.0036722533654465206,-0.012861725419081815,0.03869417137266784,0.14102216873712026,0.003426847268778177,-0.025486906038514667,0.018369615517397575,0.035029933190641405,0.0010305019216314548,-0.053150306264150404,0.005299176513292592,-0.11917969373958193,0.013854597560678972,0.009829890750531645,0.005530430686177833,0.0049392430250727,0.005135867716369952,-0.8174474586558199,0.6453530025014215,36.31851248112163,0.7916732175949934,0.8312378561827849,0.5935728157144912,0.4530349089308162,0.2860838723551151,0.6203077880647254,-0.1460165048085673,0.6007055887361269,0.42193147292878275,Low
2017-07-04,9613.2998046875,10629.5498046875,23213.9296875,11798.599609375,27547.5,10213.400390625,3050.14990234375,9517.9501953125,3288.449951171875,265.75,-262.37,414.94,-0.00017682738559543498,0.018546849753662054,-0.004812342505590705,0.028007834071220872,-0.0025180570978929895,0.024780559338734465,0.01336421964914547,0.008379931398456053,-0.008626246094937784,0.0918549346016646,0.002311200081729581,-0.027744254281365177,0.0012637801444101981,0.04232301932442728,-0.010227385935602684,-0.044305766662636525,-0.009473162473866203,-0.08953864023709934,-0.005054309519530342,0.019762063606547642,0.005530274463241443,0.00494089141821748,0.005102990013237206,-0.8171153635328522,-0.01607243841211222,40.29105026807844,0.8054318144316674,0.8420386457879636,0.566571289890817,0.5039371402554739,0.2833452248224352,0.6252980290511064,-0.14154021810370132,0.6957626642035799,0.4335204233875946,Medium
2017-07-05,9637.599609375,10704.7998046875,23352.328125,11920.5498046875,27349.400390625,10160.650390625,3082.85009765625,9589.150390625,3313.39990234375,269.8500061035156,,,0.0025277277502206985,0.02678938737239389,0.007079321456005205,0.031226310670788626,0.005961870280606796,0.03408779944405338,0.010335988960554321,0.03125633624045676,-0.007191200993738045,0.09387320863515725,-0.005164783322155864,-0.03325814905442026,0.010720848600710653,0.05798078210463142,0.007480622807583659,-0.006130553077731138,0.007587146388827959,-0.06613495955669424,0.015428056833548975,0.0647070797109639,0.005022903626978719,0.004812582995999955,0.005099934400452161,-0.8429651442050651,,,0.8476657702762306,0.8464293376437617,0.5343159590038254,0.459176431961068,0.2915758826621933,0.6266543590449042,-0.25044261493646264,0.680447826172033,0.3901853648451864,
2017-07-06,9674.5498046875,10746.5498046875,23466.376953125,11884.75,27581.69921875,10148.900390625,3094.25,9598.4501953125,3391.35009765625,274.6000061035156,73.79,166.22,0.003833962481337938,0.03354503811760701,0.0039001196436871943,0.03468511469670976,0.004883831175826359,0.041282227459974674,-0.0030032007981227737,0.02930799794510275,0.008493744828300898,0.10386405533988352,-0.0011564220348375676,-0.03428422696222,0.0036978451700966364,0.08642600115997001,0.0009698257205970062,0.01603692163796655,0.023525743227481133,-0.02194692197068515,0.017602371289841212,0.10082184591283738,0.003799474522602465,0.004791433069920554,0.00510773018766231,-0.8472261345667045,0.17190451196748038,38.80185931339466,0.8550290327921716,0.8476086710559452,0.5165950358892285,0.46076308748376016,0.2956425813190537,0.6217411674428774,-0.30560353894389175,0.6664990314579381,0.3823146295989008,Low
2017-07-07,9665.7998046875,10729.0,23448.876953125,12055.75,27465.849609375,10087.7998046875,3087.75,9723.849609375,3380.699951171875,279.45001220703125,-522.08,720.08,-0.0009044348498532528,0.016409453948579067,-0.0016330641002422208,0.013307429644904722,-0.0007457478431782683,0.011140137340536427,0.014388186541576475,0.0368263479843256,-0.004200234672135261,0.09615009114112905,-0.006020414388335227,-0.06058191699398052,-0.0021006705986911234,0.06481479688498859,0.013064548079203542,0.05703779115131424,-0.003140385444645011,-0.049978248223547794,0.017662075730935367,0.09717320594950207,0.0035780186641709358,0.0038974834769010106,0.005110992450650833,-1.0273265559746845,-0.16129939516807365,38.63987769931223,0.8137081125028393,0.7568244577176133,0.4852098116311899,0.5775724436247857,0.04646161826155756,0.6096106602181798,-0.11261532830023248,0.5850398271683479,0.2903975800708018,Low
2017-07-10,9771.0498046875,10795.2001953125,23674.775390625,12130.7998046875,27474.5,10360.099609375,3129.89990234375,9884.4501953125,3474.89990234375,281.5,,,0.010888907501369838,0.018337505859822967,0.006170211139202131,0.0078093639249470215,0.009633656995666762,0.01339134594572311,0.006225229014163336,0.022975389011731018,0.000314950775163636,0.07711242979062716,0.026992982608652794,-0.03495917875384902,0.013650684914177091,0.044083029720206834,0.016516152798441208,0.09094470829123957,0.027864037782832973,-0.018084716088639263,0.007335794250923122,0.09896547611771611,0.004668069989581676,0.0040527208867720994,0.005182258909700646,-0.9960515006982118,,,0.7663824645669975,0.768581266495734,0.39171296815661943,0.45219730290663834,0.2789721917304204,0.5449461585289416,0.09894641076238153,0.7331151667680285,0.2920463415390782,
2017-07-11,9786.0498046875,10876.150390625,23584.326171875,12159.650390625,27361.599609375,10430.0,3114.85009765625,9801.650390625,3431.0,277.20001220703125,461.47,-2046.07,0.001535147225716127,0.018860103353004476,0.007498721084176818,0.011405625203422032,-0.003820488991241544,0.01733402530702821,0.0023782921490758113,0.020113423111200124,-0.0041092791725053646,0.05447610843841977,0.006747077080392794,-0.013090937988299745,-0.004808398082069787,0.04219158432664161,-0.008376773927877723,0.11919096225273296,-0.012633429329616197,-0.008223836613747704,-0.015275267470581722,0.13096697390516798,0.00468718336516833,0.004055586821323785,0.00517274479336663,-0.9954741124153414,0.3886908759702185,35.722165395194594,0.7603807279967578,0.7883152643776782,0.39334824425136233,0.4556015100871556,0.2980719236468192,0.5394165799607357,0.12115158263675072,0.7575390573013476,0.3539204670579957,Low
2017-07-12,9816.099609375,10904.349609375,23695.173828125,12318.0,27425.849609375,10401.5,3126.550048828125,9817.7998046875,3477.10009765625,277.6499938964844,-1075.62,926.68,0.0030706776776372458,0.01990220930585318,0.0025927573394266545,0.009470406685507804,0.004700056106847317,0.01665575450888035,0.013022546231846066,0.030450058557804915,0.002348181426424567,0.0637018079022349,-0.0027325023969319018,-0.019558865114525426,0.0037561843443698617,0.042617773681742355,0.0016476219227270494,0.0920436490414418,0.01343634440578545,-0.012369819747913069,0.0016233104965270861,0.12136505271492437,0.0038865967749727023,0.0040721988831928495,0.0051326496332658724,-0.9921273472661251,-0.4708328349381821,40.91946884243559,0.7605735356095192,0.7929808601546894,0.4041808795011954,0.46911201902375116,0.2875914168135099,0.5395473034178038,0.09925167982643901,0.7713701392712788,0.3434055242818852,Medium
2017-07-13,9891.7001953125,10936.650390625,23888.373046875,12348.7001953125,27918.650390625,10440.5498046875,3153.25,9875.25,3486.449951171875,278.29998779296875,-59.15,279.13,0.007701693029408263,0.028109673411718772,0.002962192373420436,0.006057565875613458,0.008153526121031485,0.019801625216088414,0.0024923035649049297,0.035473939854892,0.017968478215586225,0.08036783608679077,0.003754247434264224,-0.01028995921045539,0.008539748526297464,0.06783049226710935,0.005851636461875032,0.09418021661449827,0.0026889802574068256,-0.007952979725851739,0.002341054964066336,0.11142170358046499,0.003964137350404574,0.004263889030408732,0.005137164114993918,-0.9535083059209344,0.09756593574347085,37.97250471448797,0.767817132489017,0.8246448839871985,0.3932404943820763,0.5125766499121608,0.2944496218174353,0.561119397001429,0.1130684400087332,0.7483608912211863,0.3295802981525133,Low
2017-07-14,9886.349609375,10892.25,23937.421875,12443.7998046875,27864.44921875,10330.650390625,3140.050048828125,9958.25,3519.89990234375,276.29998779296875,673.56,-136.27,-0.0005409167111671831,0.028103910210801608,-0.004059779643597272,6.428794111545955e-05,0.0020532510953656935,0.026921760137575745,0.007701183757874208,0.054854289645517085,-0.0019413965616762452,0.06492071577348257,-0.010526209454329583,-0.023078650002359535,-0.0041861416544438645,0.07280619799150667,0.008404850510113748,0.09371822869792346,0.009594272581091134,0.00032679285079928455,-0.0071864897151480145,0.10211404529857959,0.004319848402824867,0.004263955692577933,0.005138179141163064,-0.9534948757623898,0.507289255926215,35.514325955294034,0.7742728031199988,0.8240339497436365,0.3771872264993477,0.5354829169764362,0.3052806233231366,0.5640710704179509,0.11371307069420646,0.7327925517445188,0.3336097058627209,Low
2017-07-17,9915.9501953125,10936.4501953125,24014.771484375,12530.0,27391.650390625,10445.849609375,3170.14990234375,9994.75,3530.949951171875,280.3999938964844,328.61,-447.14,0.0029940865038224906,0.027187050842958582,0.004057949029126151,-0.0005254884664295245,0.003231325820253872,0.02734226234889059,0.0069271602457015025,0.065698228639826,-0.016967815312382117,0.0374957370611948,0.011151206786994106,-0.015373866681885784,0.009585787821075664,0.08442362236578083,0.0036653026385158327,0.07996475186331109,0.003139307689053128,0.0010347581133514083,0.014838965923472225,0.10393698384442662,0.0043257091693542525,0.004245645634738232,0.00509904539904304,-0.9571837293159734,0.31439703486053067,36.62741303904514,0.7724653956834377,0.8254688262356265,0.40854002508433235,0.4702493141361545,0.3105717117949299,0.5847923515836805,0.0826802086829237,0.7352446039885704,0.3298922511368727,Low
2017-07-18,9827.150390625,10954.400390625,24021.771484375,12373.2001953125,25547.599609375,10493.2001953125,3164.75,10024.2998046875,3519.25,277.54998779296875,317.44,-975.01,-0.008955249163058343,0.01571568122178979,0.0016413182515286895,-0.001235399910303303,0.0002914872625190412,0.023973123087358106,-0.012513950892857117,0.04800784201233532,-0.06732163834425764,-0.0334101041101591,0.00453295688796862,-0.015656459149379853,-0.0017033586770637266,0.08905867381637433,0.002956532648390464,0.08608573414095733,-0.003313542059125485,-0.0032853554626830483,-0.010164073343624125,0.08439144794791487,0.006315447954095843,0.004601248322775558,0.005199821127816451,-0.8855418890271858,0.30815089452336963,37.524591964533556,0.6907029900990501,0.7666907054958076,0.486392435645079,0.5790936903917397,0.24462535705240268,0.5909058478800053,0.08176262057624265,0.6961754633849635,0.3742936479627867,Low
2017-07-19,9899.599609375,11012.150390625,24152.369140625,12488.9501953125,25915.75,10583.7998046875,3226.199951171875,10234.599609375,3549.39990234375,281.29998779296875,1046.65,-12.48,0.007372352703497453,0.027233072859930596,0.0052718540440994666,0.015019558343379424,0.005436637191180926,0.031445973799164584,0.009354895918022077,0.0695158074215303,0.014410371081982287,-0.005493339645156303,0.008634125689841676,-0.029654605451649108,0.019417000133304274,0.11386550888958835,0.02097900190386981,0.11553637707708209,0.00856713855047242,0.012609823059337222,0.01351107967908538,0.11428002057231734,0.005628784510350136,0.004685678654155431,0.005227799067053084,-0.8685320504637287,0.7159170534545415,35.282113073708004,0.6863754697371334,0.7704359800882222,0.48360773690955455,0.5833219976013931,0.40163134788621935,0.6149413844677568,0.13741339203106992,0.694775211755358,0.3694586473565737,Low
2017-07-20,9873.2998046875,10960.7001953125,24213.068359375,12445.7998046875,25762.94921875,10491.150390625,3196.39990234375,10140.75,3508.35009765625,282.04998779296875,154.91,0.08,-0.002656653372384299,0.02166820906656275,-0.004672129737376407,0.002588617657268477,0.0025131786615459895,0.027397678050224528,-0.003455085491588905,0.05572185634759386,-0.0058960586226523,-0.01781343695117643,-0.008753889507761348,-0.019633183915430452,-0.009236888376152996,0.09284229810789246,-0.00916983692151796,0.09033876630487336,-0.011565280277489709,-0.011356376592935646,0.002666192792557087,0.11592477860719574,0.005888869844696009,0.0047158270940324725,0.005242579242044951,-0.8624581657961291,0.21726591788963814,38.34690650310862,0.6948498673560967,0.7562106127163662,0.4888534974432903,0.58283965578938,0.4756810490817929,0.6213002214974541,0.1535098843288794,0.7010709060000696,0.3726581600582122,Low
2017-07-21,9915.25,10955.400390625,24256.76953125,12641.400390625,25795.599609375,10711.5498046875,3203.14990234375,10052.400390625,3511.35009765625,279.8999938964844,12.9,147.66,0.004248852576378193,0.027779937287828238,-0.00048352793097716784,0.0014397169413655764,0.0018048588979462377,0.030631742183604205,0.015716192531381568,0.08035534700531088,0.001267339012617219,-0.014809029623206293,0.021008126454792997,0.015312777695497548,0.0021117507840775485,0.08555595463768317,-0.008712334824840351,0.05963643401037433,0.0008551028023127127,-0.0019327785558455046,-0.007622740611719192,0.1096134544954781,0.005964802859343914,0.004734908989972285,0.005252741911051033,-0.8586138131314388,0.13785549807941103,38.86950125394627,0.6914848921757368,0.7511567993996808,0.494472039751309,0.5814325666231827,0.4780637011982735,0.6316145306664479,0.16442868759555243,0.6931058786321613,0.33438846473749717,Low
2017-07-24,9966.400390625,10968.7998046875,24420.56640625,12745.5498046875,26033.44921875,10823.5498046875,3187.5,9980.5,3563.949951171875,280.0,-366.84,668.87,0.005158759549683589,0.030838092790836047,0.0012230875718577394,-0.007119325204866911,0.006752625273904744,0.030811403508771873,0.008238756058999375,0.09044905659431501,0.009220549744017426,0.003546447973057143,0.010456003290110871,0.03647535824855885,-0.004885785186730995,0.06331522564622505,-0.007152559371993883,0.049766802533319776,0.014979951315801321,0.012831050846093595,0.00035729226758252075,0.07837476056952508,0.005586158121565157,0.004793045304922259,0.004991463531440513,-0.8469013240790854,-0.07449090582690289,40.28412954601239,0.7085652984769404,0.7643338701465178,0.5123250155091343,0.5957699213683223,0.5175135792727098,0.603696328139563,0.1291155086034085,0.7035907914442908,0.3334823289413329,Medium
2017-07-25,9964.5498046875,10932.5,24520.4140625,12691.25,25925.0,10810.349609375,3227.550048828125,9930.5498046875,3590.0,281.04998779296875,270.77,-209.5,-0.00018568247962835738,0.036203714479475124,-0.0033093688766192564,-0.0028593614918061006,0.004088670778104708,0.044747780802264936,-0.004260295202607067,0.09089932309014714,-0.004165764506990133,0.0023255650635292113,-0.0012195809647204126,0.03243316948403896,0.012564721200980289,0.08055042822590819,-0.005004778850007496,0.036175462830025484,0.007309319486812571,0.04059480595669318,0.0037499564034597643,0.08492569402312533,0.005570477453975416,0.004646106518479384,0.004991304273977019,-0.8765044891413913,0.28205354720597436,37.78962484706745,0.6907505883246621,0.73596450625591,0.4905289843078762,0.6076380641522794,0.5440639472332311,0.576151382527177,0.17562595421216964,0.6713368198376646,0.322085965071897,Low
2017-07-26,10020.650390625,11003.5498046875,24670.412109375,12792.0498046875,26099.5,10782.9501953125,3283.25,10036.7998046875,3573.0,282.54998779296875,-60.6,676.61,0.0056300171143817135,0.04306800145484613,0.006498953092842541,0.008556177494809525,0.006117272183604694,0.050807456816132524,0.0079424646656161,0.0999702986684281,0.006730954676952727,0.006061540537154686,-0.002534553927722949,0.042939374727971824,0.01725765683853564,0.10776520128205025,0.01069930689535914,0.04635555073209474,-0.004735376044568196,0.03673401266352028,0.005337128856610862,0.08277438043881213,0.005801063158107323,0.00469565611915805,0.004966705967794517,-0.8665219308042014,0.09675511179639086,39.021206159571236,0.6985489815193606,0.7430884045936833,0.49632309230283606,0.6149081395965641,0.5189288935518374,0.5885340186897956,0.20208601518619096,0.642839163512048,0.33418924225983354,Low
2017-07-27,10020.5498046875,10919.0,24922.111328125,12664.2998046875,25970.44921875,10612.2998046875,3250.35009765625,9880.25,3568.0,281.8999938964844,1869.92,-660.03,-1.0037865166290239e-05,0.04183750489644322,-0.0076838662239236966,0.0012608605946677898,0.010202473215044083,0.06058642226199651,-0.009986671561674765,0.07348686137296134,-0.0049445691009406545,0.008772698461107842,-0.015825946288723802,0.023750514136468448,-0.010020529153658697,0.10417167223931867,-0.015597581672834204,0.03177213868003337,-0.0013993842709207893,0.0258179662149296,-0.0023004562893863545,0.06578447597914705,0.003722985998947374,0.004702736780484764,0.00496777628880025,-0.8650954185055817,1.1762805230493987,32.56117183963663,0.6892933428964647,0.6934218845652997,0.5111730840162833,0.6178225785847672,0.5068657193242642,0.5920887077072259,0.20871284275461177,0.6495726460563266,0.3452231479693906,Low
2017-07-28,10014.5,10934.849609375,24811.01171875,12671.349609375,26033.94921875,10699.4501953125,3207.14990234375,9672.599609375,3592.449951171875,281.20001220703125,-223.12,424.67,-0.0006037397952625145,0.04556775170441285,0.001451562356900915,0.008805765569150248,-0.004457873087567066,0.06068591184506711,0.0005566675454802272,0.07575767122633503,0.0024450867008551924,0.010895654881058814,0.008212205858197263,0.04100003392013263,-0.013290936057519076,0.09367592141243475,-0.021016714215227328,-0.0023979332329494563,0.006852564790323701,0.0393617789237497,-0.002483085152921838,0.04071058291282248,0.0032827296783024206,0.004601682778279063,0.004946268648921678,-0.8854543610279839,0.005875727051949562,39.33929330535249,0.6690830651507389,0.6761097403198136,0.5061693288889602,0.6291153706368601,0.4668312250962319,0.579565168370907,0.28340546796759625,0.632680661677688,0.4645705044629018,Low
2017-07-31,10077.099609375,11002.650390625,25103.359375,12829.150390625,25744.349609375,10755.75,3259.949951171875,9476.400390625,3722.550048828125,282.95001220703125,-1196.94,1768.43,0.006250897136651945,0.051006181095180514,0.0062004310687429065,0.012277830283230262,0.01178298005595102,0.06811549447747689,0.012453352335354273,0.08507816299452342,-0.011123921574158535,-0.006558200173317652,0.005261934366699084,0.05557191226262326,0.01646323073004452,0.11221231192392933,-0.020284021532312457,-0.005154544052805576,0.03621486713094235,0.07482536056809463,0.006223328321591781,0.04428861214012736,0.003051331560663118,0.004681523737196367,0.004973381782670004,-0.8693691248369212,-0.5386736358069714,42.79961231679877,0.6841701100513404,0.693403807236816,0.5276985413433268,0.5931858570169447,0.4769797901174928,0.5966806416401657,0.20016386240939749,0.6366747669345783,0.4719410375831419,Medium
2017-08-01,10114.650390625,11170.900390625,25122.5078125,12819.9501953125,25781.5,10801.849609375,3290.75,9517.2998046875,3672.35009765625,282.95001220703125,,,0.0037263481265050746,0.047330906408128204,0.015291770075995581,0.025483608356950294,0.0007627838654562513,0.05815180193224001,-0.0007171320806421688,0.07611304982155676,0.0014430502688431712,-0.013191778561784329,0.004286043221067848,0.05922289840222539,0.00944801278837204,0.10338992346865683,0.0043159229640572505,0.0029612199971162934,-0.013485366351938866,0.053230113330823725,0.0,0.04757499375468677,0.0030198349094894728,0.004579862203320085,0.004837622268764969,-0.889850464316316,,,0.6603065376517406,0.6675591928421093,0.5076985937493148,0.5892185345905828,0.4963418716120636,0.5774218112898807,0.226755474842343,0.6060536638851702,0.501481376708447,
2017-08-02,10081.5,11134.25,25054.908203125,12922.650390625,25531.099609375,10727.349609375,3284.10009765625,9453.9501953125,3658.85009765625,282.3500061035156,-127.69,-166.82,-0.0032774628232060676,0.0443362511006371,-0.0032808806222780484,0.021425211271100864,-0.0026907986208830614,0.05727289458213414,0.00801096679377511,0.08292487397596005,-0.009712405819095049,-0.02012819365355356,-0.006896966972706364,0.04250743742780738,-0.0020207862474359573,0.09883901071050905,-0.006656258673683801,-0.002947741925251046,-0.0036761200977586395,0.05011124278001011,-0.0021205374717446768,0.04342202414993723,0.0035778169748718444,0.004651469427531964,0.004832477465322231,-0.875424045469976,0.059239126548393285,39.13947669506993,0.6677560838588847,0.6747064657911734,0.4699119954657953,0.5949069019989782,0.53164211503201,0.582408122435642,0.243358077470544,0.6067553541585698,0.5060275271326389,Low
2017-08-03,10013.650390625,11058.7998046875,24674.763671875,13080.9501953125,25483.55078125,10682.5,3221.5,9336.900390625,3552.949951171875,279.95001220703125,3573.04,-1735.12,-0.006730110536626532,0.0394505477350493,-0.00677640571322724,0.020608168029855545,-0.015172457554747165,0.04075711653409808,0.012249793958857058,0.09943818629252688,-0.0018623885712912847,-0.02944763608405454,-0.00418086582503141,0.04490674255465921,-0.01906156809925663,0.09072131731039712,-0.01238104731560108,-0.012678645687631995,-0.02894355976819374,0.01643540299581603,-0.008500066742001322,0.02884970939886422,0.0047872382553045805,0.0048472407110854545,0.004901676010960707,-0.8359827940360218,2.1286463718431032,27.19632824050912,0.6790877948344006,0.7120118907646179,0.3595919032237234,0.5896040850683838,0.528064067264018,0.620153797233212,0.28866727888354876,0.659493648183693,0.5451278068515416,Low
2017-08-04,10066.400390625,11137.5498046875,24827.16015625,13203.650390625,25551.099609375,10757.9501953125,3302.0,9256.849609375,3601.949951171875,280.6000061035156,,,0.0052678092346210015,0.04531675915109035,0.0071210259151830435,0.029277065331654528,0.006176208469575117,0.045978430217641364,0.009380067463024888,0.11786869286084856,0.0026506835214934465,-0.024309108030353577,0.007062971711911947,0.05474755271731424,0.024988359459878984,0.13367555686763044,-0.008573592723595702,-0.022673044560228228,0.013791356667953725,0.02488261521464641,0.002321821282878389,0.0477969338835158,0.004726800571341112,0.004889243668595104,0.004847092270701549,-0.8275206274810626,,,0.6857937304328152,0.7189811028425483,0.36793675598375086,0.5884256672900238,0.532848250979203,0.634468797419169,0.2656780385212179,0.6737291917493641,0.5497006476749513,
2017-08-07,10057.400390625,11158.849609375,24906.060546875,13267.4501953125,25608.55078125,10678.7998046875,3341.050048828125,9229.0498046875,3657.10009765625,284.95001220703125,,,-0.000894063384204502,0.050386705462832415,0.0019124318239669424,0.04901545055339107,0.003177986935615662,0.05792015894143465,0.004831982277628377,0.12734574150292088,0.002248481386449619,-0.021223896193243164,-0.007357385857715504,0.04996757465941881,0.011826180747463555,0.1551134565178307,-0.00300316045529625,-0.02628156081843669,0.015311191780005728,0.06179867827720109,0.01550251606876607,0.08160940976956299,0.004759399761024855,0.004720504684164172,0.004823127485253912,-0.8615157905654997,,,0.6541730937394797,0.6861515865731402,0.33318154569498826,0.6051740943523239,0.5361516344116161,0.5973756158335214,0.2860128235479286,0.6190369568197533,0.4564991624738336,
2017-08-08,9978.5498046875,11117.7998046875,24599.21484375,13042.4501953125,25306.05078125,10623.7001953125,3390.199951171875,9125.849609375,3569.60009765625,272.3999938964844,1539.82,798.55,-0.007840056363968673,0.04911468289390375,-0.0036786771149789343,0.05120928115704948,-0.012320121945720519,0.059581131060215675,-0.016958797409278747,0.10732876659514945,-0.011812460712204098,-0.03368870731130691,-0.005159719292688103,0.05510565828899505,0.014710914720056145,0.17511263472162053,-0.011182104062336329,-0.03612741654830831,-0.02392606099463257,0.07259618318997907,-0.044042876900909245,0.04749089284075536,0.005733883832080953,0.004797810441950217,0.0048989414055222264,-0.8459413111281276,0.9916922575796713,33.898550720984446,0.6391093884038288,0.6957144841714785,0.43755982197777954,0.6415817004966392,0.5122218252520092,0.4855855761374116,0.3401002189259394,0.6149378457762952,0.5210610322406254,Low
2017-08-09,9908.0498046875,10925.650390625,24374.31640625,13009.5498046875,25102.80078125,10613.5498046875,3383.39990234375,8766.25,3555.64990234375,271.04998779296875,-256.42,487.97,-0.007065154895241621,0.04391411085868557,-0.017283043177435675,0.0324115403362335,-0.009142504707102095,0.049008302108069834,-0.0025225621054565384,0.11725576565787965,-0.008031675971763796,-0.03383507734839153,-0.0009554477666339212,0.04736740917560445,-0.0020057958014465527,0.15405471214931366,-0.039404507499836816,-0.07551921610937096,-0.003908055505057684,0.0752539766061191,-0.004955969654054537,0.03414720137747107,0.0053146486809923735,0.0050106688141640255,0.004965381453310951,-0.8030575928119368,-0.012745264284439168,40.439780471963395,0.6850692887877624,0.7300049174748189,0.43674028112765395,0.6286197385241148,0.5227740358613507,0.53317907612443,0.45286869320016054,0.6016999412341917,0.5425708171564606,Medium
2017-08-10,9820.25,10606.5,24217.068359375,12804.9501953125,24969.25,10662.349609375,3328.64990234375,8513.2001953125,3461.35009765625,257.29998779296875,,,-0.008861461782919355,0.033264633539103805,-0.02921111139514898,0.00362879103319913,-0.006451382851281884,0.04262434999630016,-0.015726878519753296,0.10095181847698798,-0.005320154607997063,-0.044921056282413274,0.004597877768091063,0.05313393366466723,-0.016181947620815818,0.11281424066608148,-0.028866368708113543,-0.09704927568836719,-0.026521116329631056,0.055321869787196665,-0.05072865013556993,-0.0274050286695674,0.005016796979570507,0.005352564990099359,0.0050695550238529985,-0.7341771482717219,,,0.7177042680714328,0.7473096663407931,0.517745599193174,0.6055549865125565,0.46807156795606664,0.6057923974545626,0.5204126025960415,0.6567629653549344,0.6205094256366723,
2017-08-11,9710.7998046875,10457.75,23985.470703125,12659.099609375,24762.55078125,10647.0498046875,3216.60009765625,8521.349609375,3293.35009765625,254.8999938964844,-3838.27,3038.16,-0.011145357329243155,0.019945531018210172,-0.014024418988356158,-0.007827138824980429,-0.00956340597520522,0.03336966791304885,-0.011390172059465797,0.09126402392158806,-0.008278150875576928,-0.07436813036383749,-0.0014349374432486295,0.04844880226711412,-0.03366223783660882,0.07530044717149131,0.0009572679927094541,-0.112950817905624,-0.048535974478211896,-0.002740372139993452,-0.009327609834227646,-0.03245404408570629,0.005620674709168558,0.005798121139879494,0.005178813321333617,-0.6444127466064424,-2.0156761296971704,54.36110381890571,0.7484292580676204,0.7763222971142856,0.5758839626919757,0.600208611108236,0.4554632607683777,0.6798304350690745,0.4693554184546969,0.7179881110121974,0.6102804715521155,Medium
2017-08-14,9794.150390625,10600.150390625,24115.46875,12859.5498046875,24908.400390625,10587.2998046875,3326.60009765625,8758.099609375,3286.449951171875,269.6499938964844,-1638.83,1619.17,0.008583287433983067,0.018632385920436922,0.013616733104635292,-0.007564851741651224,0.005419866405125928,0.036220275781131406,0.01583447492300727,0.10448765822275186,0.005889926714877758,-0.1036016190571114,-0.0056118832067164615,0.039004520238142826,0.034197598912016014,0.0920132765437709,0.027783157698345384,-0.08924432606543398,-0.0020951755142235573,-0.010075590275556268,0.057865831122734246,0.009546940227251444,0.007610180769202152,0.005731389927852119,0.005241559543080053,-0.6578568149309221,-0.7857736316519207,46.82036001074046,0.7455404375059186,0.7984509469696868,0.6249903250138119,0.5545231610622596,0.40714115738452494,0.6867319450580943,0.5216600192721261,0.704846427531312,0.6182396086850933,Medium
2017-08-16,9897.2998046875,10778.75,24437.416015625,12831.2001953125,25534.80078125,10659.7001953125,3383.949951171875,8859.400390625,3355.449951171875,271.95001220703125,-1090.1,1336.91,0.010531736796816515,0.029542405393569338,0.016848780705315036,0.014036360716491059,0.01335023876013186,0.052704834752032914,-0.0022045569095012763,0.08751891072877926,0.025148158083277083,-0.0730628630093475,0.006838418856613959,0.04369747465272811,0.0172397799050239,0.10943726030370882,0.011566525361456748,-0.06919029740372351,0.020995299190665007,0.020374340797287838,0.00852964347341989,0.023330243488358438,0.008753268113846044,0.006006192598863025,0.0053432140046592155,-0.6024934284049207,-0.47892989063040164,45.64365820292336,0.7712787896643307,0.8188982566208872,0.5799820899354381,0.5992677301952313,0.4200269669119649,0.6982446175782864,0.5434444251946219,0.7219304567001132,0.6106556004860424,Medium
2017-08-17,9904.150390625,10694.650390625,24236.96875,12892.400390625,25511.349609375,10797.7998046875,3409.14990234375,8797.099609375,3336.89990234375,273.5,-981.05,828.59,0.0006921671640436333,0.02765738275646057,-0.007802352719471162,-0.000948118063642367,-0.008202473841622093,0.037882331057730534,0.0047696391904832325,0.08152732901257131,-0.0009184004244208177,-0.0672062551645578,0.012955299571720369,0.0627075422898502,0.0074469042200662194,0.10584355202206264,-0.007032166794936456,-0.0825986400238714,-0.005528334231790999,0.0070924128365481565,0.005699531985270845,0.013526010057173021,0.008818569930456566,0.005999316158014631,0.005281076672416231,-0.6038787972268915,-0.41795033792069625,45.26115646080147,0.7642217923144344,0.7960183813592331,0.5791054046075991,0.6036834533288695,0.4188755410111649,0.696222587704507,0.5418677449713567,0.7201868549492143,0.6096201934792569,Medium
2017-08-18,9837.400390625,10676.349609375,24074.169921875,12959.650390625,25718.69921875,10570.0,3384.64990234375,8639.400390625,3305.75,271.29998779296875,-2182.12,584.59,-0.006739598791147605,0.016832885170387613,-0.0017112089298442212,-0.006532347273157324,-0.006716963239266516,0.0259005883168113,0.005216251276907391,0.09044366861944919,0.008127739713888138,-0.06754478704247258,-0.021096872400672595,0.041492141332275745,-0.0071865423057978495,0.09385146718712134,-0.01792627408492009,-0.09991715174558713,-0.009334982545287307,-0.025240713931424463,-0.008043920318212994,-0.012017546384550548,0.008709525155862392,0.006131788637831268,0.005334002237214031,-0.5771901006535772,-1.0895753848995673,49.611171101554476,0.7495726009554474,0.8029244801796955,0.5695878823094267,0.5502314594855147,0.47259961738812784,0.7050375861852779,0.5592121450590237,0.7221477664669433,0.6060239441307363,Medium
2017-08-21,9754.349609375,10572.75,23936.22265625,12796.2998046875,25598.75,10440.0498046875,3337.60009765625,8490.2001953125,3245.699951171875,268.54998779296875,-1983.39,474.72,-0.008442350412935062,0.009161146152081079,-0.009703654635291104,-0.014563333022648894,-0.0057300943738730625,0.020783328092821574,-0.012604551898689142,0.06142710363830539,-0.004663891347294613,-0.06797894971134255,-0.012294247427861893,0.03491841698090803,-0.013900936890081206,0.0809165566047283,-0.017269739630820236,-0.12686841771731117,-0.018165332777168586,-0.03993255892265857,-0.010136380846793691,-0.039005274424490644,0.008857298110038601,0.0063452191122183406,0.0053915922102734295,-0.5341911232184183,-0.9784477690352871,49.4603931355907,0.7587889440387686,0.8069999897241369,0.6278663509162212,0.5384337450143226,0.5049900915375647,0.7198717737799525,0.5980410434981249,0.7326829503704482,0.6257948996242664,Medium
2017-08-22,9765.5498046875,10482.900390625,23974.169921875,12843.4501953125,25604.75,10446.25,3340.199951171875,8566.650390625,3232.550048828125,266.1499938964844,-828.69,435.05,0.0011482257414410224,-0.0005628873160958836,-0.00849822509517395,-0.028929505617052542,0.0015853489571000523,0.012646140303766318,0.0036846894293400823,0.05874718914655763,0.00023438644465056946,-0.06805401372181474,0.0005938856067253528,0.008315594817934091,0.0007789589643920625,0.0671906627654919,0.00900452210240088,-0.1333204961984067,-0.0040514842843073495,-0.0697429739924782,-0.00893686094052104,-0.054529328964531554,0.008398212376227189,0.006027185256764396,0.005372745306518825,-0.5982641222292335,-0.33275231269510513,44.81734440941983,0.7484855002111213,0.7959792461428866,0.636277845893438,0.5575256649019754,0.4264611332051632,0.7176495502665708,0.5581044005592294,0.7024277803618366,0.6274728577534059,Medium
2017-08-23,9852.5,10552.7998046875,24316.517578125,12975.849609375,25595.94921875,10478.25,3397.60009765625,8615.849609375,3300.25,275.29998779296875,-1157.52,929.84,0.008903768559017866,0.0067902980915415245,0.006667946031902794,-0.029730242257060113,0.014279854416883397,0.031045678427020773,0.010308710825290612,0.06712357613334707,-0.00034371674201072455,-0.06453023272879221,0.0030633002273543486,0.004626078619367258,0.017184643830749247,0.09077483382354523,0.00574311037647135,-0.12097970586506379,0.020943202780856485,-0.03810842320023322,0.034379087380491,-0.006854344626231246,0.0076549104119795815,0.006238396229458964,0.005398286743919263,-0.555712298854278,-0.5166304082249761,46.431234863098524,0.7565388430035596,0.8219186704214496,0.6485071038944621,0.5454753186606855,0.4242907991098954,0.7365016319975588,0.5717344577020642,0.7317762644614091,0.6713222412515033,Medium
2017-08-24,9857.0498046875,10571.4501953125,24273.91796875,12933.900390625,25555.0,10503.900390625,3414.050048828125,8902.0498046875,3323.050048828125,273.6499938964844,-696.93,1044.38,0.00046179189926420783,0.004171737955204646,0.0017673405134357445,-0.03052904813105861,-0.0017518795295475842,0.024424557710484462,-0.003232868753325513,0.050000031711722626,-0.0015998320046675119,-0.06821482783656363,0.0024479651301505534,0.009844771487285575,0.004841638420961525,0.09195438918617627,0.033217872675154636,-0.09327446252904603,0.006908582328043256,-0.0443041743123711,-0.00599343977350697,-0.014406627365139868,0.007103533619440044,0.0062157827809300615,0.005393839996175733,-0.5602681391850359,-0.25907357940733994,44.83122380622361,0.7545287879354426,0.8182210147934545,0.6434157529121669,0.5436040721696614,0.43181767454141695,0.7384080132038784,0.5170442286065456,0.7278825949772204,0.6708485186090015,Medium
2017-08-28,9912.7998046875,10592.349609375,24376.81640625,12963.2998046875,25761.900390625,10592.2998046875,3426.449951171875,8975.0498046875,3319.85009765625,274.5,-124.74,476.26,0.005655850493267112,0.0021330619568311615,0.001976967556614584,-0.0314813739995875,0.004239053523723335,0.020446907724379182,0.0022730509107531383,0.04977038875786288,0.008096278247896604,-0.07725122704083975,0.008415865609445294,0.014534675169296962,0.0036320212552263254,0.08664075197712684,0.008200358524343532,-0.09115720567200836,-0.000962956056892228,-0.04778495485346834,0.0031061798738323265,-0.013654286595929044,0.006185586080737027,0.006140931231894064,0.005394871317234279,-0.575348179077317,0.0608887338890043,42.73048944773817,0.7567612645453323,0.811396707987296,0.6495530446997855,0.5267878828024347,0.4439754566630921,0.7345280275968876,0.5197836372722211,0.7280505382228131,0.6785367713565565,Medium
2017-08-29,9796.0498046875,10503.5,24128.66796875,12749.0498046875,25529.5,10506.0,3388.550048828125,8865.0498046875,3279.949951171875,272.04998779296875,-1459.64,1391.33,-0.011777701789638884,-0.009133786306916636,-0.008388092599998953,-0.03569051389749589,-0.010179690135270314,0.007989419025518973,-0.0165274276787557,0.024530288560654423,-0.009021088782315667,-0.08379671173183689,-0.008147409559660423,0.0169737240875103,-0.011060982323932045,0.07913886598487196,-0.01225619939652578,-0.1097783441179424,-0.012018659069138016,-0.06816953829059247,-0.00892536323144355,-0.015381832022318132,0.007654792473776455,0.006512161200455006,0.005558417567903676,-0.5005579735677822,-0.6855725674607047,48.106739721950845,0.7536942388947504,0.825841751539609,0.695139173528752,0.5216278658602761,0.47880041300720527,0.7412226855885649,0.5284314459982636,0.7262301931452616,0.6660470621496527,Medium
2017-08-30,9884.400390625,10572.349609375,24308.416015625,12993.2998046875,25757.849609375,10493.25,3478.199951171875,8908.0498046875,3281.64990234375,276.6499938964844,-12.46,290.78,0.009019001301445284,-0.003181722786628538,0.006554920681201448,-0.03329239190368716,0.007449563610713916,0.012227662938248507,0.019158290519046828,0.036975243789904244,0.008944539038171495,-0.059645941662908375,-0.0012135922330097637,0.004537724780419916,0.02645671483434464,0.09717207650035031,0.0048505085642343015,-0.10872710125941121,0.0005182857047156819,-0.0706042431287891,0.016908679690940565,-0.013373752074275713,0.008171093824901303,0.0067067763293559325,0.005617714682031556,-0.461349647951755,0.12367446683944651,43.72175742354226,0.756180738002344,0.8291284997681232,0.7158280918650657,0.5621172848423089,0.44792203534354846,0.7577386687107742,0.5303685091000071,0.7085909663314713,0.674234662172486,Medium
2017-08-31,9917.900390625,10612.5498046875,24318.1171875,13150.0498046875,25834.900390625,10558.25,3474.85009765625,8859.650390625,3291.14990234375,280.3999938964844,77.58,509.71,0.0033891787742403867,0.009234620046781217,0.0038023898941870193,-0.031206690804369552,0.0003990869610246417,0.01233654659140182,0.01206391004257834,0.06278485736206751,0.002991351468328851,0.011245705492604063,0.006194458342267728,0.006199234120831676,-0.0009630997535079455,0.09798565373449719,-0.005433222211783328,-0.11618261990906276,0.0028948852810943837,-0.06481497411557857,0.013555033734803379,0.010268442546794487,0.0071182867584120655,0.0065198381479532825,0.005616084363759245,-0.4990113298975318,0.17402383800846874,42.96772101317881,0.7973792476972535,0.851934991918037,0.698428221264788,0.6631779055698479,0.49373132389856994,0.759874627025548,0.5660905031188217,0.7298474195434479,0.6775683090280636,Medium
2017-09-01,9974.400390625,10823.599609375,24433.716796875,13218.75,25906.75,10514.400390625,3542.5,9071.7001953125,3296.300048828125,287.6499938964844,-325.1,96.82,0.00569677026131532,0.007555940058339594,0.019886814061808256,-0.017122067403885,0.004753641430530697,0.011648863704089685,0.005224329666645877,0.05843564056820538,0.002781106498907615,-0.00034727916421484206,-0.004153113382899587,-0.006557135938244363,0.019468437613864076,0.09804105561195398,0.023934330965461603,-0.11362431931360284,0.0015648471316080936,-0.07130778736667498,0.025855920676933097,0.022573787341182205,0.007192195260697612,0.006464343354982146,0.0055406273773784525,-0.5101916421635633,-0.051150359929579635,44.184602453614716,0.7879736033312081,0.8525666809225373,0.6913244286172507,0.645702985843012,0.45382522728160124,0.7570540081539474,0.5563406159251365,0.7230008600573397,0.6812438031964473,Medium
2017-09-04,9912.849609375,10738.400390625,,13163.849609375,25761.400390625,,3547.60009765625,9070.349609375,3282.699951171875,282.8999938964844,,,-0.006170875324781666,0.004005733186459359,-0.007871615897192208,-0.020281533180021682,0.0,0.009112782990783996,-0.0041532210401891145,0.05769414709828924,-0.005610491836104514,-6.011843255404603e-05,0.0,0.0022161535326741255,0.0014396888232179883,0.10987367226953793,-0.00014887903131965974,-0.10555436142543695,-0.004125867625759727,-0.0643180242003557,-0.01651312393807791,0.003013671832311937,0.007401065715679621,0.0065504946872545385,0.00551112821505808,-0.49283508048684965,,,0.7906364382661275,0.8481312117109919,0.6934822686263206,0.6506702984890236,0.4402715786698827,0.7474947870991258,0.5369717757273245,0.7125729698150121,0.6942292487981869,
2017-09-05,9952.2001953125,10771.2001953125,24328.017578125,13275.099609375,25818.900390625,10498.0,3578.14990234375,9037.599609375,3283.10009765625,286.8999938964844,332.87,16.92,0.003969654285916446,0.003726602487330144,0.0030544404654659907,-0.016813643385423682,-0.0043259574312295435,0.0029372438396304545,0.00845117524897665,0.050128878064803484,0.002232021517779126,0.0009032851185026836,-0.0015598027482026655,-0.01993640589656298,0.008611400340101216,0.11707226056626685,-0.003610665675571112,-0.10095109046754802,0.0001218955403561317,-0.06500348687883672,0.01413927213255306,0.025008932306689546,0.007485024660400102,0.006544672103830461,0.005504383634355274,-0.49400813290115564,0.3167791796981588,42.171227326997176,0.7964819930844098,0.8285917471024022,0.6953512240536985,0.6529030763958705,0.4317516076102614,0.7556656370977887,0.5453443541252613,0.712236180483537,0.7139363796708924,Medium
2017-09-06,9916.2001953125,10746.099609375,24278.869140625,13292.2998046875,25473.099609375,10421.650390625,3604.89990234375,8897.2998046875,3250.85009765625,287.1000061035156,-100.99,324.7,-0.0036172905783141696,-0.005036943464535204,-0.0023303425321556936,-0.020303059521364353,-0.002020240134329443,-0.005802374247500519,0.0012956735405851294,0.042897325606065184,-0.013393319468228082,-0.021524216966663845,-0.007272776659839941,-0.03713194112050411,0.007475930503212824,0.13094898897058815,-0.015524011988975794,-0.10853165626095884,-0.009823032816764443,-0.08785192211037463,0.0006971495687915219,0.025357164655412934,0.007426103097894036,0.006508864222661853,0.005520263379985543,-0.5012222023951749,0.0741694709532455,43.54031674553843,0.799418758072488,0.824156752263977,0.6866249801900561,0.6407173088027781,0.42056536470658656,0.7752245301992646,0.5639087129389824,0.7070147968125761,0.7190952605576554,Medium
2017-09-07,9929.900390625,10837.7998046875,24304.6171875,13239.849609375,25309.25,10460.9501953125,3646.39990234375,8948.7998046875,3253.5,289.3999938964844,,,0.0013815972895521167,-0.003477268390610133,0.008533346855681412,-0.00866226346329746,0.001060512609786901,-0.008800702730792254,-0.003945908238843887,0.04322660174332715,-0.006432260380071608,-0.02375120540019282,0.003770977073156656,-0.03232082464377395,0.011512108830821655,0.12977331015136495,0.005788272973882291,-0.09886159571311814,0.0008151413519992268,-0.09373259052924787,0.008011103253475538,0.029710039018633783,0.005282450210586347,0.006514836856354725,0.00549736067585304,-0.500018919957998,,,0.7964584759674801,0.8288907058136381,0.6818350728365502,0.6307281457076884,0.42228192809691045,0.7794678041931673,0.5647994683993736,0.7125723446348642,0.71996691945645,
2017-09-08,9934.7998046875,10779.0,24370.517578125,13152.7001953125,25408.849609375,10456.650390625,3652.949951171875,8840.2998046875,3220.10009765625,285.1499938964844,-841.44,553.17,0.0004934001218306339,-0.008567366646961228,-0.0054254374270752415,-0.02040703306417002,0.0027114350379027208,-0.012156040601204121,-0.006582356796620337,0.028193322894415562,0.003935304656400351,-0.02646220772907526,-0.0004110338551680526,-0.030260717037286056,0.0017963056723193649,0.11260182781447492,-0.012124530927953736,-0.11921130472695063,-0.0102658375115261,-0.09876851450986568,-0.014685556633149743,0.009201933165258858,0.004266865014984292,0.006426064655235216,0.005497320770181925,-0.5179034975178292,-0.33988197154011884,45.82444985902676,0.7881978840181669,0.8235027140263984,0.6650398012019346,0.6179128126033819,0.43481716952523997,0.7724400790123271,0.5479323985478369,0.721548400899118,0.7134006095350484,Medium
2017-09-11,10006.0498046875,10839.75,24671.962890625,13238.9501953125,25550.44921875,10459.5,3675.0,8804.4501953125,3218.89990234375,287.04998779296875,-713.75,231.25,0.007171760015373785,-0.0014470263890328239,0.005635958808794861,-0.007257990658485203,0.0123692618153739,-0.010037208894805971,0.006557588838734363,0.04537561487705011,0.005572846136361553,-0.016172226997782202,0.00027251646259052187,-0.014398368638248171,0.006036230751273131,0.13064743476401364,-0.004055248143958967,-0.1088838647491207,-0.00037271987705400633,-0.09784195562114628,0.006663138478530506,0.018268868421385864,0.00485768841545512,0.00656816189367016,0.005538043167395896,-0.48927573961863846,-0.26847913719346783,45.73956594773714,0.7955978206636778,0.8558264691039216,0.6844412656331459,0.6316540603271612,0.4644856240347414,0.773082889917501,0.5412155254187139,0.7124684139217422,0.7086613077974703,Medium
2017-09-12,10093.0498046875,10965.900390625,24784.412109375,13381.900390625,25913.19921875,10501.099609375,3711.050048828125,8996.099609375,3260.85009765625,292.8999938964844,,,0.008694739852208588,0.007843607238254613,0.011637758308540302,0.002839616671396872,0.0045577735038151435,-0.001072088864272236,0.010797698699940295,0.056075382903514326,0.014197402045432517,-0.0046381745230198446,0.003977208219800188,-0.018538390507616853,0.00980953709608845,0.15711774061952344,0.021767334678607586,-0.06993983285985639,0.013032463445649567,-0.09230465504674756,0.020379746916188157,0.041607329948617267,0.005412936962973746,0.00675671633892106,0.005581663975512381,-0.4512884355097674,,,0.8056959990267759,0.8554560903698417,0.6957600772055336,0.6595510421594278,0.49366628786680156,0.7805749558887007,0.578685670849378,0.7303494856960532,0.7189822623660215,
2017-09-13,10079.2998046875,10916.0,24831.51171875,13414.599609375,25632.349609375,10505.2998046875,3671.14990234375,9140.599609375,3272.25,289.20001220703125,-826.77,725.9,-0.0013623236054590704,0.00021833616792399368,-0.0045505055533480165,-0.007875410700937335,0.0019003722649197918,-0.010829134546857855,0.002443540737525396,0.04563429384831452,-0.010838090928262711,-0.004350469198072693,0.00039997671374814026,-0.02328523769262958,-0.010751713385534822,0.1261368908513636,0.01606251667660663,-0.03543547838926342,0.0034959909233311937,-0.12096547875021357,-0.012632235461093155,0.022088707299390276,0.004470117828997293,0.0066672013956673715,0.0055072545426903055,-0.46932265033372134,-0.3316786699513854,46.35820021570366,0.803775230777558,0.8506599219223199,0.6841804074450677,0.7208678155780509,0.4779317660255799,0.767601235184861,0.6152915910222164,0.7351964112749295,0.721391419201841,Medium
2017-09-14,10086.599609375,10949.0,24911.9609375,13364.599609375,25628.25,10496.0498046875,3650.39990234375,9380.849609375,3294.699951171875,287.70001220703125,-1334.23,793.31,0.0007242372812548137,-0.0027732823347013102,0.003023085379259882,-0.019864145491014007,0.0032398035069791664,-0.00838080642949346,-0.0037272823234363317,0.04248451872002179,-0.00015993888338272644,-0.005944184783662654,-0.000880507950460685,-0.02830994836496281,-0.0056521799850103305,0.10929116534034788,0.026283833694409786,-0.014337070189308854,0.0068607078224081075,-0.10283609580834818,-0.005186721772771574,0.016787417547536654,0.00444724498658997,0.006632227647431578,0.005502430559377059,-0.47636867042777076,-0.6154446838722208,47.97624405810007,0.8096897296569192,0.8512437927659909,0.6872762153503613,0.721425955488348,0.47040394730049057,0.7580399620230569,0.5921374471117801,0.7531228152487197,0.7238266530757116,Medium
2017-09-15,10085.400390625,10971.4501953125,24844.01171875,13347.0,25505.94921875,10599.75,3663.300048828125,9338.0,3278.25,286.75,418.86,125.55,-0.00011889227256378643,0.000386885942072146,0.0020504334014521675,-0.014621533079237525,-0.0027275740725699604,-0.008417372063997286,-0.001316882651886897,0.032837660738918695,-0.0047721081716465275,-0.000985088421955993,0.009879925995224248,-0.011894793590346509,0.0035338995259375228,0.11546540601563793,-0.004567774898787125,-0.012264735154834061,-0.004992852586173768,-0.10402177938365142,-0.0033020930369220824,0.01558347370770452,0.0038809132222577696,0.006604588427495839,0.005503122259401224,-0.48193703266730215,0.36486383570464725,42.02757259376449,0.8085472494863137,0.8494072057096895,0.7073405124427594,0.7177650394505174,0.4440490639369301,0.7565805381772467,0.5891489931313194,0.756027951830701,0.7243716939171185,Medium
2017-09-18,10153.099609375,11104.849609375,25046.609375,13377.2998046875,25578.349609375,10649.5,3689.75,9339.5498046875,3270.85009765625,288.75,-96.92,775.61,0.006712596042585561,0.013925912460510448,0.012158776796844517,0.004164087016746754,0.008154788306475425,0.01506987900957446,0.0022701584391624507,0.022655052190413194,0.002838568759157445,0.0037200007541629,0.004693506922333057,-0.003089164521413501,0.007220252455251819,0.14535154431165598,0.00016596751847286484,0.00028375734469232583,-0.002257272124990495,-0.07939876930227507,0.006974716652136115,0.031434139700843744,0.004155102917790436,0.006585836952338947,0.005458099325556512,-0.48571481678863093,0.07644536989435967,43.71274997917027,0.8136018933866297,0.8592446799157272,0.7760788821836925,0.7218092994474103,0.447059954615949,0.7400008459460568,0.5698545527424995,0.7356142226576246,0.721036256408257,Medium
2017-09-19,10147.5498046875,11170.75,25041.259765625,13413.7001953125,25648.400390625,10654.849609375,3663.199951171875,9293.9501953125,3245.050048828125,291.29998779296875,-1719.62,-77.68,-0.0005466118624873895,0.008061413306992504,0.005934379387665389,0.0029809245206271484,-0.0002135861702837749,0.008623604472986823,0.0027210566524229485,0.015908464589204918,0.0027386747901954056,0.0038080858646998283,0.000502334323207565,-0.009583664551860771,-0.007195622692086179,0.1093882347582904,-0.004882420494413342,0.004007906307554876,-0.007887872589028788,-0.09908519196043641,0.008831126555735924,0.038132506973310054,0.004284100013722616,0.0065254206009941005,0.0054595234305086756,-0.49788665558368644,-0.8309505052275016,49.01106316436078,0.8033063559344412,0.8563615299248645,0.7690914490523707,0.7190605109422776,0.4319464307816034,0.7325360491371399,0.5920309271550294,0.7298910195755682,0.7231186316363317,Medium
2017-09-20,10141.150390625,11103.4501953125,24964.759765625,13410.2998046875,25698.55078125,10651.349609375,3660.550048828125,9319.849609375,3277.449951171875,289.75,-1185.44,946.23,-0.0006306363787978997,0.008327201537891238,-0.006024645139090956,-0.0049646169633791315,-0.0030549581257495184,0.0023568247029481793,-0.0002535013139914888,0.010766922601712192,0.0019553028594847532,0.0035144511209863616,-0.00032848891615699927,-0.002570531877603921,-0.0007233845760732383,0.0956286183477153,0.002786696024642099,0.009838478132535577,0.009984407591941524,-0.10381180070178664,-0.005320933257540461,0.016845016976104965,0.004037664728069046,0.0065239518155854725,0.005451687545589152,-0.49818256585996756,-0.5322429631232336,47.21526698841979,0.8033001895698516,0.86093113605973,0.7755557316522163,0.7199587977901766,0.4338623155269208,0.7419366017703585,0.5903898549697872,0.7452415826920671,0.7340361809809185,Medium
2017-09-21,10121.900390625,11051.900390625,24798.9609375,13333.7998046875,25489.69921875,10653.849609375,3638.800048828125,9629.75,3243.5,285.3500061035156,-1204.95,1416.55,-0.0018982067377479872,0.014365873673362728,-0.004642683470518216,-0.0059273790876064325,-0.00664131478458263,0.008120019074541629,-0.00570457045063677,0.022338564074387834,-0.008126978220592163,0.007257095905145006,0.00023471204041602967,0.0028379390897912415,-0.005941729988629185,0.07332903699981408,0.033251651433652496,0.05521681949561641,-0.010358648241061919,-0.09135479850260053,-0.01518548368070538,0.04754042766958522,0.002903106206066979,0.006356441994662134,0.005443517210336956,-0.5319300943267197,-0.5431527391284271,46.875755302849925,0.8137923381255168,0.8493927594324215,0.7622316849738707,0.6997839573635674,0.41470252628984605,0.8140556027958277,0.5213474417452846,0.7296799112817848,0.7191396267396398,Medium
2017-09-22,9964.400390625,10927.0498046875,24368.56640625,13046.7001953125,25220.349609375,10632.099609375,3491.800048828125,9465.4501953125,3152.800048828125,272.95001220703125,-1241.73,521.17,-0.01556031910231781,0.005687353924163752,-0.011296752732535165,0.00012808519515705719,-0.01735534534429528,-0.00023590405179629848,-0.021531717408421747,0.0028556246128990104,-0.010566998341701495,0.0046826977256180236,-0.0020415155833306553,0.0017477474576232943,-0.04039793284254278,0.03203882178080231,-0.017061689523352075,0.07976046716811624,-0.027963604492639127,-0.1132985149213036,-0.04345538332312515,0.007009867181819507,0.006754279601171711,0.006873085678399295,0.005667818567333468,-0.4278439737161142,-0.5637197079378078,48.248190563033475,0.7981709909701219,0.8715643328942719,0.8108806112956767,0.7068649322369044,0.4027741960982898,0.8587017868812461,0.5234397029867637,0.7767557861058653,0.771570392155905,Medium
2017-09-25,9872.599609375,10808.4501953125,24164.76953125,13035.0,24980.69921875,10569.150390625,3450.10009765625,9297.0498046875,3125.949951171875,264.3999938964844,-1249.45,1009.98,-0.009212875602266135,0.005330781739263157,-0.010853763046281939,0.019040229605666426,-0.008363104813081224,-0.002159585435730693,-0.0008967934525470067,0.017965693046718245,-0.009502262828898989,0.0004585327452766297,-0.005920676165834027,-0.008740964436961707,-0.011942250583869995,0.036486322946424954,-0.017791059817566346,0.09207461253015059,-0.008516270375671264,-0.09689864851044139,-0.031324484074621406,0.02759427299012729,0.007209188618177724,0.006889362882562862,0.005759184485379875,-0.4245646709991679,-0.5680366464698474,48.313443826829065,0.8247509900023398,0.8754305766967988,0.7776525163223156,0.718894220851832,0.4728624334208648,0.8537337282652118,0.5134085905504915,0.7510363323268276,0.78262426174385,Medium
2017-09-26,9871.5,10816.0,24198.869140625,13023.900390625,24872.099609375,10548.5,3533.050048828125,9297.900390625,3122.39990234375,271.5,-1915.54,1537.1,-0.00011137992205778602,0.01654860552628512,0.0006985094579770035,0.034256890822595754,0.001411129095640673,0.008896987686474622,-0.0008515235423859346,0.028817277097641147,-0.004347340657842258,0.004423971871587273,-0.0019538363881468346,-0.00925606684436775,0.0240427665354479,0.09838025914457127,9.148987639839845e-05,0.09113002245508817,-0.001135670398943578,-0.05190768981231564,0.026853276351796573,0.06512360337778933,0.007209695862314858,0.006548895397864161,0.005649297446603194,-0.49315728287433264,-0.9405068002012337,49.72515340671541,0.8060562499283963,0.8663692939271133,0.7604495489493658,0.7053249803107764,0.4873390575660924,0.8018641810982262,0.5322829505500157,0.7550742940656751,0.7674891701974345,Medium
2017-09-27,9735.75,10646.0498046875,23812.671875,12809.0498046875,24556.099609375,10544.2001953125,3477.199951171875,9036.4501953125,3026.800048828125,263.54998779296875,-856.28,1858.29,-0.013751709466646389,-0.005962782711699144,-0.01571285089797525,0.004330071967949989,-0.0159593104694572,-0.012556126448920901,-0.01649663921663247,-0.003927042607789533,-0.012704998973262827,-0.014143854110463039,-0.00040762238114422367,-0.004070878332539274,-0.015807898808219534,0.045271402962360874,-0.028119272559224084,0.0317820758329288,-0.03061742778170895,-0.07900619397875341,-0.02928181291724219,-0.022621940447205557,0.006731387453186771,0.006868053944109481,0.00584605188189716,-0.42885769694288756,-0.3481803352467857,46.94278964816606,0.8198938246039489,0.8854457694921193,0.7778481779451263,0.7266271837336549,0.5066159603773747,0.8069045307475967,0.5640017699241917,0.8123589831537879,0.8047982823046762,Medium
2017-09-28,9768.9501953125,10683.650390625,24007.87109375,12721.9501953125,24724.650390625,10521.900390625,3501.550048828125,9111.5498046875,3042.199951171875,266.45001220703125,-5328.46,5196.6,0.003410132276660871,-0.012968144029971929,0.003531881460947517,-0.00882287921836944,0.008197283352941787,-0.01757734621370577,-0.006799849380172307,-0.008514402264560683,0.006863906887951021,-0.031727304143288504,-0.0021148882110009204,-0.0129271745136037,0.007002789025130296,0.034752315889165164,0.008310742354775247,0.028461227955034474,0.005087849245182907,-0.09335558704745361,0.011003697774179422,-0.02022430503078243,0.007395022929281128,0.006603139638323236,0.005854344045222561,-0.48222891438250676,-2.848973879834501,61.30709630641692,0.8024212991721391,0.8710217660823768,0.8005836519961499,0.7148306888295333,0.46962795760579146,0.7978839582047564,0.5602798244125404,0.7953287915366151,0.8183070069058926,High
2017-09-29,9788.599609375,10811.25,24052.720703125,12772.650390625,24480.80078125,10475.349609375,3550.300048828125,9172.599609375,3042.10009765625,273.5,-1546.86,2064.63,0.002011415113154058,-0.0116669049532383,0.011943446734925978,0.010902610661982282,0.0018681210507947021,-0.007601942667644801,0.003985253403301359,-0.009288417701258989,-0.009862611018656153,-0.04039570010621041,-0.004424179998080646,-0.029862583224826933,0.013922405597576848,0.041403326497123416,0.0067002657062897875,0.0426845229306978,-3.2822798378684404e-05,-0.08834541440108545,0.02645895091005257,0.0,0.007738101093101701,0.006615141455205733,0.005822517213546925,-0.47981095670896734,-0.7343450258498885,48.64833867459172,0.8082432174055107,0.8951223679422462,0.8031653561751463,0.6807903220475304,0.4852716466981802,0.7963621997243514,0.5681284525907805,0.7983009821625685,0.8044367783684533,Medium
2017-10-03,9859.5,10903.75,24103.12109375,12945.25,24747.55078125,10546.099609375,3593.60009765625,9214.9501953125,3023.35009765625,274.25,412.14,-13.91,0.007243159742390093,0.0022464887569342284,0.008555902416464312,0.021299451492794663,0.002095413290125192,0.0012025823514976164,0.013513218016339534,-0.0011111712269196161,0.010896293891019537,-0.03776040262533931,0.006753951193827712,-0.0022611533230841863,0.012196166023324517,0.0617346553827649,0.004617075610082733,0.06661918404801037,-0.006163505275334491,-0.0854268781195644,0.002742230347349217,0.010873617175694239,0.009017578025906862,0.0066434069950266844,0.005855500288774281,-0.47411641232656826,0.36110608610162825,42.14396653547141,0.8203116312512886,0.8828972305433972,0.8503482884937498,0.7715728625758245,0.5124407121997795,0.7976928710573452,0.5439766519270354,0.7667696588543075,0.7929833964563716,Medium
2017-10-04,9914.900390625,10942.7001953125,24113.021484375,13160.849609375,25105.44921875,10539.849609375,3588.10009765625,9372.2998046875,3040.449951171875,275.54998779296875,-716.19,201.69,0.005618985813175215,0.0164594040278907,0.0035721834517941087,0.034990914881416924,0.00041075139549318074,0.007386245969718042,0.01665472736138729,0.028488688937559736,0.01446197406214278,-0.01927050271009323,-0.0005926361623252996,0.009559322661726322,-0.0015304986227007156,0.07505392877232575,0.017075470408406623,0.10389620846184688,0.0056559290069917445,-0.0632375152009641,0.004740156036349141,0.02606591069889186,0.007857367183770366,0.0065150074848062635,0.0056490288024350545,-0.49998454413159105,-0.26984355818027833,45.61924681950258,0.8076551874753631,0.8732884580303535,0.8351552707629876,0.7695212821830045,0.45384835369620036,0.7680085507800914,0.5275909773251253,0.7559218538449607,0.7912104691890453,Medium
2017-10-05,9888.7001953125,10931.7001953125,24057.771484375,13164.7001953125,25010.400390625,10524.650390625,3598.39990234375,9394.150390625,3039.10009765625,278.04998779296875,893.36,-229.73,-0.0026425071639926134,0.012610697102367618,-0.0010052363496819705,0.04281256026136315,-0.0022912931104798195,0.0034871514956484884,0.00029257882673139335,0.025012749309157423,-0.003785983962956263,-0.023212474614085266,-0.0014420716910875653,0.0075051229508196204,0.0028705455274862235,0.07730074694519051,0.0023314006586272473,0.09659551426372937,-0.00044396505033894584,-0.0598443792825436,0.00907276396571044,0.044711606873501175,0.007016222385885717,0.006540016525088467,0.005585092318618397,-0.49494607358581894,0.6301989825249611,40.279453221820404,0.8327964020611432,0.873827595442086,0.8332518995019483,0.77081694940827,0.45735299249988,0.7653285993282692,0.5266151121622306,0.7512709267533898,0.7848838774426328,Medium
2017-10-06,9979.7001953125,11007.0,24189.71875,13405.0498046875,25130.599609375,10655.349609375,3711.5,9477.75,3101.89990234375,278.45001220703125,,,0.009202422785872022,0.012910448648820072,0.006888206165751587,0.04304072887943411,0.005484600504693349,-0.005214514278930604,0.018257127455175937,0.03307684723799542,0.004805969391639797,-0.018180595898124152,0.012418390530712697,0.016901640004294505,0.03143066382993842,0.09238871359825018,0.00889911337361915,0.10003661039848666,0.020663947441524222,-0.06010153705211729,0.0014386780493598206,0.011442152392797666,0.007777235514610733,0.006553559790618259,0.005662179154806214,-0.492217566466176,,,0.8328399210190227,0.8716024082760304,0.8381277111529372,0.7927306416272316,0.49757500372740576,0.7698239401579972,0.534424154853887,0.7534606710948119,0.7472337953940865,
2017-10-09,9988.75,11005.7998046875,24251.619140625,13277.849609375,25286.349609375,10680.2001953125,3717.85009765625,9505.7001953125,3100.699951171875,284.95001220703125,,,0.0009068212982741297,0.013361015508907226,-0.00010903927614247522,0.041087041167501726,0.002558954540345715,-0.0009186332488108073,-0.009488975958002022,0.02659284580537724,0.006197623710573863,-0.01051263512522016,0.0023322168533668197,0.016784222824966166,0.0017109248703355284,0.08898523585862628,0.002949032767534554,0.06781026885595942,-0.00038684393747467904,-0.06691145014041,0.02334350768556326,0.0412936910746704,0.004030602410282093,0.006554094538040436,0.005659825141158634,-0.4921098330583497,,,0.8318428595465882,0.8710670224189404,0.8218586603896377,0.7856320989597856,0.49855295299248226,0.7696604226464966,0.5765611466616363,0.7633746211312107,0.7310543946099096,
2017-10-10,10016.9501953125,11029.849609375,24347.166015625,13380.2001953125,25204.849609375,10726.2001953125,3721.550048828125,9530.2998046875,3104.199951171875,282.5,-504.82,402.15,0.0028231956263296,0.010506657319534485,0.0021851937264256716,0.0413033950099968,0.00393981426336798,-0.0012163356416549087,0.007708370628421113,0.03216005159999846,-0.003223082859290405,-0.021623046933785806,0.004307035370010093,0.012641295383816864,0.0009951856784671254,0.08612415236222071,0.0025878797847138646,0.061865951953826936,0.0011287773906265564,-0.06495779632840049,-0.008598042119932203,0.02914389799635697,0.004043204205648405,0.006496863504615658,0.005664813102080263,-0.5036399386905935,-0.15164779425317665,44.86620750123194,0.8383153034872866,0.8694122552702029,0.8279374889531727,0.7723818054698451,0.4850248740465965,0.7730247512782515,0.571842910239867,0.7696536438822971,0.7235529355995437,Medium
2017-10-11,9984.7998046875,10960.2998046875,24107.169921875,13389.9501953125,25187.5,10785.25,3668.449951171875,9441.150390625,3029.64990234375,277.04998779296875,-529.22,1920.87,-0.0032095987299651796,0.01926797063747898,-0.006305598639203991,0.04349024655471978,-0.00985724965262813,-0.0008909752872742205,0.0007286886487256616,0.05027044371489997,-0.0006883440942471175,-0.013396267063593092,0.005505193228940941,0.026580049495526392,-0.014268274498409728,0.0826016727834813,-0.009354313703609951,0.06498560060349345,-0.024015865601692776,-0.07631215492745447,-0.019292078608960206,0.018378975277900222,0.004795543691494633,0.006121995514743463,0.005677113346586145,-0.579163081690524,-0.16529200412128134,44.0417950444414,0.8335191657108579,0.8501736955887518,0.8015703860697491,0.7613829289520743,0.3775717261379134,0.770546161211137,0.5562198536960465,0.7515836903959308,0.7404101753217891,Medium
2017-10-12,10096.400390625,11072.25,24360.966796875,13653.25,25473.599609375,10881.2998046875,3741.449951171875,9577.099609375,3028.25,281.70001220703125,,,0.011177047924897598,0.0214479373175811,0.010214154476378523,0.04728375518169714,0.010527858550899438,0.002161834864773615,0.019663986859314475,0.05079157760020392,0.01135879342431756,-0.011035470907344025,0.008905663261166819,0.03698089769018176,0.01989941282330432,0.07568570056224222,0.014399645501357083,0.07510620386691591,-0.00046206736384524216,-0.07721722605533643,0.016784062872932992,0.01825417828289,0.005565084321466209,0.006235299446252784,0.005778026797017664,-0.5563361952851251,,,0.8411579614399305,0.8566609754514246,0.8094367799815732,0.7687668422294811,0.47443629866450115,0.7679215153910408,0.5811313704033939,0.7366776404278392,0.7374780369448011,
2017-10-13,10167.4501953125,11078.2998046875,24688.86328125,13678.2001953125,25434.849609375,10924.2001953125,3784.550048828125,9545.599609375,3045.449951171875,282.54998779296875,-1698.5,1590.13,0.007037142143597297,0.025161555859483098,0.0005463934329066333,0.04388671983374626,0.013459912617961534,0.015245674280267574,0.001827418036914219,0.04016337568826045,-0.0015211827379801868,-0.015484897375302897,0.003942579599407692,0.0346601184204296,0.011519624268326867,0.08912613277354442,-0.0032890959982461165,0.07742396014585973,0.005679831972880356,-0.07465474331536914,0.003017307593557339,0.007667596088743567,0.005683420817872994,0.0063239578532524295,0.005816126846728781,-0.5384745433679715,-0.8191404350465848,48.453148089863845,0.8221750151570504,0.8567644525347361,0.8006914222080211,0.7492589430529975,0.479548373970589,0.7782473194391889,0.5683431753727667,0.7409312845274262,0.7278801119195588,Medium
2017-10-16,10230.849609375,11216.849609375,24702.763671875,13711.0,25607.599609375,10961.599609375,3855.449951171875,9692.5498046875,3039.10009765625,285.70001220703125,-29.92,272.69,0.006235527378509298,0.025710740366011287,0.012506414082499973,0.03633264479400933,0.0005630227064992166,0.011011295466697435,0.0023979620285672354,0.03723877068557924,0.006791862450656216,-0.011547198727165697,0.003423537961025902,0.04253207050672514,0.01873403744936697,0.08834155290666912,0.015394548412461795,0.06843806519265305,-0.002085029672932781,-0.0780268626526619,0.011148556185288427,-0.006779008276825649,0.005004748517133817,0.006338949062722574,0.005826552274196416,-0.5354543248186586,0.11391102813874539,42.89108193334362,0.8512584428771398,0.8446605920064606,0.7933640670008972,0.754862885219032,0.5346523751924371,0.780028836489088,0.5686352636997755,0.7323335544822362,0.727992671348134,Medium
2017-10-17,10234.4501953125,11221.900390625,24645.3125,13728.0,25620.94921875,10942.7001953125,3868.14990234375,9740.5498046875,3037.800048828125,288.25,-484.92,809.03,0.00035193420634405115,0.032442798853051125,0.0004502851893262161,0.04502532802018755,-0.00232569815418715,0.00865998836296833,0.0012398803880095954,0.04285603431865592,0.0005213143589652969,-0.005452000657779177,-0.0017241474543857604,0.040734591491245364,0.0032940256864220085,0.09035680343431984,0.004952257245744107,0.0738891249152942,-0.0004277742707874399,-0.07460319431763007,0.00892540316421453,0.018911298052106895,0.004846763181593291,0.006199594345389729,0.005822362741849096,-0.5635295580452445,-0.14051993456566508,44.08076491085105,0.8440572060693163,0.8609636998970763,0.7923988919883448,0.7505429895364648,0.5333368994645852,0.7932841919618215,0.5733366776144122,0.7422672570322514,0.7124794038048228,Medium
2017-10-18,10210.849609375,11167.849609375,24313.466796875,14093.849609375,25684.05078125,10910.150390625,3853.699951171875,9622.599609375,2962.300048828125,287.95001220703125,-1251.16,904.27,-0.0023059945074831445,0.025989169127076384,-0.004816544379163679,0.03682499692421626,-0.013464860838141135,-0.0005981079717355398,0.026649884132794233,0.061675620077591864,0.002462889331743545,-0.005222902886443781,-0.0029745678951748067,0.0392598962302344,-0.0037356233694871843,0.07700908468022405,-0.01210919277428657,0.06472957702100013,-0.02485351201081365,-0.09771253975994787,-0.001040720877601875,0.0036598756810211075,0.00527907339431584,0.006204724183492744,0.005825361166671365,-0.5624960702386368,-0.5689928595384728,46.6640043143672,0.8454362422366438,0.8590352693826704,0.6565526776941394,0.7386713590613604,0.5561761304581909,0.7936129658679132,0.5900643749912826,0.7259034578700265,0.7080206905307791,Medium
2017-10-19,10146.5498046875,11107.7001953125,24009.470703125,13979.9501953125,25580.0,10890.7998046875,3819.89990234375,9593.5,2942.699951171875,287.25,-43.74,40.78,-0.006297204164917303,0.023229624739110166,-0.00538594413126825,0.03364947274656149,-0.01250319817777168,-0.01109600434598601,-0.008081497761033063,0.0517329883262565,-0.004051182663365571,0.004196599246432342,-0.0017736314573745249,0.04501680602186897,-0.008770804488254624,0.05964104575004048,-0.003024090220552167,0.07824848106677385,-0.006616513294797288,-0.09479063544226185,-0.0024310198901049684,0.0005224447694029966,0.0063852155773532464,0.0062903207851932735,0.005868692963369929,-0.5452512678943737,0.10618303713967957,42.81988656242944,0.8487861779515526,0.867083427044302,0.6734368738540168,0.741439950196833,0.5607270225855462,0.8162355473471264,0.5812901252819217,0.7163692475630626,0.7049404301037758,Medium
2017-10-23,10184.849609375,11109.9501953125,24088.62109375,14230.599609375,25419.19921875,10997.849609375,3843.199951171875,9542.2001953125,2980.35009765625,289.95001220703125,-81.51,307.84,0.00377466285828576,0.02567490193463584,0.0002025621830294977,0.02511122142220157,0.003296632050064252,-0.008887039531776164,0.01792920651080321,0.07483091041294454,-0.006286191604769398,0.004344230617264522,0.009829379532017901,0.05132415354611686,0.006099649054633227,0.05397105476599817,-0.005347350256684202,0.06631061187827325,0.012794422506236636,-0.08395570995658519,0.009399520302980857,0.0019005470703070682,0.005995617333757125,0.006313279757425799,0.005844174557925336,-0.5406258162956934,0.0850624712905684,43.00211537670827,0.8557100260701223,0.8680885296694257,0.6745659195269987,0.7280545446383015,0.5560079748797758,0.8214379119198266,0.5664470213303806,0.7135138352026459,0.7087737389248676,Medium
2017-10-24,10207.7001953125,11080.0,24221.869140625,14290.7998046875,25503.0,10884.7998046875,3858.300048828125,9490.0,3093.35009765625,291.6000061035156,-1306.76,592.28,0.0022435859942857572,0.027469138381252423,-0.0026957992417586674,0.02792466833658036,0.005531576355342738,-0.006099519102270801,0.004230334417731907,0.0865297309658597,0.003296751425126976,0.003705417288559998,-0.010279264465585358,0.04094517824239019,0.00392904294548746,0.05621486754571414,-0.005470456943267976,0.07349300472456854,0.03791500873969911,-0.03936213041708081,0.005690615026793688,0.0226197171491882,0.004749923020511645,0.006317815272643274,0.00584389284564025,-0.5397120643253943,-0.6000837639920227,47.1239578120474,0.8569800541933554,0.8678106534483341,0.6818131945651041,0.7326605693847742,0.4832662816559415,0.8216150560890886,0.567462050968473,0.6291880544217452,0.7175579048065686,Medium
2017-10-25,10295.349609375,11150.2998046875,25035.609375,14397.599609375,25638.19921875,10925.4501953125,3872.550048828125,9346.75,4009.800048828125,290.3999938964844,3582.5,-155.71,0.008586597606260904,0.028912488977615558,0.006344747715478327,0.028649166695495776,0.033595270028529356,0.01473926034937345,0.007473325926269592,0.08751822440367985,0.005301306463945332,0.0034343818869377873,0.0037346015870216576,0.04454803722094747,0.00369333639677083,0.053755115327380976,-0.01509483667017919,0.06159382955862713,0.29626454240218236,0.24570510748361696,-0.004115268113558446,0.01167046244897163,0.005071959777639167,0.006371125060030297,0.005902716360927394,-0.5289719563276466,2.133936299111639,30.848718729398406,0.8567291242402452,0.795712061660867,0.6815789000714442,0.7311883837188669,0.5046034740688427,0.8110632535464158,0.5118298412622011,0.37371991846911395,0.6880237893225459,Low
2017-10-26,10343.7998046875,11212.599609375,25021.908203125,14579.150390625,25644.19921875,10883.0498046875,3951.949951171875,9428.349609375,3988.449951171875,291.6499938964844,-375.63,-523.54,0.004706027201677676,0.024843828659553813,0.005587276196942215,0.022496941424063,-0.0005472673610525947,0.009582478402227812,0.012609795116943268,0.0894678606962851,0.00023402579677322954,-0.01038081009331182,-0.0038808826974646715,0.03637239998861719,0.02050326047245732,0.06491421543070297,0.008730265533474224,0.04804860092362073,-0.0053244793745986785,0.2231319538541776,0.004304407803966903,-0.004267668235055533,0.004878196248866794,0.0062447311527687125,0.005893341693882214,-0.5544360273882112,-0.0794061765129947,43.823204730419434,0.8503350701666591,0.7940024684499971,0.6791724110843975,0.7108154271664231,0.4641006761898186,0.8110012601583718,0.48594361881727777,0.3722346291900911,0.6714558711851635,Medium
2017-10-27,10323.0498046875,11317.900390625,24839.26171875,14387.0,25814.69921875,10862.0498046875,3945.300048828125,9650.099609375,3820.699951171875,290.1499938964844,-640.95,56.57,-0.002006032637116295,0.02418322747842483,0.009391290594373602,0.036817551358098166,-0.0072994626505819005,0.0003121034308253279,-0.013179807154507506,0.07248821574558395,0.006648677096352307,0.007114041910083246,-0.0019296061652639418,0.03395904987317144,-0.0016826889069732065,0.07467691425766931,0.023519492720073254,0.05574032577440913,-0.04205894571917901,0.16760637212067375,-0.005143151144835656,0.0032848604749471377,0.005055322710488862,0.006253649021653239,0.005901106742302744,-0.5526393802878536,-0.22777018316076217,44.73494853551033,0.8105568331551728,0.7992760911939447,0.6758737325426095,0.6940905737345368,0.4683226114229032,0.8140611154918852,0.46043987751956805,0.37962447472388283,0.6720444063976666,Medium
2017-10-30,10363.650390625,11426.5,24988.259765625,14531.849609375,25637.599609375,10854.2998046875,3944.050048828125,9754.849609375,3867.199951171875,295.95001220703125,-186.04,139.68,0.00393300300838062,0.02746721313221312,0.009595384799901296,0.043611288702164686,0.00599848934972691,0.0030627387509325477,0.010068089898866983,0.08733894273803733,-0.006860417310086908,0.00036481653546371895,-0.0007134933221034645,0.034131888345271255,-0.0003168326830734758,0.08044328137742829,0.010854810234107504,0.03986845707730291,0.012170544820128582,0.1737639264529598,0.01998972404809396,0.028675702641483447,0.004871970994623341,0.00627941663097494,0.005870910152694699,-0.5474480838951351,0.02661045254003647,43.270960278018165,0.8093744696882131,0.8027487690142756,0.6825349112167302,0.6623149113026232,0.46023919138567154,0.8110212548279035,0.49654469225587095,0.3796544124341737,0.6741140387966653,Medium
2017-10-31,10335.2998046875,11370.0,25019.05859375,14511.2001953125,25687.69921875,10837.900390625,3876.550048828125,9756.0,3784.25,304.5,-531.82,596.92,-0.002735579151063039,0.024778333470508285,-0.004944646217126869,0.03632608247702551,0.0012325319335508844,0.0070458377246653825,-0.0014209763118645524,0.08722560839982774,0.0019541458692833302,0.007125788514720011,-0.0015108679838949923,0.022467547878487704,-0.01711438728320802,0.0582125398295501,0.00011793012409899717,0.04476333261940457,-0.02144961528217304,0.1543506443986884,0.02888997276671046,0.0619006102877071,0.0039418555654050355,0.006312470430607837,0.005881389092646646,-0.5407888681076857,-0.16674589533673512,44.51100895472818,0.8125198848868568,0.7959750496943228,0.6844502040724336,0.654763510650495,0.501698300742555,0.8081567666134212,0.49524308422759417,0.3849217694083723,0.6087459831289168,Medium
2017-11-01,10440.5,11363.5,25490.15234375,14585.2998046875,26083.75,10817.2998046875,3946.39990234375,9711.5498046875,3921.949951171875,312.3999938964844,-627.3,1116.15,0.010178727013297362,0.02830666512516289,-0.0005716798592787509,0.023291660825972782,0.018829395528003,0.01770870308668271,0.005106373585758606,0.09030222972028401,0.01541791570655393,0.0197589132349556,-0.0019007912229309643,0.015756589951406275,0.018018560997746125,0.06955753163324063,-0.004556190581437081,0.03983061365691243,0.03638764647469772,0.1990613553284435,0.025944150727370774,0.08190474076704546,0.004879800126762793,0.006453884771043964,0.00595609284566393,-0.5122986909158704,-0.22013725427962982,45.17323923468734,0.767288815835086,0.8078433383053046,0.6806928050859545,0.6851702770941579,0.4421681618605756,0.8189528167033008,0.4625290991762365,0.40543677243240345,0.6356530635768116,Medium
2017-11-02,10423.7998046875,11282.849609375,25427.005859375,14549.599609375,25823.900390625,10845.849609375,3941.0,10004.5,3862.35009765625,312.5,,,-0.0015995589591015769,0.027223320438633403,-0.007097319542834546,0.010035101436788096,-0.002477289406647376,0.015404420438924094,-0.002447683338057005,0.08468203385516593,-0.009962126204054234,0.006842531983559885,0.0026392727578030684,0.017926109424570624,-0.0013683109865634258,0.0758353495662325,0.030165133393137866,0.07645293871338721,-0.015196484977534341,0.1902282058950211,0.00032012197653497054,0.07277725058505125,0.005254170106276636,0.0064651636916800365,0.005960465536621892,-0.5100263722354375,,,0.7784626578250655,0.8086771063051746,0.6831840041112281,0.6836762199484718,0.4341367844108491,0.8210423649112366,0.3978520010147083,0.4073521832088935,0.6402440579611516,
2017-11-03,10452.5,11313.650390625,25650.400390625,14515.099609375,25790.5,10839.0498046875,3938.39990234375,9897.2001953125,3975.39990234375,314.6499938964844,,,0.0027533333189682097,0.03070160656160148,0.002729876078859217,0.018931070218267676,0.008785719108474366,0.027464338989718007,-0.0023711992718872255,0.08238442247960198,-0.0012933906234058323,0.0035779923752388143,-0.00062694993314516,0.017622198331307404,-0.0006597558122938274,0.07590385319402326,-0.010725154149382798,0.06194848738296521,0.029269693795003437,0.2129551820989115,0.0068799804687500465,0.08593613079028262,0.004649962404754332,0.006466769647431302,0.005921593395841083,-0.5097028268030954,,,0.783205716933886,0.8063154606913929,0.6747336558945898,0.683775629119284,0.4297948249982769,0.816854187748056,0.3832157919579485,0.4102174257019034,0.6401117890878796,
2017-11-06,10451.7998046875,11463.2001953125,25570.853515625,14412.7998046875,25821.900390625,10929.900390625,3951.75,9894.099609375,4011.800048828125,316.04998779296875,,,-6.698831021290097e-05,0.03259263590146144,0.0132185280191639,0.03721530145497809,-0.003101194281126096,0.03112600483828243,-0.007047819680233269,0.08092216890947146,0.001217517714856342,0.013032761549051086,0.008381785080294524,0.02591089525114798,0.0033897262815554274,0.0860036129967241,-0.0003132790967458332,0.02745134706248864,0.009156348387218793,0.23687376254913683,0.004449368897635919,0.10758710717642739,0.004566280379060914,0.006446800696433315,0.005866727178226801,-0.5137258908750472,,,0.7341748366118299,0.8049004427935637,0.6679230523715415,0.6819331230257917,0.40317556853296815,0.8146413904895844,0.463702801514776,0.40701910578291534,0.6372115390613274,
2017-11-07,10350.150390625,11331.75,25300.505859375,14132.0498046875,25760.94921875,11172.099609375,3885.550048828125,9469.75,3854.35009765625,308.95001220703125,182.05,335.75,-0.009725541625559164,0.03871281611314337,-0.011467146440158338,0.0370365471509877,-0.010572492470179218,0.038243507541173116,-0.019479213185816358,0.08318958764492423,-0.0023604448531266975,0.021435056125234997,0.02215932534552123,0.05078959188116028,-0.01675205951081804,0.11276418881205563,-0.042889158804598426,0.00045426309354290595,-0.03924670952079656,0.22251650531688072,-0.02246472349364048,0.13189228206626402,0.006194325279335325,0.00599967319527914,0.005967049890307167,-0.6038068663682632,0.23244230542325944,41.35966377104129,0.7329112034630898,0.7907632929579744,0.6419935936264519,0.6376614440917876,0.08863622849829456,0.7745400907871762,0.5011083889643707,0.4264054267778702,0.5700272996233142,Medium
2017-11-08,10303.150390625,11254.099609375,25184.056640625,13932.0,25741.349609375,11245.900390625,3832.0,9494.9501953125,3777.35009765625,306.54998779296875,-1943.86,2016.84,-0.004540996818999998,0.04361067989034528,-0.006852462384450808,0.041231574000847315,-0.004602643891677416,0.042180708905866116,-0.014155752877487382,0.06881472957422319,-0.0007608263658520631,0.03044952360877362,0.006605811246801929,0.0640306907355852,-0.013781845081181077,0.11069241225875892,0.002661125722696056,0.021286364468567243,-0.019977427594556674,0.2083847011818516,-0.007768326004966131,0.15941752976358448,0.0062147589991579655,0.005774205995906039,0.005995193921003217,-0.6492308342718816,-0.9563430306710994,47.94728817276402,0.7154000408161271,0.7895746787233054,0.675818600041895,0.6013147742960538,-0.01201036857568572,0.770213521442852,0.4489466418843216,0.440956710310876,0.5185256322055557,Medium
2017-11-09,10308.9501953125,11242.5,25291.0546875,14010.7001953125,25726.150390625,11248.4501953125,3849.75,9435.849609375,3835.75,306.25,-392.52,877.37,0.0005629156585715833,0.044314460346705165,-0.0010307007914998056,0.039432322485207116,0.004248642242266731,0.04513374325585495,0.005648879939168738,0.07576837775861889,-0.0005904592797444375,0.034337703477517634,0.0002267319288746794,0.06635542449755882,0.00463204592901878,0.08963924846661064,-0.006224422953442832,0.014836598904532483,0.015460547959265325,0.22846211887234302,-0.0009785933939470137,0.12799263351749546,0.006170155229410792,0.005769269076872884,0.005994613879598157,-0.6502254554510521,-0.08885087752415402,42.7303997997323,0.7156986452598971,0.7876754488372282,0.6722285201683296,0.6015192239034867,-0.01660802750514815,0.8250851264355551,0.4497084160209833,0.43923843295089815,0.5577197437578734,Medium
2017-11-10,10321.75,11185.5,25498.65234375,13862.849609375,25920.55078125,11222.5498046875,3865.699951171875,9311.5,4001.449951171875,306.29998779296875,-107.95,233.8,0.0012416205767800115,0.060190534884318136,-0.005070046697798536,0.050671395044101564,0.008208343179638256,0.07080181835957866,-0.010552690720408542,0.08226994357550699,0.007556528577856714,0.055564653734914815,-0.002302574148018488,0.0643339083865806,0.0041431134935709935,0.11172782855615448,-0.01317842213714937,0.03043781559601544,0.04319884016734021,0.32200670233274953,0.00016322544642854986,0.16220831713178518,0.004256840590028046,0.00500459397846962,0.005917850350849952,-0.8042814654744335,0.07027751600726155,39.926957318263234,0.6304262072210113,0.7529623033575155,0.6165428953226033,0.5035454248724467,-0.06007595477429245,0.8179968326403828,0.3248567227231141,0.4316496674712619,0.4282748517464518,Low
2017-11-13,10224.9501953125,11134.0498046875,25358.005859375,13737.099609375,25664.400390625,11236.2001953125,3792.5,9238.849609375,3975.10009765625,302.04998779296875,-233.56,-268.77,-0.009378235734008311,0.04667850596871759,-0.004599722436413267,0.04215782036987381,-0.00551583991494653,0.056237171565640454,-0.009071006578254992,0.07979510990669803,-0.00988213532909532,0.038008626417477265,0.0012163359363572823,0.06788695750474316,-0.018935756032923523,0.08309175853969242,-0.007802222050690033,0.01397125707659641,-0.006585076369106657,0.30665313308055775,-0.013875286220620509,0.13360845920425923,0.005167070645740213,0.005405592096810107,0.006013722254061739,-0.723493990810468,3.779463297363906e-05,41.317845342476545,0.6375962764811347,0.7441384742332745,0.6501964634033834,0.5591128321708403,-0.03798703230620503,0.8399065976070013,0.3393933189408056,0.421113543155641,0.4818314555534777,Medium
2017-11-14,10186.599609375,11156.7001953125,25284.306640625,13737.599609375,25579.5,11168.75,3772.75,9208.4501953125,3949.199951171875,303.5,2576.98,-1.3,-0.0037506868204679744,0.040659544355948096,0.0020343353067688863,0.031952844982078954,-0.0029063491490105564,0.05120360198337104,3.639778513786496e-05,0.07554808040923633,-0.0033080995204552988,0.044880035933771545,-0.00600293641445071,0.06619353209981993,-0.005207646671061328,0.06265666228557243,-0.003290389534174487,0.0039084433491305415,-0.006515596047416805,0.2981821190612661,0.004800570321575881,0.10968921389396713,0.004565118165933532,0.005489829527801484,0.006028719875821267,-0.706523015110789,1.5716606472027623,32.09175993545396,0.6468401951332441,0.7456109927427376,0.6467064813603131,0.6029179778065131,0.009439723943191694,0.8514463226320459,0.3421685028524435,0.4243552879723343,0.49331959254915003,Low
2017-11-15,10118.0498046875,11103.599609375,25218.607421875,13676.0,25273.75,11122.900390625,3660.949951171875,9025.2001953125,3904.550048828125,298.04998779296875,-381.42,869.09,-0.00672940994209803,0.0262234195129063,-0.004759524322416664,0.018328520864381526,-0.0025984188407380815,0.04627974625303799,-0.00448401548498778,0.0564492767617466,-0.011952931058073824,0.021262678614187402,-0.004105169278119769,0.05469328022819453,-0.029633569366675494,0.01874161055359247,-0.01990019993736647,-0.020591538313090685,-0.011306062720501275,0.2914647403405235,-0.01795720661295308,0.08678208857964909,0.004380640650730367,0.005564290895553014,0.006068412560526603,-0.691521583469249,-0.08264388041202446,42.197604280841155,0.6425056266483979,0.7527230003129793,0.6359367203913537,0.6166929045773686,0.02735855807826242,0.8497076731681124,0.38184619638781414,0.44680631860462244,0.5453854966895134,Medium
2017-11-16,10214.75,11156.400390625,25446.3046875,13877.2001953125,25544.30078125,11317.25,3697.85009765625,9082.650390625,4030.449951171875,302.0,-447.42,847.45,0.009557197007243445,0.030242321915661563,0.004755285052373326,0.01952901856929623,0.009028938902768013,0.0552930790522852,0.014711918346921538,0.05443042107457985,0.010704813541718261,0.01748033101005997,0.017472925455559007,0.07375820523411614,0.010079391135233484,0.030587218029867413,0.0063655314086372705,-0.030904838737407125,0.03224440736302925,0.3256097011622987,0.013252851430327839,0.09598988705782174,0.006282785689144084,0.005724152770201824,0.006140657268657127,-0.6593148559130892,-0.1195503497273895,42.805523827407264,0.6428290008914802,0.7675634980410869,0.6456008897439611,0.6415257467757122,0.15099476399807757,0.8605618055329504,0.3705505687789733,0.4551404797230594,0.5622550262142513,Medium
2017-11-17,10283.599609375,11252.099609375,25728.1015625,13962.2001953125,25749.0,11150.0,3767.85009765625,9161.7998046875,4068.85009765625,313.04998779296875,1276.62,1466.94,0.006740214824151325,0.039934410616442095,0.008577965598152826,0.02930920244225943,0.01107417672077271,0.06942995859819523,0.006125154844181857,0.060578667813792064,0.008013498607887248,0.02953169872689676,-0.014778325123152691,0.059417613523014445,0.01892991823664425,0.047090429054906346,0.008714352161368843,-0.02473353909358067,0.009527508578343724,0.3388338544012228,0.036589363552876675,0.12587664641819862,0.006897973415492935,0.005773847779993301,0.006078052997297412,-0.649303002588018,0.8445137314614276,37.14128158017522,0.6556454645854266,0.7728996061477583,0.6479967419182832,0.6487699568477036,0.051042762546439184,0.8740018891295392,0.3929542223154655,0.4461782511191452,0.5904116079857945,Low
2017-11-20,10298.75,11284.9501953125,25768.30078125,14098.849609375,25855.349609375,11100.099609375,3817.25,9143.349609375,4031.300048828125,319.70001220703125,-358.74,613.0,0.0014732575363192169,0.03196987869809553,0.0029195072100258734,0.025252130036567566,0.0015624634663520265,0.06525838715053278,0.009787097459637906,0.05175660029587448,0.004130242315235622,0.028839343719026633,-0.004475371356502222,0.0417395971323824,0.013110899070660764,0.028492523238582868,-0.002013817776618576,-0.03528267686159692,-0.009228663609346155,0.2996228684820339,0.021242691817194403,0.1481414910814587,0.006924404664952364,0.005579259245863839,0.006077947965332946,-0.6885059702626294,-0.06996147550183539,42.157697209859464,0.6421157569606962,0.7847440993572896,0.6166011369136022,0.6446059649018202,-0.01951582116768912,0.8601161658284846,0.3745361080023364,0.45194199435655724,0.609052671349719,Medium
2017-11-21,10326.900390625,11325.900390625,25757.201171875,14231.150390625,25703.0,11119.4501953125,3822.39990234375,9346.5498046875,3994.5,316.04998779296875,-727.01,825.5,0.0027333793542905216,0.033853123826805165,0.00362874400008506,0.02908471820477465,-0.00043074665532760736,0.062081711844465204,0.00938379973654202,0.0717963231468528,-0.005892382492471038,0.01647728505938728,0.001743280386525159,0.04112750622341199,0.0013491131950356117,0.028121038218676064,0.022223824308779783,-0.016742626777086933,-0.009128580949667287,0.288257510530912,-0.011417029323410932,0.10914186437494067,0.0069959120449513135,0.005587438873927849,0.006076502375963238,-0.686858053564874,-0.2758939823922821,43.41306725157521,0.64356178581575,0.7801671385015946,0.6289285390561716,0.6306008566277038,-0.018843873982214755,0.8592262240377602,0.3739569355444001,0.44714695467635546,0.6052029146098363,Medium
2017-11-22,10342.2998046875,11354.5498046875,25766.3515625,14222.5498046875,25796.650390625,11117.5,3797.25,9278.0,4044.85009765625,316.8999938964844,-441.46,837.22,0.00149119420929833,0.03247990686099733,0.002529548475122878,0.029438315735195175,0.00035525562594873605,0.0582895580522278,-0.0006043493112942722,0.06295493319076795,0.003643558752869369,0.023479639451206236,-0.00017538594788812922,0.036480747847546624,-0.006579610450578199,0.02034097356710607,-0.007334236281833162,-0.026473438386839132,0.012604856091187777,0.30302498591602256,0.002689467287916525,0.12176988989905979,0.005613168668993806,0.005578768289873212,0.006029827123652853,-0.6886048811872445,-0.11621758371042622,42.434046928015626,0.6429101579872452,0.7790276010144469,0.6258819634417734,0.6405941153284506,-0.023749069509636143,0.8540028023548285,0.3699506372727703,0.4497508470622966,0.6231502269209943,Medium
2017-11-23,10348.75,11326.75,25735.951171875,14340.75,25785.650390625,,3787.39990234375,9293.2001953125,4030.199951171875,317.1000061035156,73.22,222.21,0.0006236712756650942,0.03645042488900363,-0.002448340547682726,0.03343432222134801,-0.0011798484760738859,0.0675641834059515,0.008310759809998514,0.07100846461851318,-0.0004264119501343755,0.023747906327543422,0.0,0.030805961846039676,-0.002594008204950926,0.03242512580384993,0.0016383051640977975,-0.015670780486603975,-0.0036219256908590625,0.3302526962122241,0.0006311524483544328,0.14455881636953927,0.005135528141857776,0.005520703144695413,0.00602878935416934,-0.7003030319524504,0.17158577427793856,40.56684897090297,0.6315032518044338,0.7736982564430008,0.6233780126653337,0.6419687276294381,-0.007351332563578716,0.8514156537334568,0.35891785524307485,0.44133140944257887,0.6146801298375396,Medium
2017-11-24,10389.7001953125,11371.9501953125,25779.3515625,14412.9501953125,25971.19921875,11306.400390625,3765.89990234375,9364.2998046875,4007.300048828125,317.79998779296875,-416.28,427.63,0.003957018510689636,0.029049937932319247,0.0039905705796012825,0.027067686812752623,0.001686372123383073,0.058223664826264176,0.0050346178067743885,0.05564244376338956,0.007195817259372239,0.01953393383759816,0.016991265178772252,0.03906707779105334,-0.005676717683468113,0.006534886605717327,0.007650713196823533,-0.022219650350006837,-0.005682075981637391,0.32330555562721863,0.0022074477325131348,0.12815042251189657,0.003260516602618504,0.005220372010885466,0.006034070764417386,-0.760809534985139,-0.10213720647768543,41.483108819044446,0.6000627162068055,0.7690668159997532,0.5814773525514085,0.607320097571286,-0.0351721648931961,0.818477245561973,0.3250074129290987,0.4739935121023358,0.5939189915917544,Medium
2017-11-27,10399.5498046875,11402.7001953125,25891.6484375,14454.4501953125,25906.80078125,11314.25,3739.75,9368.7001953125,4029.300048828125,320.54998779296875,-424.77,69.4,0.000948016707878141,0.022827710479664365,0.002704021691255276,0.02928250691389822,0.004356078341526404,0.04871772112584294,0.002879354985455773,0.05675088746442092,-0.00247960969986738,0.018555296340381888,0.0006942624623049731,0.03570511320864189,-0.006943865482849199,-0.011837615634650467,0.00046991133526042006,-0.018532037933872925,0.005489980718172971,0.32305574329916964,0.008653241364475761,0.13448947670046807,0.002165133517961755,0.005093092593663886,0.005948725522125914,-0.7864520061682626,-0.10688472048507103,41.20388424889128,0.6170963493443782,0.756003081034754,0.5961519532889967,0.6350618503117941,-0.05069843710113697,0.8067619046133814,0.34136181982026814,0.4894600697310731,0.6115913796762115,Medium
2017-11-28,10370.25,11406.400390625,25846.099609375,14319.25,25936.44921875,11270.599609375,3735.85009765625,9318.5,3984.85009765625,319.1499938964844,12.24,-428.15,-0.0028174108723719726,0.013625495041708069,0.0003245016749646723,0.01689875391496498,-0.001759209276881335,0.046283725687006116,-0.009353534273918274,0.04436219094157967,0.0011444268148099734,0.012841875630334565,-0.003858001248425613,0.028189316432952527,-0.0010428243448760144,-0.03102098458813407,-0.005358288158011204,-0.0385914761569347,-0.01103168059792492,0.3111940935178019,-0.004367474496329016,0.11708078495010255,0.0021074113527029667,0.005025544155338043,0.00591616143325268,-0.8000607177812331,0.13748643338625738,39.57435278630766,0.5918459168231176,0.7774038706103819,0.6147346366283456,0.6137728930629353,-0.047792701137656775,0.792661051659759,0.3156650967947168,0.5124992263296939,0.6128583105344922,Low
2017-11-29,10361.2998046875,11427.9501953125,25795.3984375,14343.4501953125,25972.849609375,11232.9501953125,3721.89990234375,9351.849609375,3947.800048828125,322.0,-859.27,771.07,-0.0008630645657047298,0.012394374583316603,0.0018892730352699783,0.018361400254420124,-0.001961656599690942,0.04666550434286432,0.0016900462882134537,0.04483174499653986,0.0014034454106650607,0.013734869368831726,-0.003340497876544446,0.02652453186319903,-0.003734142149132813,-0.037808772589548734,0.0035788602645274725,-0.03990536500572517,-0.00929772712150867,0.29955888648795215,0.008929989528497329,0.11708586296617529,0.002238116100897217,0.0050313659692660375,0.005908310106079846,-0.7988878203942014,-0.34985231014455753,42.51246001613693,0.5886423277445597,0.7800737658907968,0.6138516501823177,0.6114897777216359,-0.042896138813385255,0.7953877372144572,0.31287795063802853,0.5141097717589003,0.6089204567129418,Medium
2017-11-30,10226.5498046875,11292.900390625,25332.10546875,14124.650390625,25820.05078125,11115.349609375,3678.35009765625,9238.75,3856.64990234375,325.6000061035156,-1500.76,1202.57,-0.013005125084696312,0.0015375993098640794,-0.011817500284775018,0.011197391227853348,-0.01796029512288866,0.041896068560898225,-0.015254335721750167,0.002185405840396726,-0.005883021325078119,0.005295114900617071,-0.01046925196789128,0.01880810175873715,-0.011700960753962208,-0.0455016881795125,-0.012093822516309527,-0.03989042721896352,-0.023088845776632505,0.3019106230881057,0.011180143178620039,0.1307518399041243,0.005532310909511202,0.005580676185028131,0.0060649065655497695,-0.6882205052402264,-0.7085664162220351,45.99275243444949,0.650574277725264,0.8247688130586108,0.7737267714307264,0.6282147502379961,0.06964619987535188,0.778047963354809,0.33413011243164975,0.5012356202524325,0.497416499729407,Medium
2017-12-01,10121.7998046875,11188.2001953125,25191.65625,13941.099609375,25666.80078125,10948.5,3617.89990234375,9083.849609375,3766.699951171875,319.1499938964844,-12.77,-110.08,-0.010242946252702612,-0.0024392527978885914,-0.009271329037792486,0.007247224770611904,-0.005544316832379326,0.049238301064301604,-0.012995067217509981,-0.0027790217700865982,-0.005935309783018927,0.0033933065383111582,-0.015010738774628773,0.00529806775877617,-0.016434051601291966,-0.05288096682220922,-0.01676637971857664,-0.053124552105592304,-0.023323338506098468,0.2800149569010111,-0.019809619429124514,0.1110530683950719,0.00624843616868447,0.005778801199371285,0.006144795828385248,-0.6483050571508798,0.12350111827145009,41.479332604560746,0.6708695432346216,0.8094511655587422,0.7833090096680582,0.6350435062454477,0.16439006578221194,0.789645674361412,0.3784886965611121,0.5062142475681708,0.5443436544686834,Medium
2017-12-04,10127.75,11160.099609375,25074.80859375,13901.5498046875,25758.0,11081.650390625,3630.75,9052.0,3780.5,317.95001220703125,-580.7,701.12,0.0005878594150563465,-0.005606328180088216,-0.0025116270219470715,0.0045139188908027705,-0.004638347518337582,0.040939973116845385,-0.002836921462127995,-0.02312269431505365,0.003553197748611625,0.013328538729107109,0.012161518986619102,0.007619742424788578,0.0035518112725909656,-0.055279442618408225,-0.003506179730466852,-0.05137182046896327,0.003663697402770616,0.2684751375259533,-0.003759930165758818,0.0965683697919879,0.006244933875153981,0.005734905003316482,0.006144804549691193,-0.6571486468447616,-0.19407905018726607,43.27869053898646,0.6720437729923435,0.8027255806250535,0.7929803061673145,0.6752196058682344,0.1435894330286132,0.7852077187511819,0.38727368478282587,0.5082890319222394,0.5355702454897714,Medium
2017-12-05,10118.25,11100.5498046875,25124.556640625,13942.0498046875,25695.650390625,11025.400390625,3601.14990234375,9043.150390625,3832.300048828125,316.20001220703125,841.8,-710.83,-0.0009380168349337747,-0.008763011608978966,-0.0053359563777974905,0.0018546755133121984,0.001983985109557329,0.037267458376530005,0.0029133442363631357,-0.0244038125763687,-0.0024205920248078217,0.007554028570168292,-0.005075958726110663,0.012917149461669553,-0.0081526124509399,-0.06664856108391015,-0.000977641336168844,-0.047086365582191814,0.01370190420000661,0.23888338786216212,-0.005504009853160463,0.08436215908302414,0.005564987490286856,0.0057180978131975676,0.0061185276472164605,-0.6605347236960034,0.6013672013446546,38.46538010758003,0.6780109012444269,0.8008068489778303,0.7873416865610241,0.6724628008996076,0.1684094492519898,0.7819810163428753,0.39285419876225053,0.5041344264757338,0.5338459248815006,Low
2017-12-06,10044.099609375,11020.75,24851.51171875,13965.0498046875,25622.150390625,11074.900390625,3530.75,8938.2001953125,3751.75,315.1499938964844,-169.25,-63.11,-0.007328380957675518,-0.024404222249160945,-0.007188815517390146,-0.011618504161927445,-0.010867651349258156,-0.007353432205002952,0.0016496856862660003,-0.030043188894199102,-0.002860406289883821,-0.0006259732982051291,0.004489632870121385,0.013679088059604272,-0.019549284048945403,-0.08826226763203682,-0.011605490429673848,-0.04371035971728143,-0.021018721864629608,-0.06435484205840658,-0.0033207408918737302,0.08522727451854695,0.005268959835604582,0.005604498968716625,0.006168782963862623,-0.6834210250291369,0.03599923465829372,41.58295229170059,0.6785604835584967,0.8525305578107625,0.7504100925420638,0.6651420447553131,0.13019356376046298,0.8033222725523219,0.48935781764911845,0.6945352157184379,0.5910170837692923,Medium
2017-12-07,10166.7001953125,11235.650390625,25056.958984375,14156.7998046875,25848.69921875,11163.5,3594.89990234375,8960.400390625,3798.550048828125,321.04998779296875,361.25,-330.58,0.012206229598028528,-0.017121329948279085,0.01949961578159387,0.002055792773580034,0.008266992686404517,0.0014008036863319973,0.013730706490974187,-0.028969492365555793,0.008841913136529378,0.007974512998264238,0.008000036682045408,0.02576944885354715,0.018168916616511988,-0.0903478164550765,0.0024837433518374308,-0.04963214540588301,0.012474191731358664,-0.047612457137127695,0.018721224847690454,0.10080574151124222,0.008405667137981278,0.00601146231665216,0.006300034636742755,-0.6014317596017407,0.3326489615037657,40.78692511575652,0.7303924918283299,0.8623256094072504,0.7681979145016308,0.699117088163243,0.20032159836247782,0.8291108840417216,0.4583072896637711,0.698176770840761,0.6175955746881089,Medium
2017-12-08,10265.650390625,11357.150390625,25320.85546875,14173.9501953125,26459.55078125,11173.400390625,3643.5,9098.4501953125,3767.10009765625,323.3999938964844,,,0.009732773998600175,-0.005560315521914494,0.010813793218537704,0.003467957717008474,0.010531864003910485,0.01938840837755129,0.001211459571486051,-0.014808494104921133,0.023631810534469944,0.024980014565950226,0.0008868536413311201,0.028664072761214632,0.013519179664658987,-0.07649609537752877,0.015406655804347524,-0.05716515231890218,-0.008279462102013802,-0.01402880472181156,0.0073197514183711565,0.1145959010837081,0.009670928930849568,0.006289572298737734,0.006348195602319233,-0.5454020624437682,,,0.7836070743636026,0.8784360304916222,0.7578609714632771,0.7368323883696152,0.18852703168827892,0.8425218765590091,0.5404400130891426,0.6751187352168687,0.6025751464331313,
2017-12-11,10322.25,11424.599609375,25404.5546875,14135.0,26709.650390625,11324.0,3649.75,9186.099609375,3809.14990234375,322.8500061035156,,,0.0055134947345070184,-0.003994769127145692,0.005938920981946039,-0.00016631432415870062,0.0033055446666601096,0.01665962038891866,-0.0027480127117549547,-0.027308953783761858,0.00945214873232958,0.04181556766562422,0.013478404434639213,0.043273191616621576,0.0017153835597638611,-0.0746187409349861,0.009633444397778579,-0.058304333001033326,0.011162380504213809,-0.015010873386708146,-0.0017006425582827278,0.09089370767677662,0.008376444651232013,0.006331575795291472,0.006362047884804122,-0.5369397872897692,,,0.7884943558292148,0.8735152825487291,0.736945905060052,0.7869130405134642,0.2287806140144509,0.8423239290398834,0.5438141731615517,0.6752897663026293,0.5741546407863285,
2017-12-12,10240.150390625,11331.099609375,25125.15625,14057.0498046875,26353.75,11272.4501953125,3619.300048828125,9119.099609375,3798.89990234375,317.79998779296875,843.2,-853.67,-0.007953654423696332,-0.009206255828142051,-0.008184094252482566,-0.00342131843667548,-0.010997966346462884,0.004240673399138473,-0.00551469369030777,-0.03129654229232548,-0.013324786562909141,0.025928783094899988,-0.004552261099214028,0.040095386470186956,-0.008343023815843509,-0.06636055171731015,-0.007293628726997681,-0.06528294286849123,-0.002690889112474504,0.0038712829077756084,-0.015641995400575204,0.04367812083076772,0.007877698999970548,0.006476099939210016,0.00641005871598868,-0.507823090524532,0.6021500658452836,40.29322251863391,0.7972339408684747,0.8839740622741552,0.7381364398034993,0.8011560890854936,0.2456334623230769,0.8451517736869443,0.5489261545463955,0.6648486913912701,0.6630210336385282,Medium
2017-12-13,10192.9501953125,11264.650390625,25000.05859375,14085.25,26159.69921875,11251.7001953125,3563.300048828125,9002.7998046875,3729.35009765625,311.0,-578.65,-116.48,-0.004609326378225087,-0.02371053155380487,-0.00586432217884858,-0.008698870011440096,-0.004978980230222474,-0.019226787795960987,0.002006124734871273,-0.03428450641287406,-0.00736330811554331,0.002911744620692991,-0.001840771051588086,0.040157932059603274,-0.015472604991158989,-0.09707578121723137,-0.012753430675100486,-0.07298011277848837,-0.018307880300976298,-0.04910818748670576,-0.021397067508380774,-0.004481414608952461,0.00823551835618443,0.006209250753826336,0.006388180101655128,-0.5615841203580411,-0.19293271288277364,44.41858683300015,0.8435956612389842,0.8800193825834893,0.7240103664746953,0.7819032263950346,0.2861775245160543,0.8297745740404263,0.5943422234548776,0.6314637548931362,0.6261869968292285,Medium
2017-12-14,10252.099609375,11296.2001953125,25167.90625,14196.5,26383.30078125,11275.400390625,3570.949951171875,9070.849609375,3742.300048828125,312.0,232.17,-374.21,0.005802972930222028,-0.016471939074970354,0.0028007797484559394,0.001183263661194811,0.006713890514319143,-0.010189937848284591,0.007898333362915011,-0.02426868222184486,0.008547558617942208,0.021662118508948502,0.0021063656959481314,0.03960508366985849,0.00214685887770405,-0.09389750033700206,0.00755873796638995,-0.09332304369283817,0.003472441801592563,-0.031082125077416922,0.003215434083601254,-0.0016000000000000458,0.008371474604112148,0.0063216642636131845,0.00639318106122303,-0.5389366236281903,0.26046885454577606,41.969947389187055,0.8484649925739344,0.8843903656640004,0.7336382556996842,0.8073665594827673,0.2849471364232639,0.8295625424186942,0.6909451437698299,0.631163951864879,0.6231130483945114,Medium
2017-12-15,10333.25,11448.400390625,25440.005859375,14203.75,26430.80078125,11288.2998046875,3665.89990234375,9100.2998046875,3734.949951171875,317.25,-921.03,635.44,0.007915489872025061,-0.011408753886629985,0.01347357453665321,0.011910391018592925,0.010811372494483829,-0.008202387800811728,0.0005106892543937924,-0.02145004979324472,0.0018003812484963522,0.024827001463717302,0.0011440315745439023,0.04144736006339933,0.026589549691312664,-0.06919053594274027,0.003246685435293939,-0.08051776006333866,-0.0019640588836674633,-0.060484468752468046,0.016826923076923128,0.008263169089305578,0.007505963069595174,0.006482444155446561,0.006443125384856364,-0.5065449468499589,-0.3843878184008749,46.22778754820574,0.8566680750690774,0.8977609730443177,0.725166957377402,0.7984968985869311,0.2808462427073444,0.8319863230755796,0.709174419827783,0.6169529269566638,0.6403848767687929,Medium
2017-12-18,10388.75,11589.0498046875,25594.25390625,14221.5498046875,26453.55078125,11315.2001953125,3726.89990234375,9230.4501953125,3822.699951171875,315.6499938964844,-431.77,1076.81,0.005371011056540809,-0.006032435165781003,0.012285507954253205,0.010978575548777458,0.006063207993254327,0.0009151196541288265,0.0012531764278800317,-0.013269455108770756,0.0008607382041991851,0.02446180881614457,0.0023830329713452336,0.03525190449292537,0.016639843319508074,-0.05689886699721647,0.014301769548071386,-0.06707527114783329,0.023494290726028932,-0.04713597271915071,-0.005043360452373968,-0.0012656032650961713,0.006671923477492282,0.006566466375368297,0.006405482294048816,-0.4896173288570641,-0.1107990429882158,44.78938631164453,0.895719820389084,0.9034237139837635,0.7292748897210436,0.7883367575721021,0.2831145511597566,0.8365304481893415,0.7179713361142308,0.6330503349956402,0.6198858720002348,Medium
2017-12-19,10463.2001953125,11991.900390625,25715.900390625,14312.75,26694.0,11240.650390625,3781.300048828125,9299.650390625,3829.050048828125,320.75,-407.83,357.4,0.007166424768379365,0.010922527733500331,0.03476131285366946,0.058256702682727646,0.0047528826126592705,0.016418427898589938,0.006412816926776754,0.01278655239755544,0.009089487484622572,0.0362195807820187,-0.006588465374071206,0.006135890624576534,0.014596621296473211,-0.026830178144646832,0.007496946936308868,-0.017962418160458293,0.0016611551357315069,-0.006564024592241702,0.01615715571719023,0.038193841484820634,0.0063079575474877725,0.006442865108501802,0.006393076725027062,-0.5145187779130729,-0.09741206002746067,44.410247025207894,0.7911954467734814,0.8944111906772411,0.7105928713411162,0.8074844778399893,0.4267669800857033,0.8356148803886252,0.7311130285849163,0.5856683455396705,0.6021754707074479,Medium
2017-12-20,10444.2001953125,11954.099609375,25591.40234375,14263.2001953125,26729.75,11304.2001953125,3806.39990234375,9285.4501953125,3784.89990234375,330.20001220703125,-1505.04,146.17,-0.001815888030940238,0.013689968537763386,-0.0031521927316501275,0.062199556099261644,-0.004841286713040294,0.01617474535329233,-0.0034619346168626164,0.02377262383810641,0.001339252266426838,0.03839738030926809,0.00565357007638112,0.005184093995364014,0.006637889929788532,-0.006680610035555867,-0.0015269601238789843,-0.022064360074624423,-0.011530313242546164,0.00199870398356361,0.029462236031274402,0.07714899806172815,0.006379483514758317,0.006390053495669295,0.006318293708638725,-0.5251585206912338,-0.7109597448382436,47.963856220734655,0.7871724693082109,0.8906276359905958,0.7133034630690389,0.8080598889572146,0.4449941763224952,0.8193934960916228,0.7483379828404527,0.5761708796085515,0.528987828520274,Medium
2017-12-21,10440.2998046875,11876.849609375,25554.00390625,14251.400390625,26667.900390625,11374.2998046875,3839.85009765625,9321.599609375,3789.699951171875,332.70001220703125,-383.99,1574.3,-0.00037345038892977467,0.012741317678954811,-0.0064622181949544055,0.056424248109850916,-0.001461367259115165,0.010396925790523204,-0.0008272901260530929,0.0171797406237435,-0.0023138865636603834,0.03660672062086623,0.0062012002763423,0.011188173231850618,0.0087878825585046,-0.0025715701912462086,0.0038931245445426033,-0.012108077675007323,0.0012682102438568155,-0.012005487539105797,0.007571168708596421,0.08636738679846934,0.004952007362095835,0.006391886171625939,0.006192065555819623,-0.5247892988529185,-0.08408099595960762,44.20701438952263,0.7818675753252357,0.8946057314553543,0.7185401744472538,0.8078891818992154,0.43733030773461495,0.8113950082128883,0.7481376621344829,0.5848886239160346,0.5269882292585596,Medium
2017-12-22,10493.0,11931.2001953125,25648.251953125,14359.150390625,26710.30078125,11501.900390625,3839.300048828125,9326.599609375,3819.60009765625,333.25,107.87,371.53,0.0050477664720738336,0.016591178821420804,0.004576178677432985,0.06666668412788868,0.003688190986460116,0.005866961412635874,0.007560660499783767,0.03580077655277791,0.0015899410903719158,0.030468102574860323,0.011218324479623343,0.02489189986225937,-0.0001432474742857348,-0.006829268354298201,0.0005363886252924832,0.0016216086962357323,0.007889845335942614,-0.045445989762378014,0.0016531042163789866,0.08798567835806459,0.0037496608022902604,0.0064458535532389335,0.006153381144018292,-0.5139167079969226,0.19096167066850522,42.6872294800259,0.7912181065169509,0.9109161687400894,0.7611891606556365,0.8086659664705766,0.4547976988451519,0.8046261513464514,0.7717360027300464,0.681358374021207,0.5214789356636171,Medium
2017-12-26,10531.5,11959.150390625,25674.951171875,14442.75,26725.0,11507.400390625,3885.800048828125,9416.0,3792.449951171875,337.04998779296875,-44.07,544.5,0.003669112741827796,0.02998056702789942,0.002342613890887524,0.0741060620718732,0.0010409761569247777,0.01249882637687083,0.0058220442784402415,0.0513682226008918,0.0005503202255332518,0.04132571161734333,0.0004781818493648782,0.024136290792116544,0.012111582686587186,0.02460119942732364,0.009585528956891798,0.019174507445736344,-0.007108112312866122,-0.04594856531840974,0.011402814082426938,0.11587485983939105,0.003679841669276501,0.006186518159692237,0.006073240916558277,-0.5661639644736569,0.10599850479310274,42.570041397557496,0.7905141294058393,0.9139334957358599,0.7431999619993774,0.788439117551668,0.47575776360993716,0.7883402035765781,0.7689070941381619,0.6807922412144525,0.49334884613537233,Medium
2017-12-27,10490.75,11905.5,25495.75390625,14332.25,26637.0,11509.25,3879.39990234375,9639.849609375,3767.550048828125,334.8999938964844,172.32,-206.68,-0.003869344347908643,0.029857891964761407,-0.004486137298436943,0.06711660182480372,-0.006979458867337529,0.008362786792233567,-0.0076508975091308384,0.043286338773419475,-0.003292797006548165,0.041341699407728916,0.00016073216471257368,0.03048684946838276,-0.001647060168807446,0.028268478521966678,0.023773323000743307,0.046848210601399654,-0.006565650875908324,-0.04599663339149174,-0.006378857660143233,0.1034596174513489,0.004174720150853342,0.0061896997003460215,0.006092383159001555,-0.565522992301459,0.2270013971438882,41.85171570951916,0.8017352501901904,0.915385101063979,0.7512573071669425,0.7884268015126068,0.4613146105169768,0.7832939184766351,0.637883927805669,0.6807625006028515,0.5105343576572047,Medium
2017-12-28,10477.900390625,11857.650390625,25489.703125,14288.5,26613.94921875,11496.400390625,3959.949951171875,9584.2001953125,3694.449951171875,345.1000061035156,562.55,-774.09,-0.0012248513571480046,0.03556521196118134,-0.004019118002183908,0.06791048018458268,-0.00023732505703688567,0.010749828433819442,-0.003052556297859721,0.044786487276981646,-0.0008653670176821393,0.05302731960037588,-0.001116459315333329,0.033579371106730926,0.02076353324117486,0.08167279093894453,-0.005772850855305878,0.061937684251074376,-0.01940255516419409,-0.05380904202247516,0.030456889796731446,0.15785948746030054,0.004075206148026056,0.0060322653925182134,0.006044691699238153,-0.5972406477545914,0.445213692915629,40.16183006945113,0.8000319810783607,0.9241420984733439,0.7460124287206473,0.7759986615596656,0.45091150710255606,0.7243299946602442,0.6126715229054177,0.6690894002318459,0.4203808676448296,Medium
2017-12-29,10530.7001953125,12009.7001953125,25539.15234375,14249.2998046875,26851.5,11665.75,3940.14990234375,9620.099609375,3700.550048828125,346.8999938964844,595.04,461.37,0.005039158869532878,0.030930781009079977,0.012822928630761066,0.07648522595196106,0.0019399684063601264,0.0036487677637377924,-0.002743478693529755,0.026813737939781923,0.008925799748751295,0.05117381093905338,0.014730663827009716,0.030793699882922132,-0.005000075524253966,0.0655245070212751,0.003745686998489317,0.05917317034516145,0.0016511517917072727,-0.08185187915503822,0.005215843990535429,0.14867547647842505,0.003611548597477688,0.005870212958163481,0.005981823963876389,-0.6298886985455695,0.463381741219511,39.6610451701361,0.8190135356906266,0.9171271144778429,0.7008477811142204,0.7655168418825856,0.41052134815215074,0.6985680569507667,0.6134332691257162,0.6433767129195733,0.4056246867825489,Low
2018-01-02,10442.2001953125,11927.150390625,25337.955078125,14162.400390625,26533.5,11602.349609375,3942.85009765625,9565.7998046875,3623.85009765625,343.8500061035156,1099.78,-358.5,-0.008403999578242116,0.01542267221225857,-0.006873594123500304,0.059993317219442455,-0.007877993087512802,-0.015164215806099612,-0.006098504154843698,0.014338728317311533,-0.011842913803698063,0.030467202609810062,-0.005434746212202413,0.0405694716928251,0.000685302686299849,0.0464455844750451,-0.005644411897209878,0.04409613925347933,-0.02072663527308971,-0.1093675090798577,-0.008792124089454068,0.09838690149036533,0.005026136821871372,0.0060119129591447535,0.00606103208970062,-0.6013409704750894,0.7456267612534102,38.31014778677847,0.8204973252119383,0.9228121613097231,0.7054093923291017,0.7794470303448234,0.5480153119086073,0.662143342115842,0.6135874516764819,0.6574809842846076,0.39704647389412584,Low
2018-01-03,10443.2001953125,11866.7998046875,25318.3046875,14157.7998046875,26648.400390625,11586.7001953125,4000.199951171875,9519.5498046875,3622.85009765625,345.45001220703125,241.85,-3.29,9.576525840304662e-05,0.014025992990654101,-0.0050599333420777715,0.051559785316260154,-0.0007755318282163248,-0.017463165211011322,-0.00032484506938146307,0.004181206051967701,0.004330389531158829,0.030672599412944868,-0.0013488142134464587,0.043837497235297285,0.01454527869312483,0.047927159911421935,-0.0048349328800856295,0.0411446801647799,-0.0002759496041645493,-0.1013196602149743,0.004653209466670694,0.08054425716857594,0.005023711452390156,0.006009702736369258,0.005998897064877744,-0.6017862551492821,0.2658818033786962,41.18327411793644,0.8149970063721723,0.9230721236662146,0.7225113463724483,0.7759973932223799,0.5583002921468696,0.651270468680868,0.6142610239398385,0.6611937622775061,0.4030593240852673,Medium
2018-01-04,10504.7998046875,11843.25,25462.302734375,14247.25,26689.599609375,11590.7998046875,4112.0,9633.599609375,3720.300048828125,344.79998779296875,,,0.0058985376343401175,0.0172267967476476,-0.0019845118376563553,0.04567845306173046,0.005687507463566277,-0.011449164663977829,0.006318085899398307,0.001131293601225991,0.0015460297108300658,0.03838460916527264,0.0003538202685746672,0.04238965066579481,0.027948615117445064,0.07576394544136478,0.011980588055891195,0.03071184669058713,0.02689869813683954,-0.06864437380695332,-0.001881674312036008,0.09096662271929246,0.005172837786642028,0.006077988499130657,0.006024148581536301,-0.588028997754094,,,0.7908568488206327,0.9272264315427787,0.7396487179127005,0.7936952895292796,0.5468238583682875,0.6583945102809032,0.6527107596861835,0.6711240415371316,0.4095632839461192,
2018-01-05,10558.849609375,11929.599609375,25601.552734375,14249.900390625,26914.30078125,11633.5498046875,4130.39990234375,9701.0498046875,3694.699951171875,347.29998779296875,,,0.005145248428569005,0.020938264097638326,0.007291039991134118,0.05064487932846995,0.005468869074909177,-0.006395893020603172,0.00018602822474522718,0.0019230437799897526,0.008419053682471533,0.04332540751225489,0.0036882700693967596,0.04641779219136488,0.00447468442211818,0.08773451901869778,0.007001556847646029,0.04559709039529003,-0.006881191656655239,-0.08656690310656168,0.0072505803030975535,0.09592929782893767,0.005365654118257196,0.00613308912347035,0.006019691838933183,-0.576928097053528,,,0.7934635447608062,0.9285472392231617,0.7340847530082701,0.7980940504444853,0.5502341592198094,0.6656252180985871,0.6724371846425902,0.6655804110306676,0.4138666610356126,
2018-01-08,10623.599609375,11974.5,25675.80078125,14326.0,27120.849609375,11776.849609375,4166.35009765625,9838.25,3688.64990234375,350.54998779296875,-95.94,-562.33,0.006132296831134809,0.02655872538953985,0.003763780185020993,0.0571876310503896,0.002900138426967569,-0.002337212649468068,0.005340360794736876,-0.0010285375590537438,0.007674315220141059,0.05178070742925467,0.012317805578978103,0.059307363109961875,0.008703804997695297,0.10005550115740225,0.014142819393237804,0.05865038880389384,-0.001637493952981517,-0.08474766834553982,0.009357904158457275,0.1054871682296139,0.005376250687860994,0.006212390794909822,0.005896687236942507,-0.5609515089370055,0.07699337504479994,42.80662164248713,0.7907481705885341,0.9270439360295508,0.763168568167034,0.8037718702944081,0.5662349657092292,0.6701077370797681,0.6826725923926786,0.6598359815607422,0.42160745846851677,Medium
2018-01-09,10637.0,11942.25,25703.501953125,14411.099609375,27249.19921875,11790.849609375,4166.60009765625,9770.2001953125,3678.75,360.3999938964844,,,0.0012613794869653638,0.02380240045801063,-0.0026932230990855954,0.05014969243556622,0.001078882489820021,-0.0029422621120283043,0.005940221232374698,-0.00012839744205195291,0.004732506954008953,0.04920835534915713,0.0011887729286155224,0.042847343275733696,6.000455894006329e-05,0.1064022426786011,-0.006916860690417526,0.043345514249962136,-0.002683882343363475,-0.0819878833191452,0.028098720429375446,0.13404659452431278,0.005222122911989302,0.00618598062314568,0.005833308101132268,-0.5662722597951304,,,0.7871075595239068,0.9274972901521258,0.7516371015094208,0.8005621364209297,0.5754276027863215,0.6904007476641598,0.6676794939113114,0.6670665449260916,0.4041543322425323,
2018-01-10,10632.2001953125,11856.9501953125,25617.00390625,14395.7001953125,27210.599609375,12054.7001953125,4169.60009765625,9748.599609375,3628.0,364.9500122070313,-1841.63,1804.94,-0.0004512366915013777,0.022371198272461257,-0.0071426912589754865,0.03983705545347371,-0.0033652242030188795,-0.010607456373933344,-0.0010685800861776062,-0.004064492194871039,-0.0014165410537436696,0.05032650843822539,0.02237757198834167,0.06544403697218115,0.0007200115033088039,0.1149408644043719,-0.0022108642101175136,0.040549852822975074,-0.013795446822969737,-0.0995954741431675,0.012624912285247758,0.13851201405360491,0.005130334009214885,0.0061901227464351985,0.005828440219726525,-0.5654377629109758,-0.8991771464573152,48.609809723812184,0.7824279067459149,0.9333366780863945,0.75422060356674,0.8053955535819768,0.48777170552909044,0.7005043903229075,0.6683827572249385,0.6688496786182908,0.397251420797885,Medium
2018-01-11,10651.2001953125,11871.75,25660.6015625,14340.9501953125,27307.69921875,12103.099609375,4163.7001953125,9772.849609375,3640.550048828125,372.25,,,0.0017870242895141608,0.02709194043658547,0.0012481965803778916,0.04079723606383956,0.0017019030176033123,-0.007177022826597601,-0.0038032189651898696,0.0015154561385897214,0.0035684479860393914,0.052869611735776756,0.004014982809885215,0.0738647480039587,-0.0014149803831466912,0.11452549927650169,0.0024875367716075125,0.04875780537371899,0.003459219632889976,-0.08640225865224649,0.020002705983819702,0.16637946770802237,0.002812824434977959,0.006155444215540029,0.005805983256398286,-0.5724243067572944,,,0.7847946789661592,0.9350220933516645,0.7489166589345909,0.8089058803747416,0.48049978135802457,0.6939655461202654,0.6638289865365519,0.6641953226256126,0.38580416986557936,
2018-01-12,10681.25,11908.400390625,25748.751953125,14438.9501953125,27196.650390625,12099.2001953125,4189.5,9741.849609375,3639.10009765625,366.7999877929688,,,0.00282125996474325,0.030879349246100585,0.0030871936003538103,0.042041677387566034,0.003435242560869023,-0.0018083257945412656,0.006833577877707997,0.006658091233252117,-0.0040665757754044796,0.04711846407520359,-0.0003221830926252167,0.07711687356732733,0.006196364646173569,0.12563478597632183,-0.0031720533149576235,0.04170298029697084,-0.00039827804931336086,-0.07819543729513612,-0.014640731247901106,0.1391303968725739,0.0025458718182024137,0.0061556076148770065,0.005762819711034249,-0.5723913873514607,,,0.7866619511585718,0.9343470413936231,0.748437162671403,0.7921563548742057,0.47270353665154013,0.6937440216586837,0.6586903806725909,0.6634212321000734,0.3613589868440962,
2018-01-15,10741.5498046875,11794.099609375,26068.896484375,14410.400390625,27171.400390625,11992.7998046875,4195.75,9659.75,3645.800048828125,366.8999938964844,32.92,-173.28,0.005645388385020489,0.05035911522808423,-0.009598332059777226,0.04438179753768834,0.012433399950134039,0.02908526559444158,-0.0019772770389338,0.02023058922503762,-0.0009284231564304912,0.05233721733639363,-0.008794001992480593,0.07894040458902296,0.0014918248000954648,0.14066086386758658,-0.008427517634432835,0.045568935191449,0.0018411010942485095,-0.05467176405809826,0.00027264478419786187,0.1268427119741471,0.002503048558856327,0.00560627583142153,0.00577571703141392,-0.6830630476616921,0.14905046043840509,40.90894066542926,0.7246900815945665,0.901291903017682,0.6646628029100058,0.7832065288922349,0.33889462761082945,0.6590305407433252,0.5797561726884319,0.6218081165798145,0.43459931364277654,Medium
2018-01-16,10700.4501953125,11646.25,25974.59765625,14105.2001953125,26874.55078125,12430.9501953125,4076.39990234375,9623.4501953125,3543.300048828125,354.5,693.17,-246.38,-0.003826227138756466,0.05716872510727011,-0.012535896276259728,0.04094043695065519,-0.0036172926683536444,0.031079393846920933,-0.021179161372299915,0.011770993001667396,-0.010925075818963736,0.04705494893162854,0.0365344538190111,0.13540212771726723,-0.028445474028779172,0.12673097995413696,-0.003757841009084051,0.05940219280827863,-0.028114542384996333,-0.05930918449563449,-0.03379665877013571,0.11076298536600104,0.0034527014480116745,0.0052476567862528465,0.005777580571008545,-0.7553125812641927,0.5182549508243106,37.82671931988383,0.7306882245357562,0.9157441980821815,0.5754184395211008,0.7924813841873968,0.015721914614273046,0.6197679424125538,0.5179605665932909,0.5904183475916112,0.3991548873841948,Low
2018-01-17,10788.5498046875,11692.599609375,26288.794921875,14140.849609375,27044.75,12531.400390625,4117.64990234375,9744.2998046875,3690.89990234375,357.54998779296875,625.13,168.61,0.008233261943837888,0.06524645698081999,0.003979788290222164,0.047714627883130634,0.012096328489207497,0.04841458005895172,0.0025273951144875184,0.017213893993805574,0.006333100044550122,0.04995535367652759,0.008080653026055762,0.13082437623429066,0.010119223086106688,0.134104496961716,0.01255782561579255,0.07648031426066071,0.04165604139690071,-0.023700594539412756,0.008603632702309572,0.12454780331995141,0.003938109203020902,0.0053676106812292085,0.005829404703931265,-0.7311459535220186,0.4802077360937434,38.34500214117331,0.7218434074180174,0.9233717231470788,0.5722421570520176,0.7978099759209049,0.04012755643801825,0.6219433537442313,0.5387886672776329,0.6076538818531626,0.39964274334791183,Low
2018-01-18,10817.0,11662.099609375,26537.091796875,13993.75,27347.849609375,12570.7001953125,3998.85009765625,9626.4501953125,3631.449951171875,343.54998779296875,1894.99,-657.46,0.002637073177355065,0.06905838460208047,-0.002608487506537527,0.05058756679334664,0.0094449698336454,0.05622129681548338,-0.010402459076962134,0.003708220529747175,0.011207336336072515,0.06429878962522007,0.003136106377775727,0.14015815752156113,-0.02885136121453158,0.11043700098506415,-0.01209421012665357,0.06450183614022431,-0.016107169726852777,-0.05240980484230817,-0.03915536422310373,0.08649580812802182,0.0039171426474661365,0.0053369061181615845,0.005831943505776693,-0.7373318780873493,1.1902993894999472,34.01022112595212,0.7145069314554452,0.9102005374140624,0.5535046173259256,0.7786091196679874,0.01986440609568683,0.5471203072076155,0.5085138225006428,0.6282519739710021,0.3376542041617256,Low
2018-01-19,10894.7001953125,11677.5498046875,26909.1875,14128.099609375,27517.099609375,12633.849609375,4033.39990234375,9637.7998046875,3710.699951171875,347.29998779296875,988.25,209.86,0.007183155709762357,0.08468659402218215,0.001324821072534732,0.05959665219585775,0.014021721218480332,0.08279881741349038,0.009600686690486748,0.01167556198995956,0.006188786409808911,0.0739574621903456,0.00502353990480553,0.14076417518568962,0.008639934942235028,0.14236349283969418,0.0011790025549112126,0.07827074736387019,0.02182323894466065,-0.01094157361981074,0.010915442099389105,0.1020148961419447,0.004049388114813316,0.00509155027033218,0.005832079952029969,-0.786762731833509,0.6832604199997335,36.45928469799949,0.6972519182428536,0.889962104601196,0.6182909723065064,0.7907016793800815,0.02334701596524932,0.49550480394445523,0.44693468022726707,0.6124328543281938,0.3426083040028933,Low
2018-01-22,10966.2001953125,11690.849609375,27040.884765625,14409.900390625,27607.75,12894.9501953125,4006.14990234375,9654.7998046875,3685.5,353.95001220703125,1567.51,-461.87,0.006562824007838586,0.07863908491848925,0.001138920827566281,0.04051382901071898,0.004894137573830504,0.07917663841358946,0.019946120783506105,0.017878375722576445,0.003294329413777053,0.06805181051331322,0.020666747983429268,0.15509922473350657,-0.006756086839830977,0.11439817830028565,0.0017638880599835094,0.07749647156270267,-0.006791158407705944,-0.0297613687788586,0.01914778188252253,0.10247632974612753,0.0041150042347613495,0.0048265655631090235,0.005804586860211187,-0.8401481327668671,1.007176199024254,33.87516521265207,0.6480168859785764,0.8987052122884851,0.5602290837992157,0.7892641561976305,0.04665415672964087,0.4304510778952437,0.46940879228833343,0.5811697820392567,0.32481575761039566,Low
2018-01-23,11083.7001953125,11725.7998046875,27390.28125,14596.75,27761.44921875,13048.900390625,4169.0,9767.2998046875,3831.949951171875,356.29998779296875,1229.35,169.03,0.010714741469905364,0.07968806393743688,0.002989534249459025,0.032459675304362445,0.012921044832791884,0.0817281147473079,0.012966752323740005,0.029829355886076492,0.005567249006166675,0.04920334620429623,0.011938797202059925,0.16785400454937882,0.04065002599153278,0.1442294497049541,0.011652235393361465,0.07351247685233142,0.03973679315476186,0.017214794360248753,0.006639286636224151,0.10173158477861688,0.00471809609639595,0.004880075375290607,0.005889760368532249,-0.8293677265799666,0.8180808707866201,35.13910205632068,0.6104516358657899,0.9025395341403397,0.6181122168377813,0.7783776397117715,0.10949972544670741,0.49199126161792067,0.4583789385850826,0.6806145321130478,0.3206380669820207,Low
2018-01-24,11086.0,11654.650390625,27398.232421875,14504.75,27889.05078125,13249.5498046875,4097.35009765625,9826.400390625,3965.60009765625,356.0,776.42,-193.87,0.00020749430668232094,0.07399065126304838,-0.006067766399530106,0.020136441461039878,0.00029029172071748377,0.07847717698259693,-0.006302772877524121,0.026158471878316325,0.004596358118574617,0.04415633950188158,0.015376729690316004,0.17004148752097326,-0.0171863522052651,0.12263856364305781,0.006050862277119373,0.0697032264484192,0.03487784240070835,0.041072207532771854,-0.0008419528578347268,0.1026792419692737,0.005086428730606819,0.004865867050798017,0.005890356209321045,-0.8322302204482991,0.5648074291652825,36.62439277962872,0.6097796039827186,0.9067533923586223,0.6382158445458872,0.7637105355496537,0.07382736151293033,0.5028127860453643,0.4389501825553475,0.5990200615788761,0.3323619713197418,Low
2018-01-25,11069.650390625,11507.75,27445.33203125,14465.650390625,27716.5,13117.849609375,4135.14990234375,9729.150390625,3757.699951171875,349.75,937.31,-965.67,-0.001474797886974577,0.08100466969307596,-0.012604444209083021,0.015589871831930946,0.0017190747435733567,0.09234473044321856,-0.0026956417294334845,0.029067307266795517,-0.006187043890572563,0.0517099084570507,-0.009939975112656763,0.16370881060356202,0.009225427114251783,0.14252751818204445,-0.009896808203824325,0.06689813768706188,-0.05242589806451947,-0.010845232101655666,-0.0175561797752809,0.10053496990014077,0.004484606254679165,0.004522443022511752,0.0058951566121250125,-0.9014184752435894,0.6547753359554199,35.25432628134441,0.6112245952171537,0.8822418294741861,0.6400250400214672,0.7234382606277591,0.04522634014633747,0.4697398607848164,0.4217957002961098,0.6293842441420525,0.3033745326829614,Low
2018-01-29,11130.400390625,11678.400390625,27498.12890625,14381.0498046875,27557.349609375,13242.5,4140.85009765625,9622.349609375,3704.75,348.54998779296875,291.86,90.08,0.005487978197707966,0.091970447941913,0.01482917083052726,0.036729945950594534,0.0019237105581337843,0.09992257830645701,-0.005848377615452982,0.02100067834702979,-0.005742081093392026,0.053427616997340444,0.009502349419825196,0.1769332429881907,0.001378473682240422,0.16208291216398285,-0.010977400591208109,0.06881745880486179,-0.014091053532723441,-0.0065963497692829165,-0.0034310570608470092,0.120739510588324,0.00425525720974655,0.004338662201543443,0.005883346711951453,-0.9384440565085204,0.2938468417190206,36.975590271583634,0.6092476261030744,0.8631010277385248,0.6491180408330215,0.6444687062089397,0.013879104333767168,0.41841541193580906,0.3109655579800139,0.5916160487285139,0.227694434643203,Low
2018-01-30,11049.650390625,11627.900390625,27268.734375,14368.5498046875,27512.099609375,13107.9501953125,4116.25,9563.5498046875,3702.60009765625,344.79998779296875,-105.56,-281.65,-0.0072549052294663685,0.07779389701995121,-0.004324222351593576,0.02936387365462445,-0.008342186918683825,0.08347250280304896,-0.000869199409623489,0.012119170548198444,-0.0016420301894564115,0.042784594599596604,-0.010160453440626771,0.16252636192069825,-0.00594083269765644,0.1527044781597049,-0.006110753306054484,0.054316874000786,-0.0005803096953235221,-0.010608436163291324,-0.010758858503324364,0.10512816600310493,0.006176012448946272,0.004683474681004354,0.005945820100972406,-0.868976076051279,0.07161397754762099,39.14260322209893,0.5990661539666409,0.878485361476957,0.6025250923258738,0.6230691216585268,0.13075006576630932,0.4430989985053488,0.3396667553302337,0.5461154205067889,0.273625374156421,Low
2018-01-31,11027.7001953125,11611.900390625,27379.130859375,14453.9501953125,27127.30078125,12986.400390625,4065.85009765625,9384.75,3681.75,344.70001220703125,-136.63,1294.66,-0.001986505865481769,0.067205399589916,-0.001376000779375497,0.014281471159402148,0.004048463814155356,0.07622344942524473,0.005943563671062968,0.017615080194490984,-0.013986530784218187,0.026351831174713958,-0.009272983409028157,0.15043014584289827,-0.012244130542058862,0.10910014074765018,-0.018695966282296417,0.03125723343377995,-0.005631204317595118,-0.014243819024986726,-0.00028995240567564196,0.08652486117267544,0.006128224027634118,0.004638156311078872,0.005951621415610802,-0.8781061853827608,0.05423997752294839,39.13728591026918,0.5745134198161547,0.8496772440757238,0.580910056934363,0.6366401607617863,0.18641032377240002,0.42838477988216145,0.3758991826598322,0.5630893661474132,0.2514695411448755,Low
2018-02-01,11016.900390625,11693.599609375,27220.3828125,14263.900390625,27351.900390625,12964.599609375,4071.39990234375,9158.7001953125,3597.10009765625,341.8999938964844,522.74,64.7,-0.000979334267002474,0.06046448231259771,0.007035818083313883,0.009021430268183916,-0.00579814047751781,0.06353492124468252,-0.013148641175554476,0.00297791636770417,0.008279467654601191,0.03395950951173399,-0.001678739342253599,0.14576846945631505,0.001364980152785078,0.09243607529768982,-0.024086928760755466,-0.007773185324854159,-0.022991757274054447,-0.05901584126331072,-0.00812305834461402,0.08316173137202254,0.00579518733501595,0.004632448580608874,0.005947468684966591,-0.8792560988353275,0.4229523816513157,36.911212524068176,0.5385805615538884,0.845124021670999,0.588598129289126,0.5984607377164348,0.20458390951744876,0.41533245447207456,0.37138421029931035,0.5615486998917848,0.27806411162167755,Low
2018-02-02,10760.599609375,11301.9501953125,26450.84375,13775.2998046875,27180.099609375,12983.599609375,3948.300048828125,9042.75,3492.85009765625,320.79998779296875,950.0,-508.78,-0.023264327729431322,0.02842337033709197,-0.03349263076773268,-0.05753468364796355,-0.028270692142750353,0.028579336061004934,-0.03425434646603631,-0.03755044944629793,-0.0062811277752710115,0.018210070029782033,0.0014655292544676346,0.15505768422471933,-0.03023526464319093,0.04416470468979461,-0.012660114736788075,-0.027624736396970606,-0.028981678899601904,-0.08780244365695045,-0.06171397040125126,0.00015584658758771575,0.009208332360224418,0.006435833375441484,0.006236329191568239,-0.515935432831069,0.6618714434646924,39.83754614523902,0.7706356242931814,0.9207284215335277,0.755412096454167,0.5421205402930366,0.22510038248516165,0.5354606787940727,0.3946705783816561,0.5580996149625063,0.5627179340120197,Low
2018-02-05,10666.5498046875,11386.400390625,26098.447265625,13766.400390625,27191.69921875,12936.900390625,3926.550048828125,9069.5,3512.89990234375,319.3500061035156,-525.93,165.84,-0.00874020111347329,0.021289290248839965,0.007472179035749482,-0.0474899187141441,-0.013322693510485872,0.019813096408873854,-0.000646041406624942,-0.034830879317726327,0.00042676846449074546,0.017282212469252434,-0.0035967851870817302,0.14443305736831613,-0.005508699878687184,0.03156529780551787,0.0029581709103978504,-0.02325683631597275,0.005740241959125036,-0.07186451610822453,-0.004519893218913995,-0.03285889067960668,0.00911826985149077,0.0066589245090919345,0.006227932621233113,-0.4709901613117701,-0.16345227254480324,45.328831699527576,0.6785882357654185,0.9268568968726579,0.7250409127661392,0.5270224354064881,0.25576677555565575,0.5437547233898891,0.3617220715485662,0.5136379471709075,0.5981202197471447,Medium
2018-02-06,10498.25,11181.7001953125,25811.0,13583.7001953125,26672.599609375,12562.349609375,3862.0,8871.25,3438.949951171875,313.3500061035156,,,-0.015778279553294694,0.005550625594724856,-0.01797760383352054,-0.0585297816277629,-0.011013960436014325,0.010056979512597763,-0.013271457325686908,-0.04685154981342976,-0.01909037038101158,0.00017621255071320618,-0.02895212685732873,0.10445036838205102,-0.01643938012388002,0.005768428917907409,-0.021858977892937892,-0.04831248157473644,-0.021050970203431274,-0.09255350146956587,-0.01878816309793696,-0.05816052117086967,0.00966305122232741,0.007308728431436721,0.006470168339223473,-0.34007678413626774,,,0.7182295452977827,0.9195108737237255,0.7333371559298004,0.6206042480522626,0.4101750570580038,0.5737889504726821,0.45558720417897086,0.5303283979095652,0.6102875772735366,
2018-02-07,10476.7001953125,11214.75,25669.701171875,13707.25,26733.55078125,12450.0498046875,3879.75,8935.7998046875,3432.75,318.6499938964844,,,-0.0020527044686019513,-0.001553397949823676,0.0029557047774679823,-0.06004845980155271,-0.005474364733059511,0.0008362838445754583,0.00909544549062824,-0.0453996492056119,0.0022851605305684863,0.0008704506995413919,-0.008939394952333868,0.08243415278011978,0.0045960642154323494,0.010535761898636142,0.007276291919120714,-0.04190163843794392,-0.0018028617048533313,-0.10128026174615123,0.01691395465049994,-0.04381097105331022,0.00829735017320944,0.007261496080755377,0.006291516132558415,-0.34959249545626103,,,0.7037704933771123,0.9186283029108236,0.7039414387093431,0.6160714318462825,0.4034421144069982,0.5748602331383367,0.44169745715896086,0.52311453346841,0.5915966651427138,
2018-02-08,10576.849609375,11344.2001953125,25920.349609375,13727.150390625,26786.599609375,12588.349609375,3936.449951171875,9262.4501953125,3523.35009765625,326.8500061035156,-639.87,-340.3,0.009559251691416026,0.004306092140246021,0.011542851629550377,-0.051420893226208686,0.009764369122248429,0.009557893055267552,0.0014518149610607267,-0.049547323700472545,0.001984353988704113,0.0023049432881196985,0.01110837360951189,0.09393513583056001,0.014614331122333901,0.013034613646429216,0.036555249419715885,-0.016307328450244296,0.0263928621822882,-0.07095673165903549,0.025733602272388856,-0.030262519088766204,0.01080082356163111,0.007442235337156493,0.006352885151441625,-0.3131796859455415,-0.2271662591174198,47.60484132335802,0.7194848398739847,0.9239904096993934,0.6927053034102396,0.6107594612719944,0.42344045765573934,0.5855939566146274,0.4829940530859793,0.557412502573851,0.6114859902419791,Medium
2018-02-09,10454.9501953125,11234.75,25463.353515625,13639.599609375,26664.30078125,12492.7001953125,3986.39990234375,9222.5498046875,3480.64990234375,328.0,,,-0.011525115565078292,-0.0034125114684364632,-0.009648119164692215,-0.05633950695056911,-0.017630784331115312,-0.0012708151617770724,-0.0063779283215104066,-0.048328098562682054,-0.004565672011694888,0.00102491951984085,-0.007598248938944785,0.08544867782978915,0.012689085798488264,0.027581585475463744,-0.004307757643349341,-0.043289036820830185,-0.012119203067814444,-0.0761503212342497,0.003518414792748059,-0.02060314727451773,0.01078565804485916,0.007711897400394562,0.006485216781793788,-0.25885195694811947,,,0.7241142823717162,0.9289475811218945,0.6834766456154071,0.6120356022562973,0.4437368959687437,0.5181930983732246,0.5471924265340832,0.5564799283003324,0.5747320028508994,
2018-02-12,10539.75,11364.75,25701.30078125,13829.2001953125,26782.19921875,12422.650390625,4028.949951171875,9339.9501953125,3473.050048828125,333.54998779296875,,,0.008110971654893273,0.0059028628894333135,0.011571241015599032,-0.04156813317878738,0.009344694738616877,0.008301299360464753,0.01390074425697807,-0.03214471810809394,0.004421583692264086,0.006321872737378831,-0.005607258926599745,0.08056869702931801,0.010673803399179338,0.01742446264493336,0.012729710666927518,-0.025484651303450345,-0.002183458184205067,-0.05992770379079626,0.01692069449075828,-0.03346861230446441,0.012166142455389047,0.007851416133357794,0.00649561191554242,-0.23074368015355065,,,0.7354931444634066,0.9314784403349473,0.6971005700820889,0.6174438591263228,0.4079970471511071,0.5495371834726336,0.564353933527936,0.5480651425527402,0.6222679664953461,
2018-02-14,10500.900390625,11335.650390625,25340.955078125,13879.0,26645.099609375,12420.0,4024.75,9249.2001953125,3307.050048828125,334.70001220703125,-728.71,-152.39,-0.0036860086221209842,-0.002829802779948598,-0.002560514694559979,-0.056125448073265694,-0.014020523949040187,-0.0077605263854225726,0.0036010618100952296,-0.025987228127917206,-0.005119057186275366,-0.00768673595981606,-0.00021335146218071088,0.06465508004200338,-0.0010424431235869225,0.021471289101444357,-0.009716325901346412,-0.03855463343654475,-0.047796604617319494,-0.10633554331324657,0.003447832277470475,-0.035168584330081076,0.009575009318088324,0.007828550818165962,0.006491495432412789,-0.23535026304573067,-0.2768446035716173,48.83686446488093,0.7341864897697569,0.921508455673544,0.6940745925951992,0.6147914925921705,0.3975770344679896,0.5624035476837467,0.565918485398172,0.5403226726807208,0.6139031364905285,Medium
2018-02-15,10545.5,11306.7998046875,25424.0546875,13968.099609375,26733.5,12456.5,4052.550048828125,9207.5,3270.550048828125,331.29998779296875,-240.29,49.92,0.004247217640005241,0.009892532488878336,-0.0025451195955514816,-0.05201163443240464,0.003279261145399115,0.003398048860278058,0.006419742731825107,-0.01371948087123842,0.0033176978852011985,0.007537641095219261,0.002938808373591062,0.07361874270146318,0.006907273452543716,0.027822501098148322,-0.004508519053748383,-0.03745633527809389,-0.01103702679460028,-0.0974930086254463,-0.010158423334503452,-0.036498525775127355,0.009635947588629594,0.0077035880244528685,0.006492746943294513,-0.26052601342783815,-0.0037255468593355478,46.896041120021955,0.7281265434896002,0.920550447766391,0.6958516450532386,0.5964705207787794,0.3835721738327526,0.5765466551413221,0.5572464714399025,0.5179023816536792,0.5993709881579625,Medium
2018-02-16,10452.2998046875,11114.5498046875,25163.607421875,13801.0498046875,26599.05078125,12437.9501953125,3991.60009765625,9180.900390625,3189.050048828125,327.20001220703125,-1065.99,1127.78,-0.00883791146104973,0.0008713429987758925,-0.017003042710661442,-0.0633911427159034,-0.010244127808340941,-0.006110095740390453,-0.011959379540462334,-0.02519812434993496,-0.005029241167449072,-0.001851878861455436,-0.0014891666750290744,0.07346785414749757,-0.015039900911155923,-0.0021498559123539485,-0.002888906801520541,-0.03557409972221026,-0.02491935569957182,-0.11973999396463175,-0.01237541725627711,-0.05282964062847573,0.008179670333353132,0.007884579703097928,0.006506880094714976,-0.2240623494250287,-0.46544784555171304,50.10393888020993,0.7436708493740873,0.9235207145720503,0.7080961464247043,0.6103117728266103,0.38724574852678745,0.6015360867463342,0.5504119461464215,0.5354286045923017,0.6058079271367482,Medium
2018-02-19,10378.400390625,10976.650390625,25058.259765625,13777.75,26411.400390625,12331.400390625,3923.39990234375,9027.900390625,3110.64990234375,322.54998779296875,-895.79,586.52,-0.0070701582851038225,-0.01203253906905466,-0.012407107483952351,-0.07317244923268529,-0.004186508495535479,-0.015868280766473175,-0.0016882632131062225,-0.03295372791240414,-0.007054777712491744,-0.010423506640102609,-0.00856650838879025,0.06389555495885535,-0.017085928861597433,-0.0458657825039519,-0.016665032130861013,-0.06287361353076781,-0.024584169355756802,-0.1638712304069161,-0.01421156552744951,-0.06453016469756889,0.00854030386394931,0.007908869540663452,0.006555905870013445,-0.21916877375181215,-0.37027388983239284,49.59161805397261,0.7577590374277313,0.9198176978414848,0.6958065150387213,0.6218997724118392,0.4115565901093259,0.6072289453956513,0.5537673382248139,0.5340927476112247,0.6188418033286069,Medium
2018-02-20,10360.400390625,10962.900390625,24874.111328125,13748.2001953125,26356.400390625,12372.0,3966.5,9020.75,3136.550048828125,320.8500061035156,-850.35,1437.24,-0.001734371321447492,-0.018794587108599492,-0.0012526590089581013,-0.08103366838819215,-0.007348811897648799,-0.028413956520428996,-0.0021447482126980555,-0.035207277353501265,-0.0020824340696270482,-0.020728771486928754,0.00329237621753542,0.06347591300249178,0.010985394996442466,-0.03968136408553247,-0.0007920325120583938,-0.07012641089202354,0.008326281419474446,-0.1510677212547984,-0.005270444128940066,-0.07615889035164725,0.007086805751917092,0.007842810030873571,0.006554943958324053,-0.2324775169338251,-0.344864344897693,49.27945586618026,0.7514402602897399,0.9150215131687699,0.6993451832635318,0.613625610524604,0.4114637560468415,0.5927403187703472,0.5445747129409758,0.533417282717194,0.6151832973542046,Medium
2018-02-21,10397.4501953125,10942.2001953125,24936.41015625,13818.5,26572.0,12660.0498046875,3912.10009765625,8843.400390625,3170.699951171875,318.6499938964844,-1214.18,1375.48,0.003576097765586983,-0.02128745645335972,-0.0018882042684800204,-0.08620817609816689,0.0025045649793549174,-0.028797178763746545,0.00511338238378789,-0.03542510121457487,0.008180161409738318,-0.02023718346881276,0.02328239611117855,0.07499460590966756,-0.013714837348733133,-0.06102463644210465,-0.0196601845051686,-0.10112058642289024,0.010887727538895442,-0.14041721629444204,-0.006856824575909304,-0.0909998431245822,0.006286877892158871,0.007780759898827903,0.006552030751820074,-0.2449785069416604,-0.5483140529432879,50.3501422343598,0.744951066928367,0.9177302321061748,0.6981199256153837,0.6043769525862651,0.40696753899766297,0.5601387981674748,0.48300164965320014,0.5419725399494756,0.6011433074243547,Medium
2018-02-22,10382.7001953125,10847.9501953125,24954.908203125,13667.25,26460.75,12730.25,3904.300048828125,8861.75,3155.0,319.6499938964844,-2335.34,1059.42,-0.0014186170381128571,-0.023907098306618413,-0.00861344138451936,-0.09163263243421471,0.0007418087350621327,-0.029124192935468307,-0.01094547165032389,-0.051616436603567406,-0.004186737919614658,-0.0289347665749925,0.005545017310003564,0.0796719847803058,-0.0019938264955945417,-0.06295301749156856,0.002074949517659741,-0.09298173805572085,-0.0049515726538780225,-0.14237172952769284,0.0031382395077805825,-0.11306881434549743,0.004928039166804236,0.007772992923066112,0.006454584434136767,-0.24654328824329866,-1.1752543126041162,54.093006416705116,0.7431444974001349,0.9165673188876391,0.6918980946467329,0.603573359672607,0.407320243160616,0.5596575534339184,0.4838424100310307,0.5417876145418572,0.6133973389093469,Medium
2018-02-23,10491.0498046875,10927.0,25302.205078125,13816.7001953125,26669.900390625,12871.150390625,4028.800048828125,9095.400390625,3190.25,322.54998779296875,-486.32,1514.03,0.010435590678416817,-0.013275746132698885,0.007287072973625852,-0.07843080893433663,0.013916976659385627,-0.012288666905663992,0.01093491341070818,-0.040220343029131245,0.0079041746974291,-0.019870904225267827,0.011068155819799363,0.06772878479632194,0.031887918050091724,-0.033768238087693137,0.026366168152452962,-0.0670044154979792,0.011172741679873255,-0.12065876515986773,0.009072404041476467,-0.11618036168199819,0.006742320321986375,0.00803832682568602,0.006504006657367519,-0.19308753632080225,-0.14130279906629403,48.530766358548135,0.7558169832436197,0.9233327635920767,0.7071441146945063,0.6264927624146659,0.4395164389868998,0.5975448969844572,0.530646665016306,0.5536565154151959,0.6287066521447617,Medium
2018-02-26,10582.599609375,11171.650390625,25687.6015625,13909.7001953125,26645.849609375,12713.150390625,4071.949951171875,9065.099609375,3167.800048828125,332.6499938964844,-1119.51,1409.45,0.008726467454819975,-0.006440643747142261,0.022389529662761865,-0.058971896255817335,0.015231735067557262,0.0010521966889294188,0.0067309848723178245,-0.03007122918124061,-0.0009017949410284887,-0.0242367401249447,-0.012275515024288919,0.05040450801358842,0.010710360857025147,-0.022035747012697393,-0.003331440062961044,-0.07242002366649158,-0.007037050755230756,-0.12985675067210678,0.03131299484034833,-0.10638013728278206,0.0074052461057048935,0.008202028240526607,0.006534479436369435,-0.1601072720776171,-0.49537563703289994,51.050966557265994,0.7579531941739573,0.9256813297563807,0.7163278382327557,0.6115686193905447,0.37758461323591574,0.6075527941099628,0.5151765359323556,0.5358732974662309,0.6551486987708168,Medium
2018-02-27,10554.2998046875,11165.25,25383.3046875,13992.25,26728.19921875,12746.7998046875,4037.25,9023.4501953125,3057.300048828125,327.1499938964844,-906.86,1046.67,-0.0026741826897078713,-0.011885331334113514,-0.0005729136162702098,-0.06240555962579597,-0.011846060219348309,-0.014192814715458413,0.00593469330958829,-0.030937165740589467,0.0030905229363009656,-0.017224590717851096,0.002646819476572304,0.053524166797892514,-0.008521703750776322,-0.036340852130325785,-0.004594479471513702,-0.07374363625683089,-0.03488225212979512,-0.15987470341990084,-0.016533894787058134,-0.10809704257368702,0.0064052793225122815,0.008193988357835063,0.006542493690116674,-0.1617270348384311,-0.3764641112766518,50.31806024959874,0.7539315133584513,0.9165245549459705,0.7031470840821755,0.6124784021194042,0.37954218419742564,0.6069215317754024,0.5177984515114435,0.531929700287068,0.6686904616194128,Medium
2018-02-28,10492.849609375,11157.2001953125,25107.109375,13991.4501953125,26513.69921875,12809.0,3994.35009765625,8960.25,3078.89990234375,326.8999938964844,-1750.52,1596.89,-0.005822290104475547,-0.023153101725038816,-0.000720969497996049,-0.05400152916770651,-0.010880983225009744,-0.03689404766141402,-5.716054869664422e-05,-0.029072765777213072,-0.00802523201224592,-0.02420564131475267,0.004879671467785007,0.06805751856155218,-0.010626020767539823,-0.04800093007060713,-0.007003994474899522,-0.07241388234685164,0.007065009377769327,-0.15549403118434724,-0.0007641754689413638,-0.1090215335661342,0.006142020603396073,0.008171345201343416,0.0065690577937236065,-0.166288860312704,-0.8482294431342408,53.093910335052996,0.7778008046733191,0.9176344150468825,0.705730762036838,0.6266656879997745,0.40266426814255674,0.6136596007856564,0.5390854828183712,0.5118981840608182,0.662100983706428,Medium
2018-03-01,10458.349609375,11146.7001953125,24902.26171875,13961.0,26492.349609375,12769.4501953125,3960.89990234375,8917.75,3021.449951171875,324.75,96.31,-269.2,-0.0032879533476946055,-0.022625271041732065,-0.0009410963159387498,-0.042893618519909804,-0.008158950247533214,-0.04128402494203698,-0.002176343044318685,-0.010223193809076214,-0.0008052293721391157,-0.014221676670467587,-0.0030876574820438707,0.027230420416907597,-0.00837437743179481,-0.028333824641098793,-0.004743171228481335,-0.07333130852137004,-0.018659246157415654,-0.14727798675385717,-0.00657691629436119,-0.08392101551480957,0.006307751179958351,0.008164941770042242,0.006542581947647515,-0.16757893380767933,0.18449744664902615,46.88206811441369,0.7780774972945539,0.9167565699903505,0.7265549179043795,0.6315220332574488,0.5156275677476804,0.6252031636664738,0.5398873371808407,0.5112468560248602,0.6734957357999655,Medium
2018-03-05,10358.849609375,10971.599609375,24818.41015625,13686.349609375,26164.75,12857.650390625,3830.800048828125,8855.7998046875,3023.199951171875,321.54998779296875,-148.42,-578.92,-0.009513929416818057,-0.039829282256805265,-0.01570873737244094,-0.061662934170935824,-0.0033672267783156906,-0.05593199574171004,-0.01967268753133733,-0.032140925938331066,-0.012365819348053253,-0.03253866277188733,0.0069071255193804415,0.026034600270539165,-0.03284603416477205,-0.0696634877463359,-0.0069468414468335515,-0.09118151307009115,0.000579192119108729,-0.1809043780211651,-0.009853771230273312,-0.10068522228798116,0.007389584126417437,0.008135986444132725,0.006614154754090936,-0.17341244661313276,0.04764714004979455,47.63316780034364,0.7879844705749425,0.9009679989676662,0.7429380337723028,0.6348772198573823,0.4727003986741754,0.6338150220473432,0.5191774704636225,0.45682455966267915,0.667350260844418,Medium
2018-03-06,10249.25,10821.349609375,24448.166015625,13581.9501953125,25891.80078125,12706.099609375,3816.89990234375,8749.5498046875,2936.35009765625,314.25,,,-0.010580287725753812,-0.0524868262919479,-0.01369444797015873,-0.07209250719519944,-0.01491812482322774,-0.0787172082472124,-0.0076279955606999295,-0.029427408999553317,-0.010431944457715003,-0.053241803246784625,-0.01178681770352863,0.0107710319997123,-0.003628523104103887,-0.045500629148149896,-0.011997787025826878,-0.0910928091698846,-0.028727790062962777,-0.19141110654473292,-0.02270249749680875,-0.08528595207118916,0.008329360043625476,0.008270968622194314,0.006707326691417785,-0.14621813124984182,,,0.8000185816703952,0.9087581286635196,0.7725925585609701,0.6590259240106539,0.4937182104549598,0.6872103449695214,0.5479976826440206,0.48831551001830187,0.7685075517357705,
2018-03-07,10154.2001953125,10788.5498046875,24133.818359375,13358.2001953125,26061.099609375,12677.150390625,3772.949951171875,8615.0,2831.39990234375,311.3999938964844,-1043.31,278.84,-0.00927383024977435,-0.0679688276616004,-0.003031027170500411,-0.07612898380815691,-0.012857719309051552,-0.10313834784587983,-0.01647407012854618,-0.054494194927081074,0.00653870426222336,-0.05291255330935918,-0.002278371777334476,0.003427362410414414,-0.011514567396668673,-0.06457330229529967,-0.015377911743003736,-0.10612378607304596,-0.03574171737773013,-0.23696339245926734,-0.009069231832985247,-0.10336883143769349,0.0066616677402672915,0.00820267345409864,0.0067166500389619355,-0.15997728349981752,-0.4527654406415239,50.796865241851336,0.7965433219405378,0.909686681257387,0.7706318060820437,0.5822214615562665,0.48939261921990496,0.6868561366413305,0.5600733676336774,0.480522898617988,0.7610054219862498,Medium
2018-03-08,10242.650390625,10894.75,24477.365234375,13549.4501953125,25953.19921875,12682.400390625,3756.0,8586.349609375,2910.699951171875,315.8500061035156,-5.87,87.08,0.008710700361544088,-0.06597999232193308,0.00984378783387152,-0.06809595846110283,0.01423508165530496,-0.09480161442456958,0.014317048494834728,-0.05971243186887709,-0.00414028541551581,-0.05993066371761557,0.00041413092360897963,-0.016483181514323708,-0.0044924929806212655,-0.0624414733451194,-0.003325640235055105,-0.11066518383879453,0.02800736440037399,-0.21022929014465475,0.014290341343136115,-0.10764233589355066,0.006656398652614337,0.00829168804981292,0.006762165248496677,-0.1420438716779584,0.1273595218816928,47.53131640857435,0.8110456635735723,0.9133199407941532,0.7797812613456383,0.5380739171686942,0.44535947523267244,0.684095501194214,0.5419275845089924,0.5243968539127914,0.7604869803838091,Medium
2018-03-09,10226.849609375,10888.349609375,24296.166015625,13537.150390625,26020.05078125,12747.25,3688.14990234375,8515.7001953125,2858.14990234375,315.70001220703125,-21.13,-542.12,-0.001542645765246653,-0.07730726840661728,-0.0005874747584846407,-0.07141945191471899,-0.007402725620792361,-0.11296398186400514,-0.0009077714970128214,-0.0725914747717814,0.002575850550698311,-0.062727216572104,0.005113354521036673,-0.023116920322399093,-0.018064456245007965,-0.11533943335482133,-0.00822810825049114,-0.12814182367723936,-0.018054093417278483,-0.2541265051048802,-0.00047488964250708143,-0.11394885483276662,0.006725322226141426,0.007925255321427212,0.006760863582422152,-0.21586759654484697,0.1188262988248372,46.69663104851281,0.8253392826278877,0.9016111196739169,0.7624513965953397,0.5089354841960718,0.40663834304121294,0.6318667982535066,0.5096484896474889,0.46177640072376414,0.7658760223768684,Medium
2018-03-12,10421.400390625,11045.7998046875,24663.912109375,13835.4501953125,26703.0,12923.400390625,3766.89990234375,8600.7001953125,2844.699951171875,317.3999938964844,293.12,-806.45,0.019023530088059015,-0.059949450602110765,0.014460427976792145,-0.05224099956076411,0.015135972215266413,-0.09979915019323993,0.022035642367841612,-0.046143491248556545,0.026247036352524455,-0.042527470388034505,0.013818697415128645,-0.02461588649201596,0.02135216899669823,-0.08064973395891228,0.009981563236196145,-0.12473542157735551,-0.004705824267945413,-0.2826558702040707,0.00538480083535231,-0.10842698343684165,0.011056316814964842,0.008849656400587092,0.00704278828636103,-0.029632236960040796,0.29455141976958665,47.87710463786199,0.8348173808230762,0.907060863971332,0.8088883802719509,0.6329693479001862,0.47248432083630976,0.6975105423778203,0.5350244321864903,0.44989073357996806,0.7259230197559194,Medium
2018-03-13,10426.849609375,11064.2998046875,24738.36328125,13934.2001953125,26644.80078125,12734.2001953125,3786.89990234375,8712.099609375,2910.85009765625,321.95001220703125,7028.42,1613.39,0.0005228873803659884,-0.058068751818430964,0.0016748447669809874,-0.0385349173654711,0.003018627845608579,-0.09863129900989254,0.007137461998414585,-0.03673876949611099,-0.002179501132831496,-0.03866647010805835,-0.014640124858295911,-0.029246364723400697,0.0053094057496871905,-0.08421701950940552,0.012952365683344569,-0.10453644361690917,0.02325382206201554,-0.22536388336475,0.014335281657348764,-0.07948531177403506,0.011014229513326586,0.008861413596595069,0.0070364913397023285,-0.027263562068137227,4.0608566134025885,25.30769757476682,0.8501473033603801,0.9087082801490571,0.8078811034013961,0.6357796973317139,0.45190868400166073,0.7049547661404945,0.5345852943147453,0.48720570035538685,0.7324292168017814,Low
2018-03-14,10410.900390625,11060.599609375,24851.361328125,13843.25,26532.150390625,12786.9501953125,3765.35009765625,8701.5498046875,2961.75,320.29998779296875,-258.98,-432.03,-0.001529629691374823,-0.0646427778650287,-0.00033442652294479736,-0.05290114746758878,0.004567725260977262,-0.09625264275793766,-0.00652711989476773,-0.037396421818399084,-0.004227856366795346,-0.037202388229716665,0.004142388150880194,-0.0344005893666226,-0.0056906190401712076,-0.09068186269590772,-0.0012109371059242369,-0.09569386294074889,0.017486267116514576,-0.20055334368041033,-0.005125095050474648,-0.0810500673917105,0.010300896646315944,0.008750111379968098,0.006956256350607041,-0.049687171044176456,-0.014176787942732116,49.48881467512627,0.8484604751431138,0.9027998833781768,0.8284337384987928,0.6607674815027417,0.4340505004318384,0.7052124769532557,0.5611817517041304,0.4921266670097448,0.7425680611527885,Medium
2018-03-15,10360.150390625,11051.75,24791.560546875,13667.150390625,26381.30078125,12762.2998046875,3753.60009765625,8670.5498046875,2940.0,319.95001220703125,-705.4,256.45,-0.004874698450260895,-0.062400164315153495,-0.0008001021361897509,-0.04954896165859157,-0.0024063382468436645,-0.09084300701524584,-0.0127209729922525,-0.04881490641690789,-0.005685540265454758,-0.04110187314601277,-0.0019277771672275845,-0.026369522730457673,-0.003120559760781294,-0.08810201089432124,-0.003562583757585336,-0.09337536984042294,-0.007343631299063014,-0.20596339802912467,-0.0010926493889338307,-0.07207069740634209,0.009443962031268757,0.008713297556329188,0.0069732240585338124,-0.05710390371319834,-0.26380990963614515,50.897612613258495,0.8471819619401263,0.8996761261546626,0.8298842889670945,0.6652625763662008,0.42452148385221816,0.7046592842258786,0.5599189187712748,0.5023413257889624,0.7379450967301047,Medium
2018-03-16,10195.150390625,10861.400390625,24489.265625,13419.25,26052.150390625,12698.400390625,3664.5,8546.7998046875,2932.0,314.79998779296875,-150.46,-770.53,-0.01592640973139836,-0.07549623130318583,-0.017223481292555465,-0.06463197019894562,-0.01219346080709327,-0.10554992593512036,-0.01813841097373503,-0.07158598039503827,-0.01247665508817275,-0.03963351898866874,-0.005006888651764019,-0.022177046089531416,-0.023737237675341083,-0.09871246799964595,-0.01427245131941901,-0.08928849413276863,-0.0027210884353741083,-0.20363957357235007,-0.016096340733158243,-0.08674216233013698,0.010934897044462249,0.009070913275547716,0.007164402464139973,0.014943493854067865,0.04650639463459234,49.90028355844127,0.8570725266077471,0.9021121100659326,0.8465218438374327,0.7153084101661771,0.43523277401622507,0.7311918546499485,0.5891065620929284,0.4694169721377012,0.7417986976933819,Medium
2018-03-19,10094.25,10787.0,24244.818359375,13324.0,25935.80078125,12421.2998046875,3566.800048828125,8512.900390625,2854.800048828125,305.54998779296875,292.23,-191.52,-0.009896900659531527,-0.08374863690427337,-0.006849981397354488,-0.07752955801977013,-0.00998181282232713,-0.109313835651076,-0.007098012183989422,-0.06589364513809648,-0.004466027089144564,-0.051773353556829105,-0.021821692292997685,-0.04190640830084924,-0.026661195571530905,-0.12393767883747953,-0.003966328314360168,-0.07051216776568647,-0.02633013341469137,-0.20636068740811042,-0.029383736844625807,-0.10631765648560132,0.010903721527949595,0.009162527694365517,0.007236127079379007,0.033400681557907735,0.2940537416227582,48.63648572895835,0.8611494058529094,0.9052533040004607,0.8644583481826275,0.7257121527164541,0.45462305281310567,0.735116387185158,0.6249482639152254,0.4937788417755104,0.7490424365577593,Medium
2018-03-20,10124.349609375,10848.599609375,24167.91796875,13244.650390625,26044.0,12609.099609375,3555.449951171875,8578.7001953125,2864.449951171875,304.29998779296875,344.16,731.17,0.002981856935879268,-0.05912774595252823,0.005710541334476682,-0.04011259810059398,-0.0031718278720477278,-0.08630824040348428,-0.005955389475758022,-0.038521805084919425,0.004171809448360042,-0.041798949441051114,0.015119174936638169,-0.028844081092086915,-0.003182151368417485,-0.09949854185292983,0.007729422601956415,-0.051317332082331135,0.0033802375573417365,-0.17991042527305712,-0.004090983635865686,-0.051433917169125376,0.01107039245182485,0.008366579840573962,0.00717506288966341,-0.12695572444752828,0.3230924227068023,46.537976770388845,0.830927196383564,0.878823925996828,0.8148132555328701,0.7589013265207386,0.5326894256701898,0.6945837757817042,0.6306606297254805,0.46337663826801617,0.6771619806795923,Medium
2018-03-21,10155.25,10833.599609375,24255.318359375,13325.2998046875,26093.0,12608.849609375,3539.10009765625,8525.4501953125,2862.35009765625,306.70001220703125,98.44,197.78,0.003052086486265315,-0.04793488185493733,-0.0013826669376789669,-0.0485492132970442,0.003616380638912009,-0.07062216719220826,0.006089206712438955,-0.03204182454535409,0.0018814314237445284,-0.04040568446683879,-1.9826950991341796e-05,-0.025357757371907153,-0.004598532883365758,-0.09867439516975185,-0.006207234055002453,-0.05998674730552955,-0.0007330739064810299,-0.18518882483769716,0.007887034210778188,-0.039611691419175865,0.007095071694844502,0.008315641905608542,0.007168316706447776,-0.1372179848977368,0.1856885190678402,47.23925306682011,0.8738571884695359,0.8774676802568234,0.8283442308652246,0.7763184103189041,0.5308081139935199,0.6930715418848832,0.6387241814290772,0.49352283457705004,0.6837822185000284,Medium
2018-03-22,10114.75,10737.150390625,24141.21875,13372.9501953125,26036.150390625,12489.599609375,3550.39990234375,8474.0,2804.85009765625,303.0,161.11,409.89,-0.003988084980675044,-0.03652989784011618,-0.008902785983205153,-0.03975690609857885,-0.0047041068554311005,-0.06469262136298481,0.003575933849401025,-0.01551491839261343,-0.0021787302868585545,-0.02386153686070769,-0.009457643139096139,-0.005791114103822492,0.0031928468751090122,-0.08068360892186688,-0.0060348948306317984,-0.04477948428913625,-0.02008838822584358,-0.1843876364933854,-0.012063945418214206,-0.033030176805219136,0.006851750164251157,0.007890315165085622,0.007179380136296852,-0.22290684901536453,0.22073288924956636,46.00072047631822,0.8580992124454202,0.8829568029969334,0.8107039169478399,0.7463942380814574,0.4559583904981251,0.6754172168809546,0.6026178854492937,0.4809952014333986,0.6622333559741276,Medium
2018-03-23,9998.0498046875,10637.7001953125,23670.125,13239.2001953125,25910.05078125,12541.099609375,3447.550048828125,8327.400390625,2715.89990234375,292.95001220703125,1628.19,-935.41,-0.011537625281148767,-0.04568713256099077,-0.009262252245189173,-0.051454540198176524,-0.019514083148764017,-0.0778963556484964,-0.010001532799163604,-0.0341461492777545,-0.0048432509216265185,-0.03080398884302249,0.004123430823302243,0.007313208068711496,-0.028968526460281252,-0.11139891775807076,-0.017299930301510558,-0.06808561375147959,-0.03171299435461006,-0.20882677085609203,-0.033168276544451314,-0.0806526978870803,0.0072093080777167915,0.008112172508728541,0.007276547363200663,-0.17821014419604578,1.041107783237229,41.61483157022408,0.8646565741536738,0.8891411490528638,0.832334017014202,0.7486332677761278,0.4278394737950747,0.7016281599281669,0.6320927845152148,0.5108039392579524,0.7067541608270393,Medium
2018-03-26,10130.650390625,10801.0,24244.068359375,13280.2001953125,26168.94921875,12462.400390625,3521.35009765625,8390.5,2850.10009765625,296.3999938964844,-741.19,2017.95,0.013262645068574441,-0.042186400982245464,0.015351044087467125,-0.04788351633083432,0.024247584639920605,-0.06467047224523992,0.0030968638131567694,-0.03255957592026859,0.009992201083887986,-0.02305818579558827,-0.006275304494923972,-0.010005220911262325,0.021406519929481727,-0.10545030640921793,0.007577347841474902,-0.0941381790915079,0.04941279139068744,-0.19108234530762336,0.01177669071751053,-0.09316203652567023,0.010208268070483379,0.00831238275605344,0.007351126218016882,-0.1378745926224774,-0.2838232814057954,50.048444576965046,0.8706666371899987,0.8931505800637694,0.8245077872330363,0.7758500756533688,0.3299151899030513,0.7151177249666899,0.6366171118962851,0.5477380858668217,0.6960813762805582,Medium
2018-03-27,10184.150390625,10843.75,24433.8671875,13354.400390625,26300.150390625,12518.2001953125,3585.699951171875,8452.5,2935.0,297.25,1063.12,2172.91,0.005281003483202706,-0.025901587250880764,0.00395796685492078,-0.03480273259307065,0.007828670721084174,-0.040430115675583744,0.005587279876902107,-0.020909647417653776,0.005013620179330491,-0.013656851293886718,0.004477452411934646,0.0020411920242484616,0.018274199307377836,-0.1005167471874282,0.007389309337941796,-0.0834964105367163,0.029788393191371165,-0.15676667221725693,0.002867766940010341,-0.09375,0.008839887896821875,0.008171771412870505,0.007362039759847518,-0.16620299319420312,0.725126895115512,43.65480271097649,0.8695027189480061,0.8892250559248548,0.8304358535809384,0.7827639083253607,0.3159466434511043,0.7995961818988662,0.6581741909987302,0.5640562346503669,0.7412340160670575,Medium
2018-03-28,10113.7001953125,10821.349609375,24263.068359375,13214.150390625,26127.400390625,12511.5498046875,3512.550048828125,8358.0498046875,2878.5,294.04998779296875,-1190.55,1960.67,-0.006917631084606968,-0.040423141411086605,-0.0020657420749279343,-0.047814548549242164,-0.006990249509597812,-0.055959518707482725,-0.010502156285388753,-0.044474719868179746,-0.006568403504703113,-0.02444903134267562,-0.0005312577304436017,0.007156235687803658,-0.02040045272606905,-0.12817232991279726,-0.011174231921029287,-0.10512908207131477,-0.019250425894378198,-0.17118960005449324,-0.010765390099348182,-0.11842302936769189,0.008348832009242288,0.00806393004628177,0.007364006289464208,-0.18792935866212596,-0.5351004185505291,50.955450207357664,0.8570651201009132,0.8856603610298177,0.8255145807410005,0.7846358774206648,0.3487116817949778,0.7965055826385472,0.6456115503099938,0.5770904352587105,0.7303281431717384,Medium
2018-04-02,10211.7998046875,11058.4501953125,24328.216796875,13291.25,26501.44921875,12707.099609375,3539.550048828125,8620.849609375,2854.39990234375,296.3999938964844,,,0.009699675438319622,-0.027531028310258332,0.02191044504579076,-0.024453841267171983,0.002685086508229073,-0.03996448745233849,0.005834624784480935,-0.04234815188414154,0.014316343093177197,-0.005391249900768114,0.015629542921552053,0.02311591057769724,0.00768672321381092,-0.12055405954950615,0.03144271819726563,-0.06793566715703137,-0.008372450115077257,-0.1368742957624045,0.007991859211265107,-0.11443088411618019,0.009063358144851761,0.008296786367764028,0.007366094171915802,-0.14101673410931206,,,0.8572750182001484,0.8846444292886578,0.8365851182287254,0.798148989843902,0.39349489648497316,0.8032662486755193,0.6564709512761584,0.5710024721999334,0.7494719486149249,
2018-04-03,10245.0,11153.4501953125,24510.314453125,13394.75,26506.44921875,12615.4501953125,3559.85009765625,8664.7001953125,2901.449951171875,297.8999938964844,,,0.0032511600254110373,-0.02849556682945331,0.008590715545318428,-0.013562600561073501,0.007485039194216281,-0.03593998855045921,0.007787077964826583,-0.04104707336065838,0.00018866892745106334,-0.00849311841883782,-0.007212457356900126,0.012760421893188267,0.005735206042600138,-0.12157775850648633,0.005086573588966692,-0.05895192013983164,0.016483341661233997,-0.11285566407659864,0.005060728849150653,-0.10081495661676942,0.009070211536884719,0.008277461328145694,0.007339481510106044,-0.14491007195091415,,,0.8675677753800335,0.8842078713709949,0.834348072402558,0.794132336338114,0.3715432401121171,0.8023121054651174,0.6691652167872751,0.5877149218166715,0.7700601650083205,
2018-04-04,10128.400390625,11198.0498046875,24129.21875,13254.099609375,26448.05078125,12490.849609375,3468.35009765625,8569.5,2852.300048828125,294.0,,,-0.011381123413860439,-0.03098833941954493,0.0039987276218567125,0.007512674959158971,-0.015548380819586427,-0.04110653351616811,-0.010500411775135832,-0.03963105727846361,-0.002203178442274689,-0.005676894308816571,-0.009876824370786075,0.0042530652745689235,-0.02570332949138565,-0.13108778114000874,-0.010987130906618292,-0.06659481800383393,-0.016939772586426538,-0.10559570870446044,-0.013091621270188925,-0.10146702618710302,0.010153391270196025,0.008373705455320622,0.007434648901534722,-0.1255201555645786,,,0.8244881050767954,0.8877053724743572,0.8337632075403132,0.7802667755788517,0.39867004044972176,0.8102142497215071,0.6849356785774104,0.5815158630807161,0.7693415615142997,
2018-04-05,10325.150390625,11406.150390625,24759.513671875,13431.900390625,26676.44921875,12682.5498046875,3609.25,8655.650390625,2992.5,301.70001220703125,-1628.23,1084.09,0.019425574859986305,-0.005130848492615692,0.018583645328170473,0.03912851231618242,0.02612164647373838,-0.011922060691533787,0.013414776294893516,-0.025102038386166092,0.008635738012947147,0.010035394723677094,0.015347250291815273,0.028476037022483025,0.04062447514712075,-0.080070834012124,0.010053140862944066,-0.041233286134455094,0.04915329690839387,-0.03798238504909501,0.02619051771099068,-0.06464106766396849,0.010886962299867214,0.009080473225515468,0.007710669917344846,0.016869498442330565,-0.7798462290043014,54.88151135533378,0.8423251565104329,0.9090036660048048,0.847226170541215,0.7727493590076238,0.4468867015149311,0.8410579335115933,0.6829063756607892,0.6439791050034462,0.7990943552408946,Medium
2018-04-06,10331.599609375,11444.150390625,24872.861328125,13490.599609375,26805.900390625,12603.349609375,3604.050048828125,8772.400390625,3019.35009765625,303.3999938964844,2354.03,-712.41,0.0006246125727966678,-0.002779890753649039,0.0033315359432077862,0.04389805460711327,0.004577943563518261,-5.025305159689353e-05,0.004370135054825974,-0.01873704065098858,0.004852638775628915,0.01705468096318219,-0.006244816423526034,0.018699451129566835,-0.0014407290079310187,-0.09137777667260183,0.013488298941285004,-0.027530926960064317,0.008972463711361733,-0.03736587950052417,0.0056346755739822285,-0.054386822113387634,0.010252008945664266,0.009076329152381133,0.007709362610795518,0.016034608730799753,1.4469894754776014,41.51047845190399,0.8420685192035319,0.9100386465980496,0.8448770472675713,0.7701625942848015,0.44351332534852606,0.8551268919253495,0.6694017967165882,0.6477709592029295,0.7964562528104021,Medium
2018-04-09,10379.349609375,11472.349609375,25093.509765625,13611.400390625,27107.69921875,12531.2001953125,3609.550048828125,8738.150390625,3044.35009765625,303.29998779296875,32.64,-21.41,0.004621743176794313,-0.0017408677702211994,0.002464072717281107,0.04844998305638826,0.008871051648991601,0.006300009038615606,0.008954441221875165,-0.014987126632774905,0.011258671550930188,0.020160289731672387,-0.0057246221281389564,-0.010177654224337473,0.001526060938523477,-0.07733699068931887,-0.003904290556163259,-0.011901530559622397,0.00827992753122797,-0.03984919906058182,-0.00032961801426323323,-0.048171995598726314,0.010229007759072593,0.009092739314420551,0.007724396547797646,0.01934069793510214,0.14889388753827928,49.338725049991545,0.8482548998004387,0.9108369824724329,0.8442397083898053,0.7682210941443345,0.4389699005495164,0.8710938919586968,0.7150919546034172,0.6478622132715539,0.8031409625185817,Medium
2018-04-10,10402.25,11386.650390625,25226.5078125,13636.75,27103.44921875,12576.5498046875,3683.35009765625,8719.599609375,3064.800048828125,306.6000061035156,-2760.63,1823.59,0.002206341580816895,0.0018829210436344113,-0.007470066871041681,0.04965916930050773,0.005300097440223084,0.010883614844994227,0.0018623806990836211,-0.0022316120653387284,-0.00015678202586300038,0.02428877559215059,0.003618935829623471,-0.0120736195528367,0.020445775187986293,-0.05659143723807625,-0.002122964291150553,-0.016040893799193157,0.00671734541556801,-0.02858952493561806,0.010880377327279867,-0.04082586592257176,0.009332226637184913,0.009097572278187966,0.007716679033689867,0.020314375665879777,-1.413071772227322,58.722203141354484,0.838004333317012,0.9112544898398635,0.8547153002995005,0.7681108981065937,0.4472566729350633,0.8573498143569201,0.7149718143723552,0.6483815485882758,0.802913174471364,Medium
2018-04-11,10417.150390625,11453.599609375,25097.958984375,13581.650390625,27159.400390625,12759.099609375,3742.0,8761.7998046875,2993.300048828125,305.3999938964844,,,0.0014324199692374862,-0.007044043774292352,0.005879623634104103,0.04819251481422171,-0.005095783731956072,-0.008072264576125088,-0.004040523539333041,-0.017012007307449895,0.0020643561424016355,0.018354024305695216,0.014515094165131082,-0.00870557625770696,0.015922977938227945,-0.07118746161441991,0.004839694160627239,-0.036677943972797,-0.023329417534869612,-0.06173495844271604,-0.003913934061130164,-0.05317003424440436,0.009017974016799168,0.008891113411746993,0.007717486330332492,-0.021280060015708008,,,0.8392770257398369,0.900924051587044,0.8436276133852458,0.7613388590552652,0.41035352183323387,0.8443682612030241,0.706238716219206,0.6286684616928514,0.7981930420876824,
2018-04-12,10458.650390625,11459.5498046875,25194.806640625,13574.7998046875,27041.44921875,13168.2001953125,3690.449951171875,8685.0498046875,2955.35009765625,299.54998779296875,-55.89,-521.38,0.003983815001590951,-0.011712549215241452,0.0005195043929795418,0.025770535596432387,0.003858786139155468,-0.019184154685519816,-0.0005044001090050987,-0.024076751182448897,-0.004342922530635618,0.014846575176789,0.0320634369557633,0.03579363027303328,-0.013776068633919003,-0.09368975664600376,-0.008759615799363463,-0.041924503983878814,-0.0126782983839967,-0.0670654548573757,-0.019155226654976598,-0.09950400333936527,0.0090272066325003,0.008768284594949475,0.007722407511348586,-0.04602588666970935,0.09938889165207829,48.85135601005102,0.8413310754646899,0.8982706092690259,0.8375594069648323,0.7640926293753085,0.4524301075510399,0.8208889383756107,0.7054401973159254,0.6356331997141872,0.7640970530789543,Medium
2018-04-13,10480.599609375,11465.2998046875,25200.306640625,13633.7998046875,26982.900390625,13260.4501953125,3725.449951171875,8730.599609375,2941.199951171875,300.8999938964844,-399.59,306.05,0.002098666456015641,-0.006982954499716532,0.0005017649120602208,0.026873541092899744,0.0002182989565449045,-0.007209386213809954,0.004346288773969809,-0.02561776664314175,-0.0021651512702360876,0.009529305352390827,0.007005513178090839,0.04029641937548201,0.009483938398591851,-0.07723080037850638,0.005244622162433155,-0.03245439156849672,-0.004787976387500392,-0.037974714879801086,0.0045067806994827375,-0.08023842423883987,0.006548717697144502,0.00876806435841589,0.007724464949090174,-0.046070256836459,-0.09280434325233024,50.003982977476475,0.8397914676070806,0.9051910476324678,0.851473168225804,0.764252269873563,0.4564474087407971,0.8188544296855583,0.7048712627999357,0.6441471979909928,0.7690067941050719,Medium
2018-04-16,10528.349609375,11504.9501953125,25320.5546875,13638.349609375,27267.19921875,13203.099609375,3731.5,8867.2001953125,2918.0,305.79998779296875,-308.13,-28.97,0.004556037037927396,0.00338325634327985,0.0034582951427741815,0.031168213701686653,0.004771689828612979,0.00850138935996081,0.0003337150869662242,-0.025236882596758825,0.010536259038475215,0.02841927087515339,-0.004324935058220958,0.03076739865524236,0.00162397801807046,-0.06580547303814999,0.015646186063877687,-0.010384733091989617,-0.00788792042602593,-0.05225889358120028,0.016284459939770235,-0.06454575251597316,0.0015942544666219941,0.008743146926056673,0.0076091955301792295,-0.05109027150321633,-0.041660923804098644,49.636882284786,0.8422244961601408,0.9052532466746405,0.8575857538942381,0.7597710013553658,0.45512065612330965,0.8168631072683824,0.6973551690399362,0.6498517624878799,0.7738326969639986,Medium
2018-04-17,10548.7001953125,11472.349609375,25334.154296875,13750.5498046875,27536.69921875,13162.2998046875,3735.550048828125,8827.75,2899.550048828125,309.45001220703125,-951.39,723.81,0.001932932196645476,0.008639086405804353,-0.0028336138257063492,0.029214871518608243,0.0005370976087546442,0.01734350811194818,0.008226816185689545,-0.01507414908047422,0.009883670040254033,0.03942079976950885,-0.0030901686645254944,0.03076480219322275,0.0010853675005024765,-0.05689359970502683,-0.004449002440855554,-0.010092231784923356,-0.006322807118531504,-0.04034483586149451,0.011935986133961629,-0.04711312638327558,0.0013572887623074742,0.008724306571717333,0.007526499717953492,-0.05488596175520195,-0.40136479428594274,51.74955722465323,0.8365378870318192,0.9059580912121707,0.8520829778446645,0.7517458888187959,0.44833269596471564,0.8161475531289208,0.6909272759949351,0.6451243687203705,0.7659569690059157,Medium
2018-04-18,10526.2001953125,11411.7998046875,25102.009765625,13696.099609375,28016.849609375,13124.0,3750.5,8790.0,2867.60009765625,311.20001220703125,-915.71,869.7,-0.002132964212026689,0.016155325373779394,-0.005277890471366065,0.040121788160803584,-0.00916330296759249,0.011426985354401564,-0.003959855866558781,0.000712388641111561,0.017436744571697194,0.0707860617577083,-0.002909810994721429,0.02071526299775628,0.004002074922424104,-0.02096169150167193,-0.004276287842315374,-0.007430136875121285,-0.011018934191112773,-0.0514685948758733,0.0056551944771914275,-0.03218776544504609,0.002157480981427055,0.008539432927248111,0.007531553299992512,-0.09213170976619513,-0.3814129332984849,51.18289708259657,0.8299519784196498,0.9101485379885486,0.8510749197032623,0.6746552871918587,0.48497075165015535,0.8035244845111913,0.6879886252702345,0.665048194077705,0.754494222406404,Medium
2018-04-19,10565.2998046875,11431.650390625,25125.857421875,13643.650390625,28173.19921875,13273.4501953125,3920.14990234375,8829.75,2870.699951171875,313.20001220703125,-624.99,448.61,0.0037145036812440413,0.030836383607337092,0.001739478984668752,0.05639784345579879,0.0009500297574840388,0.027719519158078354,-0.003829500386672069,0.004542808243678698,0.005580556399270575,0.08811277580785792,0.011387549170412958,0.044651828915215575,0.045233942765964485,0.027050748681305414,0.0045221843003413476,0.009166208216739635,0.0010809922618424395,-0.022357738110580172,0.006426734966415992,-0.003341249937848012,0.0022534073666880526,0.008291035090686112,0.007537835427051056,-0.1421754207214599,-0.21884552785359207,49.60696811846403,0.8162456033561748,0.902370347076211,0.839921839785577,0.6521892668633643,0.4592420173507845,0.757155163611275,0.673588508895872,0.6442861251922081,0.7374218982616104,Medium
2018-04-20,10564.0498046875,11440.099609375,24943.560546875,13476.4501953125,28110.94921875,13910.349609375,3891.449951171875,8819.7998046875,2799.10009765625,310.20001220703125,-21.02,111.01,-0.00011831183431687542,0.04036256933009841,0.0007391075182747731,0.0603927141722429,-0.007255349417102486,0.03355217874942884,-0.012254799157517926,0.008852240441904247,-0.002209546722637401,0.07865553027691918,0.04798295881559267,0.09727732027711644,-0.007321136152144581,0.03140778476618644,-0.0011268943415725374,0.02377246717208359,-0.024941601258744117,-0.011407715547621211,-0.009578543687977059,-0.003853505822007275,0.002414921314792294,0.008063452747448572,0.007491781667105544,-0.1880255181342794,0.11888780960702947,47.03036692474647,0.8184528701412913,0.8907588980223063,0.8111084012081697,0.6931424427833222,0.3400160393781695,0.7536900074650438,0.6519669122963083,0.6099920020476525,0.7314633318456304,Medium
2018-04-23,10584.7001953125,11497.2001953125,24960.359375,13558.650390625,28022.05078125,14013.9501953125,3861.550048828125,8949.900390625,2818.14990234375,315.20001220703125,-259.08,387.26,0.0019547797489403163,0.03339465779292583,0.0049912665000493295,0.0552972941382317,0.0006734735441409345,0.01973227657471499,0.006099543583153011,0.0006790087553281143,-0.0031624132222722867,0.07971470280262594,0.0074477341581462575,0.10499193872413937,-0.007683486288894925,0.028101716940395427,0.014750968141970189,0.04234055189798669,0.006805688979629965,-0.0317964923835119,0.016118632505607078,-0.002057919531181951,0.0022542388198605254,0.007944287817034235,0.007390410347621022,-0.2120331963660939,-0.014232706835634166,47.54099788462068,0.8119472024022933,0.8879097681088287,0.8029085473138485,0.7300262208443905,0.35257367904909465,0.7716565154888375,0.662388960669695,0.5940591487940075,0.7079437001286181,Medium
2018-04-24,10614.349609375,11522.599609375,25041.80859375,13841.7998046875,28078.69921875,13734.7998046875,3787.60009765625,8984.150390625,2789.89990234375,316.45001220703125,-680.99,508.55,0.0028011576629851653,0.037890456474961365,0.0022091825514924945,0.058250333866383563,0.0032631428709146704,0.03068972189461805,0.020883303714231083,0.022504693031517364,0.0020215664421643353,0.07911777170640488,-0.01991946501410946,0.07747159620212196,-0.019150328297393604,0.026964792089741563,0.0038268582336264956,0.05501017938259034,-0.010024307073412064,-0.023879083439267257,0.003965735887024646,0.002375673015521329,0.0022895220120000425,0.007933549486342837,0.0073287068897134955,-0.21419660456924153,-0.25016010787875026,48.9306013924416,0.8110030183120579,0.8904384519338293,0.7520749251890091,0.7304697785401413,0.3281608640262493,0.7509066990793981,0.6631101263370068,0.5867810954304987,0.709414767734973,Medium
2018-04-25,10570.5498046875,11503.5,24814.111328125,13784.849609375,28013.099609375,13892.400390625,3736.199951171875,8901.150390625,2743.89990234375,318.3500061035156,-304.79,435.98,-0.00412647089076601,0.014311839913249358,-0.001657578152716499,0.04143658253866467,-0.0090926845308541,0.006089837576614965,-0.004114363458227022,-0.0036573140174827046,-0.0023362766509922306,0.0490618885284424,0.011474545546977133,0.07498026608406727,-0.01357063712089912,-0.00814992486335342,-0.009238491831860984,0.0349332250269867,-0.01648804674366855,-0.03543433422094322,0.006004088554881548,0.002993107200062184,0.002842464108984169,0.007243075445039337,0.0073235432370311075,-0.3533036266889023,-0.03979323278116958,45.99911587642019,0.7957884745492049,0.8916873378710556,0.7017541430452304,0.6626343839385023,0.27838849688772055,0.7517043968220719,0.6763107050565921,0.6715156373393002,0.73311238886294,Medium
2018-04-26,10617.7998046875,11534.7998046875,25010.609375,13824.849609375,28342.349609375,14026.650390625,3737.5,8896.599609375,2711.85009765625,316.1499938964844,-1056.34,684.11,0.0044699661676110836,0.018313316338696595,0.0027208940485503597,0.04252415501256279,0.007918802502199007,0.01100501640528262,0.002901736408701616,-0.007847639936613304,0.011753429809310045,0.0637103216519288,0.009663556781058125,0.10149441468560028,0.00034796018551341845,-0.01304494536894829,-0.0005112576521336676,0.021177443816351893,-0.011680384062160654,-0.068364908299548,-0.006910671163348092,-0.01801527594543828,0.003185499304898148,0.0072792803196290974,0.007283375996706426,-0.34600957653042047,-0.4600516723866634,48.608195115954935,0.7945323221246839,0.8935975570402476,0.7118988745350491,0.6664004140558066,0.29190600067560046,0.7497666191562934,0.6857916095220575,0.6739327739351976,0.7318813569230589,Medium
2018-04-27,10692.2998046875,11581.7998046875,25394.3046875,14030.4501953125,28433.5,13794.900390625,3763.85009765625,8987.400390625,2814.89990234375,317.25,-759.21,633.71,0.007016519558704637,0.02702930616029131,0.00407462641708789,0.04712223692382178,0.015341302034948878,0.021847630486163228,0.014871813563749559,0.01352285014808663,0.003216049194271875,0.07166209980653626,-0.016522119932132595,0.07882647385941954,0.007050193352842848,-0.00039836933116355056,0.01020623443077251,0.03285053724378084,0.037999815984136376,-0.04958220567443239,0.003479380435717383,-0.009522285074016756,0.003569587663593074,0.007358613944015335,0.007296103570437315,-0.3300265509825009,-0.2938998659067481,47.803080583650484,0.7922356626279785,0.9005334410850871,0.7177738794456684,0.6627211011744457,0.241238998098041,0.7490896115944058,0.6933713571669664,0.6996611125897544,0.7291478943745926,Medium
2018-04-30,10739.349609375,11625.75,25531.302734375,13770.150390625,28772.75,13986.25,3774.85009765625,9060.7001953125,2863.64990234375,322.25,-385.47,261.98,0.004400344691688707,0.03660170986447664,0.003794763858266048,0.051937475965344815,0.005394833548737932,0.0298384680585686,-0.01855249126463987,0.007536318622106686,0.011931348585295432,0.09064940499255725,0.013871039583949418,0.09590357647474734,0.0029225393452436688,0.005661231736771466,0.008155840565861716,0.04499719157533422,0.017318555434034932,-0.025969420971513557,0.01576044129235621,0.007188584795178921,0.0036256302667114246,0.007301571784899212,0.007286265442637966,-0.3415186048690449,-0.08490859557455824,46.41122831501881,0.794367015432295,0.9040489939587415,0.6253082062624246,0.6516130751292676,0.24375358419186885,0.7522138104924108,0.6934353865845077,0.7022869068856387,0.7337002669695484,Medium
2018-05-02,10718.0498046875,11508.2001953125,25568.00390625,13771.7001953125,28818.19921875,13754.2998046875,3645.25,8961.0498046875,2792.25,315.79998779296875,-1263.57,1163.64,-0.0019833421447520427,0.05128903390609474,-0.010111158823086663,0.05955031408710276,0.0014374970308737023,0.044049433648543745,0.000112548130814627,0.026264522630735643,0.001579592452928491,0.10617353219027859,-0.016584159107158825,0.08315215945167798,-0.034332515014759646,-0.005253104106972328,-0.010998089383484233,0.04846843373736265,-0.02493318135199174,-0.04766371077762621,-0.020015553784425877,0.003176620199419,0.003895121680203952,0.006580339063622989,0.007248329450959087,-0.48682245426878634,-0.5759323941476194,47.613724913660285,0.736439680594849,0.9110600923416472,0.5521262122594802,0.576191760213728,0.23886939240887156,0.7254918188517965,0.6629910946736433,0.7755208687382424,0.7221445961062712,Medium
2018-05-03,10679.650390625,11451.650390625,25604.953125,13709.5,28486.30078125,13473.9501953125,3673.050048828125,8966.2998046875,2794.449951171875,310.54998779296875,-366.6,-154.2,-0.003582686660562606,0.05799345078881535,-0.004913870433930545,0.06161587008667846,0.0014451350557314058,0.05610001879428661,-0.004516522610161888,0.028932752927048888,-0.011516973527064045,0.09833897250798818,-0.020382688566920493,0.0847455908139143,0.007626376470235341,0.029788605625624687,0.0005858688562643266,0.053260274789755035,0.0007878775796847926,-0.021139868510589133,-0.016624446494411416,0.016363934543462744,0.004447075509362234,0.006291612193665509,0.0072412257411198135,-0.5449910930345432,-0.07435670048393796,43.90624708648911,0.7287207822103436,0.9001695545968263,0.5410633847751625,0.5580675815462024,0.19123116676999358,0.6778301204369537,0.6647223414369664,0.7514020336953127,0.6918554693299522,Medium
2018-05-04,10618.25,11323.7001953125,25645.1015625,13643.25,28177.94921875,13453.2998046875,3633.60009765625,8817.4501953125,2784.39990234375,310.1000061035156,-108.02,615.28,-0.0057492884485150775,0.04878341915096018,-0.011173079071401637,0.043793724816513,0.001567994961912289,0.06112167360299936,-0.00483241547831792,0.030095140122168962,-0.01082455615658462,0.0819363085067577,-0.0015326159237388781,0.06695166359736171,-0.010740379425121516,0.021980381543162064,-0.01660100739629322,0.0278305564437904,-0.0035964318573358245,-0.027946045555928056,-0.0014489831175040768,0.019060198958972485,0.005089175644602691,0.006440033750380906,0.00723225261548933,-0.5150892002217937,0.07023837278223011,43.39749936064509,0.7439530027689002,0.8886280281884102,0.562925127960433,0.5855777605056078,0.19440259570991067,0.6855463568828648,0.6847149424217123,0.7387288021951466,0.6860807756581716,Medium
2018-05-07,10715.5,11489.599609375,25851.75,13863.099609375,28586.5,13424.900390625,3695.949951171875,8774.400390625,2840.800048828125,313.54998779296875,-159.37,-296.97,0.00915875968262192,0.05516850889933789,0.01465063638219366,0.06055235781764745,0.008058008153969398,0.06581779785248454,0.016114167033148163,0.040359302422472654,0.014498953705905038,0.09556202813014991,-0.002110962698728014,0.06472047859491048,0.017159250286194583,0.04431913457873038,-0.004882341689935066,0.029200826889983933,0.020255763705816943,-0.007528795602526284,0.011125384139145877,0.022334448364200066,0.005705993623474092,0.006582162308912042,0.00729034963826549,-0.4864551323890601,0.04152402127701806,43.91339428366917,0.762086384348204,0.8869160111521183,0.5878368269036678,0.6100266122848056,0.1796010848929995,0.6992434427882086,0.654981119020647,0.748848742639003,0.6944607417213603,Medium
2018-05-08,10717.7998046875,11437.2001953125,26090.197265625,13880.599609375,28555.150390625,13379.650390625,3689.10009765625,8753.25,2876.5,317.25,,,0.00021462411343375898,0.059620831428112364,-0.004560595307406934,0.06519884505843732,0.009223641170327035,0.08073239946201971,0.0012623439557604144,0.03796091413250324,-0.0010966578411137906,0.0967500940886803,-0.003370602290025171,0.07126335583903787,-0.0018533404418674682,0.0390660768160056,-0.002410465636785597,0.03295374085437808,0.012566865164129304,0.025545002352753476,0.011800390212339362,0.04702970297029707,0.005620234693505004,0.0064986433210981855,0.0072899925557287654,-0.5032813662374764,,,0.7522064942377369,0.8701088001846937,0.603912835360015,0.6030677277924098,0.16188354141949376,0.7123747566730911,0.6493501299709279,0.7312128416784313,0.6690171280141514,
2018-05-09,10741.7001953125,11419.75,26154.14453125,13921.150390625,28435.900390625,13453.400390625,3691.64990234375,8704.099609375,2855.449951171875,316.95001220703125,-383.67,176.95,0.0022299717349214543,0.07437954452640816,-0.001525740129970976,0.073516811935733,0.0024510073639516516,0.10494323672773165,0.002921399823579085,0.05150992395703424,-0.004176129292568942,0.09748532068500815,0.005512102173587108,0.07274487960912279,0.0006911725407288127,0.07080386072962108,-0.005615101890726337,0.04523611224147306,-0.0073179380594906585,0.05138261859639859,-0.0009455879999015204,0.08192523980179556,0.005081801249912574,0.005978441921989778,0.007275486759606445,-0.6080842454244203,-0.083902055502321,43.206401387920884,0.7267249601235268,0.8446262797523053,0.5713643900811511,0.5743614356450621,0.1851124640970897,0.6749254395378521,0.5948259979742379,0.6987712156539497,0.5925066997202802,Medium
2018-05-10,10716.5498046875,11346.400390625,26130.6953125,13960.0498046875,28231.349609375,13427.2998046875,3655.699951171875,8544.9501953125,2821.199951171875,310.70001220703125,-3370.14,1902.07,-0.0023413789407356056,0.05783433357888823,-0.006423048610959103,0.050495360672622835,-0.0008965775470874959,0.07781808420761416,0.002794267210035839,0.051192722954204184,-0.00719339913419581,0.07881097454028807,-0.0019400735263694902,0.07742484463814514,-0.009738179979919326,0.03815293844399226,-0.01828442012440712,0.018407746297896432,-0.011994607009639169,-0.010140046136674519,-0.01971919785230203,0.048245676805044324,0.004892256870817599,0.005672796679330783,0.007271673103062205,-0.6696613605482099,-1.753903016354718,52.48748177154979,0.7009572538572826,0.8233405827618864,0.5881052976556684,0.5695101377355511,0.24503666722788986,0.6632984026533322,0.6030724999644401,0.6553099437943073,0.5896685169252387,Medium
2018-05-11,10806.5,11373.2001953125,26412.84375,14048.349609375,28476.0,13478.599609375,3712.800048828125,8445.7001953125,2841.85009765625,309.1499938964844,12.34,-621.94,0.00839357787271755,0.061109624809537744,0.0023619653603661472,0.04882537824207489,0.010797586291744432,0.08099317833373565,0.006325178342691196,0.05196408662699392,0.008665911974103935,0.08273145122967085,0.0038205600108511817,0.07672024724625559,0.015619470530656043,0.035446384077594484,-0.011615047218700658,-0.0008044726042590877,0.007319632369835238,-0.03173761579003409,-0.004988793851459672,0.04003362118245368,0.005785448093314971,0.005764648905080601,0.007308986126607075,-0.6511562628402662,0.13754235227915945,41.36087073224185,0.6883428202937623,0.8279747640358145,0.5894182982557907,0.5793263337514271,0.24185716932408247,0.6683267162015175,0.5297532184859716,0.657990084683965,0.5540700878985909,Medium
2018-05-14,10806.599609375,11273.75,26474.841796875,14071.349609375,28437.099609375,13446.150390625,3702.050048828125,8462.0498046875,2862.85009765625,307.0,717.99,687.23,9.217542682682378e-06,0.06851097033543119,-0.008744257869784833,0.041806281744475315,0.002347268906817357,0.09115802687195562,0.0016372029910654007,0.0648697943802845,-0.0013660763669405274,0.08840141706477467,-0.002407462176369557,0.07469902614201707,-0.002895388886722583,0.05394940922285851,0.001935850077187773,0.01244309407460964,0.007389552326253712,-0.005436825549331226,-0.0069545332004899985,0.044040172571436775,0.005440705308238559,0.005529267760890973,0.007307144446527268,-0.6985775532475407,0.5321340200426039,38.424265240773884,0.6891658282612954,0.8164097880705464,0.5545679516781381,0.5545824674014592,0.24445480546008427,0.6457390624380109,0.5004160666797461,0.6301853290748904,0.5342854079722549,Low
2018-05-15,10801.849609375,11186.7998046875,26473.69140625,14025.0,28352.650390625,13504.9501953125,3711.550048828125,8401.150390625,2795.050048828125,300.8500061035156,-518.47,531.33,-0.0004395462191344457,0.05778117628360202,-0.007712624043685556,0.011606473520982652,-4.3452219047335205e-05,0.08818873274964356,-0.0032938993530599037,0.055205492335183015,-0.002969684669324013,0.06985282791875624,0.004372984309955141,0.06278778088344139,0.0025661457502463847,0.04859374712244735,-0.007196768568859646,-0.025484636515533454,-0.023682710067017276,-0.020792410154895524,-0.02003255340874388,0.015013536770130287,0.004521104074100666,0.005364102712187843,0.00729060928061114,-0.7318526899057805,-0.159280723134309,42.17345205993649,0.67044201853778,0.8468647824336679,0.5574758870177701,0.5245985991645781,0.20788210567682522,0.648890105700637,0.4513102403846064,0.675752807876215,0.5252585215990319,Medium
2018-05-16,10741.099609375,11164.7001953125,26181.845703125,13786.0498046875,28866.0,13525.599609375,3696.14990234375,8399.099609375,2709.89990234375,307.04998779296875,-699.22,229.06,-0.005624036826737067,0.04842358315031725,-0.001975507719887859,0.001008656496689131,-0.011023989765783115,0.0681970544766668,-0.017037447081105217,0.02921292332350367,0.018105877309612772,0.08901798810460493,0.0015290255620243887,0.0721456150966917,-0.004149249311413028,0.038288074202123656,-0.00024410719421097404,-0.030653176676694094,-0.03046462317198062,-0.06601873272043146,0.02060821526897305,0.030714985176078402,0.004319025925801437,0.005528553306280495,0.0072591013913956195,-0.6987214915382772,-0.26035412205479735,43.17746683386946,0.6703884156793477,0.8576374422142543,0.5926093017135579,0.3875321110853727,0.21187426996137157,0.6423730503214696,0.43147090210784667,0.701518522326955,0.4156828176015522,Medium
2018-05-17,10682.7001953125,11154.7998046875,26073.498046875,13682.7001953125,28496.0,13504.75,3679.35009765625,8403.0,2706.89990234375,307.3500061035156,-830.94,428.92,-0.005437005165795927,0.05472728005505867,-0.0008867583053556727,-0.0038622796606866405,-0.0041382741873338125,0.08057779727638303,-0.007496680400781663,0.032337208755722546,-0.012817847987251385,0.07743289801159436,-0.0015414924274815833,0.08117145128895142,-0.004545217356267672,0.06083584242045914,0.0004643819940706173,-0.01942937160861191,-0.001107051960629768,-0.05097645549040786,0.0009770992427107217,0.04540818402556335,0.004844581154350191,0.005140464345332433,0.0072845735524089085,-0.7769082102932384,-0.33401048778540166,42.68116440319355,0.7854259235028951,0.8302431731579019,0.577989554589962,0.43121266474806585,0.16724990240288834,0.5911382023800348,0.36511612816569794,0.6880960711350511,0.3579118935344306,Medium
2018-05-18,10596.400390625,10962.75,25875.298828125,13523.5498046875,28852.69921875,13459.150390625,3590.64990234375,8211.849609375,2656.75,302.75,-166.15,149.58,-0.008078463600931896,0.02627080378861013,-0.017216786320700783,-0.038873798384198244,-0.007601558425098021,0.045064906000857885,-0.01163150462651541,0.00682326486924123,0.012517518906162373,0.08157944793006355,-0.003376560793424521,0.061233789568913455,-0.024107571434694997,-0.005153452284061832,-0.022747874642984667,-0.05127295595610981,-0.018526692583027526,-0.11219715956558063,-0.014966669959870949,0.0034802378206342244,0.005423346130565827,0.004264866442785906,0.007312343049286009,-0.9533113905888028,0.037732720338257836,38.33386699090482,0.7383363888793507,0.7516821425501655,0.5944044030182253,0.31893838233429184,0.09960608972524881,0.5010810077894762,0.40963763373700507,0.5518001347351883,0.24335332121038647,Low
2018-05-21,10516.7001953125,10732.900390625,25750.501953125,13514.0498046875,28673.69921875,13483.849609375,3530.35009765625,7983.2001953125,2727.550048828125,292.79998779296875,-496.03,1190.56,-0.007521440524559053,0.0179159658654926,-0.020966418952817478,-0.062149655127099135,-0.004823011932304833,0.03528506887173477,-0.0007024782795348461,0.0017382619002497268,-0.006203925623834761,0.06967864540667468,0.0018351246574377367,0.06986238002515144,-0.016793562816619922,-0.020449203028087504,-0.027843838469894022,-0.08996399618922002,0.02664911972452244,-0.09664333031622696,-0.03286544081595788,-0.03493739722068745,0.005827041594143206,0.004532204463705521,0.00733645071888965,-0.8994518770301391,-0.14673252356708485,40.08697261704084,0.7783995054358995,0.7599335760983387,0.568041541487165,0.3585959484967418,0.09550445512477986,0.5301861940231822,0.5189775095411107,0.37758842494316003,0.3578274037508869,Medium
2018-05-22,10536.7001953125,10913.4501953125,25777.400390625,13456.25,28593.349609375,13484.5498046875,3592.89990234375,8118.89990234375,2816.10009765625,296.3999938964844,-1651.63,1496.83,0.0019017372016476575,0.015159965880268134,0.01682208891505299,-0.048717083517553994,0.0010445791522419867,0.027253685569997188,-0.004277015811163576,-0.011398561953394726,-0.002802205908697619,0.054805477168545336,5.192844275070385e-05,0.07607807668188205,0.017717734206878166,-0.004612803883902505,0.01699815909801794,-0.07086745599453548,0.03246505004231537,-0.07497495119753883,0.012295103325144607,-0.022749733512004933,0.004003949321974479,0.0044758735965508,0.007310108714342412,-0.9108006297921086,-0.7929312499433855,43.827979942155004,0.7206777019152582,0.7508088374582448,0.5461731985730178,0.32858157204926225,0.11397995673491887,0.5326568539188166,0.5163425142103283,0.3582352422853526,0.36519156292718824,Medium
2018-05-23,10430.349609375,10860.599609375,25684.650390625,13172.25,28415.400390625,13464.349609375,3458.35009765625,8069.7001953125,2896.0,293.8500061035156,-311.11,789.78,-0.010093348388598211,0.002701301100723308,-0.004842701894603452,-0.046198905139224644,-0.0035981130212701107,0.0181611573639211,-0.021105434277752022,-0.0340623682329001,-0.006223447801010917,0.048405321451389316,-0.0014980251921705712,0.07059168201732091,-0.037448804126084756,-0.061085694825254166,-0.006059898215649562,-0.07453317161074136,0.028372536335000254,-0.0550770184478,-0.008603197859239242,-0.041585126373726466,0.0042968344864375094,0.004861934206666767,0.007384568349674038,-0.8330225547039448,-0.043327306812580284,40.26369318442814,0.7083164594902535,0.7334391634890587,0.6162467833124632,0.3690308003322673,0.12474890782449762,0.6084022237581546,0.4987964977634922,0.18564387337765914,0.3684483613210298,Medium
2018-05-24,10513.849609375,10681.599609375,26016.498046875,13113.9501953125,28500.25,13775.7001953125,3491.64990234375,8207.0,2946.35009765625,291.79998779296875,-701.93,1480.51,0.008005484296034426,0.009282693934900443,-0.01648159461154286,-0.06740239106735513,0.01292007682421592,0.0365981577654122,-0.004425956437776435,-0.03443618278050653,0.002986043068497146,0.04936963224850288,0.02312407171310471,0.07967651457086622,0.009628812510933393,-0.06690275191241313,0.017014238616603672,-0.06332030142833056,0.017386083444837608,-0.015685013331776076,-0.0069764106447719465,-0.04453178249939771,0.006450297750450083,0.005067737827248764,0.007434851255650723,-0.7915601287645716,-0.26186952405244335,42.0724955991398,0.550798695935399,0.7773758501562479,0.5750866851792537,0.36182770044363083,0.18691159195707524,0.6198156513558867,0.5429825027205671,0.24367710370279824,0.33230515517207426,Medium
2018-05-25,10605.150390625,10883.0,26273.24609375,13315.7998046875,28595.80078125,13762.349609375,3567.39990234375,8297.25,2950.0,295.5,-768.29,887.76,0.00868385840031305,0.014007543471509454,0.018854890464929497,-0.050311732529986775,0.009868662815895046,0.042804037693469965,0.01539197620615873,-0.019079471058612962,0.00335262958219662,0.05748033509321848,-0.0009691402794932413,0.045120016801840634,0.02169461490086766,-0.03334283094370416,0.010996710125502629,-0.04465141978554876,0.0012387877281296866,-0.0018103092626802209,0.012679960115887345,-0.013520240220366353,0.007894328766116194,0.005254118077864834,0.0074898280948652455,-0.754010850885606,-0.29897730138225587,42.745733597666266,0.5996910186563336,0.7907979615786331,0.6163812362273636,0.3786695398882444,0.1289608529484941,0.676297502460934,0.5910488203711403,0.2575329113554013,0.41247931107714625,Medium
2018-05-28,10688.650390625,11007.150390625,26613.94140625,13446.099609375,28791.849609375,13497.7001953125,3604.699951171875,8498.2001953125,3029.449951171875,300.04998779296875,-795.06,1017.65,0.007873532851907061,0.019851038013502187,0.011407735975833777,-0.03995965407508917,0.012967385578634083,0.056095935092555615,0.00978535323440588,-0.013767269433424323,0.006855860747692288,0.06704057727532153,-0.019229958660708535,0.017891549419933428,0.010455808109323339,-0.03241219224056868,0.024218891236554185,-0.026618952243892546,0.026932186837923755,0.03000476046004219,0.015397589823921365,-0.0028248790985619943,0.008453112083511117,0.005418781905213076,0.007530190188025984,-0.7208366932735438,-0.3139467890121395,43.233640414790315,0.6245099532503386,0.8090113497637684,0.6318403346259842,0.39750104316315554,0.04639714786765698,0.6806616224009435,0.62304918086501,0.3098127947596734,0.44139359270505946,Medium
2018-05-29,10633.2998046875,11051.150390625,26254.49609375,13446.5498046875,28706.099609375,13561.0498046875,3606.949951171875,8410.4501953125,2940.050048828125,297.1000061035156,-407.33,578.38,-0.005178444790938985,0.009968342542410191,0.003997401547041202,-0.03944387389633319,-0.013505903053336876,0.036884713537143066,3.3481479802865977e-05,-0.014063270863481692,-0.002978273405959908,0.0527703772977004,0.0046933631995322855,0.02711107284673764,0.0006241851001409504,-0.03337801120946671,-0.010325715796669743,-0.051510058410709325,-0.029510275391467555,0.007556562312585724,-0.009831634092545172,-0.02844990855703744,0.008046166419737728,0.0054692549899174,0.007526024706950178,-0.7106680843318418,-0.09713246556295033,42.0547777813956,0.5848514582859017,0.8077816148609469,0.622562011418572,0.393582039898993,0.04550389961606785,0.6671147721855065,0.6233131146013005,0.36232719459586477,0.4385556157308547,Medium
2018-05-30,10614.349609375,11024.150390625,26327.494140625,13401.5,28658.05078125,13557.7001953125,3610.14990234375,8321.099609375,2958.699951171875,297.04998779296875,-1286.91,492.46,-0.0017821556488181178,0.006223460032703576,-0.0024431845595825896,-0.03906777896515112,0.002780401749640893,0.03920951266459016,-0.0033502872738251366,-0.025384425324470383,-0.0016738194592381683,0.04072207614979728,-0.0002470022176190856,0.030040372616659816,0.0008871626208273309,-0.033569392685212196,-0.010623757808743584,-0.05739292465520662,0.006343396212314056,0.0203996831741724,-0.00016835513133395263,-0.04007117119053949,0.0073521293599549025,0.005474120946353419,0.007517685796143686,-0.7096877597010985,-0.5889838637509622,45.01765006609259,0.587758376243972,0.8050527514981192,0.6238999872410625,0.39358371473353204,0.049928148465505445,0.6637797605170435,0.6293111889235363,0.3621802206786889,0.43427648072795555,Medium
2018-05-31,10736.150390625,10994.4501953125,26955.88671875,13523.400390625,28814.30078125,13666.0,3593.64990234375,8220.25,2969.0,294.95001220703125,-15.31,-266.02,0.011475105468772284,0.019945487584968724,-0.002694102879597593,-0.036571760503857575,0.023868301888836152,0.07385372607350837,0.009096025864641977,-0.012609372279374087,0.005452220082680093,0.02846327060299303,0.007988066053042253,0.04129838463882973,-0.004570447334967476,-0.04182111655945875,-0.012119745479476918,-0.06481797497155861,0.0034812752215869214,0.03536054501693808,-0.007069435018462578,-0.052217221602129604,0.008302118293260868,0.005824877659072559,0.007565492106209637,-0.639022218527779,0.12208077839173757,41.59924870731623,0.5371776223958492,0.8372281041945723,0.6353789815127947,0.46212074757024296,0.07457677720190042,0.6156795770422436,0.5280886587641924,0.3410727342190705,0.389550779061802,Medium
2018-06-01,10696.2001953125,11076.5498046875,26692.490234375,13498.25,28611.400390625,13558.5498046875,3568.39990234375,8213.2001953125,2938.35009765625,291.25,,,-0.0037210912532843476,0.012389652262108308,0.007467368346441017,-0.031062932630332662,-0.009771390090899335,0.06235141695646429,-0.0018597682460422815,-0.01065700061655861,-0.007041655883492148,0.01555383073369132,-0.00786259295422942,0.021478937667290365,-0.007026282661405703,-0.08972871159587503,-0.0008576143897691679,-0.06982641690733038,-0.010323308300353662,0.023565732272632367,-0.012544539935242072,-0.07008305029222628,0.006893932807588484,0.005849224866789162,0.007570031939239764,-0.634117084721457,,,0.4997948127504524,0.8435571846061136,0.6439716961982536,0.46886095057684174,0.07700352617888874,0.6670947657923783,0.5153137896468505,0.35257975995910085,0.3945591486484204,
2018-06-04,10628.5,11023.25,26257.24609375,13511.400390625,28394.80078125,13595.099609375,3574.14990234375,8205.7998046875,2891.699951171875,281.54998779296875,-524.85,1305.45,-0.006329368754912523,0.006100898472089833,-0.004811950077175164,-0.036437585651212134,-0.01630586493816477,0.052666320207424455,0.0009742292982424239,0.002593427408996485,-0.00757039524168035,0.01009754456497225,0.0026957016210438223,-0.022662981797922255,0.0016113664828383278,-0.08153774372263811,-0.0009010361916204079,-0.06961609260945745,-0.01587630640800264,0.03308200860453714,-0.033304762942596544,-0.09235984296138944,0.007479155577248955,0.005977704074352482,0.007558021113372102,-0.6082328966139835,-0.16284834850146093,43.67829533164097,0.5035802118968373,0.8559301804894323,0.63899820401879,0.48918267839664575,0.10212737945742578,0.6397489773974468,0.4999339718999294,0.38217324447036155,0.4368116431050187,Medium
2018-06-05,10593.150390625,10986.9501953125,26250.6953125,13545.349609375,28346.44921875,13408.900390625,3553.550048828125,8117.75,2880.64990234375,278.6000061035156,,,-0.003325926459519235,0.0007983405440470381,-0.0032930219932869598,-0.04438037011898188,-0.00024948470325525385,0.05169540702977149,0.002512635090997417,-0.0009809812088079628,-0.0017028315455528409,0.011576541632601023,-0.01369605402682006,-0.043174821963466226,-0.0057635673036871005,-0.07976071683791064,-0.010730191667264632,-0.09297873208697116,-0.003821298549196661,0.022177670516398296,-0.010477648081527624,-0.11611676613602362,0.006934125786075433,0.006002557613833105,0.007529743324860502,-0.6032257541879539,,,0.5021097486756537,0.8574433760706204,0.6284452433025992,0.4980529493130845,0.11595354084383126,0.6459402108742116,0.5104712418372767,0.38272224390987086,0.4430348843140602,
2018-06-06,10684.650390625,11155.849609375,26367.29296875,13614.0,28602.0,13528.7998046875,3619.60009765625,8233.650390625,2953.5,282.79998779296875,-81.4,712.31,0.0086376570355291,0.006623183128235066,0.015372729561890619,-0.031828755006084286,0.004441697824075552,0.05293085641309547,0.005068188906507398,-0.016457383281208604,0.00901526604894709,0.01863693104773745,0.008941778264407896,-0.014998398442596539,0.018587060241323172,-0.04435526340385243,0.014277403298327718,-0.08353600144351436,0.025289465962864188,0.058640131683151964,0.015075310830727773,-0.10633598709437753,0.0070856847138950334,0.006186759568626133,0.007498547337410444,-0.5661153287887527,0.08512398207276067,42.695872162098404,0.5382931017457019,0.8426092033361924,0.6542428869208923,0.520907237192027,0.19366375096525848,0.7057040382632804,0.5394316144350184,0.4308017773106945,0.4735453411421326,Medium
2018-06-07,10768.349609375,11236.0,26517.4921875,13793.099609375,28864.19921875,13683.75,3673.35009765625,8252.150390625,2970.10009765625,291.20001220703125,-968.18,1480.82,0.007833594520176401,0.01871234782885045,0.0071846065903975465,-0.023253792324075317,0.005696421658757833,0.0686456523407446,0.013155546450345224,0.0005984831342946695,0.009167163790993582,0.030382200514867952,0.011453358579436745,-0.01501903089158041,0.014849706749318514,-0.0168218656220237,0.002246877037803907,-0.07291192391081824,0.005620483377772212,0.08243748072562229,0.029703057908941455,-0.08528347220340937,0.007216144969636089,0.006280421475398564,0.00754817877322562,-0.5472456419391711,-0.41075357640419996,45.89757375515515,0.5551374708250677,0.835175291833974,0.6709768696292572,0.5366330887005398,0.27022005307721464,0.7125053739736372,0.5353289730619112,0.4131960080962236,0.5331128877701133,Medium
2018-06-08,10767.650390625,11226.099609375,26451.04296875,13862.900390625,28713.5,13769.7998046875,3658.550048828125,8603.9501953125,3019.35009765625,292.25,248.7,218.64,-6.493276828523076e-05,0.014113148551863297,-0.0008811312411000083,-0.026762510016606456,-0.002505863611843462,0.05759290276189044,0.00506055804908101,0.0027523468482577584,-0.005220973483723301,0.01309525835861658,0.0062884665890197144,-0.018311612450907844,-0.004029033017454053,-0.021123732755016777,0.04263128857748022,-0.032894524527563695,0.016581932723029658,0.11339122330757179,0.0036057271598679552,-0.07559700888151799,0.00710128170320406,0.006239431440135352,0.0075471652140947035,-0.555503739131762,0.2697122475424879,41.71568164516393,0.552401568593653,0.8306455094179669,0.6649140847121744,0.5253695041840507,0.2498515626643852,0.7160202577232739,0.4338019284242492,0.4314225281654746,0.5402909841791228,Medium
2018-06-11,10786.9501953125,11239.7001953125,26453.244140625,13846.2998046875,28806.30078125,13775.099609375,3644.800048828125,8647.150390625,3029.25,290.45001220703125,-499.71,118.69,0.0017923877528847054,0.008852201336844834,0.0012115148101965456,-0.029537689749786766,8.32168273137146e-05,0.041699879802034934,-0.0011974828837929552,-0.01312505215880555,0.0032319564403504586,0.013111322251921242,0.0003848861103772361,-0.0014353696430788876,-0.0037583195026685834,-0.03162985925030792,0.005020972266440493,-0.037858555890635914,0.0032788189588994765,0.0761483907394993,-0.0061590685815868795,-0.08447592684938932,0.00578558982775369,0.006122694959092021,0.00752545759463158,-0.579022167456757,-0.14879033882588097,43.944476023474195,0.5479466090268424,0.8215625357566504,0.6460994166046401,0.525418023721048,0.33349717746659435,0.7109047119962647,0.419687855654224,0.39499545079410026,0.5349916547255782,Medium
2018-06-12,10842.849609375,11243.400390625,26606.791015625,13946.849609375,29060.650390625,13859.849609375,3628.949951171875,8870.4501953125,3099.89990234375,291.6499938964844,72.47,-389.78,0.005182133323169635,0.009637455131328299,0.0003292076521794751,-0.03288816716125842,0.005804462930283583,0.04212430099784825,0.007261853788075534,0.012832047126391632,0.008829651932974247,0.010006008832141422,0.006152405601649535,-0.00903747542228972,-0.004348687841283949,-0.0386505802111089,0.025823513481342486,-0.020997273488689627,0.023322572367335148,0.08249960995813121,0.004131456839457037,-0.0949573502048584,0.005631096019778981,0.006142328582766341,0.007510860923067027,-0.575066660429155,0.17116638258117306,42.0722017793631,0.5408258690030212,0.8216340903639627,0.7625372146223804,0.5281643689206399,0.32679108381121913,0.696370735269249,0.4324879236667093,0.40191348311559744,0.5297685332298699,Medium
2018-06-13,10856.7001953125,11236.2001953125,26642.490234375,13994.7998046875,28915.650390625,14034.150390625,3612.85009765625,8948.9501953125,3145.699951171875,291.5,-70.77,486.78,0.0012773935299743577,0.012936158457144131,-0.0006403930361230659,-0.023635320500488888,0.0013417333465368664,0.04202464658816574,0.003438066420409891,0.016199859582402,-0.004989564860075402,0.003381584363938872,0.01257595040079651,0.020346407298910796,-0.00443650470032686,-0.008888252477539216,0.008849607209505894,-0.0013502446296717041,0.014774686367613699,0.12658248766116031,-0.0005142941869479278,-0.0769473994055353,0.0043537264134125946,0.006128670348220412,0.007509929727781818,-0.5778183298930921,0.09106816038825054,42.51977107895339,0.5378005426603533,0.8234682273514625,0.76376842243482,0.5246524366792376,0.318317465075781,0.7378332925721783,0.42805585567117727,0.39947884776296033,0.5282002411535498,Medium
2018-06-14,10808.0498046875,11243.0,26561.94140625,13976.2998046875,28885.05078125,13825.400390625,3597.10009765625,9112.4501953125,3100.35009765625,291.5,-1372.84,576.19,-0.0044811397339686865,0.01202281061327759,0.0006051694139748154,-0.018220115311572305,-0.003023322047466581,0.03737512334344495,-0.0013219195885748602,0.019460943483533333,-0.0010582369395681912,0.013997956528720712,-0.014874430883927814,0.026083679263915194,-0.004359439106044638,-0.020677624906338177,0.01827029946882952,0.01629996696614966,-0.014416458727645298,0.10946703352339271,0.0,-0.061342742044055765,0.004647557501803808,0.006151192994916355,0.007523356632631799,-0.5732807830416403,-0.6370349684217094,46.94284041403057,0.5240294003286098,0.8310944726348608,0.7577795400640364,0.5136129338585675,0.32740368269889897,0.7613704628006004,0.38546727581773316,0.41533283181322783,0.5082645220102968,Medium
2018-06-15,10817.7001953125,11173.0498046875,26417.09375,13939.099609375,28774.55078125,14121.5,3541.949951171875,9316.25,3032.75,287.79998779296875,-1524.74,561.01,0.000892889170515776,0.01878371627269093,-0.0062216663979809406,-0.013303989687696083,-0.0054532029129436,0.03010291012568489,-0.0026616626598138238,0.021684687253770152,-0.0038255082477378632,0.02117263956537374,0.02141707299672757,0.04966812640863627,-0.015331835363800117,-0.02522295905471028,0.022364984205053506,0.05656961974706354,-0.021804020683777958,0.08919340122343877,-0.012693009286556589,-0.07191234399106339,0.003912922786234898,0.006040137588465959,0.007110274348775252,-0.5956546681661828,-0.7219757667399511,47.18399858244551,0.5005618300068921,0.8380490746792143,0.7507345760958414,0.48466380855202745,0.2981496709570628,0.736400604267436,0.35125940191588534,0.39371208882204006,0.5133505102552464,Medium
2018-06-18,10799.849609375,11203.4501953125,26408.994140625,14030.5,28711.80078125,14024.2001953125,3480.449951171875,9319.2998046875,3022.050048828125,286.70001220703125,-754.43,824.1,-0.00165012762557748,0.007871738078017776,0.0027208677269339177,-0.024905081446790822,-0.0003066048616722217,0.021555374031738683,0.006557122998355425,0.012075249788423559,-0.002180746468538719,0.0043832151977332146,-0.006890189051269369,0.04464091257660341,-0.017363317056372396,-0.05830706661265028,0.0003273639809473483,0.06210104278404005,-0.0035281349177725962,0.06380244891743381,-0.0038220140117892765,-0.08563220102456526,0.003001717787586609,0.005833183930873579,0.007050435725777396,-0.6373487874267703,-0.2912269428260291,44.09917620783493,0.45137814766469486,0.8365396413753281,0.7098152280416624,0.4360397461140267,0.33710686495958453,0.7110140699777897,0.38889690295356294,0.3675363802761777,0.4917517362605995,Medium
2018-06-19,10710.4501953125,11080.349609375,26265.4453125,13820.7998046875,28651.599609375,13849.4501953125,3425.699951171875,9253.9501953125,2974.64990234375,280.95001220703125,-1324.92,653.68,-0.008277838793689818,-0.0006857386318958048,-0.010987738936796942,-0.031200869080157734,-0.005435603770466146,0.006717007353022053,-0.01494602439774062,-0.004308157166864057,-0.002096739676262782,0.003377647024463526,-0.01246060363987167,0.035113010502627606,-0.015730724695973697,-0.07139956615753462,-0.007012287483457724,0.057201633143403985,-0.015684765546075452,0.034121294053102824,-0.020055806610317917,-0.114420765304866,0.004469588193927879,0.006038800798271234,0.006902673448023915,-0.5959239858987305,-0.6102386349430383,46.510343978873465,0.48032654563276234,0.8492064856635194,0.7328578474347456,0.436112157949751,0.3849118678152796,0.7236601788465218,0.4017637722553516,0.3972315423104452,0.5279887257674007,Medium
2018-06-20,10772.0498046875,11137.349609375,26557.390625,13972.5,28519.599609375,13810.900390625,3459.64990234375,9291.349609375,2972.699951171875,284.04998779296875,-2442.61,1473.65,0.005751355755517995,0.0028254008977315337,0.005144242014870404,-0.024729121970708645,0.011115186094372342,0.015418057098682159,0.0109762240576734,0.003688603882160635,-0.004607072617223373,0.0029434347989767407,-0.0027834898962666443,0.026573207488058026,0.009910369167113187,-0.06284452917724082,0.004041454003226086,0.06746820766704986,-0.0006555229139195706,0.041061829835917996,0.011033904435829411,-0.10380193452263464,0.005057079521518965,0.006117457610499894,0.006922462956222955,-0.580077314968281,-1.2352385090201647,50.45050327450162,0.49223921449843966,0.8535493741333857,0.7411417690878367,0.41583755306853953,0.3616232937460683,0.7312242256923605,0.4081035833056535,0.3958520444787566,0.5422988162677532,Medium
2018-06-21,10741.099609375,11033.2001953125,26496.640625,14064.400390625,28330.5,13771.7001953125,3422.449951171875,9198.7998046875,2913.35009765625,281.79998779296875,1126.75,663.57,-0.0028731945983977436,0.002290831016971584,-0.009351364347477298,-0.02760348520498912,-0.002287498830657375,0.014004423078820327,0.006577233181248809,0.007474943671222478,-0.006630514171483637,0.00351206697507922,-0.002838351896239155,0.02564926646716925,-0.010752518960567059,-0.06380447058441685,-0.009960856988323497,0.07651883210901356,-0.01996496602094955,0.032663458131032996,-0.007921140984663344,-0.09301584576316435,0.0045197906799826605,0.006125577699099105,0.006860039670960697,-0.5784413934465225,0.7607080866690981,38.49445475862714,0.49461871538463603,0.8544422405375474,0.7262194857418703,0.4182109043670212,0.36321160985105555,0.7320728440487019,0.41061529203987507,0.39915522549472915,0.5422478295109853,Low
2018-06-22,10821.849609375,11088.5,26766.5390625,13948.400390625,28630.75,13777.099609375,3431.550048828125,9360.900390625,2948.300048828125,282.25,-1343.44,1105.76,0.007517852262492797,0.0014204052537825085,0.005012127370895847,-0.02503254936370858,0.01018613798329393,0.01339103490134419,-0.008247774293835053,-0.007114659125745271,0.01059811863539295,0.0054344008990026005,0.0003920659022433881,0.022146217607976082,0.0026589425078762385,-0.07575145343169531,0.017621927792677683,0.10836285614547991,0.011996481713609342,0.037457975443415226,0.0015969206051273943,-0.08701275894409866,0.005606306471128859,0.006086627743273955,0.0067878002351131886,-0.5862884840573442,-0.6205948139085014,46.688107074762875,0.5055542323230698,0.8534500029647315,0.6521484009643005,0.42113891333038117,0.3493916619902857,0.7098919561051173,0.4980462332190761,0.4091682929961677,0.5647887249298086,Medium
2018-06-25,10762.4501953125,10910.4501953125,26609.390625,13777.099609375,28495.650390625,13865.2001953125,3397.449951171875,9286.7998046875,2886.75,278.04998779296875,198.68,-86.22,-0.005488841206131911,-0.004085412216456974,-0.01605715873991076,-0.032225284815389776,-0.0058710779579331795,0.00508213907970867,-0.012281034129557611,-0.020911284856710344,-0.004718689149777799,0.0020589575608722654,0.006394712126313484,0.03116503925016878,-0.00993722870744529,-0.08227876275002566,-0.007915967785717681,0.09746456461921738,-0.020876453484640956,0.008348289826042965,-0.014880468404007918,-0.09429971402941772,0.005738573856380798,0.00617056625651311,0.006765689935136169,-0.5693777301124062,0.24174161731287339,41.71701753477389,0.5306576157626581,0.8568974145714638,0.6645043273576723,0.4331820706730297,0.3259642461602985,0.7135113614287384,0.5090584668836611,0.43020606504192704,0.5762280723628547,Medium
2018-06-26,10769.150390625,10852.099609375,26601.390625,13581.0498046875,28792.150390625,13943.5,3384.39990234375,9247.75,2879.0,276.04998779296875,-538.4,238.05,0.0006225529680423669,-0.003027187003383225,-0.00534813732641104,-0.02991920845604601,-0.00030064574242760767,0.0048236272301585,-0.01423012174159588,-0.031654202874331516,0.010405096775666145,0.015501196323618682,0.005647217752684952,0.032473263384541706,-0.003841130558412953,-0.08814380573627678,-0.004204872023599537,0.10077186694809503,-0.0026846800034641127,0.030035222878056267,-0.0071929512238970705,-0.08243316538944578,0.005727833002314517,0.006171704930606885,0.006752721921934314,-0.5691483260322023,-0.17042535848969118,44.19277223855172,0.5299576739158366,0.8564170255299778,0.6348780622871675,0.42513931168058705,0.32786597886198016,0.7159660186441632,0.5076943871530467,0.43956540376407094,0.5858228519011437,Medium
2018-06-27,10671.400390625,10716.2001953125,26423.09375,13247.150390625,28625.150390625,14018.400390625,3341.800048828125,9263.4501953125,2809.10009765625,271.1000061035156,67.44,84.31,-0.009076853461448153,-0.006489020797197043,-0.012522868288556643,-0.040171253339010615,-0.0067025396346173105,0.009214325437958193,-0.024585685117453515,-0.0390901978229663,-0.005800191987548664,-0.008343712650696333,0.005371706574748059,0.03643467169532544,-0.012587121718720007,-0.09586998982128125,0.0016977313738477662,0.10290991012569006,-0.024279229713008,0.036606590238518866,-0.017931468604756806,-0.11708185350488509,0.006573971204417844,0.006309269498637492,0.006811079176883566,-0.5414337469702738,0.16835366226819903,42.49267306274752,0.5598071574449225,0.8533137882827427,0.6552324259710439,0.5837211922818356,0.2994001586611178,0.7270085082734591,0.4952470345979779,0.4544352783142306,0.694999211826045,Medium
2018-06-28,10589.099609375,10632.599609375,26324.29296875,12999.150390625,28411.849609375,13873.7998046875,3346.5,9149.400390625,2754.449951171875,265.1000061035156,-951.51,442.64,-0.007712275637441368,-0.008761884563471267,-0.007801327374797329,-0.046813945965490045,-0.0037391829353820016,0.009618767739722589,-0.018721007362874742,-0.049957230293014465,-0.007451516527922197,-0.0029530597496140176,-0.010315056062616401,0.027327407370554724,0.001406413041834531,-0.09046437246302708,-0.012311806323005992,0.0888254659794121,-0.01945468106671311,0.017566238332992645,-0.022132054094122666,-0.13746542756133928,0.00648233831867532,0.006387610002087427,0.006795395949257306,-0.5256508014945794,-0.4014318969574253,46.1007817638096,0.5761680130757907,0.8480702634967103,0.670277040007813,0.5923955304394845,0.328518373202273,0.6997310574192275,0.5160809930270137,0.4809210570311183,0.7306484051340237,Medium
2018-06-29,10714.2998046875,10709.0498046875,26363.892578125,13333.349609375,28966.0,13989.5,3440.14990234375,9173.150390625,2791.5,271.54998779296875,-157.15,2262.83,0.011823497741172861,0.01112636458762073,0.0071901696782687985,-0.023142021419123804,0.0015042990678613144,0.018882632167668945,0.025709312432528275,-0.014064369049506031,0.019504199770301156,0.003926869385460163,0.008339474184527962,0.03940438987474404,0.027984432195951037,-0.04191441774976812,0.00259579852077918,0.11706263837960917,0.013450979137363595,0.05071986449609489,0.024330371712381504,-0.10305536649721303,0.007885724525331374,0.006579660681749555,0.006860822983317059,-0.48695912513058337,0.04276542069944398,43.89989797423634,0.5605800335434742,0.8024507875114104,0.7012964138859737,0.7760278493812813,0.34261372851556954,0.7195159455117568,0.44897688400177066,0.467624584458195,0.7568923769635484,Medium
2018-07-02,10657.2998046875,10665.7998046875,26229.99609375,13151.9501953125,28777.5,14072.2998046875,3378.60009765625,9133.900390625,2793.449951171875,267.8500061035156,-1022.5,461.19,-0.005319993003655044,0.013369175384277732,-0.004038640289175666,-0.006251859562221518,-0.005078782807896087,0.018620768694056933,-0.013604939447095399,-0.026794307746993873,-0.006507629634744161,0.003620069404303594,0.005918710796490201,0.04364111232028023,-0.017891605434276703,-0.04298440545620241,-0.004278791726789244,0.14414021534724353,0.0006985316753984616,0.024160840741332512,-0.013625416519164046,-0.08521168965039239,0.008048533897528251,0.006500181859520294,0.006883595496944085,-0.5029714031027115,-0.44112871902860357,46.611115476939084,0.5307792669563339,0.8050551458147974,0.7282255356975251,0.7751233616383362,0.3335053774802015,0.7152886101092004,0.41302504338340956,0.5517379603312816,0.7496713666636514,Medium
2018-07-03,10699.900390625,10779.150390625,26203.794921875,13278.400390625,28973.599609375,14222.5498046875,3366.14990234375,9325.2998046875,2771.800048828125,268.25,-719.78,409.34,0.003997315147197256,0.015488738626643572,0.010627481109075632,-0.012305897977633484,-0.0009989010971008794,0.016541409327104795,0.009614558558590725,-0.01321687761263357,0.006814337915906465,0.013298546871728822,0.010677003907346494,0.054729302104209454,-0.003685015968932448,-0.06311058091322963,0.02095483921183905,0.14859154772871253,-0.007750238136418952,-0.015730992255919674,0.0014933503355225586,-0.09497299081023447,0.007513148038620613,0.0065273769111292386,0.006885965047886079,-0.4974925256657422,-0.27185104643546254,45.66119597062387,0.5578389713862296,0.7973276626273964,0.7353084073923117,0.7834106541619356,0.34540339517616925,0.724381336611179,0.42218590340481643,0.5585963454391967,0.7587304813631727,Medium
2018-07-04,10769.900390625,10914.349609375,26433.642578125,13372.7001953125,29108.150390625,14126.150390625,3370.449951171875,9399.599609375,2765.89990234375,269.5,,,0.006542116977213297,0.032554113137761576,0.012542660028900476,0.004949082180840447,0.008771540799158206,0.029161081661963628,0.007101744330143767,0.015217612428590321,0.004643909733827556,0.02437938549085361,-0.00677792768429808,0.04915207941341615,0.00127743830574234,-0.02541678661855129,0.007967551311342413,0.16480158889112229,-0.0021286335162846726,-0.04492406687025208,0.004659832246039164,-0.08286542657051288,0.007842422758553022,0.0062960228781546055,0.006914165894995218,-0.5441024902079556,,,0.5735610729170401,0.8165782735466915,0.7096098205186063,0.7803593974396034,0.30894648287310617,0.6886435139297555,0.40136145384818767,0.7219766079431575,0.7779197532807919,
2018-07-05,10749.75,10925.75,26502.9921875,13171.0498046875,29399.150390625,13970.5,3322.449951171875,9274.25,2752.0,264.6499938964844,-635.24,1037.23,-0.0018709913642785958,0.0224371090884401,0.0010445322930838774,0.022857100018120358,0.002623535866085769,0.01869944754856956,-0.015079257568017868,0.00435411211149872,0.00999719996271975,0.031540087915895576,-0.011018599287198505,0.01414082782912085,-0.01424142197492384,-0.048458452566593424,-0.013335632855039692,0.13004142804922636,-0.0050254538611362864,-0.06596300209226691,-0.017996312072414145,-0.09304316323600126,0.007872639418148399,0.006178943405663491,0.006835317154315905,-0.5676900196374957,-0.22457721437605407,44.53518305060637,0.7038154433126712,0.8003238852956126,0.7398546418627784,0.743261242090316,0.26291825763145465,0.6774245959924459,0.3880334639692294,0.7085175330749787,0.8059568412972895,Medium
2018-07-06,10772.650390625,11067.849609375,26493.541015625,13283.7998046875,29344.650390625,14015.9501953125,3322.050048828125,9189.900390625,2772.25,267.29998779296875,-525.4,1197.89,0.0021303184376380013,0.015794212607118885,0.013005936377365357,0.01698517039189551,-0.00035660772972867516,0.00838476224403073,0.008560441397759577,-0.002403160190853515,-0.0018537950680840298,0.02618739776177259,0.0032532976853012485,0.018427128588910824,-0.0001203636923436946,-0.06877553967370809,-0.009095032954147264,0.10758388509747197,0.0073582848837210335,-0.060254237288135615,0.010013202182505676,-0.09543151339096867,0.006846593316225602,0.006002406707915735,0.006779014205932903,-0.6032561565948945,-0.16315590241242228,43.7398615353358,0.6667537163560461,0.788134171686609,0.7216726595532321,0.7458902850231252,0.28028069878186695,0.6529215799831685,0.36438917945321214,0.7205142526886243,0.7910224070681695,Medium
2018-07-09,10852.900390625,11135.650390625,26752.990234375,13498.400390625,29587.55078125,14108.849609375,3366.35009765625,9307.599609375,2815.300048828125,269.3500061035156,37.56,942.45,0.007449420253147654,0.015366766990906777,0.006125921804409851,0.011674229518063628,0.009792923437338397,0.0052246612406061654,0.01615506023071589,0.0038896618922512616,0.008277501602220516,0.027636333985848083,0.006628121016980293,0.04527804034903227,0.01333515394921636,-0.06612196763787181,0.01280745315477727,0.09524362752820936,0.015528920129182167,-0.0706893679695586,0.007669354299165487,-0.10231622375747529,0.005815025597078952,0.005985012870050348,0.006814341902342794,-0.6067604230031121,0.15164509706906104,41.809004341548295,0.6546330961759335,0.7857323997918852,0.7280066169919215,0.749199987823957,0.4259883236948071,0.6546309159106015,0.34004174962328215,0.7168843625826729,0.7840932041987703,Medium
2018-07-10,10947.25,11239.2001953125,26894.23828125,13749.9501953125,29715.400390625,14222.75,3422.35009765625,9276.099609375,2845.949951171875,274.20001220703125,,,0.008693492612951825,0.02952518983562391,0.009298945374100143,0.017016310342408136,0.005279710628141698,0.024366957385721477,0.018635526981567896,0.022563437835870337,0.004321060919176167,0.03515980209726499,0.008072975031877538,0.048794171899861016,0.01663522758342606,-0.05117893400645879,-0.0033843312263101,0.10292545511356366,0.010886904348439863,-0.032006291081254634,0.018006333742764724,-0.07707840264569221,0.005154357432561613,0.006064455222528138,0.006838759179716728,-0.5907554924448201,,,0.69929812431873,0.7811319608613744,0.7565795477384323,0.7423105050941,0.4622006993718499,0.6976489705357377,0.2841875038365301,0.7182346492821287,0.7978466130035038,
2018-07-11,10948.2998046875,11127.400390625,26815.88671875,13795.650390625,29802.599609375,14536.4501953125,3317.14990234375,9228.7001953125,2791.699951171875,274.45001220703125,31.02,27.11,9.589665783638068e-05,0.03146214394686431,-0.00994730966124513,0.009365801113145666,-0.002913321495876864,0.018550667052333658,0.003323662607016553,0.02941091598888179,0.0029344790110084062,0.03993812548039166,0.022056226490130282,0.07219144736202354,-0.030739168206240786,-0.0811600647966948,-0.005109843151597349,0.10907219340517793,-0.019062176401823727,-0.056443709316943425,0.0009117432125103075,-0.07608138870447867,0.003946806424673956,0.00604453263637642,0.006827023470287919,-0.5947692155780692,0.14798800147326577,41.974841404223575,0.6841700401415308,0.7884155025322842,0.7534083603072846,0.7384525373104345,0.413540622855502,0.6508457464115573,0.27510640228478633,0.7203580093017337,0.8014419746312632,Medium
2018-07-12,11023.2001953125,11038.0,27026.236328125,14165.900390625,29932.650390625,14515.650390625,3300.35009765625,9244.099609375,2822.949951171875,271.45001220703125,-817.4,242.56,0.006841280560560881,0.026736753328097773,-0.008034256653541627,0.003961071623760359,0.007844216064200493,0.002609805053308323,0.026838169242938248,0.04751024013497429,0.004363739504425368,0.03881231121536466,-0.0014308723524679712,0.062172573585906665,-0.005064529847032206,-0.0816161319710671,0.0016686438757997912,0.1245521254675952,0.011193896388070668,-0.04919166346518189,-0.010930952328531696,-0.07967451780780022,0.004106156757826082,0.00582415349007696,0.006774085873070262,-0.6391681139365316,-0.3264390696864615,44.28861705088039,0.6866046356527619,0.7879384135080275,0.762578741287436,0.7473236038681659,0.38025068150646923,0.677941490538561,0.3624570437749836,0.7476675604389901,0.827479566224375,Medium
2018-07-13,11018.900390625,11003.0498046875,26935.63671875,14288.7001953125,29629.55078125,14534.900390625,3286.60009765625,9164.0,2765.14990234375,266.8500061035156,-1104.65,872.0,-0.0003900686380828855,0.03016961064864132,-0.0031663521754393686,-0.006635640275719723,-0.00335228362081319,0.009109171989575948,0.008668690397453993,0.058559457360213285,-0.010126053170017024,0.0355854791000938,0.0013261548385343769,0.0720099568170598,-0.004166224671062757,-0.07897091480761786,-0.008664944425065046,0.11576483977952323,-0.020475052632134227,-0.0589447103157148,-0.016946052299335546,-0.0837768030780579,0.004297965956369662,0.005764537337936753,0.006667518311716584,-0.6511787398230616,-0.4870660895476527,45.10825165940918,0.7305390958456512,0.7865819397233105,0.7553246030853047,0.7210569013749378,0.362499277779592,0.6774751560893152,0.3589572846757876,0.732732962727872,0.8175673749517091,Medium
2018-07-16,10936.849609375,10835.150390625,26679.490234375,14085.0,29571.349609375,14617.0498046875,3168.10009765625,8786.400390625,2695.39990234375,258.0,-625.68,-70.3,-0.0074463674542162295,0.029011582949146186,-0.015259352365284418,-0.01706389761413374,-0.009509575995903408,0.016081052031024168,-0.014256033965869386,0.04245300951728126,-0.0019642947780305064,0.04143536125465319,0.0056518732055079735,0.07517048235584656,-0.03605549701179189,-0.11360737959569989,-0.0412046714726102,0.07075490503751225,-0.025224672246838997,-0.06788396173281164,-0.03316472138315241,-0.08364407321617673,0.005699410190336947,0.005816928539104215,0.006639134661108964,-0.6406236956885722,-0.2192313682146163,43.627903861024826,0.7531734754190502,0.8140087502037393,0.787665463207327,0.6997280514816813,0.3426621363348833,0.7383854427204093,0.43366005729553103,0.743932782185532,0.8243099348689007,Medium
2018-07-17,11008.0498046875,10965.650390625,27007.78515625,14318.900390625,29273.05078125,14618.25,3222.64990234375,8926.099609375,2799.39990234375,260.6499938964844,-673.99,840.06,0.006510119262449043,0.039166763310533925,0.012044133703295268,-0.0019386457851231498,0.012305142226893384,0.028840753920506224,0.016606346512247017,0.05710821821199885,-0.01008742692049569,0.0326884526294422,8.210927160656745e-05,0.09019006586256184,0.017218459962125454,-0.09311818939865446,0.01589948244323791,0.0995780369406547,0.03858425605401572,-0.0282054407006882,0.01027129417242012,-0.06442933170777398,0.005891538836252888,0.005843577005956812,0.006613852922048062,-0.6352549364794338,-0.2462457853756055,43.85441547450043,0.7610478072973837,0.8132196225736695,0.8040986648566796,0.61150079961212,0.30237618574386127,0.7501514089389739,0.43576434111562584,0.7368836550906045,0.827246816112048,Medium
2018-07-18,10980.4501953125,10808.599609375,26880.587890625,14363.400390625,28993.150390625,14631.7001953125,3121.10009765625,8885.650390625,2775.85009765625,254.3999938964844,95.68,111.01,-0.002507220612614547,0.027684556244071734,-0.014322067151098405,-0.031127167554157675,-0.004709651861088071,0.019467107316755827,0.003107780540825278,0.05504630458535331,-0.00956170891502306,0.013675630746975642,0.0009200961341131464,0.08152241193212606,-0.03151127418887345,-0.1377223965494937,-0.004531567036011652,0.07918723398097893,-0.008412447491972563,-0.06014894272684945,-0.02397851581182897,-0.10042431089945913,0.005870487170384173,0.005713692667787641,0.006618508754758016,-0.6614222105866359,0.18414515762374312,40.958062527217905,0.7411378888414802,0.8173459914719885,0.8103350923997348,0.5983046502287812,0.28470420883563075,0.7229121426218881,0.4253975833360767,0.7204423535412331,0.8134487168077644,Medium
2018-07-19,10957.099609375,10799.0,26789.33984375,14431.2998046875,29212.5,14489.849609375,3104.60009765625,8749.900390625,2790.050048828125,253.8999938964844,-315.69,470.02,-0.0021265599790679657,0.017528219908060194,-0.000888145525038575,-0.038892844428622286,-0.0033945703585903653,0.010251635197167985,0.004727252058420506,0.046269527037905434,0.007565566570714166,0.012066878371035594,-0.009694743881025092,0.05890926166986388,-0.00528659750848437,-0.15483141679386514,-0.015277441046209317,0.06031761134230873,0.00511553242153262,-0.060620868963374375,-0.001965408852185102,-0.12809071685075368,0.005090293696139934,0.00558646089840093,0.006333979041782701,-0.6870550823525149,-0.045888392107495,42.03066936441479,0.7273611859491821,0.8143206102352896,0.7968596944578081,0.54889696062794,0.2668047365641792,0.7029045003637854,0.4458589499249322,0.7091048671632859,0.8058784372508874,Medium
2018-07-20,11010.2001953125,10752.7001953125,26872.88671875,14542.2998046875,29281.0,14701.400390625,3092.199951171875,8895.25,2802.35009765625,257.1000061035156,310.27,-50.73,0.00484622644956767,0.022525787510586204,-0.004287415935503303,-0.042169536217829484,0.0031186612095441824,0.01594809514688622,0.007691614858139406,0.04900846106648471,0.0023448866067607987,0.0197642224040957,0.01459992939561805,0.06765534714748478,-0.003994120367945664,-0.15480179035343755,0.016611573033532334,0.03385651916560395,0.00440854056840001,-0.07186977097105918,0.012603435541380437,-0.12027371735324,0.005391250060666727,0.0056381906236267505,0.006349938606937097,-0.6766333031098841,0.3041415099022913,40.05555130326764,0.7108189025411339,0.8166810103068185,0.8004559215170522,0.5516143566596959,0.29336982719057536,0.6996102047031699,0.5340271707711617,0.7330710818320193,0.8160456574693583,Medium
2018-07-23,11084.75,10770.599609375,27007.8359375,14508.349609375,30000.900390625,14683.2001953125,3139.35009765625,8937.400390625,2868.699951171875,261.5,259.37,124.82,0.006770976309698584,0.027607414449443812,0.0016646436464677894,-0.041736040800548935,0.005021761158835236,0.020964982363856688,-0.0023345822716126508,0.047814204085294465,0.024585922291759266,0.0414700803982635,-0.0012379905878970865,0.065923340788002,0.015248091077197712,-0.1386770040607268,0.0047385279362581745,0.03356597108738635,0.023676504078172345,-0.05299993359020383,0.017113939292217717,-0.09967295916791297,0.005378209177605813,0.005741995150431724,0.006378509054799255,-0.65572022348256,0.2756787934151386,40.47728455771845,0.708431249806384,0.8211836995882906,0.7758624550851255,0.5631152075562297,0.2755054157780028,0.7127465407762372,0.5318160682868022,0.7440498791878462,0.8245010255765738,Medium
2018-07-24,11134.2998046875,10861.2998046875,26974.0859375,14488.0,30026.150390625,14663.900390625,3233.300048828125,9049.0498046875,2895.949951171875,268.04998779296875,104.34,513.78,0.00447008770495505,0.026879483328857035,0.008421090617234839,-0.03398443288172004,-0.0012496373303696462,0.013804555448242661,-0.0014026136619874618,0.03880090527836777,0.0008416414064655875,0.0332236198096747,-0.001314414053529056,0.05801295136031848,0.029926560673183777,-0.10902600136879403,0.01249238136176789,0.020134221538088193,0.009499076398306494,-0.06579243123872291,0.025047754466419603,-0.0809189322729491,0.005509844841849887,0.005725234640530465,0.006362498248473876,-0.6590968958584973,0.1889877337490622,40.95691084720366,0.7149154141648615,0.8038749803305042,0.7641041873825571,0.5484369706989204,0.2574634303787225,0.7020028630916062,0.5281652237417683,0.745928772281664,0.8065076553538035,Medium
2018-07-25,11132.0,10809.9501953125,27030.986328125,14457.0,29965.25,14575.349609375,3262.050048828125,8969.25,2935.85009765625,264.29998779296875,-1195.75,97.64,-0.0002065513528324292,0.025357594824840346,-0.00472775913549861,-0.03793542234836844,0.0021094464797375423,0.014581823633315949,-0.0021397018221976927,0.03302656713657948,-0.00202824504082999,0.036298668547856794,-0.006038692223155895,0.03856301975440757,0.00889184411153554,-0.09709786992150549,-0.008818583874537045,0.002268400677672089,0.013777913001648656,-0.0667100666856193,-0.01398992788948139,-0.09331050499839189,0.004031162233153838,0.005728274656827624,0.006108270875088511,-0.6584844360280093,-0.5380082009814368,45.326235973552514,0.7150629942888813,0.8005707722400798,0.764462016437785,0.5560734420515725,0.26311686349074753,0.6896861132726347,0.5300666882870332,0.7381299198993068,0.8033380204228138,Medium
2018-07-26,11167.2998046875,10770.0,27406.08203125,14474.099609375,30036.25,14468.099609375,3235.35009765625,8994.650390625,3095.89990234375,266.3999938964844,2453.57,-2716.04,0.0031710209025781477,0.033239114039259166,-0.0036956872687372577,-0.0420706217201815,0.013876508188483072,0.031780080081095896,0.0011827909922528246,0.03561742461481421,0.002369411234680152,0.03985449869789637,-0.007358314062738902,0.04648684309973494,-0.00818502192554249,-0.10056712078590868,0.0028319414248683117,-0.012927346889434532,0.05451565964327365,-0.0014353847702116562,0.007945539918679856,-0.08610636742200906,0.0036634066305547487,0.0056525278317373735,0.0060008075463746716,-0.6737448435784968,1.50265114147232,32.899155028224115,0.7280059771528699,0.7629267718256099,0.768783162862995,0.5565871748070383,0.20252224482984088,0.6917841290659992,0.6039370914588994,0.6499354346417519,0.8235762463294032,Low
2018-07-27,11278.349609375,10874.7998046875,27634.080078125,14693.7998046875,30749.349609375,14517.900390625,3297.699951171875,9039.0,3093.699951171875,267.8500061035156,738.05,406.12,0.009944194803553685,0.04258293405673297,0.00973071538416903,-0.026693696458318206,0.008319249961195707,0.04606813829113965,0.015178850584266934,0.05414267897224234,0.023741299575512853,0.06863004893239943,0.003442109371277091,0.0280707000407181,0.019271439452809958,-0.06895919009786922,0.004930665167511616,-0.02975982825707768,-0.0007106015185469605,0.020097255353021204,0.005442988889837075,-0.06931891082568187,0.004076012171067415,0.0058778330986369275,0.006069293550563824,-0.628353499557649,0.5433513499587588,39.19964990555566,0.7464543462243921,0.7863086136851495,0.7784169418414874,0.603851496363432,0.23436708690677502,0.7176734557398612,0.6386249034366104,0.6346881305238739,0.8197266981594518,Low
2018-07-30,11319.5498046875,10925.0498046875,27842.275390625,14911.5,30836.599609375,14420.5498046875,3320.300048828125,9115.5498046875,3226.699951171875,268.3500061035156,-234.04,48.58,0.0036530340643325943,0.04812105854338622,0.0046207747179254355,-0.024849522760540532,0.007534005543568201,0.05427246650773343,0.014815786127904795,0.06279177506147327,0.002837458388823988,0.0740043734739404,-0.0067055554397084105,0.028261833391930447,0.006853291078898538,-0.046014137422038526,0.008468835566710853,-0.021863230529134414,0.04299059446589837,0.06771889910397344,0.0018667164032348804,-0.06400420412352392,0.003145470919684754,0.005862424344894638,0.006071663834205712,-0.6314578390685429,-0.00023061605295628275,42.42388962749522,0.7606135390946204,0.7842503476368653,0.7881286707273312,0.5995358517234426,0.2047150822856782,0.7163651088529904,0.6453726926205933,0.6095307565386259,0.8224274244788325,Medium
2018-07-31,11356.5,10973.75,27763.828125,15150.2001953125,31007.25,14587.7998046875,3335.10009765625,9179.400390625,3186.25,272.8500061035156,572.21,-290.87,0.0032642813495284972,0.0603195750791361,0.004457663459950911,-0.009620599812555253,-0.0028175594316337538,0.05704768355048229,0.016007792328907255,0.09618838340847091,0.005534021026531111,0.0822170637151518,0.011598032132286162,0.053312557463465415,0.004457443186000276,-0.02644710710423781,0.007004578693066366,-0.00805599804559809,-0.012536012577551325,0.07113445434016574,0.01676914439220889,-0.028830773274879817,0.0031867661098802695,0.005564011758005368,0.006049786923283507,-0.6915778201858988,0.4506154579699689,38.997373409949404,0.7479678669355765,0.7595444581290409,0.7683047667708545,0.6049143513136953,0.12227014078214965,0.7106503238081396,0.6520153473378064,0.5813177123655384,0.802237567216116,Low
2018-08-01,11346.2001953125,10890.099609375,27596.279296875,15245.2998046875,31175.099609375,14679.349609375,3320.0,9301.7001953125,3202.75,273.3500061035156,692.83,-206.3,-0.0009069523785937283,0.053300012628530125,-0.007622771671033202,-0.02220007530264423,-0.006034788407803582,0.03911862752423545,0.006277118991762531,0.09109320484433714,0.005413237529126258,0.09311140536233475,0.006275778795516773,0.06288143380858169,-0.00452762952058372,-0.04036532778913371,0.013323289047550979,0.0011140024186644393,0.005178501373087396,0.07738757782716554,0.001832508663424104,-0.037669361553544056,0.003550572346679869,0.005540690901931208,0.005898091619952384,-0.6962761790635669,0.5180648265884437,38.536296891706534,0.7464599238151176,0.7576882772641457,0.7569707828106497,0.6284904055781029,0.12787524178305593,0.7060202915069299,0.617967151442312,0.5855532671465647,0.7913193147765656,Low
2018-08-02,11244.7001953125,10733.650390625,27355.630859375,15103.0,31075.25,14552.599609375,3327.75,9424.650390625,3178.89990234375,268.79998779296875,-2297.09,2373.59,-0.008945726168478219,0.0468853845744015,-0.014366188038841932,-0.02714985674009296,-0.008720321856115265,0.03241883552455049,-0.00933401156491176,0.07384599275681225,-0.0032028641648661482,0.09688321773353814,-0.008634578736312015,0.05670319590084416,0.002334337349397586,-0.027670222362038865,0.013218034631395703,0.024552179711793576,-0.007446755961673546,0.09114929403820415,-0.016645393118534746,-0.04613201051502802,0.005768077139595378,0.005819232633819247,0.00586167077027258,-0.6401594990130758,-1.1538653360690752,49.24127802825754,0.7623757754480125,0.7768548509165052,0.7753615640464202,0.6201099734329294,0.1861735881293312,0.6464746775029612,0.5016672675143797,0.5698262823570329,0.7941426529003436,Medium
2018-08-03,11360.7998046875,10775.2998046875,27695.177734375,15205.9501953125,31424.94921875,14649.099609375,3380.85009765625,9500.75,3239.0,270.3999938964844,-364.8,675.26,0.010324829240302646,0.0498020407570261,0.0038802655710565848,-0.02824549716485547,0.012412321132182269,0.0346940136603624,0.006816539449943759,0.09015727749919811,0.011253303473021115,0.09759434240283604,0.0066311176415403406,0.06329343800393405,0.015956756864623278,-0.01477465007080081,0.00807452862662128,0.014939760443884342,0.018905942150597266,0.09859917456075107,0.005952403929229133,-0.041984078311835704,0.006586983542481979,0.005939898024274526,0.005925118824530192,-0.6158495291444737,-0.07335016041170073,43.04990661273652,0.75302117759691,0.7866984823444972,0.8107576041302622,0.6233046228262621,0.21774948226248217,0.6671041749936714,0.48710675287590754,0.5791509467346617,0.7930286274210886,Medium
2018-08-06,11387.099609375,10822.7998046875,27898.17578125,15319.25,31222.0,14605.5498046875,3405.699951171875,9408.599609375,3323.60009765625,268.79998779296875,-222.5,459.44,0.0023149606664707445,0.058039703109108,0.004408230013176695,-0.008033618141867094,0.007329725370313955,0.0484334712663117,0.007451017741885391,0.11193577997908943,-0.006458219465599324,0.0956759916689589,-0.0029728656264736975,0.05339624375746799,0.007350179037175275,0.0024282918419900046,-0.009699275386153672,0.013115368829854868,0.0261192027342545,0.15132938344375169,-0.005917182469050486,-0.03326739941052392,0.006589692751661953,0.005785890453721478,0.005862007018655027,-0.6468768136504545,0.006222424187942387,42.20014369106689,0.734918636507977,0.7685317388729856,0.8005907263420496,0.5952253179297109,0.24546137472517823,0.6619319553542283,0.46668882250854543,0.5465916874653743,0.7839903669324965,Medium
2018-08-07,11389.4501953125,10855.650390625,27875.576171875,15219.7001953125,31140.349609375,14613.75,3445.25,9371.0498046875,3252.35009765625,267.1499938964844,,,0.00020642534254866618,0.057599697486581336,0.003035313091837022,0.0003271976279071165,-0.0008100748074786335,0.047899208159347895,-0.006498347157171569,0.12065712254876049,-0.0026151556794887787,0.08155692391474156,0.0005614437951433349,0.048068992720622594,0.011612898785906323,0.017979582617914103,-0.003991008890428693,0.013332951765294254,-0.021437597155639865,0.1296804785190171,-0.006138370429373707,-0.03224051545026396,0.005814068880342262,0.005789552585713827,0.0057948371634857975,-0.6461390186783175,,,0.729249965550325,0.7688654057149684,0.8156245817534326,0.6105264285250473,0.25143014605250374,0.6481205145758064,0.4672489679678503,0.541709040646936,0.7845165155655006,
2018-08-08,11450.0,10821.2001953125,28062.123046875,15483.7998046875,31302.5,14608.2001953125,3453.60009765625,9307.25,3281.300048828125,267.0,568.63,30.25,0.005316306199962151,0.07296133411496886,-0.0031734805444960656,0.009798249200862141,0.006692126248791785,0.062030181339949975,0.017352484345016128,0.1688400409227162,0.005207083178545346,0.09353137268588307,-0.00037976595244204603,0.042073260019162895,0.002423655077643083,0.03345503836093666,-0.006808181155497306,0.004728238805630225,0.008901240734426885,0.16809652015100895,-0.0005614594793608152,-0.015123592811540187,0.005953063407736002,0.005435402816614078,0.005807006233475594,-0.7174881452447962,0.44861356160407484,38.698460887437996,0.6887781021132682,0.7570740009033077,0.7861835206429297,0.5965479319122259,0.2984339030837654,0.6406840377510584,0.49096473452936595,0.49597720085063596,0.7722676955532046,Low
2018-08-09,11470.7001953125,10813.7998046875,28319.669921875,15491.400390625,31378.55078125,14603.349609375,3501.75,9249.9501953125,3379.199951171875,272.54998779296875,,,0.001807877319869089,0.0832554814346047,-0.0006838789128220668,0.01704194665176062,0.009177740207674034,0.07579983080623465,0.0004908734311586116,0.19172406850507806,0.0024295433671432942,0.10441774163467632,-0.00033204541782339003,0.05258471471103454,0.013941944921887828,0.046391752577319645,-0.006156469922640961,0.010989769864102605,0.02983570563097815,0.22681479463230092,0.020786471134714324,0.0281025330740432,0.005912695760899367,0.005093989122995516,0.005648856462408912,-0.7862713860173146,,,0.6783652857702621,0.7349509380218577,0.753008770482639,0.568395371927263,0.22466075625795426,0.6728117508215503,0.46322643324409335,0.4333072879514502,0.7168372928164061,
2018-08-10,11429.5,10839.4501953125,28123.923828125,15375.599609375,31474.900390625,14679.2998046875,3434.75,9138.25,3250.85009765625,272.29998779296875,-1805.07,1973.97,-0.003591776841080363,0.06675193044342476,0.0023720053161961907,0.012176653671731152,-0.006912018900290917,0.06675915723690795,-0.0074751654679379165,0.15316856302665638,0.0030705563825010884,0.08661535561088862,0.005200874959792934,0.049308395917473824,-0.01913329049760837,-0.001569670653034927,-0.012075761809950625,-0.003804624271795287,-0.03798231988939116,0.16455314263164955,-0.0009172629286261502,0.0027619224220765126,0.006172109309306379,0.004914364456584757,0.005335949550288473,-0.8224596435750741,-0.878733199212319,45.40288347237303,0.6469318414980145,0.8027693263125668,0.7344047166183086,0.49625409537618015,0.15761490152891772,0.6538379649984749,0.5009576167296463,0.4803193238203125,0.6716527601214065,Medium
2018-08-13,11355.75,10756.7001953125,27794.078125,15141.2998046875,31479.75,14880.25,3405.800048828125,9186.599609375,3146.050048828125,269.70001220703125,-971.86,216.29,-0.006452600726191027,0.06553725691429779,-0.007634151041699955,0.008522604238741627,-0.011728295992436966,0.05962951826831131,-0.01523841740419929,0.15125890684136145,0.00015407862502536673,0.09390148553557465,0.01368935834721019,0.05741422557266507,-0.008428546814724491,0.008050657191049027,0.005290904645309569,0.005769629237920126,-0.032237736493504365,0.12622388223147918,-0.009548203093987184,0.006906873479034514,0.0055377052113273735,0.004977813420078269,0.005395502190746202,-0.8096768366334848,-0.41281139166299613,42.76074631037616,0.661616900115,0.8175014455537185,0.7407321752649455,0.4601101109918411,0.08700680486066432,0.629973910562482,0.45216111441726786,0.5415307843873781,0.6591404840508277,Medium
2018-08-14,11435.099609375,10803.150390625,28021.373046875,15309.849609375,31725.25,15009.25,3414.60009765625,9481.150390625,3151.85009765625,275.04998779296875,-378.84,391.47,0.006987615029830696,0.06871084700883423,0.0043182569439597085,0.0022265205633342777,0.008177818341474463,0.06936316401570841,0.01113179230724426,0.15298900161078688,0.007798664220649787,0.09497095382427556,0.008669209186673577,0.05531358343728332,0.0025838418879442493,0.014393356421461112,0.03206309121706008,0.01671266224161072,0.001843597125953389,0.13711308252152032,0.019836764344788538,0.025349441912278614,0.0047274922688706296,0.00504596319445567,0.005418738467714225,-0.7959469762699147,-0.08120117297515109,40.93584332261193,0.6691451672296616,0.8323341417513487,0.7427012220087228,0.46654215603361304,0.1012596236992596,0.6297484790660365,0.4789784132037191,0.5400193436586934,0.673104055864007,Medium
2018-08-16,11385.0498046875,10830.9501953125,27826.2265625,15238.599609375,31731.25,15044.349609375,3337.050048828125,9595.349609375,3127.449951171875,273.6499938964844,-825.08,133.78,-0.004376857779749166,0.057117465505806875,0.0025733053491159286,-0.007641262837216001,-0.00696420136331477,0.05268225823433892,-0.004653866747088786,0.13953049023835518,0.0001891238051709987,0.09011564026479113,0.0023385318636841568,0.06499996059502333,-0.022711312191830202,-0.009909627149970679,0.012044869456234064,0.0208253551358466,-0.007741531395328516,0.13071696792850562,-0.005089961674668908,0.015398864179904992,0.005067760721232157,0.005117480251530823,0.005447873564783702,-0.7815387230331889,-0.33073364066134037,42.60593716756978,0.6239521495686665,0.8366232951941669,0.7537470727719132,0.4682351719076492,0.13484186845627172,0.6583931552180096,0.41672569782721947,0.5635470265539657,0.6721057000187506,Medium
2018-08-17,11470.75,10878.7001953125,28128.224609375,15250.0498046875,32340.05078125,15126.400390625,3394.10009765625,9693.849609375,3222.050048828125,276.04998779296875,147.31,151.89,0.0075274326228431665,0.0670713272401684,0.0044086621338785825,-0.004306322649474836,0.010853000359092535,0.06132260125109701,0.0007513941967118853,0.1578461877245423,0.019186158164270273,0.10003351632783297,0.005453926781844309,0.08273865578361539,0.017095952411070092,0.021565455473333106,0.010265389382348555,0.04524350857212167,0.030248317042068873,0.17080307006835938,0.008770304951631891,0.04307573836915868,0.005820532023365047,0.005168251764455286,0.0054907941344499184,-0.7713099909608017,0.21301608202908093,39.46618361629589,0.6401346134526014,0.8544352411908336,0.7267632224625625,0.5306403499825848,0.10808436544086347,0.6635886814941241,0.4144447870959477,0.5775221918906754,0.6679509573305358,Low
2018-08-20,11551.75,10997.900390625,28273.921875,15520.25,32379.400390625,14996.099609375,3478.89990234375,9799.150390625,3285.199951171875,277.8500061035156,-483.04,593.22,0.007061438877143944,0.07232199886975055,0.01095720933313915,-0.006320036973645693,0.00517975334911247,0.06720056251918116,0.017717987729420237,0.16835922162296635,0.0012167454417792989,0.10341748699004905,-0.008614130122508001,0.06993100006807262,0.024984473718396627,0.0472147773845113,0.010862638218377407,0.06629560431596415,0.01959929280636663,0.18503019250495978,0.0065206244888402765,0.0394688319953016,0.006066826954605455,0.0052444965882278835,0.005518557421436976,-0.7559492536229843,-0.1394686593791062,41.765420912798824,0.6874048252411133,0.8539045750335688,0.7377226685567659,0.5175019498600467,0.05589212453517955,0.6756406210442952,0.43042395534045746,0.584973135443851,0.6730649241126405,Medium
2018-08-21,11570.900390625,10979.25,28257.572265625,15622.400390625,32306.400390625,15134.650390625,3466.949951171875,9950.5,3278.35009765625,272.8500061035156,254.25,197.87,0.00165779129785526,0.06615743019444142,-0.0016958137428575437,-0.014045016244104813,-0.0005782575706080317,0.05623977051046647,0.006581749045601715,0.15735197790363187,-0.0022545198218413276,0.0918916753020993,0.009239121162104347,0.0727061957318178,-0.0034349798808021026,0.029883954608781016,0.015445176708360098,0.06907263071108516,-0.0020850644153886932,0.1644762692420194,-0.017995320821181493,0.012994245111154434,0.006064917198731499,0.0051559130498644926,0.005517874733138538,-0.7737958220577527,0.2728157460985527,39.07755565871565,0.6785737977852383,0.8478803233601255,0.726973493763494,0.5073412837304039,0.03299293943348835,0.6685977117351009,0.4041558991706704,0.5818203899798778,0.6551610285355466,Low
2018-08-23,11582.75,10959.599609375,28027.57421875,15798.5,32600.25,15321.9501953125,3416.800048828125,10076.7998046875,3238.199951171875,273.95001220703125,433.21,142.0,0.0010240870610727093,0.05805110872593566,-0.001789775314798403,-0.0248772671612445,-0.008139342074860001,0.04214047357088124,0.01127225042066371,0.14898597999183094,0.009095708770459954,0.09708264305552317,0.012375562028411391,0.07728464574800942,-0.014465135940828544,-0.0016217069176897025,0.012692809877644429,0.08631862841395788,-0.012247058821777124,0.13782744135696534,0.004031541429023511,-0.0009117432125103075,0.005688887897658113,0.005008327322679462,0.005505675051698878,-0.8035293236638618,0.37288819683609403,38.120318935017096,0.6588960419663993,0.837139716474542,0.6996340754652944,0.5061179287652923,-0.009019246268337996,0.651711029085272,0.4285566426984594,0.586882946134266,0.6319782262767596,Low
2018-08-24,11557.099609375,10903.0,27834.375,15875.0,32385.55078125,15260.0498046875,3481.199951171875,10061.099609375,3214.60009765625,273.45001220703125,-75.78,904.75,-0.0022145337355118366,0.05560678968864585,-0.005164386601001714,-0.02016647040166364,-0.006893183735492636,0.03798077952566303,0.004842231857454804,0.15072501480524947,-0.006585815101111225,0.08666865326280071,-0.004039981192729414,0.049778288347752,0.018848016103792053,0.049455120708357114,-0.0015580537091941515,0.09019682040221633,-0.0072879543794336366,0.15148481351187248,-0.0018251504935948848,-0.003643650776177232,0.004806629882395995,0.0050544952802119136,0.005515770284889638,-0.7942280513414989,0.0882666238538569,39.939663640778875,0.6687540341623902,0.8404612765168539,0.6914534346011277,0.5214389758621599,0.04960176081504956,0.6197776825874086,0.4284795268663582,0.5921133511566921,0.6305024563796393,Low
2018-08-27,11691.9501953125,10993.5498046875,28263.87109375,16082.7001953125,32604.099609375,15514.9501953125,3532.85009765625,10094.2001953125,3283.89990234375,273.6499938964844,252.52,1117.24,0.011668203138797129,0.0606675001951229,0.008305035741309696,-0.004027015339056028,0.01543041989446503,0.04579382606586058,0.013083476870078714,0.13531083459799276,0.006748343716653116,0.08924866939236042,0.01670377186755312,0.06884292317572638,0.014836880158805021,0.0704470717106982,0.003289957084477768,0.09196142640818805,0.021557830704362235,0.16328661830526725,0.0007313281423506623,0.008104555500167754,0.005761747551236781,0.005291202691237252,0.005617751795312505,-0.7465395633004025,0.27184834925134693,39.410435144887096,0.746180859641888,0.8543512683298413,0.6957862627537912,0.519577121554915,0.18641218347932567,0.6523278098975838,0.41392433841460424,0.5989041785201858,0.6374953513622494,Low
2018-08-28,11738.5,11044.150390625,28269.322265625,16241.650390625,32494.349609375,15583.0498046875,3597.199951171875,10050.099609375,3234.0,271.20001220703125,-161.05,-199.28,0.003981355027167455,0.06530593651497596,0.004602752235308483,0.003735381250386638,0.00019286713617239215,0.049513793224966296,0.00988330276521765,0.13667794611249362,-0.0033661411084771053,0.09668721774674638,0.004389289589571188,0.07211259698336536,0.018214713825054574,0.0945049121543935,-0.004368903438033533,0.09669354096191629,-0.01519531770993876,0.16955684654161107,-0.008952975494601723,0.016301315360765622,0.004699883280605988,0.005283906385876039,0.005619172998372917,-0.7480095205334912,0.04058458387626331,40.780378250340526,0.7454950475521563,0.8486436615034849,0.7100992804659074,0.5023445797409086,0.18793421828839035,0.6502715242472044,0.3967611914276599,0.5747329128866547,0.621832871586563,Medium
2018-08-29,11691.900390625,11057.150390625,28223.771484375,16059.9501953125,32429.599609375,15524.9501953125,3634.300048828125,10008.900390625,3285.949951171875,274.3999938964844,-1415.87,1114.36,-0.003969809547642367,0.06903731954060843,0.001177093713884414,0.020488871127444908,-0.0016113149378678138,0.057882712017123916,-0.011187298762284748,0.14021655628771734,-0.001992654131514615,0.09665605519383691,-0.0037283850146923037,0.0621124236939965,0.010313604514579078,0.14715442593394323,-0.004099384120687555,0.13913547592304076,0.0160636831081864,0.2190955220836135,0.011799341981630462,0.06356586781583085,0.00537917237831129,0.00510174748321423,0.005643832036711917,-0.7847083404544147,-0.6610968680374694,44.550081122771836,0.6844643895010394,0.8308393292733224,0.6892601533566696,0.5062300006383404,0.25664816158012016,0.5570875571870653,0.2747013410900151,0.5009447390336084,0.49974921234124,Medium
2018-08-30,11676.7998046875,11007.599609375,28102.923828125,15960.599609375,32844.0,15529.849609375,3665.300048828125,10120.5498046875,3295.199951171875,276.04998779296875,958.01,-1598.67,-0.0012915424723947133,0.06075099694000574,-0.004481333752321293,0.003825511233320311,-0.004281768519735274,0.040548999688023946,-0.006186232505658529,0.11465260417796252,0.012778461517150674,0.1219876003165774,0.0003155832386489976,0.06236037893557711,0.008529840569986957,0.13735595236778497,0.011155013008929293,0.1338154678509278,0.002815015486374417,0.1771094042023167,0.00601309742414502,0.05908303954382754,0.005184786982416539,0.005075366590916808,0.005648960102384166,-0.7900231924963915,0.6663505467861481,36.52161840932641,0.6831724988581435,0.8308934596256038,0.6851849337121237,0.5447157239860567,0.2713002486285105,0.5339899166434967,0.23161345137243716,0.48123251535692224,0.4773357517620386,Low
2018-08-31,11680.5,11009.25,28061.423828125,15763.0,32911.55078125,15811.400390625,3643.449951171875,10390.9501953125,3315.5,275.8500061035156,-212.81,171.92,0.00031688436681198695,0.06375419880200783,0.00014993192735635041,0.01856395813301881,-0.0014767146740249926,0.043928947622154935,-0.01238046277778515,0.0974420799609903,0.002056716028802752,0.13514917619618272,0.01812965278685219,0.08062632363738809,-0.005961339417010603,0.16736081419108495,0.026717954641136243,0.16940794860393105,0.006160490752892045,0.19440887777023552,-0.0007244401314848714,0.08431608774235766,0.005204906603083192,0.0050150961038865445,0.00564665987240221,-0.8021656445958997,0.011640964910152799,40.30416647538829,0.6865988414067933,0.8273550336538548,0.678024755181131,0.5274964216759624,0.2267337515331278,0.5261172250462347,0.17140783541268698,0.46925530770008994,0.45679327411887427,Medium
2018-09-03,11582.349609375,10935.650390625,27819.17578125,15598.599609375,32109.55078125,15724.7001953125,3656.699951171875,10359.900390625,3283.550048828125,273.1000061035156,550.36,-65.0,-0.00840292715423141,0.05706345860587314,-0.006685251890455768,0.012653985612093743,-0.008632778164028965,0.038442005047775174,-0.01042951155395544,0.08088667136610539,-0.02436834427312695,0.09917161424903731,-0.005483397622636055,0.08522176690768046,0.0036366631016129247,0.1778328403495255,-0.002988158359329529,0.1840020946667027,-0.009636540845083696,0.17687854746809273,-0.009969185931313795,0.07562037285774448,0.0063905957635306,0.0053181464057443,0.00570861561294054,-0.7411113217363287,0.438397179870867,38.47628105993885,0.7074074097245097,0.8339850880217796,0.7155565382023029,0.6273917090826802,0.24731763363016107,0.4889881492892579,0.17229738814484644,0.4874351856059391,0.4874252391856923,Low
2018-09-04,11520.2998046875,10754.099609375,27430.431640625,15587.9501953125,31442.650390625,16048.7001953125,3585.60009765625,10205.5498046875,3167.050048828125,268.04998779296875,-1300.93,359.35,-0.00535727264157837,0.04632973064306056,-0.016601736043577398,0.00013014536228861395,-0.013973963272017942,0.020747489010400466,-0.0006827160340791005,0.07190405951388446,-0.020769533500120785,0.07382433628035234,0.020604526380514576,0.0916443174724133,-0.01944372096836644,0.15956282073459938,-0.01489884845583811,0.14730331409319586,-0.03547989166225074,0.13014075274780712,-0.01849146172714733,0.04259035950798218,0.0066771027659789425,0.0054456714758135275,0.005736041956895585,-0.7154193598641028,-0.5968236925358322,44.99590983684576,0.7422349428004233,0.8431981641924111,0.7048879204224076,0.6578508440750781,0.10468171345314037,0.5489466529100048,0.22267196288690616,0.5299159561468815,0.5174224746704136,Medium
2018-09-05,11476.9501953125,10788.400390625,27375.732421875,15486.5498046875,31168.849609375,16039.900390625,3623.199951171875,10303.400390625,3159.949951171875,265.04998779296875,-704.03,664.92,-0.0037628889968090995,0.035381961281264696,0.0031895539836823694,0.0016527196159539237,-0.0019941071094553564,0.0136218423877561,-0.00650504969251775,0.06742325775499691,-0.008707942169265626,0.03893047220392676,-0.000548318840803752,0.09239812692505667,0.010486348865341277,0.1541242099365896,0.009587977895375799,0.15284086426662524,-0.0022418646837858436,0.10152682572501992,-0.011191942311585157,0.013575479131811674,0.004042029459114745,0.005435354050453206,0.005719895638474721,-0.7174979699666734,-0.2630438208033868,42.96828728522024,0.7176915496329175,0.8392240615195234,0.7442785202679005,0.6612110411644302,0.13672819780769266,0.513988270116554,0.20793178041906138,0.5156245819645302,0.5120173061393104,Medium
2018-09-06,11536.900390625,10798.5498046875,27468.380859375,15803.4501953125,31157.25,16081.650390625,3632.199951171875,10583.150390625,3162.699951171875,266.45001220703125,,,0.005223530144531363,0.03615859039182756,0.0009407709850406398,-0.005777393233627359,0.003384327260079756,0.018324807113772046,0.020462943303813264,0.09079584451356304,-0.00037215391393563557,0.03767048371702564,0.0026028839944918225,0.09668300808333385,0.00248399208470107,0.12337237383469168,0.02715123060291269,0.16953167670077574,0.000870266948050924,0.09211139850398897,0.005282114614379996,-0.005968944819252364,0.00439322488468543,0.005452822093712966,0.005726366653725998,-0.713978753696739,,,0.712809911213233,0.8491269699711075,0.756865061069093,0.6553487934497552,0.14670753200574616,0.5014249250509073,0.2307246656905907,0.5058329920950586,0.518696705402799,
2018-09-07,11589.099609375,11036.650390625,27481.12890625,15937.400390625,31354.30078125,16104.7998046875,3699.75,10661.25,3135.949951171875,268.1499938964844,-569.91,740.39,0.0045245444601755835,0.041061768718559044,0.02204931127271781,0.02097143753824171,0.0004640989558235553,0.01665283584774846,0.008476009583795241,0.1024002483658435,0.006324395806754479,0.04635538769908476,0.0014394924339353743,0.10493403151913028,0.018597557881231408,0.13417941007039924,0.007379618213134709,0.1886445354962789,-0.00845796326334669,0.06815738094917334,0.006380114886736177,0.014566803939966233,0.005034174463464916,0.005479119551598621,0.005731752503671888,-0.7086807108494153,-0.18804540164313285,42.62410387966581,0.6576165826139483,0.8469296013697707,0.7589182406595683,0.6577640528486361,0.13374196544346442,0.5157371733909927,0.22722316444481497,0.49745532309206447,0.5291926557198888,Medium
2018-09-10,11438.099609375,10843.900390625,27201.43359375,15675.7998046875,30811.599609375,16105.2998046875,3636.85009765625,10446.5,3068.14990234375,264.1000061035156,-1242.46,1526.0,-0.013029485041085365,0.02424935386563476,-0.017464537987334494,0.006861689008820893,-0.010177722809501799,-0.007467263553639247,-0.016414257000870958,0.08302417613142232,-0.017308667658107568,0.025813795309833854,3.104664485520381e-05,0.11315931183191674,-0.017001122330900786,0.124097852745783,-0.020143041388204996,0.16141256706188867,-0.02162025857676353,-0.008963468095009142,-0.01510344167500599,-0.008633588009249182,0.006722231272938576,0.006061540351200053,0.0058985551091699515,-0.5913427398227901,-0.5641279158559929,46.28865461726248,0.727911242226061,0.8676707195175619,0.7923343473620345,0.7038522207379697,0.17714692841027446,0.5927205025484802,0.359654646795535,0.5531427424694738,0.5727728553793013,Medium
2018-09-11,11287.5,10681.400390625,26807.1875,15477.4501953125,30067.55078125,15993.2001953125,3578.300048828125,10279.0498046875,3034.14990234375,258.8500061035156,614.14,-337.28,-0.013166488710376734,0.0008113235483846459,-0.014985382947678816,-0.01778418155147432,-0.014493577788509793,-0.02992292762369042,-0.01265323695418008,0.05333204487888876,-0.02414833496338853,-0.02217278858857974,-0.006960417423733545,0.10161936402595662,-0.016099109739457607,0.08508963878188358,-0.01602931080385772,0.13718882671617427,-0.011081596754456968,-0.01924881202702533,-0.019878833315672972,-0.03360089525822818,0.007522061084099255,0.006324399941980617,0.006040901499287127,-0.5383854775337589,0.4740622497638061,40.695000771012054,0.7462234719868407,0.8764718403542675,0.7927943097379646,0.7267573527318222,0.26156143918071006,0.6077752319394087,0.44770140068347536,0.5686031417266495,0.6227895380933922,Medium
2018-09-12,11369.900390625,10692.75,26818.88671875,15601.0498046875,30828.19921875,16054.0498046875,3631.39990234375,10391.599609375,3041.64990234375,257.25,,,0.0073001453488372725,0.004448108520769045,0.0010625581815060237,-0.021263043083595834,0.0004364209691896104,-0.03675664641330256,0.007985786277149964,0.046242819614894515,0.02529798462914168,-0.0002724162434060151,0.003804717544449554,0.11327584746241914,0.014839407760960377,0.09369630724350508,0.010949436652809563,0.13998604933641134,0.0024718620507862,-0.057349630157250364,-0.006181209448671066,-0.04136391224538971,0.008557245290918223,0.006430285831718337,0.006014771103518874,-0.5170530741053864,,,0.7342133011579145,0.8656438420672098,0.7941434858312877,0.7318372442856069,0.2915657786369444,0.6191199937695511,0.4526998596513241,0.5742153607999592,0.5886985042907479,
2018-09-14,11515.2001953125,10826.7001953125,27163.533203125,15791.900390625,30987.599609375,16072.5,3713.699951171875,10652.849609375,3096.199951171875,266.1499938964844,1090.56,115.14,0.012779338401883056,0.01397439310637072,0.012527197896939457,-0.013400141673311272,0.012850887062886285,-0.021621475222088127,0.012233188684530605,0.04235588883578201,0.005170603365247883,-0.0006337353562473336,0.001149254894370122,0.10177684196320147,0.022663449645137446,0.11351978724167444,0.02514049903965776,0.16051693531691313,0.017934361474702065,-0.02826207887897214,0.03459667209517736,-0.0245556608288634,0.010178745484815597,0.006811629138230988,0.006148261724995754,-0.44022537516091204,0.7404710393278395,40.274469262102016,0.755889657616446,0.8860052159777481,0.8034022286394144,0.7124830002832764,0.2452533252831638,0.65103993523499,0.5034382686046827,0.6099277606654274,0.6524255012190424,Medium
2018-09-17,11377.75,10730.7998046875,26819.98828125,15609.0498046875,30559.75,16119.7998046875,3705.449951171875,10504.150390625,3056.10009765625,269.1499938964844,-106.54,-180.36,-0.011936413868727347,0.0027806493931363807,-0.0088577672693404,-0.01462794743864082,-0.012647284110871015,-0.028130278262291197,-0.011578757553843966,0.023859812838062933,-0.01380712332573053,-0.019738496976283937,0.0029429027648155692,0.09812765780798305,-0.0022215041894799725,0.11609938288309496,-0.013958633060879633,0.12927208682972413,-0.012951312624511768,-0.04578874477987671,0.011271839446920229,-0.015364961087437234,0.011106374889594319,0.0071771965209073375,0.006291339640178074,-0.3665759880062792,0.07106597239718071,45.17469230954156,0.7661980977790138,0.8959669504508802,0.8186215651879912,0.7345128987100658,0.23782828471914427,0.6414228505981209,0.5489239726871564,0.615378908686652,0.5562552551515164,Medium
2018-09-18,11278.900390625,10565.650390625,26441.142578125,15460.2001953125,30893.25,16031.0,3648.10009765625,10465.400390625,2890.0,260.95001220703125,-1143.73,264.66,-0.008687975159851424,0.003041450169276816,-0.015390224127595609,-0.01565171156932177,-0.014125498458545271,-0.03342961768825736,-0.009536109579860508,0.02365094321078587,0.010913047390767261,-0.005856750951319767,-0.005508741160772823,0.10159012343558138,-0.015477163170828367,0.0962662753080159,-0.0036890180127833183,0.11042849939932697,-0.05435034597971233,-0.09088046532410443,-0.030466215401835917,-0.029203779547726794,0.011012481920189589,0.007166118716692659,0.006360535361527434,-0.36880778857190133,-0.5089191928937808,48.627821694499865,0.7652911436219133,0.8995147369872831,0.8190242722473081,0.6734293503294357,0.22310466342981525,0.6754407688526596,0.6043302386250282,0.641811582132013,0.5646711356868,Medium
2018-09-19,11234.349609375,10527.900390625,26277.044921875,15458.4501953125,30487.69921875,16063.9501953125,3691.800048828125,10456.9501953125,2881.39990234375,257.75,-2184.55,1201.3,-0.003949922395540484,-0.01113039552552686,-0.003572898837680305,-0.022959863627634358,-0.006206148458416494,-0.05120504465078146,-0.00011319387704500361,0.016605341774553306,-0.01312748840766187,-0.029825028307150947,0.0020554048601146846,0.09658276779222907,0.011978824594190973,0.09197389478682849,-0.0008074411868722597,0.10064470650343393,-0.0029758123378027523,-0.11040447596673353,-0.01226293181581628,-0.04678252286250828,0.010477973220368446,0.006935792457297705,0.006323315222450346,-0.4152106917134971,-1.0909342139970877,51.56307698342056,0.7725817647884753,0.8923222418972416,0.8230808675451358,0.662580945019435,0.20998043340057718,0.6441369521905937,0.6129823336205635,0.6199030007242196,0.5677661378060961,Medium
2018-09-21,11143.099609375,10407.400390625,25596.603515625,15575.2998046875,30406.900390625,15833.5,3673.25,10252.349609375,2834.14990234375,248.6999969482422,760.7,497.03,-0.00812241056873042,-0.02142775670453556,-0.011445776985818057,-0.038381880988187955,-0.025894898314214543,-0.08249902372368934,0.007558947235889901,0.01671425198279941,-0.002650210747136672,-0.026106578994779306,-0.01434579866786101,0.08407421916553948,-0.005024662382247191,0.0785594892867949,-0.01956599028550554,0.08967859564979919,-0.016398279170331986,-0.14726506827871755,-0.03511155403203803,-0.07477675505033021,0.009954252483834431,0.007058214902033209,0.006387472142250435,-0.390546735200932,0.5560169792010773,41.97733730238235,0.7809889194847569,0.8719070359457318,0.776162454095515,0.6655563222496189,0.2815483195593899,0.6467959291809727,0.6559725511072867,0.6308755159761192,0.5950893587529168,Medium
2018-09-24,10967.400390625,10001.0,24970.05859375,15588.5498046875,29749.19921875,16175.2998046875,3631.699951171875,9994.75,2757.10009765625,235.5500030517578,-523.94,1527.67,-0.015767535507102526,-0.03705620529963782,-0.039049174181007396,-0.07872862148942095,-0.02447765858827855,-0.1042316600098302,0.000850705936075391,0.024235011507559134,-0.021629997251471966,-0.04467356365858477,0.021587128852591064,0.10685483224275094,-0.011311522174675015,0.05411797436234678,-0.025125909590465456,0.06655606450843088,-0.027186213623980215,-0.15227450462878933,-0.05287492584578146,-0.11828557576898535,0.010405557623690855,0.00757152466685087,0.006609542402812061,-0.28713228579755184,-0.16233948657605213,47.52844948988569,0.7985364142219128,0.889597866501081,0.7319557034086636,0.7029707008647542,0.09922037983972144,0.6581928914331591,0.7034382040239833,0.6607654435792761,0.6639525845810389,Medium
2018-09-25,11067.4501953125,10100.4501953125,25330.0546875,15540.599609375,30124.349609375,16234.900390625,3631.800048828125,10245.150390625,2801.75,231.5,-1231.7,2284.26,0.009122472156029238,-0.03341046329148467,0.009944025128737044,-0.06660536603991607,0.014417110492488172,-0.09735786400805635,-0.003075988203731561,0.003668337578887071,0.01261043659919947,-0.037637581363309636,0.00368466653831212,0.11135527810157453,2.7562204365949583e-05,0.051598316577767145,0.02505319198829392,0.10077094637245154,0.016194516253401847,-0.14614635714261803,-0.017193814473727254,-0.13295880149812733,0.010753958145534339,0.0077155222707688004,0.0066464571224220574,-0.2581216689239988,-0.5581110429797304,50.2512062307904,0.8192760136234855,0.8931989468044899,0.6858397262985294,0.7142909657111468,0.11168962016273253,0.6388085690426257,0.7540826636106333,0.6697136423989352,0.6064030900737589,Medium
2018-09-26,11053.7998046875,10002.2001953125,25376.005859375,15703.900390625,29682.650390625,15932.4501953125,3693.949951171875,10289.2998046875,2749.199951171875,237.1000061035156,-809.95,1555.44,-0.0012333817079910325,-0.03634480751186975,-0.009727289190099353,-0.07505221328613765,0.0018140968285267345,-0.10394415156040437,0.010508010331305773,0.013717287956006796,-0.014662531290386416,-0.05404648552597824,-0.018629630489581106,0.09101340593011953,0.017112699352433758,0.05488682834921832,0.004309298778366388,0.11236272492598931,-0.018756151986481617,-0.18643466178481738,0.024190091159894678,-0.1300678160968448,0.00814143934393417,0.007695908342011988,0.006620018689413286,-0.2620732080959517,-0.32227311216525756,48.788760175840125,0.8141907737833669,0.8980224090016728,0.6758862470834441,0.7003170757872708,0.10740850732986408,0.6243733399476439,0.7694040589475727,0.6806823560607381,0.5824638653817623,Medium
2018-09-27,10977.5498046875,9815.400390625,25041.859375,15694.9501953125,29660.25,16018.0,3669.699951171875,10092.4501953125,2724.050048828125,230.5500030517578,552.44,-186.69,-0.006898080420062014,-0.03954242926746576,-0.018675871412276224,-0.09447433091489721,-0.013167812390441735,-0.10958870717900382,-0.0005699345442768955,0.020769959809748384,-0.0007546627518166815,-0.05765388827618034,0.005369532221269457,0.09119646121574654,-0.006564788456948856,0.06840379974434097,-0.019131487381223056,0.104418263377835,-0.009148080456290453,-0.1620499355562195,-0.02762548664337916,-0.15332349104970833,0.0077199553625941,0.007754721924949193,0.006604180651392539,-0.2502242725919649,0.43956029284323,44.35994697183704,0.8237272060876143,0.8995030902886747,0.6723766533079257,0.698562554660823,0.10267171464538863,0.6394900750760488,0.774887702125485,0.695274856154838,0.5963595689366241,Medium
2018-09-28,10930.4501953125,9590.25,25119.55859375,15697.2001953125,29757.69921875,15838.0498046875,3485.35009765625,9972.4501953125,2700.449951171875,219.6000061035156,-1699.94,3256.34,-0.004290539347394984,-0.03745237476058383,-0.022938482554420103,-0.1084394074514422,0.003102773543548043,-0.09622623636667205,0.00014335821216371336,0.036714178953969556,0.0032855157576217042,-0.054703445270372186,-0.011234248677269298,0.06436718500613225,-0.050235674842232014,0.02335722816596264,-0.011890076015013129,0.0855431410263634,-0.008663606480506014,-0.14163795576686133,-0.0474951064988014,-0.18576197195370214,0.007554252996355824,0.0077152738100737745,0.0065692478606829,-0.25817172529879545,-0.8199456671043747,51.821613299040706,0.8070086170031547,0.880508938351542,0.669452838063492,0.6986858551042952,0.14784237380730159,0.560712442489784,0.782845197934278,0.6931103326861137,0.5768335917344264,Medium
2018-10-01,11008.2998046875,9659.5498046875,25366.705078125,15539.75,29923.650390625,16213.599609375,3528.050048828125,10034.400390625,2798.60009765625,216.3000030517578,-572.26,600.24,0.007122269255513958,-0.03732366304335388,0.007226068630901139,-0.10585806404490294,0.009838806818703194,-0.0947372551769391,-0.01003046360837756,0.01501650221855999,0.0055767474042629495,-0.056787562253252544,0.02371187168361799,0.08024049232140174,0.012251266006416017,0.03322495985686458,0.006212133838644718,0.058352623595872455,0.03634584912110017,-0.11207703065024588,-0.015027335883598392,-0.21359748172551196,0.00874186175199694,0.007720264623220784,0.006605159135870895,-0.25716624628972873,-0.18935949562633148,48.05016201828125,0.8106440887087213,0.8808484047652043,0.5888271866025315,0.6949757632453223,0.19209662678304226,0.5775003142558786,0.7694457891480442,0.7054797691978403,0.5274169360348764,Medium
2018-10-03,10858.25,9375.2998046875,25069.609375,15371.0498046875,29498.05078125,15909.7998046875,3592.0,9950.900390625,2785.699951171875,216.1999969482422,,,-0.01363060666494631,-0.04627119017701653,-0.029426837248881066,-0.13439729334689277,-0.01171203363661133,-0.09906543315560268,-0.010856043070995303,0.008691756375764026,-0.01422285061545625,-0.07037854540082722,-0.018737344698695813,0.057526594222005345,0.01812614625269182,0.07639979845714517,-0.008321374147877592,0.037054489489639186,-0.004609499762105562,-0.10927433063219583,-0.00046234906197251124,-0.2099396975319292,0.00950811298237962,0.008028691388923065,0.006679061139976468,-0.19502874892944222,,,0.8394850396629465,0.8768088248273448,0.608508919358805,0.7100393147863688,0.27263720796528246,0.49700720868216425,0.7843863599755082,0.6786103468644887,0.48808247909117386,
2018-10-04,10599.25,9207.0,24819.01171875,14427.7998046875,28630.099609375,15441.099609375,3572.35009765625,9630.75,2777.800048828125,214.6499938964844,-684.99,653.65,-0.023852830796859514,-0.07597585162260534,-0.017951405095691264,-0.15366727323111773,-0.00999607343303488,-0.11764741417494429,-0.0613653596849546,-0.05391785669757354,-0.02942401782109283,-0.11471692474972683,-0.029459842428338212,0.02080463366188856,-0.00547046279057628,0.05251760256660898,-0.032173007271444676,-0.006509241624088724,-0.002835876972473894,-0.13787805691025057,-0.007169301913213522,-0.22242346173379635,0.011506139244730927,0.00881169573320333,0.007105739500611344,-0.03728001961594094,-0.252396863594833,51.067020946177706,0.8147276615356098,0.8197036771409417,0.7087726366360796,0.7409311826418928,0.4197115773003025,0.46330698313385676,0.8176756424569952,0.5777290921582423,0.4143799787570558,Medium
2018-10-05,10316.4501953125,8915.099609375,24443.166015625,13278.0,27873.80078125,15591.650390625,3444.64990234375,9547.349609375,2656.0,208.8000030517578,-364.88,900.69,-0.026681114672028716,-0.10693616159348152,-0.03170418058270885,-0.18938167352610802,-0.015143459674547,-0.13548724780067323,-0.07969335728611493,-0.14447254393453712,-0.026416213650802267,-0.13915018669337476,0.00975000388952818,0.039713712016002045,-0.03574683102764242,-0.009845066245489198,-0.008659802260986948,-0.025696184996905624,-0.04384766602603707,-0.1915256180822208,-0.027253626885951676,-0.2485153915239886,0.012217107953964785,0.009650490839482582,0.007588023282188587,0.13170864965071877,-0.07339489552602237,52.02087316896476,0.8295628828781313,0.7989596047726919,0.7584773248529271,0.767561774170131,0.3537111776163378,0.531065554940653,0.7671890551546962,0.6269103421381607,0.42855999136919276,Medium
2018-10-08,10348.0498046875,8969.099609375,24618.0625,13828.150390625,27705.80078125,15305.2001953125,3339.449951171875,9505.7998046875,2703.5,202.1000061035156,-510.66,457.83,0.003063031253653259,-0.10568326963805519,0.006057139276740564,-0.18308631196347658,0.007155230392953182,-0.12879768054428442,0.04143322718971221,-0.11485110835315226,-0.006027165126078149,-0.14240520620520902,-0.01837202529148152,0.011268830153694509,-0.030540099619498773,-0.03677584095406494,-0.004351972682209104,-0.04469124117506662,0.01788403614457823,-0.17534737917930743,-0.0320881075206757,-0.2592999758745046,0.012819522289809138,0.00968084362788186,0.00754678909995512,0.13782370359145912,-0.15491345759865746,52.583365188689456,0.8319519229914021,0.8006678238499894,0.7413782949498311,0.759954049493336,0.29271742521625416,0.4675136832955555,0.7536003639572353,0.6341124094955441,0.39920279707228257,Medium
2018-10-09,10301.0498046875,8732.900390625,24527.365234375,13591.349609375,27149.650390625,15369.7998046875,3373.75,9638.75,2670.14990234375,200.1000061035156,-841.68,-289.66,-0.004541918611438267,-0.11065594917549804,-0.026334774842182718,-0.2031734094414589,-0.0036841756180040486,-0.1248844783018509,-0.017124544827813115,-0.13970632595657817,-0.02007342776395682,-0.1671950248656069,0.004220762129905742,0.0031229451058807367,0.010271167207068999,-0.012599522422416909,0.013986218734265643,-0.043471123092445385,-0.012335897043184718,-0.17542154820382627,-0.009896090745170949,-0.2695747501836403,0.012923903243834476,0.009641020462837198,0.007542492739255686,0.1298006910386847,-0.34001617688308367,53.59770535376272,0.8085487020009265,0.8114164003908277,0.735987091386082,0.7478943537282835,0.2808445312580564,0.4825577711511568,0.7366518337682576,0.6428997066458579,0.3920458172341928,Medium
2018-10-10,10460.099609375,8961.9501953125,25321.404296875,13779.349609375,27596.5,15143.2001953125,3438.64990234375,9771.349609375,2819.199951171875,208.5,-1096.05,1892.94,0.015440154906845027,-0.09492000909208442,0.026228377107494705,-0.17802896493510956,0.032373598016437466,-0.09028299371281012,0.013832327576234427,-0.13200947342519687,0.016458761087004614,-0.14787615667239717,-0.01474317247163437,-0.007657223329579632,0.019236725407558275,-0.012222810934431227,0.01375693003501488,-0.028799038996692672,0.05582085436375506,-0.12300134837072252,0.04197897871196932,-0.23752060452590895,0.015919746738342514,0.010263415984526734,0.007721441865269989,0.25519220820477,-0.4822570647580747,55.955848887005686,0.8331950368796245,0.8294319940562352,0.7364907624714523,0.7718933566428248,0.1868839199381942,0.5169315702155928,0.7411351876183699,0.6954067678991326,0.4818054427541055,Medium
2018-10-11,10234.650390625,8739.5,24783.662109375,13796.5498046875,27375.0,14683.0,3306.5,9488.650390625,2673.85009765625,202.6499938964844,,,-0.021553257346415555,-0.12464129425318249,-0.024821628157323583,-0.20503384664036395,-0.021236665281094358,-0.12313277869232075,0.0012482588656286264,-0.1421496616153627,-0.008026380156903934,-0.16038165973065,-0.030389890470770675,-0.05362248572115014,-0.03843075221286063,-0.06407011093009984,-0.02893144038964357,-0.059989874677609634,-0.05155712827506487,-0.18576991468348403,-0.028057583230290617,-0.25945551464860506,0.015620572495050509,0.010387798879847148,0.00794517355874315,0.2802511287950068,,,0.8352434006713773,0.8288621619726003,0.6774481310718788,0.7382265210746398,0.23529684430407935,0.5544433465264065,0.7807602862998545,0.7129911503903857,0.4988859277336592,
2018-10-12,10472.5,9084.4501953125,25395.5546875,14243.0498046875,28153.55078125,14539.2001953125,3438.10009765625,9525.599609375,2704.10009765625,209.5500030517578,116.22,-145.8,0.02323964183406524,-0.10785023640158453,0.03947024375679398,-0.17744236776927835,0.024689352825446154,-0.1016567553732779,0.032363163712734844,-0.12305403317209263,0.028440211187214626,-0.13358626592952727,-0.00979362560018393,-0.06698622044197033,0.03980042269960693,-0.044228804535537236,0.003894043644658618,-0.05218853746591057,0.011313274452638744,-0.16385278365607603,0.034048898904966096,-0.22732303237586315,0.01991652604963674,0.011461577630287751,0.008321702252145069,0.4965810057403827,0.1956308982258279,54.78518667952962,0.8670031857940543,0.8587955339046729,0.7075245979806891,0.78797873231429,0.15467364103299475,0.617883569451828,0.7380458598890908,0.71152616573908,0.5768423020459608,Medium
2018-10-15,10512.5,9034.599609375,25387.755859375,14363.150390625,28330.69921875,14797.2001953125,3423.5,9774.099609375,2706.550048828125,209.8500061035156,67.86,294.78,0.003819527333492445,-0.10087328417292085,-0.005487463177818119,-0.18291790468589952,-0.00030709422262942265,-0.10048322657976627,0.008432223967789199,-0.10565411374580436,0.006292223630206539,-0.1263938019586297,0.01774513016769519,-0.04687615682140689,-0.0042465597980125835,-0.0580029293112706,0.026087596601837904,-0.02345919852194056,0.0009060134918816853,-0.17632645382718548,0.0014316537694523124,-0.23524048552756105,0.018221185854917683,0.011543963196664519,0.008306466424164374,0.5131788937401668,0.16858852161838772,55.146615595171674,0.8651690175475778,0.8574891014342865,0.7117720863900501,0.7917498565329207,0.1790295240096504,0.6146063685758033,0.7362193221288992,0.7236675767189086,0.5890907467770189,Medium
2018-10-16,10584.75,9102.900390625,25589.353515625,14596.9501953125,28498.25,14887.349609375,3431.60009765625,9836.75,2780.300048828125,212.0,-1165.63,1059.44,0.006872770511296089,-0.09352303909921544,0.007559912359494714,-0.17303492917091545,0.007940743457856891,-0.0894415943292155,0.01627775232654427,-0.08543848272852572,0.005914106812411779,-0.132314882474729,0.006092329148257303,-0.04137193959767249,0.002366028233167894,-0.06376011460414921,0.00640983754298019,-0.028041935484182212,0.027248710967651357,-0.1562575594724186,0.010245384007393499,-0.23202315024554465,0.014351213114136327,0.01169245562670457,0.00833132271629064,0.5430950651159765,-0.5211654304393338,59.644133364027724,0.868160019570755,0.8619861932853367,0.7204180297284923,0.8060505612686882,0.1911073212572927,0.612387733559552,0.738802534765627,0.7316835027457675,0.599693607483258,Medium
2018-10-17,10453.0498046875,8834.7001953125,25188.306640625,14405.5,28623.349609375,14949.599609375,3362.949951171875,9686.400390625,2685.39990234375,205.8500061035156,140.02,-343.11,-0.012442447418455793,-0.10508541546273709,-0.02946315831256563,-0.19752024930740064,-0.015672411370420858,-0.10238672153978068,-0.013115766838334486,-0.08611939351646258,0.0043897295228654265,-0.1302947162951077,0.004181402441224336,-0.054505025485344416,-0.020005287484186285,-0.07698747169829523,-0.01528448007471983,-0.06780417492572832,-0.03413305931652044,-0.19004677956756144,-0.02900940517209627,-0.2537610964334428,0.0156179390934051,0.011791705235646979,0.008382647691876022,0.5630904838002987,0.20893959473652018,55.50344823718446,0.8685105317961588,0.8653062787781309,0.7304177199767452,0.7771304849699325,0.16895147839547478,0.6246007364268057,0.7625524130370862,0.7368991082412498,0.6071540200111172,Medium
2018-10-19,10303.5498046875,8690.25,25085.509765625,14014.0498046875,28845.25,14476.849609375,3365.0,9650.2998046875,2685.949951171875,204.3000030517578,-618.26,-2.14,-0.014302046081609565,-0.11040935974272548,-0.016350322265507367,-0.20532847251133357,-0.004081134808570419,-0.09826552868138816,-0.02717366251171427,-0.1015828243796425,0.007752425682294062,-0.10166136560079664,-0.031622920503070584,-0.07935608122496873,0.0006095983757981038,-0.07977136627750736,-0.0037269351339678236,-0.06849492361718457,0.00020482939157218105,-0.18199816928922075,-0.00752976927762794,-0.251922378301522,0.016653548841093643,0.011922560626785808,0.008468332000553904,0.5894533920354321,-0.21508218636128287,58.363933822592884,0.8708678126648768,0.8542221370871191,0.7375508694398106,0.7425012117192338,0.21324527911557112,0.617860126616749,0.7562364701095446,0.7179524364212342,0.5976405926740295,Medium
2018-10-22,10245.25,8700.4501953125,25078.30859375,13661.5498046875,28797.55078125,14421.4501953125,3339.64990234375,9646.650390625,2670.699951171875,203.6499938964844,-511.91,303.21,-0.0056582251546914986,-0.11067852628007946,0.001173751654152566,-0.1909643288288133,-0.0002870650005633024,-0.08574867058932678,-0.02515332861754882,-0.12358266266492779,-0.001653624730241554,-0.08412457526683781,-0.0038267589674084723,-0.10139450423999363,-0.00753346141344724,-0.06859387232649472,-0.0003781658742588734,-0.05476426304889448,-0.0056776932843988215,-0.15672316193421376,-0.0031816404579726454,-0.24025367218529536,0.015278229937072299,0.011924022349052953,0.00848594631637418,0.5897478793290669,-0.1556124437599333,58.0106492145084,0.866961257054982,0.8581727819628563,0.7326420254305239,0.7545424705785145,0.23095100398470325,0.6223218080993145,0.7598963013020924,0.7310215312489965,0.595441931048541,Medium
2018-10-23,10146.7998046875,8649.150390625,24972.158203125,13611.849609375,28480.599609375,14014.7001953125,3312.75,9368.25,2628.85009765625,204.0,-340.35,116.41,-0.009609350217173795,-0.11589754838949029,-0.00589622416494473,-0.19829167648050816,-0.004232757174519097,-0.08779944885892399,-0.0036379617263809783,-0.12105344437306897,-0.011006185014920344,-0.08624796980609206,-0.028204514420623883,-0.1262601478807306,-0.008054707268828287,-0.085683913489639,-0.02885979893036872,-0.09076133656573104,-0.015669994488621497,-0.16807223586521214,0.001718664934964309,-0.23033386381687015,0.013393381031201027,0.011970516860189033,0.008536046690969606,0.5991149410897663,-0.05967799109714504,57.547447239660066,0.8668584312965217,0.8563055612817115,0.7296870026292519,0.7589090295005494,0.2460524160764374,0.6277998218018159,0.7567793419521143,0.7330087514890893,0.5840310099974232,Medium
2018-10-24,10224.75,8663.900390625,25063.908203125,13632.650390625,28631.0,14049.150390625,3347.85009765625,9334.400390625,2636.89990234375,210.25,-2046.54,1873.51,0.007682244334463961,-0.11373508881911354,0.0017053698148188356,-0.19767926737124264,0.0036740917326287814,-0.08753601708669156,0.0015281377510718563,-0.13736239731570676,0.005280801411761349,-0.08108064736136855,0.002458147147808676,-0.1263862819194771,0.010595456239151702,-0.07828584806403172,-0.003613226523096591,-0.11799416562257259,0.0030621010664231285,-0.16625037371417428,0.030637254901960675,-0.2109214097665867,0.009351825422105225,0.012044233888378712,0.008559254330383768,0.6139664136398688,-1.0137605499029432,63.45016026309608,0.8654767705027259,0.8547612980308228,0.718758598167166,0.7646198851575171,0.24757638372019317,0.6352442324151075,0.7471309317036549,0.7327824142301284,0.596406081193757,High
2018-10-25,10124.900390625,8580.9501953125,24817.16015625,13491.349609375,28413.599609375,14070.7998046875,3306.800048828125,9142.7001953125,2582.25,206.0,-1495.71,339.6,-0.009765481735494741,-0.1263427934958412,-0.009574232340235356,-0.2225041211234231,-0.009844755449760045,-0.09693811193448232,-0.010364879696993512,-0.15347865532002714,-0.007593181887639244,-0.09378940364167043,0.0015409767466754154,-0.12629775127089626,-0.012261614956076805,-0.10620986584819925,-0.02053695870010397,-0.14243637516121466,-0.020725057593265372,-0.17656530231452272,-0.02021403091557672,-0.23177324374833486,0.009012986975702821,0.011980077468313474,0.008610808514392273,0.6010410782742044,-0.7057425121304807,61.44694801207334,0.8712958018464957,0.8580771476452151,0.7153548216056138,0.7619433421451193,0.23261043844440185,0.6294096488434272,0.7430398565549245,0.7444823179710953,0.5938226101549521,High
2018-10-26,10030.0,8578.0498046875,24420.767578125,13523.7001953125,28013.55078125,13798.599609375,3283.89990234375,9115.099609375,2572.85009765625,205.3999938964844,-1356.66,1875.89,-0.0093729702973544,-0.12310608033356174,-0.0003380034330678905,-0.20895162296920589,-0.01597251964484625,-0.10222498038720673,0.0023978761854204222,-0.1372880258863387,-0.014079484247853102,-0.09081154057557084,-0.019345040729086382,-0.1432261568108858,-0.006925168182603136,-0.09704832089174009,-0.003018865909181989,-0.12744942235437706,-0.003640198409816997,-0.16143272670906406,-0.002912650987939802,-0.22226433491267472,0.00727488993600856,0.011907875449307666,0.008650049552964131,0.5864948285180744,-0.6279872915501549,60.80586169151782,0.8582555486390508,0.8553539643938836,0.7045229436029203,0.7581014826458055,0.25259612257262404,0.6233168382316968,0.7335883982046437,0.7366082636883957,0.5874571337640218,High
2018-10-29,10250.849609375,8723.900390625,24959.408203125,13965.2001953125,28257.5,14132.650390625,3369.5,9590.400390625,2778.39990234375,212.1999969482422,-2230.79,2526.9,0.022018904224825553,-0.09184056616832781,0.01700276744229212,-0.18326248697858816,0.02205666235824988,-0.06892850273364182,0.03264639067886388,-0.0977066623324041,0.008708257680539289,-0.06019947532203851,0.02420903502577465,-0.11633380323925502,0.026066597704502703,-0.05835174411841337,0.052144332110331204,-0.0669954350983355,0.07989186967198236,-0.08429049593180749,0.03310615021334806,-0.18022023587134017,0.012938062997300149,0.012710273701936833,0.008976777920069139,0.7481507703787476,-1.1167911100750039,65.678555904995,0.8638140923552129,0.8684776599397671,0.7312408319038127,0.7465332282684837,0.3448449636063272,0.6496724628733209,0.7704006080345055,0.7780526682842767,0.6266231544259623,High
2018-10-30,10198.400390625,8744.599609375,24807.4609375,13660.5,28271.30078125,14355.849609375,3333.050048828125,9535.2998046875,2846.949951171875,213.5,-1592.02,1363.04,-0.005116572845048073,-0.10303520345402106,0.002372702326157272,-0.18219357888522603,-0.0060877751743319,-0.07500034592575922,-0.021818534002453815,-0.12438584768215033,0.0004883935680792817,-0.08294024634253927,0.015793160700986464,-0.10578017484514435,-0.010817614237090045,-0.08215835808198002,-0.005745389524233313,-0.08240307910968503,0.024672491807352426,-0.06401129565301011,0.0061263104168418625,-0.17006802721088432,0.01199875366931473,0.012560272643439792,0.008988945182027398,0.717930661708292,-0.7595979978844626,63.17275592780628,0.8583760233738587,0.8739620942036073,0.7254630173424245,0.7474223930644939,0.3220376195508923,0.6407554978627483,0.7660623735098472,0.7667957009957209,0.6293184150302437,High
2018-10-31,10386.599609375,8820.5498046875,25152.95703125,13753.349609375,28547.099609375,14940.099609375,3296.949951171875,9757.5,2915.85009765625,214.8999938964844,-193.65,1124.92,0.01845379780568379,-0.09800963654951655,0.008685382831144617,-0.18529656815412487,0.013927104213544705,-0.07401747618176913,0.0067969407690056105,-0.1290883763717382,0.009755434681233854,-0.0787573103681658,0.04069769577541815,-0.07045577169855344,-0.010830949768948828,-0.11221962072312619,0.023302906029579518,-0.08404789724873718,0.024201390142462476,-0.05824877474317014,0.006557348461285306,-0.19256059055155572,0.013886164955211808,0.012853828067270059,0.00917205643595399,0.7770720897611302,0.02235502479018907,59.19073492839243,0.8483661790872462,0.8721302502494496,0.7091481328662376,0.7527823688975434,0.41319755055010615,0.5624821178873732,0.7690940973263177,0.7677996500634032,0.5993367419896147,Medium
2018-11-01,10380.4501953125,8814.2001953125,25323.35546875,13742.400390625,28355.099609375,14622.0,3338.35009765625,9609.150390625,2940.949951171875,220.8500061035156,-623.63,770.02,-0.0005920526730374132,-0.08765351714420688,-0.0007198654863470599,-0.17860734001744938,0.006774489269325112,-0.05580288838329972,-0.000796112878751809,-0.1195876390567947,-0.006725727048535135,-0.07214229143317596,-0.021291665898625634,-0.09291677457755732,0.012557104929560525,-0.09907025013238324,-0.015203649436331013,-0.08520441603718765,0.008608074035012958,-0.03767878760669019,0.027687354006614262,-0.17945379486631174,0.013016211798797021,0.01275911456351272,0.009149381817853158,0.7579905419055004,-0.21808503091012393,60.404396688326756,0.8525236227466786,0.8678654478647875,0.709001771967167,0.7441285004832788,0.40980763936535286,0.5673976877614458,0.7549346026110173,0.7669502770730313,0.6157855817206344,High
2018-11-02,10553.0,9180.2001953125,25701.3515625,14005.2998046875,28836.80078125,14396.7001953125,3439.25,9547.849609375,2923.14990234375,221.3000030517578,,,0.01662257430466929,-0.06435914543835908,0.041523903688351016,-0.1311277719866467,0.01492677754401317,-0.027978783951531527,0.01913053080900262,-0.09410618053096897,0.016988167155502998,-0.06656629583323215,-0.015408275522329373,-0.10194621699753603,0.030224481972273898,-0.05724900415710288,-0.006379417405081633,-0.08767469442181597,-0.006052482743214349,0.011470554444204195,0.0020375681947288893,-0.15194484499129324,0.01392161426408184,0.013197571191588063,0.009318671913703709,0.8463246315478065,,,0.8548516955032267,0.874073511880996,0.7182631489115638,0.7928617605603941,0.35869634914103526,0.5977288248542011,0.7192536898343154,0.7468081325471647,0.6043599487640338,
2018-11-05,10524.0,9153.650390625,25731.900390625,13985.75,28725.099609375,14471.75,3441.89990234375,9460.5,3008.25,224.6499938964844,-325.44,1163.35,-0.0027480337344830685,-0.06323014985951814,-0.0028920725172264516,-0.13053409977394514,0.0011886078461949001,-0.020746036431066872,-0.0013958861973777381,-0.09526829512049473,-0.0038735632542021836,-0.057813467547298436,0.005212986564236077,-0.09911635531446727,0.0007704884331614092,-0.06769059623467422,-0.009148615965759666,-0.0952907087344812,0.02911246446445248,0.044023773844466874,0.015137780381969002,-0.12841903434923607,0.012931634462555049,0.013193682192073272,0.009286492458293315,0.8455411304903212,-0.051340484165446655,60.45453647087654,0.8551257623064407,0.8741890752195,0.7190524836992326,0.7983783931425261,0.3586462516183458,0.605615256203739,0.7194293873680404,0.7319584973917643,0.5959688778176877,High
2018-11-06,10530.0,9130.4501953125,25597.703125,14082.7998046875,28497.099609375,14577.2998046875,3438.949951171875,9454.9501953125,2941.25,225.5500030517578,-1156.77,1062.82,0.0005701254275940482,-0.055020562578403376,-0.0025345293213581144,-0.12269636483504354,-0.005215210053972297,4.295919082886179e-05,0.0069391920124055595,-0.09582480072395272,-0.007937309290498962,-0.06280813751864123,0.00729350663793249,-0.07933812456579403,-0.0008570705876327356,-0.06378548936993811,-0.0005866291091908282,-0.07777723589657326,-0.022272085099310224,0.0377891436044655,0.004006272778658948,-0.09308401359290008,0.011475791401651876,0.013152034458790604,0.009270161982798933,0.8371505295286273,-0.5162110165282106,63.14307245351279,0.8543909095867217,0.8937796269344728,0.7312811479801519,0.7945116986570112,0.35394865440104667,0.6057496137693015,0.7177761247907465,0.7141582552380682,0.5951227403536176,High
2018-11-07,10598.400390625,9200.75,25737.201171875,14151.0,28717.400390625,14674.4501953125,3463.85009765625,9502.099609375,2952.10009765625,227.1499938964844,636.27,15.33,0.006495763592117676,-0.03364516538626816,0.007699489420969874,-0.08001699830016995,0.005449631406138078,0.03072249811688521,0.0048428008818104384,-0.09221831553921889,0.007730638706036075,-0.03468324711996584,0.006664498358863513,-0.09278650952361722,0.00724062485291177,-0.046217984903037856,0.004986743778499836,-0.04929091679381681,0.0036889409796005967,0.07072648547137095,0.007093730095669493,-0.0356612568305833,0.009410555476270375,0.012963547130901011,0.009296652250267283,0.7991767472840197,0.48643710076303376,56.671498362830036,0.854231516286769,0.8956522280846534,0.7536107390759843,0.7878460373205054,0.4307608464661645,0.6060758483647114,0.706039957832148,0.6990955557992239,0.5757553274368128,Medium
2018-11-09,10585.2001953125,9277.75,25770.701171875,14074.599609375,28731.05078125,14553.25,3431.89990234375,9643.900390625,2928.449951171875,226.0500030517578,-1454.36,749.62,-0.0012454893970770264,-0.04357372217534372,0.00836888297149696,-0.08145183426519997,0.0013016178323463912,0.01739619159181882,-0.005398939341742626,-0.0943335544862518,0.00047533517795206315,-0.04625158206540636,-0.008259266527833153,-0.10358242737332013,-0.009223896650180863,-0.05504161677316921,0.01492309984943696,-0.058686302989772066,-0.008011295586877742,0.04522171898701699,-0.004842574837258695,-0.023542103448130347,0.008825393459395967,0.012820169103801156,0.00924854107938356,0.7702909540547764,-0.6826200499154754,63.33921174815017,0.8466491111703652,0.8935455924885013,0.762044440153316,0.7821888158864065,0.4254379225304793,0.6092868015091402,0.6888501391049128,0.6942059514913015,0.608167005459383,High
2018-11-12,10482.2001953125,9051.5,25539.453125,13849.2998046875,28536.349609375,14650.5,3384.5,9557.5,2867.699951171875,222.75,-2421.06,2255.68,-0.009730567027500525,-0.05171068948911184,-0.024386300557786122,-0.09504910687131041,-0.00897329278441883,0.0064410162312684704,-0.01600754628482859,-0.11809808645020892,-0.006776681206594137,-0.0386185453847494,0.006682356174737558,-0.08046158497891698,-0.013811563184398024,-0.08377210175078431,-0.008959071239370231,-0.07112241052147339,-0.020744762933609162,0.04310344904141594,-0.014598553449265972,-0.06052301026618501,0.008270617984832855,0.012909811168782273,0.009269757081588389,0.7883507795807866,-1.2231879875997689,66.79933728056805,0.8490134720559604,0.8951848213053907,0.7682700769148203,0.7993992779748034,0.41468390899170643,0.6229435444763455,0.6920320684478942,0.706599200587935,0.6267033981861023,High
2018-11-13,10582.5,9126.900390625,25768.30078125,14091.0498046875,28783.349609375,14698.2001953125,3410.550048828125,9422.5498046875,2865.449951171875,221.3999938964844,-494.95,335.78,0.009568583199961456,-0.03598706557621911,0.008330154187151217,-0.07014487158950833,0.0089605542894724,0.029009084164701715,0.01745575613275241,-0.10219212999503657,0.008655627064467097,-0.029564834774656323,0.0032558749061466496,-0.08239479365011237,0.007696867728800516,-0.07061882600537783,-0.01411982163876535,-0.06637638805848545,-0.0007846009130350051,0.05190796784537044,-0.006060633461349441,-0.03968774250338769,0.008752803539158329,0.013030138468099065,0.009240249613101255,0.8125926355904067,-0.14612859952374252,60.62788322422734,0.851188587835818,0.9017636594987203,0.7782737449067725,0.8065982960984998,0.42757769192085476,0.6266153639388723,0.6574370209908794,0.6932088058688725,0.6123537546578701,High
2018-11-14,10576.2998046875,9051.400390625,25929.849609375,14160.75,29047.900390625,14338.5,3382.14990234375,9216.150390625,2923.85009765625,218.1000061035156,277.38,-272.24,-0.0005858913595558901,-0.03240034804576275,-0.00827224980756358,-0.05618723280154325,0.006269285254639323,0.03225737477037538,0.004946416078191351,-0.0978805249468192,0.009191104747719558,-0.023852611148034053,-0.024472397336594565,-0.094680205150238,-0.00832714549787461,-0.029609707036862054,-0.021904836624988766,-0.07583891519889419,0.02038079445794927,0.08272700865551297,-0.014905094326749246,-0.006830600903047879,0.006290681134934487,0.013016786961974199,0.009223632694415538,0.8099027614651807,0.28574978602680107,58.00433442142136,0.8587761652432291,0.9023626855832579,0.7794437964609914,0.8040838146237963,0.413881778433067,0.6762275236003418,0.641553735905283,0.6882414960173938,0.6449144588600124,Medium
2018-11-15,10616.7001953125,9108.25,26154.4453125,14130.599609375,29020.5,14354.150390625,3407.89990234375,9218.5498046875,2942.64990234375,221.8000030517578,2043.06,-165.31,0.0038198983927342223,-0.03557312358155895,0.006280752913536025,-0.05707303299165867,0.0086616662459853,0.031054101506241993,-0.0021291521017601234,-0.09068037713766308,-0.0009432830000285497,-0.030181825373416182,0.0010914942724133958,-0.11468454035801112,0.007613500508110604,-0.03405568084961952,0.0002603488398953413,-0.0813053649622889,0.006429811399212948,0.05147209306829437,0.016964680626767592,0.02542764642811357,0.006244349288369702,0.012959434091087657,0.009222778483963023,0.7983481097305859,1.2730984942200396,51.941586351446794,0.8583600500137907,0.9009520618404457,0.7905896925625466,0.8000898160686709,0.4017360195684435,0.6730715485281592,0.6381123663227363,0.6841577167743893,0.6752341012462112,Medium
2018-11-16,10682.2001953125,9112.349609375,26245.24609375,14312.599609375,29153.349609375,14473.150390625,3354.60009765625,9301.349609375,3002.300048828125,222.3500061035156,844.82,-372.24,0.006169525256907837,-0.016213460243363342,0.00045009846842147816,-0.028047123909683336,0.003471715043660506,0.046894895774577616,0.012879849760887074,-0.06885998085763267,0.004577784992505274,-0.011685557612983177,0.008290285162242839,-0.09029965377937821,-0.01564007342200502,-0.06609128684402843,0.00898186877998941,-0.06527557866642486,0.02027089475947008,0.07775428131272055,0.002479725176691927,0.028445926189100357,0.006493381189704104,0.012803863076635474,0.009219871789370976,0.7670058444837662,0.6030559519102971,55.585734422343414,0.8524224897943641,0.8955262224027811,0.796439452115986,0.7940122039665517,0.3912435209498235,0.7115097761563685,0.6430121391704201,0.6914301979152808,0.682090342307904,Medium
2018-11-19,10763.400390625,9207.650390625,26300.392578125,14466.4501953125,29651.599609375,14599.7998046875,3395.35009765625,9399.25,2979.800048828125,226.1499938964844,1103.36,-310.26,0.0076014485618920435,0.015486981685024936,0.010458420202836827,7.064088465291718e-05,0.0021011989820181043,0.059687342758126816,0.01074931110604993,0.0026788832079887026,0.01709066047901997,0.0356792331824618,0.008750645895625908,-0.054484449033455395,0.012147498603028994,-0.049547215463603744,0.010525396285107291,-0.024037587934480742,-0.007494254283072821,0.07271941696639317,0.017090117781241254,0.05357558969019083,0.006630966636521814,0.01209067870738841,0.009252843571343877,0.623323464128152,0.7476286576193042,52.994109623822,0.8574638916547466,0.8981269689411533,0.7670209136934611,0.7601425481496293,0.3343409751096698,0.7490677757438085,0.6045821583322885,0.708622978804583,0.7037681652773641,Medium
2018-11-20,10656.2001953125,9133.650390625,26113.046875,14333.7001953125,29407.650390625,14285.099609375,3299.199951171875,9218.7001953125,2923.60009765625,226.25,-753.17,-44.06,-0.009959695953136949,0.032932839646177214,-0.008036795149753417,0.02451467631614279,-0.007123304436178701,0.0683168808127208,-0.009176404591847542,0.07950747065164188,-0.008227185783018287,0.05502836234686659,-0.02155510346186118,-0.08379810658373965,-0.02831818331510072,-0.0422248865038245,-0.019208958660265396,-0.03442310457970277,-0.018860309500960293,0.10075304881635927,0.00044221139161892964,0.08357278109769295,0.008056557055160375,0.011138383872258947,0.009309982893573638,0.431468461954993,-0.29052236477546306,56.920755732112696,0.8374078521476344,0.9021562482778708,0.7244540579343007,0.7139289765263326,0.4552138377121501,0.7182652055889339,0.642814070885649,0.6763717407498777,0.6650363767094589,Medium
2018-11-21,10600.0498046875,9119.2998046875,26261.74609375,14124.349609375,29390.849609375,13879.150390625,3272.699951171875,9375.099609375,2964.199951171875,229.6499938964844,-1652.04,606.73,-0.00526926949530282,0.024352414682605072,-0.0015711774946225443,0.016746407315568534,0.005694441535750494,0.06676738243515312,-0.014605481005244059,0.02142001716663522,-0.0005713064806890378,0.060819351204797645,-0.028417668049271705,-0.09317420134917631,-0.008032250361360238,-0.01998832172243703,0.016965451826063793,-0.013749521134249987,0.013886938076165922,0.09643053492579057,0.015027597332527787,0.13631858961378618,0.007198527407301346,0.011192544440031092,0.009290951650740377,0.4423799732478288,-0.793160517404284,60.067522783399646,0.835245102383298,0.8909093489779324,0.7918772970262552,0.7261455168702772,0.4760702376179027,0.7696454372569765,0.611006969005338,0.6634795735516051,0.7024564256474254,High
2018-11-22,10526.75,9062.650390625,25999.146484375,13978.650390625,29244.099609375,13835.7001953125,3214.75,9302.2998046875,2919.85009765625,226.5500030517578,446.24,49.68,-0.006915043423200262,0.021910407151880307,-0.006212035493490475,0.03775950546212514,-0.009999320244646448,0.06000568083592217,-0.010315463917240697,0.02849612381266753,-0.004993050624613082,0.07714461102133496,-0.0031306091575928896,-0.09981259540590293,-0.01770707734790189,-0.04712856613560579,-0.0077652299944313,-0.03490599873557254,-0.014961829244377278,0.09351542214664543,-0.01349876301814279,0.13218388876289744,0.006853049483073157,0.011240343374025063,0.009268365578345851,0.4520098318241816,0.3801744285812335,53.143071410402776,0.8525494839435191,0.8910705339775697,0.798425258602722,0.7591954874293798,0.4823757846007118,0.7937406064944066,0.6375469675101765,0.6659563764089936,0.7056799756600027,Medium
2018-11-26,10628.599609375,9158.7998046875,26365.29296875,14003.599609375,29935.5,14025.400390625,3172.300048828125,9180.5,2943.85009765625,227.3500061035156,62.74,351.78,0.009675313783931383,0.016108833213115847,0.01060941445583774,0.021965041657781237,0.014083019402004071,0.04122554419321167,0.0017848088372489634,0.01627435302515501,0.02364238940026553,0.08475712499773524,0.01371092121356976,-0.07381529599229031,-0.013204744123765488,-0.07745768283479038,-0.013093515285986013,-0.060467553919892114,0.008219600047024489,0.04421472355395051,0.0035312427322060636,0.0904077031343673,0.007906525289667255,0.011028418878240721,0.009328845981055805,0.40931425782821124,0.16572547430180185,53.917418248127724,0.8445679088357643,0.9089493058286786,0.7857908018743223,0.7364371992057176,0.5453441921683865,0.747283655385828,0.5940780168357623,0.6378583861244964,0.6760329564040047,Medium
2018-11-27,10685.599609375,9165.0,26442.79296875,14185.599609375,29913.44921875,14225.349609375,3148.949951171875,9058.4501953125,2973.64990234375,227.5500030517578,811.52,31.21,0.0053628890065369195,0.044061028128823176,0.0006769659174477027,0.04868699582355962,0.0029394704656557913,0.06694453999788008,0.012996658364764713,0.028199064997780576,-0.000736609752634787,0.09272873858447483,0.014256221796252744,-0.03116872509875368,-0.007360620778881111,-0.04764858576383635,-0.013294461596590645,-0.045338396674151626,0.010122731694533371,0.11212289161246858,0.0008796874549066303,0.12287199558462647,0.00802755209595096,0.010230757432959306,0.009317449383985967,0.24861262145200827,0.5844349605739083,49.47674169398065,0.8224969186688086,0.8917250476165344,0.851301485714546,0.7199838642285467,0.49299502084527586,0.6924909341245228,0.5297452922985375,0.5715258040170733,0.6205203124663683,Medium
2018-11-28,10728.849609375,9096.4501953125,26457.642578125,14264.75,29682.599609375,14632.900390625,3117.39990234375,9014.7998046875,2915.14990234375,224.3000030517578,961.26,-330.29,0.004047503329813518,0.02447835849844826,-0.007479520424167996,0.0013209384984236294,0.0005615749210965415,0.04182180321297624,0.005579629540135356,0.0015235638160415732,-0.007717251450571672,0.05431104729934577,0.028649614416605296,0.0064446595448015565,-0.010019228414978043,-0.09327831831630529,-0.004818748205690615,-0.053623900398330426,-0.01967279334191019,0.07804807405998959,-0.014282575066636105,0.07038892763154392,0.007835459490149074,0.009389187015477266,0.009328715768486229,0.07906482142331979,0.6681679108054653,46.93977039224705,0.7699988749840122,0.8667370026463357,0.8241573320729467,0.6287964609425964,0.5754214430070701,0.6080603997515119,0.5494014352931065,0.5721106842758773,0.5264146924490051,Medium
2018-11-29,10858.7001953125,9202.099609375,26939.287109375,14367.900390625,30097.94921875,14465.2998046875,3177.25,9090.650390625,2931.449951171875,227.0,823.47,973.31,0.012102936537020215,0.03293224212247314,0.011614356347154242,0.018539836544188226,0.018204363061742335,0.06111336734897188,0.007231139040291712,0.00033070739154128503,0.013993033455324877,0.06237932873998342,-0.01145368187190543,-0.022429945276413843,0.01919872314464799,-0.07192931210749232,0.0084140066979701,-0.0699245195019762,0.005591495934744284,0.08309467709312335,0.012037436074484376,0.08172501023433187,0.008644147496198679,0.009599010898257196,0.009386763295408532,0.12133719338389172,0.5911172682757055,47.90934271095247,0.7853519189653687,0.8748286952954563,0.821930660584836,0.6464955927288542,0.5328118190794261,0.6330405419687576,0.5696240317279412,0.565407121015529,0.5378309463036268,Medium
2018-11-30,10876.75,9270.2001953125,26862.63671875,14323.9501953125,30126.25,14638.0498046875,3163.75,9275.7001953125,2915.199951171875,232.0,-332.62,1489.65,0.001662243580064171,0.027586858452018248,0.007400548660451367,0.018378736172901533,-0.0028453013739300204,0.04975831852678603,-0.0030589156465183898,-0.0187025369236149,0.0009402893547434399,0.057126314773714215,0.011942372597353312,-0.0167457479826032,-0.0042489574317412515,-0.07805399523073475,0.020356057788597726,-0.05703609471497195,-0.005543331890590197,0.04851990791447469,0.022026431718061623,0.09433962264150941,0.0071012485967343565,0.009538373445298527,0.00936265514098954,0.10912081013785767,-0.055355460675815156,51.64158248570918,0.7804736229726716,0.8683145241004377,0.8213519117719686,0.6432291360804917,0.5266669797094256,0.6304743835641645,0.5495078602809322,0.5554800433082109,0.5208323682970523,Medium
2018-12-03,10883.75,9260.599609375,26857.23828125,14333.75,30348.349609375,14740.400390625,3227.85009765625,9053.400390625,2944.14990234375,237.6000061035156,374.65,-464.59,0.000643574597191332,0.04120330462018451,-0.001035639547714906,0.04820756841171292,-0.00020096454255480456,0.06625819132808486,0.0006841551774388055,-0.004980736524244245,0.007372295236712123,0.06026548337428017,0.006992091658598154,-0.01399363355650074,0.020260797362702476,-0.040173019366091745,-0.023965824682414816,-0.06534935316246582,0.00993069143001235,0.09635436412065457,0.024137957342739602,0.15423851862328286,0.006262415215894174,0.009197880482182539,0.009359404945461896,0.040523065228653954,0.3401420931526429,48.44542422382799,0.7665865499276173,0.8579019712095037,0.815832645765015,0.6762216431146785,0.5573863877189442,0.574390106024026,0.5211055295298747,0.5140128643069932,0.44953576995937444,Medium
2018-12-04,10869.5,9212.2001953125,26693.490234375,14359.099609375,30150.69921875,14999.900390625,3236.550048828125,9064.400390625,2904.800048828125,236.75,368.9,-615.81,-0.0013092913747559942,0.05492769055719293,-0.005226380159390809,0.06006158572106668,-0.006096980082621495,0.06409997180736737,0.0017685259876165649,0.024621705324044507,-0.006512722871886978,0.04525699096905034,0.01760467783256714,0.03613015230269978,0.0026952773235016103,-0.0381723480451337,0.0012150130918091584,-0.0607130789634025,-0.01336543818108571,0.08147958883625739,-0.003577466673739371,0.1588350291899958,0.004867297791942714,0.008727506081486276,0.00935776870675768,-0.05424136941779823,0.33692675681077394,47.32754302612178,0.7436866161726037,0.8656217261283821,0.7889662709829871,0.7588203532799381,0.48275266178420745,0.6097955761265753,0.5403587072480763,0.5365774341719067,0.4285607942857501,Medium
2018-12-05,10782.900390625,8992.900390625,26519.291015625,14294.25,29936.19921875,15012.9501953125,3119.60009765625,8812.2001953125,2879.64990234375,234.9499969482422,,,-0.007967211865771207,0.05247801572680033,-0.023805366800331518,0.033613225608723374,-0.006525906399668657,0.05745931455018938,-0.0045162726869489855,0.04631247584336373,-0.007114262871443011,0.03953976663325731,0.0008699927564623788,0.04101529263626058,-0.03613413956450939,-0.065890081631931,-0.027823152601835877,-0.08650154836371515,-0.008658133455526906,0.07823789830085182,-0.007602969595597919,0.15369508465425064,0.006188419884970869,0.008805567293136533,0.009379950720228581,-0.03851469173528882,,,0.7580640176021651,0.8742314257188619,0.8007663530423762,0.7678546657164527,0.4714913511428192,0.6254003792785481,0.5747622683937614,0.5396708416462177,0.4384638747698026,
2018-12-06,10601.150390625,8791.400390625,26197.99609375,13989.849609375,29489.30078125,14693.75,3085.39990234375,8686.5,2825.949951171875,229.3000030517578,-1168.88,1327.45,-0.01685539079615528,0.04477772250198564,-0.02240656420592202,0.016446702112404843,-0.01211551702817748,0.04908818375464241,-0.021295303399968546,0.027769921858353364,-0.014928362623271574,0.035417132564265374,-0.02126165684691106,0.04845268148615989,-0.010963006232175276,-0.0686288122122859,-0.014264337228671264,-0.07277239612521014,-0.01864808327157008,0.0749756913455617,-0.024047644051380934,0.12401962280273438,0.009191654019910447,0.009217461720857571,0.009512671870043647,0.04446801846158915,-0.5229827944586511,53.67151298829098,0.78879278742677,0.8844219255294173,0.8320076567734896,0.7809087136920996,0.4802166178378104,0.6190818818553403,0.5495256711646763,0.5466331060298195,0.5150528299461518,Medium
2018-12-07,10693.7001953125,8869.7998046875,26593.9921875,14013.650390625,29673.650390625,14662.900390625,3071.199951171875,8682.599609375,2824.699951171875,230.4499969482422,-742.63,366.4,0.008730166187373989,0.04586422116066413,0.008917738992539004,0.023765210214708787,0.015115510832695689,0.06104730243882028,0.0017012892857726225,0.027947610265279588,0.006251406594632192,0.03641683457179279,-0.0020995055295618403,0.04368591572694358,-0.004602304926855094,-0.08263516537913429,-0.0004490175128072371,-0.06982781474690503,-0.0004423291359004766,0.07122001432864522,0.005015237161705599,0.0960760853661935,0.00977999084744543,0.009243638023809515,0.009547965845689153,0.04974165271273759,-0.28462851346358514,52.30467091333436,0.7964984790516093,0.8860705144306074,0.8301956981368448,0.7817777008868411,0.47130288404264126,0.6014154806409486,0.5526546797155693,0.5405061237803626,0.5034340470752389,Medium
2018-12-10,10488.4501953125,8784.25,26102.34765625,13657.4501953125,29211.5,14419.2001953125,3036.25,8535.2998046875,2806.550048828125,223.4499969482422,-1322.13,1287.29,-0.019193543511718203,0.035906506796266724,-0.009645066018546311,0.023691992152402364,-0.018487052556219408,0.05178624354714234,-0.025418087748984686,0.012311636029510131,-0.015574436732293973,0.028081637018694927,-0.016620190332078844,0.024760525020683932,-0.011379900927173114,-0.08181627096685307,-0.016964942680122386,-0.06643555816654878,-0.006425426649729671,0.08686225145827287,-0.030375352973305403,0.08470872304971944,0.010239738007671327,0.009785542302042687,0.00975116879802819,0.15891692348267214,-0.6086784978310706,55.559074068778486,0.7795324104336365,0.8971808685954399,0.8506063639873332,0.7990298768475662,0.5135220372394128,0.585507580520537,0.5467114956614447,0.5076782031172767,0.5546176482108863,Medium
2018-12-11,10549.150390625,8846.7998046875,26163.095703125,13709.5,29562.94921875,14579.599609375,3055.35009765625,8746.599609375,2880.800048828125,223.5500030517578,832.15,-1073.84,0.005787336945131116,0.051759759783150505,0.007120676743888277,0.03132996498261664,0.002327302037158141,0.0713461654891101,0.003811092403277705,0.013738829018991483,0.012031193836331555,0.055308891386130155,0.011124016026536898,0.056599946524238165,0.006290686753808172,-0.06959706796311971,0.024755990946147666,-0.04042742436089153,0.02645596861206978,0.11969214664018057,0.00044755473207191976,0.08836421467675648,0.010784450170666064,0.009609355292973585,0.009766468393330166,0.12342123689392814,0.5959710281796051,47.90522867364951,0.7942443614852883,0.8947137969293911,0.8752837799050961,0.7872452213588929,0.4942009892223237,0.5912915377447324,0.5547813371863508,0.5109952502537308,0.5484151714085694,Medium
2018-12-12,10737.599609375,9166.150390625,26643.5390625,13912.900390625,30085.400390625,14738.5498046875,3133.050048828125,8801.5,2940.800048828125,233.3000030517578,-1299.43,1121.29,0.01786392380162427,0.04748386900094981,0.036097865102394655,0.05069406804269083,0.01836339876697446,0.06747479129589862,0.014836455787957226,-0.003745009305706537,0.017672498369805334,0.06468726499601885,0.0109022332280162,0.04287231321199503,0.02543078491446149,-0.07017360177233267,0.006276769610690236,-0.08225938005635114,0.02082754755034366,0.058450961773854226,0.04361440334108435,0.0994345259517706,0.013678331526017308,0.009332783524245943,0.009897209782467341,0.06770143738135123,-0.5959849091423012,54.388326703430025,0.8112240414607195,0.888931779870666,0.8584373934728464,0.8255360674200407,0.4522889172915062,0.5791289389266402,0.44546579886649595,0.40200073750011434,0.5456793934856107,Medium
2018-12-13,10791.5498046875,9254.2001953125,26816.037109375,13924.2001953125,30291.25,14841.0,3114.0,8810.7998046875,2971.0,236.5,675.14,-51.86,0.005024418610784842,0.0581610244100399,0.009605974256930772,0.058276034204146177,0.006474291815000921,0.08096661633108737,0.0008121818147359683,0.019303846514585832,0.006842176161934832,0.07144875414044138,0.006951172040000619,0.03379461361229197,-0.00608035254184669,-0.06572059993672807,0.001056615882236045,-0.07598083068597805,0.010269297698056512,0.04357296438494229,0.013716231917632049,0.10772833723653386,0.013927216200306836,0.009264914884934989,0.00990472416459931,0.05402821616649274,0.5081727744340677,47.599301947393506,0.820527830555354,0.8872660191041224,0.8731252775997325,0.8301391276532801,0.4882193764988726,0.5682791318202625,0.44618118424667047,0.46333271684404365,0.5582032692102793,Medium
2018-12-14,10805.4501953125,9271.5,26825.6875,14072.0498046875,30371.5,14851.400390625,3112.35009765625,8726.400390625,2979.64990234375,237.1999969482422,861.94,-302.52,0.001288081033454791,0.04032605488705299,0.0018694003071451082,0.0511249531262612,0.0003598738540537827,0.06650233873781919,0.010618176074829178,0.023172551004975395,0.0026492799075641393,0.06390843257596157,0.0007007877248836891,-0.0059369897838125185,-0.0005298337648522722,-0.055991099728405214,-0.00957908656800921,-0.10567251953625412,0.0029114447471390026,0.021880344513863115,0.002959817962969069,0.10376921212245138,0.013584486644801842,0.00872332467033381,0.009898514207222405,-0.05508378146934949,0.6126292663751312,45.66321902411702,0.8430277924609442,0.8833421956511662,0.8811825927996635,0.8403280333073126,0.39770263148051754,0.6462517556289246,0.3733789280588374,0.4080301190235115,0.5804066182312998,Medium
2018-12-17,10888.349609375,9335.7998046875,27015.486328125,14283.9501953125,30624.19921875,14873.0498046875,3175.10009765625,8771.2998046875,2982.300048828125,236.6499938964844,-60.95,-76.84,0.007672000015183311,0.0489284572929074,0.006935210557892368,0.05917719110264752,0.007075264263963321,0.06682095749369221,0.015058246209050052,0.03940722066699087,0.008320274558385243,0.08002439210704693,0.0014577355328839747,0.017169320523013232,0.02016161358172841,-0.048901401957395896,0.005145238821580689,-0.08719299333216124,0.0008894153914829062,0.014060116065481854,-0.002318731276703123,0.07154171318230862,0.011383522898172998,0.00878993199024737,0.009935827063607813,-0.04166467318968853,0.09655939567123363,48.92066754769633,0.8424117031652908,0.8932866608254177,0.8800626160672248,0.8477834823963409,0.400513236773902,0.670503840755394,0.3809908907109463,0.41173180763316775,0.6054749899794628,Medium
2018-12-18,10908.7001953125,9403.7998046875,27174.3828125,14386.2001953125,30589.400390625,14730.900390625,3198.14990234375,8840.400390625,3019.800048828125,237.1499938964844,144.76,-182.6,0.0018690239262686426,0.03370607365796463,0.007283789436643318,0.02435672475739392,0.005881681434310337,0.05731337694120531,0.007158383962550863,0.027196875178460367,-0.0011363179777021948,0.060776492602971466,-0.009557516173831382,0.023213666380391462,0.007259552133337399,-0.07010252167078579,0.007878032615026065,-0.07409513635985199,0.012574187501601441,0.03306369830944411,0.0021128249013127043,0.0716221899057976,0.011190224230899996,0.008322542931092034,0.00989673977533789,-0.135827663108422,0.21159015026007819,47.100527141138464,0.8330009830663601,0.8831248585220391,0.8640910069390999,0.8316521433534414,0.5037809947932449,0.6217251454974017,0.4172753386928668,0.46311521810583,0.6410196724072333,Medium
2018-12-19,10967.2998046875,9507.7001953125,27298.083984375,14462.5,30977.25,14591.7998046875,3211.14990234375,8823.4501953125,3106.25,244.1499938964844,1209.21,-481.46,0.005371823253533137,0.04212274844997155,0.011048766752053574,0.038678536931027185,0.004552124430148963,0.06086544600182786,0.005303680169302938,0.03408826841606638,0.0126792158205844,0.07840357113644147,-0.009442775543172188,0.008295458716983006,0.004064850115522489,-0.0670414615610615,-0.0019173560657360644,-0.06733785790259506,0.028627707058095808,0.03257707969749846,0.02951718397705494,0.08680169387845749,0.0055230559457538795,0.008323800619394776,0.009850722671826037,-0.13557428171522884,0.8068188057561435,43.53219578488039,0.8332608779496959,0.8853437144468147,0.8653056010140429,0.8284374833904229,0.4929491204181947,0.6311212039144501,0.4111896103523397,0.5274973224332452,0.6574382068096692,Medium
2018-12-20,10951.7001953125,9524.5498046875,27274.783203125,14424.7001953125,30759.94921875,14542.150390625,3177.89990234375,8853.7998046875,3050.300048828125,243.3500061035156,-386.44,87.96,-0.001422374664029169,0.0400475019290123,0.001772206635554996,0.04316321768857878,-0.0008535683773021052,0.06551681883079108,-0.0026136425021607845,0.024277870548951253,-0.007014850616178014,0.0794063129368634,-0.0034025558688484114,-0.0024112431337385276,-0.010354546194100589,-0.07590981332518909,0.0034396532765745835,-0.06358049256811882,-0.018012056715291713,0.03707608969932008,-0.003276624259544225,0.0789182124181711,0.006279213998494169,0.008338667775628337,0.00984726657383165,-0.1325790556714892,-0.08545100883570828,48.92175738495638,0.8318321739514591,0.8937846975096234,0.8723168268397742,0.8375992406443635,0.4986727867663718,0.6335391479774398,0.40494469821652684,0.5443987481211002,0.6593546377346748,Medium
2018-12-21,10754.0,9337.25,26869.337890625,14159.75,30199.80078125,14207.849609375,3162.300048828125,8774.0498046875,3034.449951171875,238.5,134.14,-488.55,-0.018052009440243655,0.01468142395456562,-0.019664950945536663,0.014835747085835349,-0.014865207524492718,0.04398833856057238,-0.01836781296838319,0.0006183308600098414,-0.01821031736809753,0.05162028493041948,-0.022988400770873385,-0.03179680190584222,-0.00490885616130321,-0.08705632181720657,-0.009007432035878837,-0.07661988766874095,-0.005196242140945939,0.027895345954225936,-0.019930166352461587,0.049967010382962807,0.008617554446959948,0.008994285094677982,0.010021481121752331,-0.0004944768929744584,0.20565156383387853,48.76015689428103,0.8460182433158248,0.9061063041897803,0.8843352514310737,0.8587412597842174,0.5493488743502926,0.5882974081449938,0.4000976391591736,0.5315348226429878,0.6846002911076903,Medium
2018-12-24,10663.5,9206.75,26714.439453125,13989.4501953125,29950.94921875,14247.75,3089.85009765625,8726.349609375,3045.699951171875,233.3999938964844,-577.1,186.14,-0.008415473312255894,0.007397101919921489,-0.013976277811989624,-0.007652717523106367,-0.005764877353157449,0.03662058998534179,-0.012027034706650896,-0.006049864040592823,-0.008240172321087091,0.04245923502025595,0.002808334246350075,-0.020991874667170562,-0.02291052400252891,-0.09966776841419633,-0.005436508382596128,-0.09514312094533528,0.0037074264466465667,0.04003824615581375,-0.021383673390002467,0.03251488938508751,0.008870063269397306,0.009137086086458317,0.010035102707195757,0.02827506335620778,-0.1920659700427916,51.49169658053124,0.8615842668716254,0.9083254804321903,0.8891913997033,0.8631102042382163,0.5308883671883251,0.6047632213945214,0.4207641186450624,0.5168941229495712,0.69667128787442,Medium
2018-12-26,10729.849609375,9227.0,26986.486328125,14063.7001953125,29996.25,14158.900390625,3098.449951171875,8684.849609375,3062.14990234375,233.9499969482422,80.28,-137.63,0.006222123071693231,0.023625709245015614,0.0021994732125885097,0.019389051538418967,0.010183514255552861,0.05665873877732053,0.005307570988378085,0.015480955257567208,0.0015124990169472774,0.051159325232873476,-0.006236044945693187,-0.03355514210265864,0.002783259136793781,-0.08451766843791553,-0.004755711363594095,-0.091305298522103,0.00540104128298835,0.06780693743514332,0.0023564827169693103,0.050280569913545126,0.009328488298756397,0.008997167523008083,0.010058458349045073,8.62343249546126e-05,0.17553364811682462,48.94783292319851,0.8582260511889879,0.9046080205398898,0.8848910590916221,0.8544376640879033,0.5532277579103201,0.5979232910222768,0.40860942265283956,0.4891602056719174,0.6818264575827253,Medium
2018-12-27,10779.7998046875,9184.099609375,26878.23828125,14284.599609375,30377.5,14354.5,3089.0,8665.75,3048.75,232.6000061035156,1731.91,-663.0,0.004655255863871277,0.01864396925939049,-0.0046494408393844555,0.006267102335065999,-0.004011194549702668,0.04307375598501362,0.015707062223647705,0.013735655424560012,0.01270992207359245,0.05538446401338115,0.013814604522856211,-0.023383828682787433,-0.003049896341976055,-0.0942809940404219,-0.0021991871171128663,-0.08031794157362904,-0.004375978567702998,0.06396902823347572,-0.005770424716121103,0.050587229068614015,0.008923878651816807,0.008876291616123117,0.010069299190934071,-0.024266147440242036,1.0991068589552542,43.11416507698557,0.8447600946201288,0.8842701590532234,0.8723307278152768,0.8496886318321054,0.556933775155111,0.586214090372036,0.450059312466587,0.4944748257041427,0.7005551955426426,Medium
2018-12-28,10859.900390625,9223.7998046875,27124.935546875,14369.7998046875,30544.0,14385.7998046875,3112.199951171875,8814.2001953125,3079.89990234375,233.1999969482422,-119.6,1199.4,0.007430619064249022,0.02681472643313354,0.004322709574270611,0.019046711737673583,0.009178327204469205,0.04608919664030431,0.005964479064333172,0.014762622367282763,0.005481030367870954,0.051504569667894406,0.0021804872818629306,0.003298797272204279,0.007510505397175571,-0.07981608118102812,0.017130680588812286,-0.043613675805613816,0.010217270141451351,0.053371342399731514,0.002579496255299185,0.06923425227947844,0.009492480666492026,0.008957964722540027,0.010084960261031256,-0.007811795876973808,0.06376296498417061,49.52368065957129,0.8475730802168099,0.8937203811410522,0.8778665550906921,0.8601607046267923,0.576623131429982,0.5935270935509331,0.47703840062555297,0.525128780460343,0.7022568611320039,Medium
2018-12-31,10862.5498046875,9235.5498046875,27159.8828125,14334.849609375,30516.650390625,14440.2998046875,3154.60009765625,8868.7001953125,3088.0,232.3500061035156,-326.87,321.98,0.00024396301689710853,0.02315687594564908,0.001273878471866663,0.013976318687728195,0.0012883815176116808,0.038442317854069374,-0.002432197788941992,0.014454446778358276,-0.0008954167553365533,0.051554948764666264,0.0037884581142468843,0.006001707639817333,0.013623850379025138,-0.07432724315444106,0.00618320423774632,-0.03795061227494878,0.0026299873090309678,0.04939428830472914,-0.0036449007540735323,0.04756538731559856,0.009146234291568293,0.008941842603904352,0.010054117339456709,-0.011059854137693835,-0.052140124333946235,50.18012249635135,0.8468016768782348,0.8959181472658937,0.882642099556428,0.8652600867858188,0.5756688397463686,0.5763954478477338,0.47251361414604687,0.5230182126093266,0.7026479158013147,Medium
2019-01-02,10792.5,8902.650390625,27174.3828125,14140.5498046875,30195.19921875,14447.099609375,3028.449951171875,8839.9501953125,3077.5,234.1000061035156,1315.89,-5.07,-0.006448744166611009,0.010325569889235053,-0.036045435421022454,-0.023012639740496388,0.0005338756466697347,0.03540209588551968,-0.013554366455329148,-0.01202086339191688,-0.010533632222419542,0.035736874950381914,0.00047089082494622403,-0.0017999385446083593,-0.039989267285606145,-0.09722474720973318,-0.003241737725579674,-0.049605641486418994,-0.003400259067357525,0.02504744694029748,0.00753174071026419,0.052844612896164156,0.00934937928654254,0.008977365454522306,0.010065412118321558,-0.003903208599888436,0.8664730807040699,44.75432301257692,0.8064789151395864,0.8901029764417182,0.8849170856028861,0.8683006944881709,0.5633800548983756,0.6048907235371318,0.4622806578218199,0.5170832974325862,0.6877477521374497,Medium
2019-01-03,10672.25,8767.349609375,26959.537109375,13914.599609375,30189.19921875,14322.150390625,2960.39990234375,8722.2998046875,3054.14990234375,233.9499969482422,198.38,117.05,-0.011141996757007222,-0.008468549651315826,-0.015197809114517069,-0.04781901598895455,-0.007906185196823401,0.02506215560440861,-0.015978883313122583,-0.038146924676539795,-0.0001987070844120531,0.018130543257606435,-0.008648740725018422,-0.019017343920932128,-0.02247025703752925,-0.12810172229742622,-0.013308942700535287,-0.07202172463893397,-0.007587359108448433,0.024951289448050362,-0.0006407909071436402,0.03449039691474898,0.00757487557655086,0.009108833116041189,0.010089558958959676,0.022583051280935535,0.2415738606341672,48.821553451566224,0.8096162998392004,0.9008778952308512,0.888544454940641,0.8512656684674922,0.5632188817040984,0.6132899129787034,0.46655684583841994,0.5555604185183665,0.666650697772153,Medium
2019-01-04,10727.349609375,8809.349609375,27194.68359375,14043.0498046875,30190.19921875,14146.150390625,3001.699951171875,8788.0498046875,3125.10009765625,235.8999938964844,898.79,-1032.81,0.0051628859308019415,0.006676809064998457,0.004790501334073438,-0.035506152237102295,0.008722200363493249,0.041421314177838564,0.00923132529274917,-0.02027741522876625,3.312442946090677e-05,0.026610382595355864,-0.012288657443173201,-0.009726863833613764,0.01395083441106304,-0.09017337669828951,0.007538149510140091,-0.04671487102313798,0.023230750808286516,0.06892187483559598,0.008335101404910894,0.04265190672479302,0.007102673368141548,0.008969964491026959,0.010075015669953767,-0.00539425088543256,0.6332353784095432,46.13585671891755,0.812839042445587,0.8988962513475697,0.8877947996211767,0.8404836235480765,0.5089994189498418,0.597743028648838,0.44669532350728985,0.534229368665879,0.6811603854294683,Medium
2019-01-07,10771.7998046875,8820.0,27304.234375,14137.0498046875,30282.599609375,14291.5,2997.10009765625,8732.650390625,3109.10009765625,239.0500030517578,426.53,-50.99,0.004143632577580325,0.016202754059141178,0.001208987166733122,-0.03282048085902978,0.0040283896252124585,0.0396960764729235,0.006693702671952684,0.0008991702742950913,0.0030606088404880882,0.030341075942069917,0.010274852547257352,0.029710003693996345,-0.0015324161609920894,-0.084211769373156,-0.00630394857718608,-0.06852718856528817,-0.005119836005253009,0.04888339142812881,0.013353154882469687,0.04093189377357653,0.006881888746899024,0.00893441203671805,0.010085154248745797,-0.012556860559535908,0.3691528147902358,47.634400784544155,0.8172796490546023,0.9189375757806225,0.8915107230508142,0.8431317362103508,0.5132759180280746,0.5952674339183711,0.49524000313640865,0.5535663443754933,0.7152223062683684,Medium
2019-01-08,10802.150390625,8859.650390625,27509.1796875,14106.349609375,30272.0,14285.7001953125,3010.300048828125,8864.75,3195.300048828125,239.0,-1056.55,561.28,0.0028175965472634346,0.026161957928610535,0.004495509141156484,-0.02239962828203068,0.007505990085100223,0.058080106746292604,-0.0021716125879616133,0.009135303851339094,-0.00035002309946063903,0.035148984046528,-0.00040582197022709376,0.03252455558067524,0.004404241013570953,-0.06359746517516918,0.015127092402189346,-0.04703673434251343,0.027725048555643284,0.09433701798355254,-0.00020917402685405317,0.054954741913633365,0.006733888232960255,0.00882915667818937,0.010090458613740088,-0.03376223340660282,-0.46016910206175776,52.35586781149131,0.8185405868655868,0.9162592455779494,0.8851297494210153,0.8389223742875392,0.5087962866994067,0.5845483816879287,0.48360440915140823,0.518301003291999,0.7052591764035755,Medium
2019-01-09,10855.150390625,8907.099609375,27720.078125,14061.0,30577.349609375,14326.099609375,2975.5,8906.7001953125,3187.39990234375,240.5500030517578,,,0.004906430486840696,0.021315205161192674,0.005355653627169055,-0.027481788081412106,0.007666474969292958,0.05138517360136241,-0.0032148366254060035,0.004098973994270061,0.01008686606022069,0.021441085312588815,0.002827961773673282,0.021439617435164093,-0.011560325636533197,-0.062037022286345445,0.004732247983586735,-0.02982406238086166,-0.0024724271159675126,0.0827317277063131,0.006485368417396664,0.05806024452989056,0.006345767846647046,0.008707793512084883,0.010106549506478988,-0.05821278132283969,,,0.8150207129208151,0.9145838569851725,0.8861101945036348,0.8512620110072415,0.49051259432570554,0.6094369202895548,0.5380458312981355,0.50513338461866,0.7153307035821839,
2019-01-10,10821.599609375,8933.349609375,27528.23046875,14004.5498046875,30571.650390625,14323.25,2972.35009765625,8934.7998046875,3188.85009765625,239.8999938964844,-1298.56,1503.02,-0.0030907707440862575,0.012727409314558402,0.0029470872844366003,-0.02527554725859249,-0.006920891614550562,0.04104851939364984,-0.004014664341974283,-0.012762929285544455,-0.00018638694402250966,0.022003519790102732,-0.00019891034215169245,0.006882107878774413,-0.001058612785666324,-0.05608214047667026,0.003154884385778267,-0.013650281003806386,0.00045497752303802486,0.07236904221404306,-0.0027021789525130124,0.054273745019100206,0.006444843253850617,0.008689802330405139,0.010023905991509851,-0.061837392181719124,-0.5954984147740531,52.83094178246368,0.8097541052994497,0.9136145269574263,0.8909575304240285,0.8577883189934543,0.48180223749187695,0.6178183936520903,0.5635488309255384,0.5003881820486948,0.721391830456144,Medium
2019-01-11,10794.9501953125,8862.349609375,27453.58203125,13937.5498046875,30759.05078125,14307.099609375,2971.25,8902.4501953125,3160.0,236.6499938964844,533.37,-136.5,-0.0024626132017869784,0.006161013374606394,-0.00794774671367271,-0.02573537818721139,-0.0027117049018003936,0.037642788853321285,-0.004784159500619833,-0.022937674709511247,0.006129874842558891,0.03626539407063967,-0.0011275646675859008,-0.02226494902259668,-0.00037011039080403485,-0.04688198720795189,-0.0036206305773105463,-0.012462795825657791,-0.00904717900582852,0.0839922837104854,-0.013547311724411149,0.05506014568299755,0.005994196691812789,0.008678359506689713,0.010012309389232725,-0.06414273175493197,0.4288965599668056,46.656907859139984,0.823411517845171,0.9180147923345942,0.8907841221415249,0.8752739920937896,0.5050406696775871,0.6287652570210763,0.5733656665562801,0.5549375486860246,0.7496577452874834,Medium
2019-01-14,10737.599609375,8849.7001953125,27247.93359375,13865.2001953125,30716.400390625,14223.599609375,2939.35009765625,8949.2998046875,3145.25,234.3500061035156,-732.46,527.49,-0.005312723532749919,-0.011152401646541188,-0.00142732058878825,-0.03829554438896521,-0.007490768864547914,0.01145711403282057,-0.005190984813605248,-0.03498772831418773,-0.0013865964502064454,0.02054795053909264,-0.005836263273464981,-0.016708965495079275,-0.010736189261674411,-0.07487604133881498,0.00526255225776695,-0.015549006931701137,-0.004667721518987311,0.07293320793099545,-0.009718942963399702,0.03237888151328461,0.004363689906512289,0.008436664489510203,0.010017963443101383,-0.11283605270517373,-0.2789415620554448,50.31961673987058,0.8138838614383941,0.9146997678621972,0.8933838857281187,0.8649560531965312,0.5930397186357572,0.607360143623779,0.546267233024018,0.5688568315139634,0.7524832133781955,Medium
2019-01-15,10886.7998046875,8888.400390625,27400.431640625,14162.599609375,31011.05078125,14658.5,2986.300048828125,9027.5,3151.10009765625,238.5500030517578,159.6,417.44,0.013895116296032572,0.0009239712862298965,0.004373051567667652,-0.041185712999009194,0.005596683005348213,0.02002018370369507,0.021449341507744135,-0.011264391717188627,0.009592608081607557,0.029369761628148305,0.030575972508277705,0.0013970573666139963,0.015972902040254144,-0.05608848713453185,0.008738135610513398,-0.02675810883128027,0.0018599785887449816,0.08092074315161324,0.017921898181590068,0.02823277177481809,0.006511485804012032,0.00882348874202237,0.010138401053074791,-0.03490412966133722,0.2198885139667451,48.26181936026348,0.7999237613817968,0.906682669457394,0.9051950271254459,0.8665753893493546,0.643894030186012,0.6324769334122925,0.5780874492411802,0.5490644373073872,0.7772530817504533,Medium
2019-01-16,10890.2998046875,8866.75,27483.37890625,14242.599609375,30783.849609375,14707.7998046875,2967.050048828125,9054.2001953125,3170.0,238.5500030517578,-90.1,304.27,0.0003214902508350548,0.0006017966865741187,-0.002435802807424836,-0.042529601320446364,0.0030272247792628715,0.023313663841495247,0.005648680482857271,-0.006359144719630283,-0.007326458347950315,0.014350038984178193,0.003363223023331141,-0.002211648603401173,-0.006446103768961153,-0.08079682790024623,0.002957651100803149,8.834301510929343e-05,0.005997874316276963,0.07671148044345744,0.0,0.003998303551508764,0.006474451708692901,0.008822960850557749,0.01013840639402067,-0.035010481827027894,0.08025903839028074,49.09831998773398,0.7997524258181739,0.9063520815681837,0.9014807073654407,0.8601231520162238,0.6461137561004687,0.6527017895273299,0.6299442728448784,0.5504945294729586,0.8062260068337584,Medium
2019-01-17,10905.2001953125,8878.2001953125,27528.4296875,14257.5,30737.25,14800.25,2963.050048828125,8930.5,3120.39990234375,241.3999938964844,842.13,-727.46,0.001368225934293088,0.0032844376753760063,0.0012913632743112302,-0.03625626809217097,0.0016392009659247364,0.03127876668783425,0.0010461847579561478,-0.007075625362238269,-0.001513768094839163,0.01945396944178457,0.0062857936972351425,-0.013310114429145314,-0.001348140386637553,-0.08450355961559364,-0.013662189110479561,-0.014772117829601639,-0.01564671850354893,0.0742219257406731,0.01194714235282679,0.0196409457084874,0.006451489123985606,0.008822197435358206,0.010107556231709842,-0.035164284010305816,0.6015517336912315,45.968718189728946,0.7998399165632548,0.9127758727879796,0.9033009005034562,0.863107494008718,0.6841963158881985,0.6567087010124206,0.6079152748199493,0.5323541164994862,0.8015084877076308,Medium
2019-01-18,10906.9501953125,8844.7998046875,27456.380859375,14607.5,30540.349609375,14893.0,2957.10009765625,8689.599609375,3083.949951171875,238.3000030517578,-124.91,-0.97,0.0001604738994844812,0.011504307764481636,-0.0037620677491182475,-0.016468611849842496,-0.002617251653759034,0.03533615748618146,0.0245484832544276,0.02191440614232998,-0.006405920849295255,0.020181265704785956,0.006266786034019756,-0.00798978173856546,-0.002008049500962117,-0.05209000990931045,-0.026975017146296354,-0.013912596538911526,-0.011681179436166866,0.07094614128677423,-0.012841718819826986,0.014258379004165711,0.006265205843596533,0.008688202362328252,0.010095216722148541,-0.06215973130143775,0.060793671771070784,48.889321193756324,0.7969278649151155,0.9072972860273485,0.8408113992938568,0.850245451473436,0.6937165923778486,0.6540344649743066,0.5396697677494663,0.5089954756945827,0.7894740557702703,Medium
2019-01-21,10961.849609375,8746.849609375,27533.279296875,14963.849609375,30485.0,14966.400390625,2945.800048828125,8734.7001953125,3043.449951171875,234.8999938964844,-299.79,520.8,0.0050334340103701525,0.03402453558898477,-0.011074325872315272,-0.005067540923003322,0.0028007492281614255,0.05096890610818727,0.024394975825774434,0.06962190639614119,-0.0018123436726477093,0.03376476187536759,0.004928516123346549,0.018555534878774926,-0.0038213278059411326,-0.04524530301876961,0.005190179981231946,0.005548862638864893,-0.013132508841335211,0.07696526964669226,-0.014267767988802471,0.02442211413081652,0.006198721091814893,0.008085798531141448,0.010106407037925109,-0.1835236031592025,-0.03699728813606616,48.01970049090597,0.7401255727891184,0.8973390906436036,0.7962052122355425,0.8190217880047789,0.6473127854863296,0.6520995726514748,0.5031110569304594,0.41169471719052975,0.729053016609635,Medium
2019-01-22,10922.75,8675.150390625,27481.9296875,14949.849609375,30507.599609375,14962.599609375,2880.64990234375,8892.599609375,3013.449951171875,236.6499938964844,-78.53,-84.15,-0.0035668806605010372,0.021419134677808094,-0.008197147767711854,-0.02194518685299207,-0.0018650015794097197,0.03338865010336267,-0.0009355881250791009,0.06680623482488968,0.0007413353903558129,0.02810403195332767,-0.00025395426761276596,0.020439286278014945,-0.022116282641210683,-0.062044169008083294,0.018077256291777255,0.024186304729893804,-0.009857234546751359,0.06682125650963178,0.007449978907922761,0.026903870819467546,0.006339446225562441,0.007999384136841451,0.010093335626815025,-0.2009331628823362,0.08672885429905003,47.068428919617666,0.7371579588726813,0.9013691107442376,0.8105741567798005,0.8132545561288649,0.6661778893740182,0.6700060787072775,0.45806257708867587,0.4357915967230878,0.71761848340594,Medium
2019-01-23,10831.5,8612.25,27250.43359375,14849.7998046875,29991.400390625,14888.75,2896.89990234375,8946.2001953125,2975.0,235.5,-775.82,583.77,-0.008354123274816327,0.032707387488078554,-0.007250639792132585,-0.019580499188889156,-0.008423574922953647,0.043984010657566186,-0.006692361950233927,0.08730396906621984,-0.01692034854788682,0.02669840270527013,-0.004935613549982842,0.03256420594258369,0.00564108814013764,-0.04589546238163855,0.006027549680859501,0.04814129556402191,-0.012759445749853104,0.060020291190677755,-0.004859471481699851,0.05392706742595732,0.006972761037452756,0.007280594892596898,0.010111756774962146,-0.3457447348130338,-0.30318799401778157,47.670191146350284,0.7665928294675194,0.8805527624440989,0.7703118738331642,0.7910263060953315,0.6213592192204798,0.6482054997725476,0.34223037216092633,0.4593577988623291,0.6543700120394359,Medium
2019-01-24,10849.7998046875,8537.25,27266.083984375,14990.400390625,30036.75,14971.900390625,2893.5,8894.5,2991.699951171875,240.6000061035156,-94.45,389.96,0.001689498655541799,0.028499869935467714,-0.008708525646608067,-0.03499003159577363,0.0005743171231076261,0.042158171715064086,0.00946818056719656,0.09343159054852479,0.0015120870911107254,0.016026844200966783,0.005584779825371422,0.026907514044332226,-0.0011736347331157138,-0.052972684793276104,-0.0057790116679469206,0.016909473078712045,0.005613428965336231,0.038496216489881885,0.021656076872677676,0.0762693035965214,0.004303174024751332,0.007227851495515566,0.010028797093061302,-0.3563707344387518,0.07782656654904077,45.25659178744073,0.7553749082323166,0.8836843696621707,0.7715535077061682,0.7912477006382442,0.612899229971229,0.6436532934706035,0.3181136595141793,0.4485352376879761,0.6443143963706409,Medium
2019-01-25,10780.5498046875,8259.7998046875,27114.986328125,14970.0498046875,29938.05078125,15039.2998046875,2857.550048828125,8891.0,2950.64990234375,230.0500030517578,689.28,-147.35,-0.006382606245884936,0.003999981082829729,-0.032498778331722766,-0.09888017840777541,-0.00554159725821235,0.017694618741117107,-0.001357574541519746,0.07598339558118616,-0.003285948671211125,-0.0048977114301897995,0.004501727389577326,0.020405671113201906,-0.012424382641048948,-0.087933481976468,-0.00039350160211371055,0.010168721240697565,-0.013721312129595487,0.0033493788602017016,-0.04384872312604493,-0.013930561326563673,0.004811526536163476,0.006601214390309277,0.009958049411035183,-0.48261678634009414,0.5160797058904201,41.112120328576346,0.6771771630857439,0.8592421471887544,0.774638011763131,0.7481105791211413,0.5705187504641276,0.5849438212558653,0.299310539353071,0.39516555771840856,0.5379703544539354,Medium
2019-01-28,10661.5498046875,8143.0,26652.740234375,14820.0498046875,29565.55078125,15120.150390625,2827.14990234375,8663.900390625,2903.550048828125,229.3000030517578,223.44,92.32,-0.011038398055380982,-0.012046462496381416,-0.014140754915296538,-0.12007522766530954,-0.017047624076082846,-0.006089523009457309,-0.010020006743934218,0.06433759905840652,-0.012442359815666215,-0.023957387653200213,0.00537595413267189,0.018809405742537644,-0.01063853509646906,-0.0921162805575626,-0.025542639677764045,-0.016672653711226837,-0.015962535398798994,-0.02270277723725178,-0.0032601607913530506,-0.030443961726182578,0.0057916316308256775,0.006839690012604738,0.009985034507809017,-0.43457206390124875,0.2555871351954255,43.251612422012464,0.6799901630322854,0.8622483497924134,0.7961126340377435,0.7636345999264476,0.5072151410086614,0.6003172662099008,0.38761902742322085,0.4238024653386323,0.5119272662021865,Medium
2019-01-29,10652.2001953125,8120.4501953125,26573.091796875,14630.5,29758.900390625,15231.2998046875,2828.35009765625,8756.900390625,2920.39990234375,228.1999969482422,-354.36,81.27,-0.0008769465552643796,-0.014182657569092427,-0.002769225676961806,-0.12414925359300011,-0.0029883770599045123,-0.00941618749286477,-0.012790092286164012,0.03968506387224946,0.006539692455099333,-0.02017021251419915,0.007351078606428141,0.025580039866295312,0.00042452482321686524,-0.0912493746169063,0.010734195432421378,0.0034951410243295733,0.005803190312640094,-0.019884886460451168,-0.0047972354508313275,-0.03794266490637366,0.005703663377461845,0.00683288774997703,0.009881659942710851,-0.4359424883360761,-0.0675122279927248,45.17376350792343,0.6789569840900386,0.8610709116518932,0.7791239918559267,0.7498540134376842,0.5018132737731559,0.5981700219102956,0.3914363498003389,0.41910399464284315,0.5106903547266628,Medium
2019-01-30,10651.7998046875,8118.39990234375,26825.1875,14479.25,29463.849609375,15255.2001953125,2882.050048828125,8734.599609375,2976.39990234375,226.5,130.25,502.26,-3.758759858607519e-05,-0.021725037602009722,-0.000252485135606606,-0.13040124336561865,0.0094868788717557,-0.0070440644974392175,-0.010337992549810382,0.013672674716521449,-0.009914707108699128,-0.03788995758179903,0.0015691629034604304,0.02569415120929386,0.01898631686946195,-0.09229631816787276,-0.002546652383287884,-0.004184122778802646,0.01917545605828086,-0.0019783879515051783,-0.007449592335567634,-0.04289031970532908,0.004692910917669748,0.006659532386930388,0.009810559685870997,-0.47086769461373146,0.2034763188999881,43.1287297512353,0.6643615229078771,0.8304338237979398,0.7510712834092831,0.7171873354567568,0.5124578008031256,0.5441236375306899,0.3817639368770265,0.41289190468886183,0.5242214910115156,Medium
2019-01-31,10830.9501953125,8218.400390625,27295.1328125,14792.9501953125,29800.55078125,15499.2998046875,2915.85009765625,8825.349609375,3025.800048828125,228.5500030517578,3006.41,-1634.32,0.016818790618479573,-0.007127338602027855,0.012317758361765296,-0.1260553647124235,0.017518808116439022,0.004443523182593001,0.021665500306472962,0.028273622949618993,0.011427602853629315,-0.02578833188298668,0.01600107545294649,0.05216242006167682,0.011727779967550589,-0.08826972259199539,0.01038971493353813,-0.0017024999530520502,0.016597281314743695,0.001986886516651465,0.00905078610047605,-0.03626393028068331,0.009213303056751056,0.0073796100226016445,0.00994427032577893,-0.3257965556552064,1.811793148992114,35.21968243818484,0.6975697593358015,0.8629223638076264,0.7801519703568882,0.7435606274786541,0.5906027459454964,0.5690868869505747,0.41222140132612967,0.4606007055664951,0.5251386012497054,Low
2019-02-01,10893.650390625,8441.25,27085.634765625,14975.75,30199.900390625,15724.2998046875,2815.64990234375,8969.5498046875,2931.449951171875,231.3999938964844,-621.06,-226.18,0.005788983808607595,-0.0067153643443778055,0.027115934827075527,-0.11216699868578972,-0.007675289521912765,-0.007782568874489582,0.012357224372013587,0.0354883318928263,0.013400745922664825,-0.02509420976280985,0.014516784811914762,0.07761208453779589,-0.03436397344055531,-0.12316460209824931,0.01633931817945422,0.01655810438558558,-0.031181867979938493,-0.056273657570422575,0.012469878830328351,-0.05222199598090427,0.008921092335775987,0.007390878942625789,0.009958198648070411,-0.3235262517577506,-0.21664791536254074,47.41757247108224,0.6732003882398079,0.8096110440591989,0.7858844669009585,0.7442908578365762,0.6552450379114275,0.4470145454284374,0.4422887091680636,0.33340287415882547,0.5308370261610464,Medium
2019-02-04,10912.25,8395.5498046875,27186.283203125,15215.349609375,30008.900390625,15754.7998046875,2794.449951171875,8811.900390625,2916.75,229.1000061035156,543.36,-437.7,0.0017073807867935553,-0.0036021982531428964,-0.005413913260773007,-0.1185357862735269,0.0037159342349153412,-0.00324475539698732,0.015999172620736912,0.05481219043425467,-0.006324524171586132,-0.0244164521463901,0.0019396730143053098,0.08338858982260744,-0.007529327830930965,-0.12066143143434904,-0.01757606763943853,-0.004732365197631538,-0.005014566653610664,-0.04378259406953511,-0.009939446212767433,-0.05855763157013594,0.008921374790969787,0.0073950904301816126,0.009925213366764397,-0.32267778033443884,0.43448285736772224,43.5209694917804,0.6770630916537147,0.8095827232951673,0.7763389526809326,0.7351282137340814,0.6549405685952089,0.44316613338047894,0.41279370106658725,0.33227958481355724,0.5213227940952335,Medium
2019-02-05,10934.349609375,8468.2998046875,27271.3828125,15198.9501953125,29759.849609375,15738.7001953125,2768.300048828125,8800.599609375,2910.199951171875,223.9499969482422,597.54,-791.69,0.0020252110586724825,0.0167704676748186,0.008665305035696624,-0.09306275352084392,0.0031302406709725616,0.014962963490636527,-0.0010778203908239359,0.07339114004925928,-0.00829923049522352,-0.014568015698572134,-0.0010218860013828657,0.10774681799329944,-0.009357799495669505,-0.12459285770368544,-0.0012824454146148634,0.0030259464304973616,-0.002245666864875262,-0.040946465421852096,-0.022479306058798,-0.06100630210380631,0.008331128177490122,0.006577105647946054,0.009787567559193727,-0.4874738774928142,0.4647797135420627,41.36163518883386,0.6530209278308865,0.778413798984951,0.746642155993127,0.6565266793252482,0.5429785031420645,0.489304713974472,0.39264065367559225,0.34446671394608264,0.43850320767463113,Medium
2019-02-06,11062.4501953125,8567.400390625,27402.03125,15394.150390625,30029.0,16055.599609375,2832.949951171875,8906.900390625,2951.5,225.1000061035156,,,0.011715428033110209,0.037412687702208514,0.0117025363087222,-0.06944357231107612,0.004790678873831,0.025738582240570462,0.012843005128913454,0.10041139399339505,0.009044077646824356,0.0026059535101858877,0.02013504356331053,0.12688667399238485,0.023353647077063666,-0.08314323943392654,0.012078811213813267,0.020690298845696953,0.014191481520537508,-0.03092883497457799,0.005135115744338226,-0.03556121683812019,0.006637705196651962,0.006654650673298147,0.009818448321974824,-0.4718511937832875,,,0.6610518567874706,0.7641625778800492,0.7356261772080928,0.6614297019085442,0.6029708804648466,0.5089614263486303,0.4144317428359355,0.4174102872926705,0.4037132008135807,
2019-02-07,11069.400390625,8736.7001953125,27386.83203125,15225.099609375,30266.30078125,16085.849609375,2835.800048828125,9056.150390625,2940.60009765625,224.9499969482422,-512.0,141.09,0.0006282690714798367,0.03164543713206602,0.01976093061703499,-0.05313750999105882,-0.000554674892942475,0.014835043668051107,-0.010981494721069573,0.08258135468854766,0.00790238706750146,0.009002818060591,0.0018840778753810294,0.13609455293759165,0.0010060529502369242,-0.08476816036496326,0.016756671058889783,0.042752701307480656,-0.0036930043516009148,-0.039694269896606516,-0.000666411155957114,-0.03846975899722327,0.0064250002678923395,0.006588465747128425,0.009817690682594468,-0.4851852040978516,-0.15566277076354515,45.11175417540705,0.6214881359466149,0.7599568062785473,0.7235813290156297,0.6503468729618347,0.6566013921479004,0.5037764745113538,0.41727533089102964,0.41030157841034814,0.4009645435701681,Medium
2019-02-08,10943.599609375,8420.349609375,27294.083984375,15013.650390625,29769.05078125,16019.7998046875,2740.5,8984.849609375,2895.800048828125,226.6499938964844,-2888.06,2812.66,-0.011364733121095205,0.015195069264298589,-0.03620939014334401,-0.08316003010467943,-0.0033865927526472994,0.015471464266878288,-0.013888199366511755,0.0510375370109446,-0.01642916336535072,-0.02002960147312982,-0.004106081201269318,0.11601238668623082,-0.03360605373693648,-0.11281968274522503,-0.007873188736332248,0.036823080446008793,-0.01523500215613538,-0.050168085665231676,0.007557221477239473,-0.02558044733835141,0.008977592345665718,0.006927509512895193,0.009864455447071136,-0.41687942313755033,-1.4843292174524276,53.90342222706396,0.6777466556351638,0.7701291352253989,0.741477921584068,0.6932249957621159,0.6645604139844171,0.5642687083334759,0.4453807524600256,0.4508944045247263,0.3467654119802692,Medium
2019-02-11,10888.7998046875,8320.2998046875,27227.484375,14762.900390625,29728.5,16099.0498046875,2725.199951171875,8838.0,2845.39990234375,224.3500061035156,,,-0.005007475295473629,0.0026611122591371217,-0.011881906254356367,-0.09795312334736983,-0.002440074904624945,0.003780610941831908,-0.016701467895947286,0.027356023833350118,-0.0013621791822646667,-0.02669918805657412,0.0049470031439975415,0.11909313512355091,-0.005582940641534417,-0.1243493368266001,-0.01634413660321854,0.0027001661137850963,-0.017404567178169295,-0.07613883809066313,-0.010147751400422567,-0.03795021852719327,0.007394777095366222,0.006872005653895001,0.00986825915566713,-0.42806156189991473,,,0.6799423820408533,0.7609753219605341,0.7471286355942045,0.6802626567311758,0.6728897249318299,0.5499636293113477,0.43713348657679724,0.4485439776639278,0.3559921512370197,
2019-02-12,10831.400390625,8278.099609375,27010.435546875,14802.150390625,29524.0,15938.650390625,2767.949951171875,8904.9501953125,2799.60009765625,221.1999969482422,-1731.33,753.99,-0.005271417887377283,-0.0028675968923114192,-0.005071956095707653,-0.1036700808896669,-0.007971681303186817,-0.00550250038472988,0.0026586916501127877,0.03259893155379778,-0.006878920900819097,-0.03252815685596844,-0.009963284542159556,0.10376173668161082,0.015686922341833,-0.12256708759111545,0.007575265366881689,0.004087408436600493,-0.016096087108801393,-0.09339375075898637,-0.014040602048479456,-0.04798798735690979,0.00732864843300084,0.006941758383655587,0.009854300543295507,-0.4140087605760668,-0.8374986075863338,50.0568865186052,0.6768591852629079,0.7664814299179938,0.7373416171912108,0.6863911479810142,0.6788923109978501,0.5061056445426231,0.4152592909293865,0.46328576699399093,0.3721888344686634,Medium
2019-02-14,10746.0498046875,8223.349609375,26970.28515625,14335.099609375,29451.44921875,15861.650390625,2733.64990234375,8920.900390625,2748.800048828125,223.1000061035156,-250.23,1225.24,-0.007879921603800577,-0.004303932852675496,-0.006613836820469676,-0.07630320763413811,-0.001486476978696638,-0.007510663909397697,-0.031552900688389784,0.013758291394229127,-0.002457349317504409,-0.024631399005248578,-0.004831023839088067,0.09791244052419157,-0.012391860197328852,-0.09734354325850769,0.0017911605301168532,0.009157313505615106,-0.018145466158060786,-0.10680745773253453,0.00858955326169375,-0.04698846524222622,0.007670847622862741,0.0069918263124683164,0.00978418444941924,-0.40392177675884805,-0.00928388481380113,45.20864198777663,0.6734980498670131,0.7710071896154409,0.7299765094618552,0.6675118103829454,0.6905468519889947,0.4970889155601307,0.3989135506627012,0.4920182366843661,0.360989630178405,Medium
2019-02-15,10724.400390625,8132.5498046875,26793.939453125,14618.4501953125,29309.099609375,15815.599609375,2677.10009765625,8643.2998046875,2694.39990234375,222.5500030517578,-966.43,853.25,-0.002014639281967212,0.004886541322120408,-0.011041705509392874,-0.07240498360059733,-0.0065385183027675264,-0.006142451763105905,0.01976620976893617,0.050583603243838926,-0.004833365187488781,-0.029152797429233712,-0.0029032780395423785,0.10427548782950802,-0.02068655706022038,-0.09569646467803605,-0.03111800084991767,-0.009057244278343202,-0.019790506955050025,-0.11779055105446146,-0.002465275825687785,-0.048728335307507864,0.007451902336253651,0.006687649357691873,0.00945287905930958,-0.46520308184092984,-0.4097749957784138,46.876212992579326,0.6605240895421993,0.7574827815301279,0.6722329201428053,0.7051608419720362,0.6677468548022637,0.4564563269765452,0.34951605408255626,0.5001411161221256,0.38202733905473296,Medium
2019-02-18,10640.9501953125,8067.7001953125,26653.939453125,14433.7998046875,28965.150390625,15659.0,2652.0,8573.9501953125,2660.800048828125,224.25,-1239.79,2336.74,-0.00778133902809619,-0.008054124943125962,-0.007974080815050355,-0.08418889554266629,-0.005225062191579699,-0.019884185773327956,-0.012631324672447763,0.02782515233048377,-0.011735236610270428,-0.040577699380140775,-0.0099015916716918,0.10694426169663807,-0.00937585325189172,-0.11650063526014676,-0.008023510805142964,-0.024362584888947714,-0.012470254874340614,-0.14857125670193372,0.007638719051586973,-0.04938530817256637,0.003984483552552009,0.006772380321575628,0.009050956361763049,-0.4481326760586265,-0.5626348814155075,47.99821717578953,0.6552110827954346,0.7569512901587251,0.6807053353991491,0.723435091290073,0.7787295281804073,0.4446570746495728,0.3518857159607515,0.4954933542403302,0.330876962105747,Medium
2019-02-19,10604.349609375,8073.39990234375,26684.5390625,14411.0498046875,29009.69921875,15333.5,2689.699951171875,8552.7001953125,2696.300048828125,228.1000061035156,-813.76,1163.85,-0.0034395975233135756,-0.015545238339802037,0.0007064847345916725,-0.0846485371492347,0.0011480332739861598,-0.0226959417352276,-0.0015761615311175037,0.019381695883192496,0.0015380147357846319,-0.04203405279086181,-0.02078676799284751,0.07291047125913996,0.0142156678626979,-0.10256585915324079,-0.0024784375364832467,-0.020606595622525647,0.013341851829728801,-0.1327715531382564,0.017168366124930223,-0.045806303319190445,0.003145367211931691,0.006744297527746206,0.009055288578419963,-0.45379040334267673,-0.3244036219848263,46.50093689179683,0.6464763340261301,0.745114287886414,0.6782737166827909,0.7103768869120045,0.7246314973254845,0.40987264795839856,0.3663741668254806,0.46065154437354683,0.2811558603081195,Medium
2019-02-20,10735.4501953125,8121.5,26955.1875,14679.150390625,29053.400390625,15609.4501953125,2765.0,8606.349609375,2742.64990234375,228.6999969482422,713.47,113.27,0.012362906803977669,-0.006174714561499539,0.005957849015045813,-0.08331597276186964,0.010142518739637785,-0.02013844810326093,0.01860382064950561,0.04060588296133827,0.0015064331258820562,-0.040255008237810475,0.017996556253464746,0.09266259139571997,0.02799570591333711,-0.08148690989245988,0.006272804241624685,-0.029149202247666373,0.017190169000579125,-0.14166123355156712,0.002630385044594563,-0.043096247078484584,0.00698204413493325,0.007120865929236192,0.009128495838734521,-0.37792468526768325,0.5296064860834304,42.287264860287216,0.6442912677753938,0.7712375825387064,0.7057075767718947,0.6913143191481742,0.7581619985126264,0.47979443838183494,0.3689089287731556,0.5291505534888068,0.28294710380418314,Medium
2019-02-21,10789.849609375,8156.75,27052.0859375,14796.7998046875,29166.349609375,15588.900390625,2796.14990234375,8706.349609375,2756.25,229.6000061035156,55.48,202.1,0.005067269008080633,-0.006015649613329788,0.0043403312196022,-0.08424174448270838,0.0035947973836205627,-0.024097774345648637,0.008014729117949315,0.052329123439833536,0.0038876419706950216,-0.04614526824677401,-0.0013164976620170243,0.08814686590784437,0.011265787466093968,-0.06027561675558735,0.01161932811689037,-0.02249436733515997,0.004958743602173854,-0.13526696227439738,0.0039353264857151515,-0.045520668506855766,0.0074540601445098695,0.007124888517741371,0.009002359596550265,-0.37711427057474006,0.1616657626771117,44.50463417704045,0.6434684300404593,0.7713573801492166,0.7241732902455387,0.6917121616218825,0.7448564083870901,0.5136648848716675,0.3777871615376674,0.5386216419733831,0.2793522289373319,Medium
2019-02-22,10791.650390625,8278.9501953125,26867.23828125,14777.0498046875,29241.19921875,15684.7001953125,2842.199951171875,8772.599609375,2777.39990234375,233.1499938964844,6311.01,838.88,0.00016689586186968697,-0.0027675408286270686,0.014981481020320597,-0.07325353228936082,-0.006833027836635752,-0.024011430311525417,-0.001334748071251446,0.05516064498849049,0.0025663002184868056,-0.043519115091116944,0.0061453856453603795,0.09505176515892,0.01646909158537091,-0.04378695046286796,0.007609388891144597,-0.018153758210385895,0.007673433956915998,-0.12902776320997622,0.015461618896335239,-0.028136724350700026,0.007249253569843646,0.007103736725604809,0.008693469526226355,-0.38137563688339443,3.6596888838338613,23.465359054396103,0.6351512574025777,0.7596525535388169,0.7215455859535398,0.6940648014777477,0.7429543968122498,0.5051547545494123,0.38188596772426925,0.5402582410536497,0.273286638047714,Low
2019-02-25,10880.099609375,8371.4501953125,27158.93359375,14762.9501953125,29327.05078125,16003.7001953125,2852.10009765625,8816.2001953125,2770.949951171875,231.4499969482422,2134.35,-1746.4,0.008196078963680797,0.0078878931835622,0.01117291417604771,-0.05539156495735664,0.010856914635084314,-0.010732604479976593,-0.0009541559080709083,0.059221341067236866,0.002935979535509281,-0.046555402836842896,0.020338291202743886,0.11858452322689983,0.003483268825014596,-0.04010093473916698,0.004970087303529214,-0.009688344007295235,-0.002322298336091988,-0.12311710405953324,-0.007291430378492669,-0.02197336607799283,0.007066747927881227,0.007244984592639133,0.008393231942849523,-0.3529189984168629,1.3241468515503376,37.82009090969562,0.6471196600016378,0.770248257101569,0.6959169450354837,0.721319100774069,0.754254130633092,0.5071255755312253,0.3864093387980644,0.5324229592291443,0.24112699179700556,Low
2019-02-26,10835.2998046875,8399.099609375,26952.63671875,14695.599609375,29253.650390625,15989.599609375,2854.89990234375,8829.4501953125,2729.699951171875,227.6499938964844,1674.17,-720.27,-0.004117591409631749,0.009098886051515542,0.0033028224999751554,-0.05091704532275265,-0.007595912199125365,-0.010837404384592797,-0.0045621359583590815,0.059890906901094665,-0.0025028220932439282,-0.04762113989263039,-0.0008810828599269405,0.12415985042464217,0.0009816642444635537,-0.028730907345755785,0.0015029150548377945,-0.013392065523631813,-0.014886591503594171,-0.13211987881030918,-0.016418246281539428,-0.028589767580683212,0.007296605483303682,0.007216359762380698,0.008399223420473624,-0.3586859275955682,1.0668192901936,39.29485312769158,0.6407499177419099,0.7674465035428516,0.6953214443499581,0.7271461396760559,0.7504557924061416,0.49281378395337927,0.3974974128980598,0.5450394348818236,0.24500454269797023,Low
2019-02-27,10806.650390625,8420.0498046875,26798.990234375,14689.0498046875,29171.94921875,15902.099609375,2846.85009765625,8866.2001953125,2743.85009765625,228.0,423.04,66.81,-0.002644081343287419,-0.007362072923210228,0.002494338237055249,-0.052692336680905005,-0.005700610518306504,-0.021950070500286523,-0.00044569836288421705,0.03717186179322707,-0.0027928539099921768,-0.05930471609855814,-0.005472307133237875,0.0848381218661527,-0.0028196451584490134,-0.046696563939245705,0.004162207066925827,-0.017867605060924996,0.005183773578594231,-0.1292405786483608,0.0015374746887748536,-0.0442255414663264,0.00641312803845736,0.00676149696519494,0.008376323967112896,-0.45032530200286386,0.3672012454279537,42.39288890339792,0.6487669061670002,0.7709217974481026,0.6676169639498619,0.7012851091639746,0.7069400276228519,0.45888027606082554,0.3723815804267445,0.5342079871240186,0.1674736988298493,Medium
2019-02-28,10792.5,8355.150390625,26789.58984375,14818.5,29262.849609375,15732.0,2871.60009765625,8884.849609375,2760.800048828125,230.25,3210.6,-5240.62,-0.0013094150466157473,-0.00898045108412937,-0.007707723299495206,-0.057698661784193805,-0.00035077406061900795,-0.02524395071168728,0.008812700415189001,0.04043506146489717,0.003116020460044444,-0.049409025164181886,-0.010696676134182903,0.06963653360212851,0.008693819186467167,-0.03216998351934586,0.0021034280358749324,-0.01870409117142957,0.006177433375953445,-0.12908515809838328,0.009868421052631637,-0.034793556678165194,0.006144308730232879,0.006763514028132666,0.008268056221836259,-0.44991893246264864,1.925973936408847,33.04512919199514,0.6489366562944484,0.7726206721775002,0.6612137684868957,0.7008611451942804,0.6900295813772778,0.45378284260845353,0.3705950511385731,0.5271792309533982,0.1608374695743499,Low
2019-03-01,10863.5,8413.650390625,27043.5859375,14857.849609375,29464.900390625,15848.2998046875,2922.699951171875,8972.650390625,2832.0,230.3500061035156,-972.81,34.52,0.006578642575862936,-0.003823881686319197,0.007001669301565316,-0.052324772416460275,0.009481149029583191,-0.017612473922555605,0.002655438092586948,0.04210763523584071,0.006904685768718499,-0.04139438659525496,0.007392563227021309,0.07081297982719881,0.017794905898398605,-0.013617757712937828,0.009882078494311886,0.004719824267958028,0.02578960805296182,-0.09242401979538939,0.0004343370402415392,-0.045774598477028916,0.004855596281626273,0.006873269808938654,0.008143206261744614,-0.4278068776784947,-0.4133426211455658,47.34637319473146,0.6548304467192223,0.7805714818421815,0.6538438594910886,0.712396103470595,0.6925983598329921,0.47618348484918094,0.40230184312354855,0.562331434859624,0.157485006988743,Medium
2019-03-05,10987.4501953125,8676.599609375,27553.73046875,15108.599609375,29649.19921875,15664.099609375,3000.199951171875,9054.650390625,2895.800048828125,234.9499969482422,-400.68,57.07,0.011409784628572783,0.007380614980216693,0.03125269134583886,-0.019016845946401073,0.018863790195168262,0.0035456096662411785,0.01687660102857569,0.03430426899709049,0.006254860043023891,-0.02917944299994013,-0.011622710169706618,0.051775975919895245,0.026516577580577794,0.014575040442420306,0.009138882763745748,0.042010080747121537,0.022528265829140137,-0.0610093890376705,0.01996957118663767,-0.014057935629937957,0.006035823962935666,0.007187904044205888,0.008193917911347964,-0.36441878644439807,-0.0934138591849628,46.187457717777,0.6915150272271007,0.800473991768762,0.7066491856723747,0.7277887762474847,0.5662059635269288,0.5223263272966671,0.4547855441518075,0.6063451667954837,0.22927244315688367,Medium
2019-03-06,11053.0,8651.75,27625.330078125,15363.0498046875,29710.30078125,15735.0498046875,3021.300048828125,9155.0,2911.050048828125,236.8500061035156,3068.88,-462.69,0.005965879573721855,0.008315238200955033,-0.0028639801873708848,-0.010872441349977113,0.0025985450302710156,0.0033432552750971567,0.016841414948517874,0.02667764016168661,0.0020608166193358812,-0.025412472322453694,0.004529478047371249,0.051358335605132144,0.007032897140075045,0.025629709670904166,0.011082659743428591,0.04811840077957741,0.00526624758024008,-0.043503229712310465,0.008086866056405961,0.008301457035756687,0.0060423377911733534,0.007211190100979947,0.008135642885968799,-0.35972743844146166,1.8467256813880362,34.60291665037424,0.7072543633356695,0.7988947213681551,0.717973772539213,0.7367515532812522,0.56497213818941,0.5368156686838288,0.46374243854757924,0.6388127299022045,0.2714266596696878,Low
2019-03-07,11058.2001953125,8635.7001953125,27764.27734375,15348.349609375,29904.05078125,15582.099609375,2992.85009765625,9045.650390625,2952.050048828125,236.0500030517578,-390.18,287.57,0.00047047817900125466,0.012400741142340577,-0.0018550934420782372,-0.0045474941108955,0.0050297051739129905,0.010273938528356785,-0.0009568539775230978,0.02665578654049483,0.006521307253889441,-0.019783556748251274,-0.009720350250619236,0.04140323313950378,-0.009416460037760865,0.03894961175990597,-0.011944250068268714,0.01721102804276109,0.014084264891462528,-0.020375285250671782,-0.0033776779866669937,-0.002535351194596025,0.005726093543528589,0.007174092155091698,0.008104380102087088,-0.36720141207489215,-0.08754237543024564,46.11883730768277,0.7039668655138882,0.7944951440922924,0.7188126404785337,0.734217040097482,0.5517024747255411,0.5271635153853572,0.499083021156695,0.6239190554489313,0.28386926500765874,Medium
2019-03-08,11035.400390625,8582.599609375,27761.478515625,15352.5498046875,29945.75,15408.7001953125,2947.949951171875,9021.849609375,2937.300048828125,236.5,,,-0.0020618006804727917,0.01882476024788815,-0.006148961258095054,-0.0034428158291968103,-0.00010080680618296256,0.018753643684855437,0.0002736577820676711,0.0338556752691912,0.0013944337860791745,-0.0015221160076029916,-0.01112811613386,0.0349223538116028,-0.015002470895397302,0.017622303341176204,-0.0026311851798591634,0.008456038587437043,-0.004996527753943547,-0.012672252494747904,0.0019063628147613088,0.00424628450106157,0.0053823158252236354,0.006998070734937478,0.008030778874360963,-0.4026637381323671,,,0.7061600423446556,0.783640746771191,0.7156265343049354,0.7136173599146338,0.5435365057484098,0.5570992235736214,0.5367718650024563,0.6135856157923985,0.27377002637455083,
2019-03-11,11168.0498046875,8782.7001953125,27966.326171875,15770.9501953125,30256.400390625,15388.5,3028.85009765625,9155.0498046875,3006.949951171875,238.6499938964844,,,0.012020353532001593,0.02933233845130534,0.023314682618879923,0.028750498733491447,0.007378845335442197,0.02568180263441122,0.027252827442204586,0.05206997707517247,0.010373772259001601,0.007312721603535577,-0.001310960370209835,0.02782543287797079,0.02744284937816377,0.046777293124675934,0.014764178198457767,0.02929336159283835,0.023712219107999477,0.0050974363234610465,0.009090883283232154,-0.008104788684802577,0.00582323057236683,0.007298930859788425,0.008037233955371075,-0.3420506614067666,,,0.7370014554107542,0.7862200607228768,0.7445544061764723,0.7335899549795375,0.5081546034314995,0.594493321853182,0.5689039150833101,0.645245858453628,0.30261860755547043,
2019-03-12,11301.2001953125,8802.900390625,28443.369140625,15991.150390625,30480.80078125,15384.5498046875,3043.050048828125,9274.7998046875,3001.25,244.8999938964844,-1131.12,963.97,0.011922438828049886,0.04829534671771718,0.0022999982765301574,0.06575226988301663,0.017057763176264062,0.04899072403817284,0.013962392410442614,0.06820956504885967,0.007416625498336993,0.018129102791819784,-0.000256697879097989,0.022956520880871745,0.004688231742753901,0.06491574839645353,0.013080212839332361,0.04316722581121368,-0.0018955922993176832,0.017148797495784684,0.026188980347139568,0.06455114387190664,0.005683916063700084,0.007425393157442772,0.007811038644534504,-0.3165728120094221,-0.50186782049883,49.212333178879916,0.7120276623057303,0.797489202486084,0.7571776657592579,0.7412776792347812,0.507606003132972,0.5689094987746529,0.5931008138491222,0.6023460616803116,0.3184098577076641,Medium
2019-03-13,11341.7001953125,8767.5498046875,28883.96484375,16041.7998046875,30451.599609375,15342.900390625,2985.75,9100.25,3050.60009765625,246.3500061035156,2722.28,-1508.14,0.0035836901656514097,0.06379470181023428,-0.004015788475256188,0.07669775324665351,0.015490278277045189,0.08371464208761958,0.0031673402366469983,0.0824389942072643,-0.0009580185272876074,0.029968960655619492,-0.0027072234541312135,0.014731996325784813,-0.018829808221587196,0.056098934663764366,-0.01881979216406182,0.05036410735367691,0.01644318122657218,0.05064491617338396,0.005920833985990637,0.07435675021735277,0.005798680906225253,0.007036938657579298,0.007786854748800412,-0.39483317441635296,1.6529107985894675,35.34453711546696,0.6857521710373436,0.746847135897082,0.7525057407549811,0.7076938407145303,0.5629874562845189,0.5323048681043209,0.49042154288991924,0.5752741557709476,0.3077976359548258,Low
2019-03-14,11343.25,8725.5,28922.763671875,16024.9501953125,30467.30078125,15260.4501953125,3002.050048828125,9184.900390625,3041.89990234375,251.8000030517578,1482.99,-817.77,0.00013664659273393553,0.06487390323283604,-0.00479607252017189,0.07450939173751259,0.0013432653146783213,0.08842297663218557,-0.0010503565422924632,0.09531117838163428,0.0005156107421748768,0.023804656130646862,-0.005373833708969378,0.0019138478658287106,0.0054592811950515685,0.06141387917847019,0.009301985178978622,0.048875741519020854,-0.0028519619202740376,0.041603891269305526,0.022122982801762614,0.10341808246767115,0.005670516854051839,0.007024637704446878,0.0075674102017405515,-0.39731139786448444,0.959913550743426,39.47278192116563,0.6847552945867862,0.7456174893609642,0.7563816841909219,0.728457263458233,0.581161199746243,0.5296034285582498,0.4977280477073467,0.5831087895072674,0.2696524102820478,Low
2019-03-15,11426.849609375,8748.0498046875,29381.107421875,16046.2001953125,29953.400390625,15546.599609375,3008.25,9221.75,3098.949951171875,251.6000061035156,4323.49,-2130.36,0.007369987382364052,0.07276233302342261,0.002584356734571136,0.07755837479279282,0.01584716298898159,0.09528059857456728,0.0013260571634234886,0.10822039783224269,-0.016867276635850192,0.016615302743543392,0.018751046686053652,0.019101644706835064,0.002065239110285777,0.04378825802251063,0.0040119770283642,0.05577249243366955,0.0187547423188279,0.041173919113363544,-0.000794269046140994,0.11081680398903138,0.005752090082916345,0.007076140281679601,0.007594987425576382,-0.3869353812124944,2.5482897036266743,30.06703720369002,0.6780602415672451,0.7644683135072375,0.7492705522700815,0.6066716977462591,0.5910382370265248,0.547046408601743,0.4956236079442992,0.6212995048268402,0.25122300324769425,Low
2019-03-18,11462.2001953125,8627.0498046875,29595.755859375,16333.150390625,30172.30078125,15359.4501953125,3028.39990234375,9204.9501953125,3117.89990234375,258.70001220703125,1822.99,-1268.91,0.0030936423551506387,0.0582820517698619,-0.01383165422025423,0.04972371685962873,0.0073056619145739354,0.08428693359650596,0.017882750546532877,0.10411717574771195,0.007308031401119797,0.01247460165178893,-0.01203796449158212,-0.009022963045898669,0.006698214026011895,0.03859931097897218,-0.001821758851356825,0.04301252672576927,0.00611495876682655,0.030438182308607953,0.028219419440691507,0.13191865566698602,0.005504872266911683,0.006532427866149353,0.007416008885174966,-0.4964749301159051,1.1500377866104579,37.14207411894639,0.659870512804635,0.730319249849988,0.7173924115403996,0.5629194499384708,0.5279134499849157,0.5491269460460301,0.4818261294783921,0.60558683214243,0.23083223287336313,Low
2019-03-19,11532.400390625,8567.0498046875,29767.50390625,16593.900390625,30433.150390625,15495.5498046875,3027.39990234375,9244.599609375,3176.300048828125,259.0,2132.36,-1253.67,0.006124495656707252,0.05863507429517867,-0.00695486885532981,0.014902982933511,0.0058031309519872565,0.09901444672910609,0.01596446452545175,0.10805137576582147,0.008645333720691983,0.007723535408494575,0.008860968826640336,-0.01454754760729049,-0.0003302073808766348,0.07520466227841016,0.004307401259236787,0.03066483944865972,0.018730603391236222,0.08352525260012333,0.0011595971349576129,0.11927401396502324,0.004493563231436835,0.006539580038554352,0.00742531931389284,-0.4950340107685715,1.3230340655815866,36.12138747728762,0.6447405706348449,0.7889712868410121,0.7182675549263547,0.569470803675961,0.529246288555379,0.6459559722871488,0.4739604086483342,0.7237459976292904,0.21276136420963404,Low
2019-03-20,11521.0498046875,8445.099609375,29831.8515625,16397.400390625,30297.349609375,15599.25,2996.10009765625,9264.5,3190.050048828125,265.29998779296875,1771.61,-1323.17,-0.0009842344657688962,0.05579049276615722,-0.014234794718454236,0.005901913018232063,0.00216167457146077,0.0973126167931222,-0.011841700587224002,0.07768804605854562,-0.004462264981013431,0.00961212223691188,0.006692256591058765,-0.009873169231970791,-0.010338840489248935,0.07216094401684003,0.002152650354355856,0.051362315654012836,0.004328936117062643,0.09370019673545049,0.02432427719292951,0.15800951866014668,0.004432688984028274,0.0065610516852942875,0.0074282421178502684,-0.4907082046421615,1.1213066594373753,37.38366158766981,0.6472211385413532,0.7882627126510816,0.7301267004910297,0.5808539454942988,0.5137176502562999,0.6528457265763106,0.4943179787389504,0.7233354460512414,0.18215642527762044,Low
2019-03-22,11456.900390625,8336.599609375,29582.15625,16152.2998046875,30198.849609375,15551.099609375,2983.199951171875,9199.349609375,3124.199951171875,266.95001220703125,1374.57,-675.37,-0.005568018119008533,0.0477898366082945,-0.012847687418577336,-0.015552141321165669,-0.00837009100748809,0.0847325364242566,-0.01494752705298541,0.06272470118817952,-0.0032511094623776104,0.014751418631554714,-0.003086711901213235,-0.011919700077479889,-0.004305646027803367,0.07762883305757318,-0.0070322619272491504,0.04530941273310796,-0.020642339978471536,0.07353446621900561,0.0062194666037833635,0.192007215203164,0.004457138581873258,0.006698369713988207,0.007437293353080805,-0.4630432948667092,0.8992862870590035,39.04776273924547,0.6637874890251473,0.7978853096430715,0.7439322431006402,0.6030350893299657,0.5127221174472784,0.6622305054474317,0.5097004344053648,0.7384483607304089,0.19811764885696503,Low
2019-03-25,11354.25,8238.5498046875,29280.859375,16147.900390625,29921.44921875,15416.849609375,2949.64990234375,9170.150390625,3082.60009765625,261.79998779296875,150.4,-12.52,-0.008959700017030503,0.02637750222922075,-0.011761366658084138,-0.03838394039542603,-0.010185088350346372,0.06856528656064498,-0.0002723707531248065,0.04896340368735341,-0.00918579330713587,-0.003581563863265469,-0.00863283004881965,-0.039783627864451,-0.011246329236143104,0.041193792048320965,-0.0031740525134780206,0.029555736390303178,-0.013315362065741354,0.04441812558233105,-0.019292092820990203,0.16303856372432146,0.005964521370157126,0.006683079448635616,0.007506349851216716,-0.4661237629993025,0.21474397581975488,43.11805098908984,0.6599578666192409,0.8333551491032092,0.7178568154354559,0.604580941686658,0.47386471817351816,0.6473965109498985,0.4856523362528106,0.7450286887783286,0.2930821126044273,Medium
2019-03-26,11483.25,8287.25,29881.802734375,16541.349609375,29957.80078125,15356.599609375,2980.60009765625,9245.0,3178.949951171875,264.04998779296875,999.02,-196.7,0.011361384503600025,0.03738681362772822,0.005911258227120353,-0.0514439302327947,0.0205234194693098,0.09110110655654102,0.024365348387857644,0.08645263635513478,0.0012148997942660333,-0.010192854496150261,-0.003908061732882273,-0.04533487616190224,0.010492836891560442,0.051061445212952306,0.008162309906228016,0.02085318830068217,0.031256034017802525,0.08105483425155202,0.008594347230372223,0.17381636530416533,0.007310114381805399,0.006950537140631661,0.007502900460704181,-0.4122401397912092,0.6892828847652863,40.917421013913774,0.6952709696935775,0.8469729339655279,0.7506883733616874,0.6078253100116731,0.443592769617385,0.6490678542610956,0.5205245778558261,0.7683512674185576,0.29556857509436657,Medium
2019-03-27,11445.0498046875,8215.349609375,30019.451171875,16330.099609375,29891.349609375,15339.400390625,2982.10009765625,9148.7998046875,3229.39990234375,262.8500061035156,1481.11,134.92,-0.0033266013813597617,0.04582132143092332,-0.008676025294880652,-0.02434578248054664,0.0046064301649930695,0.0998519382097669,-0.012771025641116429,0.08768348699341177,-0.0022181592153650564,0.004108254207488171,-0.0011199887466949443,-0.04247240429705057,0.0005032543618244123,0.08815913069011128,-0.010405645788263973,0.01824740562618099,0.015870004859081632,0.11520127353082499,-0.00454452469202149,0.15971768445563916,0.007059770728022641,0.006593331080896221,0.007461250143159742,-0.4842050049135656,0.958862275556867,38.43636628769601,0.6511938080396216,0.8472638933555785,0.7399701846631854,0.5448732621485666,0.4491524016776095,0.5885951096801175,0.516038216438338,0.7195445141885086,0.340743428047559,Low
2019-03-28,11570.0,8234.25,30420.197265625,16384.5,30243.25,15566.75,2973.699951171875,9199.400390625,3346.25,266.6499938964844,3594.51,-2080.22,0.010917400749215211,0.0625597134239948,0.002300619148749572,-0.010342151930513466,0.013349547646808846,0.11726066377092548,0.0033312957009625777,0.10984288767570205,0.01177264978743664,0.017315034394604467,0.014821283986690137,-0.03306405105551713,-0.0028168559770938018,0.09118596963615144,0.0055308441563639565,0.04089164863374073,0.03618322325811851,0.1760209864503408,0.014456867813319452,0.18854462510445158,0.008124295306716165,0.006690399306918167,0.007533711795730976,-0.4646490606540829,2.1406521581491775,31.58029832325594,0.6286394048056215,0.8525233200841805,0.7049366494491142,0.5815760159452867,0.5221996484601186,0.5392578401258986,0.4930991637916519,0.7289155034303322,0.3322096893714555,Low
2019-04-01,11669.150390625,8414.349609375,30326.1484375,16532.099609375,30193.150390625,15840.650390625,3102.300048828125,9375.400390625,3384.85009765625,267.20001220703125,-157.72,240.6,0.008569610252809001,0.07734456947276236,0.02187201133983052,0.016459091630849132,-0.003091657404578285,0.12275673544289134,0.009008490303335392,0.11687147969025302,-0.0016565550784058969,0.02266462507197531,0.01759521998008573,-0.006148575795203004,0.04324582162553803,0.12079340434414121,0.019131681688663082,0.052830188265414524,0.01153532989353745,0.20904771381096743,0.002062697630364152,0.20795667221257896,0.008410487267640565,0.006645454898454346,0.007570049336601321,-0.47370382947714956,0.04244668300990219,44.0608739482148,0.6383677599275753,0.7969504918102299,0.7180538359961625,0.5398570118953328,0.5270102732763119,0.5981145507519846,0.5518493060112705,0.7134255404957084,0.2705370104917738,Medium
2019-04-02,11713.2001953125,8504.2998046875,30353.896484375,16523.5,30073.150390625,15988.400390625,3089.10009765625,9296.9501953125,3425.10009765625,273.3999938964844,-112.13,-65.22,0.0037748939051200914,0.09000054980232108,0.010690094836596886,0.03416493383574548,0.0009149875043377165,0.125457009761756,-0.0005201764795877972,0.15266028491311,-0.003974411363090513,0.021109357548327434,0.009327268537372868,0.00799097173866059,-0.004254891842863873,0.13002769484407928,-0.008367663464372899,0.04215379482128201,0.011891220833640581,0.2460346466875416,0.02320352322682262,0.22545937434726127,0.008347982537877583,0.006351420157101642,0.0075561522410781245,-0.5329418236993257,0.06794010628395511,43.19705747790436,0.6314614709316555,0.799696202900105,0.6852882639191418,0.5290892760940195,0.5246526058266093,0.5684283380118598,0.5641658130680751,0.6853336701810443,0.29115519643129373,Medium
2019-04-03,11643.9501953125,8480.650390625,30092.951171875,16258.650390625,29969.0,15962.9501953125,3085.0,9180.2998046875,3332.10009765625,272.6000061035156,,,-0.005912133221091298,0.08574370325555414,-0.0027808772745129273,0.0428033758535189,-0.008596764920586919,0.12312529572299358,-0.016028662775743663,0.11220068977205533,-0.0034632351207696255,0.0225152051553954,-0.0015917912168013082,0.009316787828275164,-0.0013272789895545367,0.15236632455426613,-0.012547167423120675,0.062129049337010134,-0.02715249112387652,0.2366761499500465,-0.0029260709979080923,0.22489329303724093,0.008403522608230758,0.006493602967280796,0.007558820051832166,-0.5042968260057291,,,0.6177130431752704,0.8094946734492849,0.7717826161099484,0.5285333884946326,0.5142912895248034,0.5575831298755078,0.624332032252396,0.7067365967487188,0.30259763065476514,
2019-04-04,11598.0,8536.349609375,29904.552734375,16120.599609375,29998.69921875,15744.7998046875,3071.89990234375,9263.400390625,3318.199951171875,272.3999938964844,-226.19,1206.16,-0.003946272059030087,0.0899402578830879,0.006567800367242249,0.05808959216590548,-0.006260550400124187,0.12195620414635888,-0.008490912710048981,0.11686456979538384,0.0009909979895892373,0.03568249479759378,-0.013666044681957312,0.0054792646201864414,-0.00424638497771479,0.15833329650970973,0.009052055783087765,0.0804121996987377,-0.004171587310402902,0.2470685095760139,-0.0007337204789177321,0.2147156918460842,0.007437453213287908,0.006314065978009695,0.007487972209639358,-0.5404674196035477,0.004159017039856071,43.48943686251829,0.574485826738408,0.811447028456175,0.7625534190358835,0.4607201844783227,0.5147485795678708,0.5443601505095512,0.5561842014104249,0.6927768460153194,0.3367818747761707,Medium
2019-04-05,11665.9501953125,8564.599609375,30084.30078125,16171.4501953125,29869.150390625,15923.0498046875,3132.35009765625,9271.5498046875,3294.89990234375,276.0,,,0.005858785593421345,0.10010991951821069,0.003309377109973921,0.06084174114658336,0.006010725138462902,0.12740567527837543,0.003154385517268654,0.12215629079655188,-0.0043184815174929225,0.029626338604693547,0.01132119825029032,0.0384484823874196,0.019678439153039573,0.16457231457788324,0.0008797432604497057,0.08404943385820784,-0.007021894150741614,0.2220078784539541,0.013215881733402934,0.20999558358076764,0.00666480442314581,0.006219954162056245,0.007475668208658981,-0.5594277478424532,,,0.5808695829695839,0.8165276041791523,0.7589509997589693,0.44985386134213873,0.4923705230576949,0.5858218367150634,0.5435877769749894,0.6945601238793901,0.3861030103933148,
2019-04-08,11604.5,8526.2998046875,29844.953125,15983.2998046875,29804.44921875,16028.25,3101.699951171875,9243.900390625,3258.699951171875,269.95001220703125,,,-0.005267483083991831,0.08095140761464847,-0.004471873343101285,0.04984298524749131,-0.007955898925168792,0.10720628914193231,-0.011634725912184285,0.08884365779748471,-0.0021661537415308407,0.02585063428125789,0.006606786802960896,0.026829888269432223,-0.009785032173545538,0.12177213423937605,-0.0029821782382618567,0.07407911718523597,-0.010986661884971105,0.18815746347615536,-0.021920245626698365,0.18036736252394658,0.006970133901763361,0.006157328573482988,0.007457834383294214,-0.5720446727575025,,,0.5914130155069488,0.8296683170382328,0.7569218283915482,0.47085984198000796,0.40216171244274873,0.5675153070462126,0.5536619912844377,0.7064378056905067,0.47083186215600653,
2019-04-09,11671.9501953125,8622.7998046875,30113.5,16068.25,30019.25,16121.599609375,3133.64990234375,9333.2998046875,3312.0,273.75,-1738.49,1304.58,0.005812417192683883,0.08175281564360892,0.011317922452943385,0.057136703305544545,0.008998066570091057,0.11316739380367791,0.005314934735040522,0.08592737700686581,0.007207003882993002,0.02924261699005526,0.005824067466816407,0.03417169944009402,0.01030078720535288,0.12070168331000608,0.00967117886224389,0.07201068455112347,0.016356230897833113,0.20163265306122446,0.014076635010686456,0.19229090907157587,0.006093446306780477,0.0061690480649765865,0.007419007047807025,-0.5696835940421411,-0.841502400318122,48.212811273403034,0.595455655222138,0.8335178661287882,0.7552326344641768,0.4749487250349418,0.4121692266409664,0.5681253262081652,0.5568668514440112,0.7125894302654918,0.4801056145393168,Medium
2019-04-10,11584.2998046875,8644.5,29803.154296875,16026.900390625,29994.94921875,15999.150390625,3105.199951171875,9407.900390625,3277.699951171875,276.8500061035156,-682.93,606.28,-0.007509489773200095,0.07345024953283286,0.002516606647959385,0.04415412534966956,-0.010305866243545236,0.10927494612179411,-0.0025733735394333213,0.0845805219889717,-0.0008095066082597357,0.025776986585306805,-0.007595351684506091,0.020048212040831848,-0.009078854389763302,0.09253395416165633,0.007992948635383357,0.07241875949417254,-0.010356294936028076,0.18013252193389206,0.011324223209189466,0.1874330403218174,0.005911019402023199,0.0064289422327606606,0.007459252543960563,-0.5173237635719631,-0.2512449344010504,45.29958444354275,0.5969296276815204,0.8528052009603037,0.7445046261211787,0.4742589542888544,0.4456232427915721,0.607395056650647,0.5073907970693905,0.7284711876393918,0.4503396694299843,Medium
2019-04-11,11596.7001953125,8690.0498046875,29785.75390625,16159.150390625,30151.150390625,15874.75,3067.449951171875,9391.150390625,3275.60009765625,274.8500061035156,-138.53,-500.24,0.0010704480058416621,0.06586342144515211,0.005269223747758733,0.038057875510433714,-0.0005838439264405082,0.09672030396305775,0.008251751541262564,0.09457460580987531,0.005207582474497263,0.028100323333632993,-0.007775437294338716,-0.008057523806292655,-0.012157027113746222,0.07550571373444837,-0.0017804185104565162,0.06521519277865262,-0.0006406484873254792,0.1821217111016209,-0.007224128430223686,0.1875135438648492,0.005626380226602336,0.006337842612418903,0.007451848188863276,-0.5356772369017494,0.053177518557809084,43.252808045832154,0.5811801509532533,0.8486054467011847,0.7618494354296481,0.46276683828794135,0.41749344407655403,0.6090897506788288,0.5068543459641133,0.7594015879943475,0.49632885456608217,Medium
2019-04-12,11643.4501953125,8777.4501953125,29938.203125,16169.75,30533.69921875,15911.099609375,3071.60009765625,9426.4501953125,3302.25,275.70001220703125,-781.06,904.13,0.0040313191867198395,0.07458495890214167,0.010057524708069643,0.04504656493360182,0.005118192382500331,0.11077084729795827,0.000655950908232672,0.10031236763449725,0.01268770256420959,0.04375689225216228,0.002289775232680924,-0.00490944125667625,0.0013529630639252943,0.07590465610881791,0.0037588371199697157,0.06761462908720439,0.008135883975219915,0.20974834563129408,0.0030926180994717,0.21106971051532675,0.005556054958357806,0.006233829170116572,0.007363454992283222,-0.5566324058922844,-0.30611814400584997,45.15711999332769,0.5985415599583841,0.8427859022452583,0.7536634021835736,0.44405577079051645,0.42385576994398627,0.6145449876833146,0.5140927127543516,0.7492303504597265,0.46510698716833815,Medium
2019-04-15,11690.349609375,8911.599609375,30103.900390625,16114.4501953125,30547.400390625,16113.7001953125,3141.35009765625,9417.75,3289.199951171875,280.25,713.22,581.36,0.0040279653604204935,0.08177364741221083,0.01528341500976449,0.05837849134976025,0.0055346429755043225,0.12332218965514596,-0.0034199542162062224,0.09703829788705143,0.00044872295940434626,0.047149786308792185,0.012733286253712173,0.013306455822522434,0.022708034178414715,0.1034476666834181,-0.0009229556335879074,0.06220813793253854,-0.003951865796994469,0.19875351571919087,0.016503400767178933,0.22916666666666674,0.005426364108834782,0.00616559544173431,0.007370777723347712,-0.5703791801308339,0.5294666888511753,39.978649705322944,0.6018605536586848,0.8389408474016627,0.7445486636452995,0.43153011705963573,0.4118432985324201,0.6022708986992318,0.5228736731375863,0.743796507273355,0.4610018711369238,Low
2019-04-16,11787.150390625,8983.5498046875,30530.994140625,16203.5498046875,30742.599609375,16084.900390625,3149.89990234375,9417.7998046875,3280.10009765625,277.45001220703125,1038.58,37.22,0.008280400884877803,0.09216125926569374,0.008073768848053664,0.07521102370193167,0.014187322720912388,0.1396588868548081,0.005529174641088153,0.09346761174798401,0.006390043547205071,0.050567529128329625,-0.0017872868638748596,0.02243201059146971,0.0027216974936601357,0.09691454075191164,5.288384964607928e-06,0.05998415490906539,-0.0027665856897458596,0.1880976672137311,-0.00999103583574934,0.20499462413477199,0.0058384185781467455,0.006202163047606414,0.007412462797424857,-0.5630120519629006,0.7114043987973444,38.97542898366113,0.5992908495410273,0.8420261789804077,0.7610861178828897,0.45305392845819253,0.3833957172441019,0.6076420213342563,0.5127265167776226,0.7179380574033033,0.41076561280556556,Low
2019-04-18,11752.7998046875,8972.650390625,30223.048828125,16336.25,30558.94921875,16079.2998046875,3109.85009765625,9409.900390625,3212.64990234375,270.3999938964844,1038.46,-337.59,-0.0029142400664389223,0.08186126061467291,-0.0012132636095379956,0.06643965152425069,-0.010086317893273078,0.11756809536919421,0.008189575550544559,0.09950298525650436,-0.00597380810206416,0.03713057955807986,-0.00034818903452860095,0.01457569599558406,-0.012714627743472096,0.06403330810928298,-0.0008387748971440123,0.04873142059082758,-0.02056345638985091,0.13441027625132418,-0.02541004865873353,0.1738657987053447,0.005438366184950159,0.006253205242427267,0.007419797536494687,-0.5527287866998413,0.711337296125862,39.09923078284673,0.5965135732154409,0.8418012997453845,0.7390215475813613,0.4631318277382694,0.37183503838970217,0.6141948918108038,0.5054320809868011,0.7246054083564166,0.4504292798579192,Low
2019-04-22,11594.4501953125,8813.900390625,29687.603515625,15944.2998046875,30418.099609375,16150.599609375,3054.10009765625,9285.4501953125,3133.89990234375,263.70001220703125,73.08,-68.16,-0.013473352052831178,0.05524484654856132,-0.01769265413103227,0.015824261511577342,-0.01771645592557569,0.0774440705695052,-0.023992666328716772,0.05531288252512434,-0.004609111666986854,0.025933259949184384,0.004434260543280333,0.031058280535245508,-0.017926909095076993,0.017965518085993448,-0.013225452995919929,0.025489642860917705,-0.02451247487083763,0.08222247720866616,-0.02477803935165046,0.12236652748338828,0.00755636469474035,0.006685854613287909,0.007515776762897237,-0.4655646617622113,0.17150748782787567,43.384179131886214,0.6171507992330661,0.8577819342351042,0.7711581673229821,0.4646095691016993,0.39130449168515635,0.614410680009292,0.5455585692114946,0.743708910813994,0.5127807002189886,Medium
2019-04-23,11575.9501953125,8682.900390625,29479.357421875,16010.7001953125,30495.05078125,16166.2998046875,3042.0,9388.7998046875,3121.35009765625,263.1499938964844,-237.47,198.35,-0.0015955909670886115,0.04731296438184196,-0.014862886372001616,0.003600472808969357,-0.007014580804422188,0.06711331008559074,0.004164522207835031,0.04215636861551997,0.0025297823619225834,0.026413398025753043,0.0009721122244517044,0.027406967588468056,-0.003961919147815629,0.006851339104801513,0.01113027448331727,0.025537936066357236,-0.004004532715966569,0.07224199010689758,-0.002085772791375784,0.11104068868579353,0.0070084466425009975,0.006666501195946879,0.007280664172149016,-0.46946371674922743,-0.0021486340794972273,44.379327203486255,0.6287194111726817,0.862222561712227,0.7626095912335417,0.45750212578417576,0.38474182731234047,0.6125183358675187,0.5032975904836132,0.7473716993302362,0.513934795948271,Medium
2019-04-24,11726.150390625,8646.0498046875,29860.453125,16305.75,30631.25,16370.349609375,3047.75,9459.0,3169.5,264.8500061035156,974.88,-657.06,0.012975193636658888,0.06040315634687454,-0.004244041078403704,0.0011984678880605504,0.012927544439697014,0.07549902182928125,0.018428288649979363,0.06237806767446874,0.0044662728954609765,0.024317749594177318,0.012621923826275694,0.0505868926370967,0.0018902038132806442,0.018343685969017587,0.007477014823284556,0.04569595236660917,0.015425985819375043,0.07366065872026661,0.00646024034376369,0.12200806049319524,0.008598669901579661,0.006979385070409991,0.007344747426773337,-0.40642826365144197,0.675784064018727,41.06815645207033,0.5751632022603785,0.869165259361853,0.7796954841981942,0.4765057202295185,0.4296339158234272,0.5910478922364371,0.5241045714495396,0.7614431475180565,0.499614750366715,Medium
2019-04-25,11641.7998046875,8587.900390625,29561.005859375,16243.5498046875,30371.30078125,16352.7998046875,2991.10009765625,9442.5498046875,3119.89990234375,265.70001220703125,3785.73,-4069.98,-0.007193374050953438,0.054950377204044054,-0.006725546969550633,0.0006176195431755183,-0.010028222424203426,0.06482101962750919,-0.0038146172554159863,0.05803596219098117,-0.00848640583554372,0.014210723767145605,-0.0010720482522529329,0.061270554778021236,-0.01858745052702815,0.014637340253087272,-0.0017391051181414596,0.04663125783822997,-0.0156491868295473,0.06216588379810761,0.003209386762043076,0.12346728205932878,0.00910547554577317,0.007142837484838351,0.007077146789856774,-0.3734981645177027,2.2475802651565124,32.03254043484849,0.5782306401128262,0.8769998171264896,0.7774504585388421,0.5122531243329869,0.421365575816505,0.6100825174203727,0.5201007138698901,0.7706150221361912,0.48791290479174226,Low
2019-04-26,11754.650390625,8493.7998046875,30013.150390625,16431.5,30440.75,16504.44921875,3046.64990234375,9461.7001953125,3162.0,264.3999938964844,-70.73,920.88,0.009693568677590747,0.052524889859578705,-0.010957344829036986,-0.032894256231038366,0.015295302649744213,0.07318888459537587,0.011570758705603978,0.04188395730802763,0.002286672515287025,0.006092912805057971,0.009273605491032288,0.07251838832569768,0.018571696992363274,0.005876753260676049,0.002028095273110875,0.03349521817652934,0.013494053967764597,0.05156389409397999,-0.004892804858186883,0.10789859903021481,0.009750556292549815,0.007040032211397864,0.007117554147138871,-0.3942099285972121,0.09109052794541134,44.722937689160986,0.47025906663797606,0.8931561669268869,0.7662959243059755,0.47397816477400967,0.47603869975581165,0.5937093551582897,0.4737743284644127,0.7593065477059928,0.45208777548369783,Medium
2019-04-30,11748.150390625,8350.599609375,29764.455078125,16500.0,30336.900390625,16705.400390625,3089.10009765625,9402.5,3056.35009765625,258.29998779296875,114.59,730.02,-0.0005529726349993158,0.03954891406117067,-0.016859379618703985,-0.05138088143445263,-0.008286211519390574,0.04644618332548811,0.004168822079542389,0.03182070063410314,-0.003411532546832796,-0.004721017392479987,0.012175575762122914,0.08585565406243156,0.01393340116954156,0.015132859495971429,-0.006256824258903171,0.013768512313113268,-0.03341236633262179,0.018359049614743883,-0.02307112800427613,0.054716187139426165,0.00917971428042972,0.006781014544190342,0.006895163539480588,-0.44639317402900097,0.1947194202715242,43.474965390022845,0.4667883117802951,0.8782390342146964,0.7490553073654104,0.445474589107334,0.4903917496348948,0.580165254244662,0.434993572449973,0.7628276951218823,0.3997104436294706,Medium
2019-05-02,11724.75,8333.849609375,29708.25390625,16499.05078125,30091.25,16403.69921875,3085.5,9291.2998046875,3056.35009765625,258.6000061035156,420.65,194.31,-0.001991836148409698,0.033773578748432564,-0.0020058439852864707,-0.0494665220014634,-0.0018881975741696921,0.028537947160615085,-5.752840909090118e-05,0.02850372041352167,-0.008097412308507024,-0.011833519880645627,-0.018060098220951004,0.06913939353821141,-0.0011654195534102074,0.033408691283597136,-0.011826662622972606,0.020993907275899115,0.0,0.0018848750461974983,0.0011615111294056568,0.04972599836207281,0.00914478577777362,0.006793112980331385,0.006889079580240504,-0.4439557508628698,0.3658647838875943,42.47734228632,0.4696344202838762,0.894021670853104,0.7474046998854741,0.45446243700679956,0.49302393838137337,0.6212229591744983,0.5161797492790685,0.7621483839770472,0.396892021393646,Medium
2019-05-03,11712.25,8381.4501953125,29953.802734375,16568.30078125,29750.55078125,16092.9501953125,3081.25,9220.4501953125,3089.60009765625,262.6499938964844,751.92,580.86,-0.0010661208128105448,0.03253035946488003,0.005711716453816518,-0.03943038275027222,0.008265340295659174,0.035648013246486476,0.004197211155850145,0.033906538199191205,-0.01132220225979308,-0.023525221520151796,-0.01894383817293499,0.05455278116603113,-0.0013774104683195176,0.026381955624887432,-0.007625371139058035,0.003870461646354517,0.010878989296906116,0.015681053566472647,0.01566120532629678,0.043089716891291374,0.007152587330441535,0.006802720901905503,0.006892232601748147,-0.44202008162842377,0.5511073004042757,41.38911521803326,0.45664671404845086,0.876917560380929,0.7417539110423235,0.4523987831843558,0.4789376345303764,0.6248573238154526,0.5344105568215992,0.7489678629197638,0.3997945378911778,Medium
2019-05-06,11598.25,8268.4501953125,29618.10546875,16503.150390625,29575.849609375,16111.349609375,3018.75,9189.75,3048.5,258.79998779296875,,,-0.00973339879186319,0.014999794036352432,-0.01348215372838435,-0.05482360298383471,-0.01120716686965939,0.008066341525934106,-0.003932231282204213,0.028477159062616275,-0.005872199582439452,-0.012604605030691829,0.0011433213822944488,0.03632627160857993,-0.020283975659229236,0.003490401396160525,-0.0033295766109238123,-0.0034700572017242193,-0.0133027240928133,-0.016279692143074898,-0.01465831407950835,0.02861677867563661,0.008302265109769072,0.006972829795641647,0.006944619665652565,-0.40774892843773713,,,0.48299609248671205,0.8820580460986162,0.7439443774625977,0.6151993192032541,0.4364062032496229,0.6606435568247653,0.5279743834245151,0.7435865218745948,0.44289362006577393,
2019-05-07,11497.900390625,8206.25,29287.859375,16231.2001953125,29557.05078125,16135.75,2980.39990234375,9148.2001953125,2981.300048828125,255.75,-89.38,275.63,-0.008652133673183404,0.003114602319291171,-0.007522594179470543,-0.0487767909324992,-0.011150142405240704,-0.010403399927948365,-0.01647868369829486,-0.006241918605673136,-0.0006356141369829871,-0.020391219233182767,0.0015144845848793498,0.050542161002899544,-0.012703966097308506,-0.015849954282078693,-0.004521320458935274,-0.006165161005314168,-0.022043611996678703,-0.04381149420895192,-0.01178511567554108,-0.01140321634260466,0.006663551878296397,0.0071508218814999415,0.007013373454076222,-0.37188958030370495,0.08066165441917562,45.05335510984049,0.519369592414083,0.8881558944977513,0.7723807940607716,0.6004434996323976,0.45953870086362775,0.6704189230393456,0.5395935762973232,0.7557378479399732,0.46582556919319834,Medium
2019-05-08,11359.4501953125,8095.89990234375,28994.0625,15925.7998046875,29395.69921875,16061.599609375,2959.5,9003.349609375,2940.10009765625,250.3500061035156,-2016.73,1871.27,-0.012041345863927244,-0.01499689478810462,-0.013447079683929886,-0.05499558343713118,-0.01003135364856278,-0.02598274308406512,-0.018815638212212993,-0.04026181730697587,-0.005458987220820943,-0.03408950958276702,-0.004595410230389008,0.03652983029464796,-0.007012449009716648,-0.02242845495607748,-0.01583377963369459,-0.02609631678967983,-0.013819458121321793,-0.07436323632555408,-0.021114345636302656,-0.03339765983198606,0.007408378319819418,0.007390678391356587,0.00711988491816923,-0.3235666560136272,-0.9970911279288366,52.099746895409496,0.5700851897508885,0.8857152555052511,0.788086149669987,0.5964354176865458,0.4588592646732398,0.6714767718304219,0.5788600680362174,0.7465605094122582,0.5093050157296171,Medium
2019-05-09,11301.7998046875,8103.5,28884.263671875,15635.4501953125,29474.80078125,16132.849609375,2917.10009765625,8976.900390625,2947.39990234375,251.1999969482422,-561.17,699.31,-0.005075103956069027,-0.019030383838007148,0.0009387588468146024,-0.040449447037402164,-0.00378694183076278,-0.03176430026945298,-0.018231398920984798,-0.04646774349354399,0.002690922978608512,-0.027149200795784312,0.004436046329931775,0.034206747720243014,-0.014326711384946789,-0.026367610368491667,-0.0029377087303661398,-0.031043187368449465,0.0024828422315685827,-0.07606468324016213,0.003395210002012705,-0.053147348260451976,0.004604585876005125,0.0074379450706088535,0.007140859133262186,-0.3140440286548128,-0.1831580904034921,47.3304201985632,0.5728717580809344,0.8869235611103355,0.7939081667895195,0.5775349071143968,0.45162425851167287,0.6807340069099219,0.5818254982075398,0.7374856821593626,0.531021707924997,Medium
2019-05-10,11278.900390625,8093.2001953125,29040.162109375,15493.849609375,29359.05078125,15949.599609375,2872.5,8944.599609375,3022.5,251.1999969482422,,,-0.0020261741013145596,-0.015536488398350312,-0.001271031614425877,-0.029196486033560176,0.005397348510282507,-0.018321657692718096,-0.009056380479530501,-0.04076510486273999,-0.003927083370606987,-0.027808967526507744,-0.011358811644380018,0.02562519757508097,-0.015289190004855846,-0.03710778794039238,-0.003598210946367808,-0.027692175079462755,0.025480118119204365,-0.032552318277108916,0.0,-0.05899986716080108,0.004363477654688818,0.007384508963262294,0.006870909894472755,-0.32480958582567104,,,0.5631837384609781,0.8742283029090734,0.7896431636702329,0.5748377716342585,0.44181518475356285,0.6757584705253232,0.5753967983432006,0.6903558580397777,0.5506815917348157,
2019-05-13,11148.2001953125,7938.64990234375,28659.615234375,15172.099609375,29061.0,15955.2998046875,2820.85009765625,8553.5,2871.449951171875,246.3999938964844,-1056.01,1057.91,-0.011588026384304118,-0.018147372542219875,-0.019096314095660705,-0.03640202577559404,-0.013104158081719164,-0.021216731813391343,-0.02076630457322337,-0.060428957179877174,-0.010151921581890821,-0.02875693661959422,0.00035738798791840054,0.03492608470313341,-0.017980818918624908,-0.043666132914674916,-0.0437246636467753,-0.06724539558865095,-0.04997520225909846,-0.06849741769777917,-0.019108292635635626,-0.05882350884088905,0.004474400671789586,0.007503032909899921,0.006925361147384135,-0.30093104401184106,-0.4598671400400866,49.14803031209843,0.583582198531572,0.8771350117121978,0.8282264534398218,0.5862010811102812,0.4064660967261062,0.6871123635429026,0.5933558284727705,0.7104154467242751,0.5569091574476144,Medium
2019-05-14,11222.0498046875,7955.5,28828.86328125,15399.2998046875,29235.099609375,15762.75,2837.89990234375,8683.900390625,2953.300048828125,248.3000030517578,-2011.85,2242.91,0.006624352638199937,-0.022746190783314857,0.002122539457405148,-0.040031373495429734,0.005905454259972132,-0.03523681159683634,0.014974868420459808,-0.06904211758152012,0.0059908333978528905,-0.02412397282270884,-0.012068078133569804,0.02644793775680987,0.006044207985977712,-0.04787633048281459,0.015245266922897072,-0.06069222383720929,0.02850479689637142,-0.07098252750426826,0.0077110763081902345,-0.05964773894842923,0.006641817347690888,0.0072898098386594175,0.00692921251324962,-0.3438882367710069,-0.9943622859552156,51.839514874479214,0.5763483269180756,0.8682854690486821,0.8172792702647834,0.6105085498096848,0.38910254824040075,0.683013371921814,0.5964102125434122,0.6934051980563547,0.5546706427675839,Medium
2019-05-15,11157.0,7856.85009765625,28616.1171875,15274.2998046875,29185.099609375,15776.7998046875,2778.39990234375,8595.75,2900.5,249.1000061035156,-1142.44,671.77,-0.005796606308085428,-0.025168069130596993,-0.01240021398325053,-0.04363776695633814,-0.007379621307801232,-0.04674748969727249,-0.008117252185839696,-0.06465360468967207,-0.0017102729482052492,-0.023627236950803154,0.0008913295387860121,0.028514766087586185,-0.020966208128362918,-0.06830763175005294,-0.010151013560699695,-0.06045053083401586,-0.01787832186203908,-0.10184551690394539,0.0032219212320792057,-0.05231120289411373,0.00644366213352807,0.007333835309254269,0.0069467281161017065,-0.3350186026565875,-0.5081978391753442,49.02896380317301,0.5832012650331414,0.8857513754223714,0.8222403295577749,0.6079583303816853,0.38464576746329143,0.6918270782744481,0.6010128201871406,0.7233118791538898,0.5393738295612686,Medium
2019-05-16,11257.099609375,7891.89990234375,28854.96484375,15530.9501953125,29228.69921875,15934.0,2810.85009765625,8577.349609375,2912.35009765625,251.8500061035156,-953.23,948.0,0.008971910851931497,-0.027044113277873816,0.004461050453025139,-0.04157635457464248,0.008346613018286542,-0.05145372359710898,0.01680275979303736,-0.05209495588437241,0.0014938996254443282,-0.033546354351797536,0.009964010271956036,0.023591950792554606,0.011679454525292066,-0.054763377674149405,-0.0021406381787510975,-0.06761862239238159,0.004085536168332959,-0.12966750910534175,0.011039742804571429,-0.055503424458034134,0.008211066366324533,0.007234364754201475,0.00696611284163864,-0.35505853446323726,-0.4023937019153409,48.1536597979332,0.5956853789300219,0.8799533863638797,0.8482920898260157,0.5599391695417992,0.3604722367088747,0.7369621527499735,0.5765954761738623,0.6871485946497985,0.5289850661597508,Medium
2019-05-17,11407.150390625,8085.75,29449.80859375,15538.650390625,29962.150390625,15843.400390625,2807.25,8448.9501953125,2949.199951171875,252.5500030517578,-1057.82,1809.76,0.013329435330307948,-0.022452362959559657,0.02456317237357264,-0.03905228860575094,0.020614953205491116,-0.02889716923848973,0.0004957967938641339,-0.06009213845933015,0.025093527645065228,-0.007650741873949207,-0.005685930047382937,0.00017360398292920465,-0.0012807860722462427,-0.09510687044587396,-0.014969590830500867,-0.09881713385157509,0.012652961450369649,-0.12870589063487015,0.002779420016986167,-0.05482787607031381,0.00910110048778676,0.007496390776672976,0.007097646077536638,-0.3022692078217042,-0.460879272001614,49.13804513814923,0.6271411971707833,0.9263301548287557,0.8030727301337367,0.643983519991126,0.23942928219586648,0.709378819002254,0.42479227738072295,0.6855250628825108,0.5198550394174493,Medium
2019-05-20,11828.25,8422.099609375,30759.341796875,16240.400390625,30547.650390625,15968.2001953125,2899.14990234375,8505.9501953125,3181.449951171875,267.0,1734.45,-542.71,0.036915407876193296,0.00982223498011603,0.04159782449061611,-0.009665721717288411,0.04446661169142252,0.013357274006278175,0.04516157982570923,-0.017133150323781265,0.01954132104560835,0.01577819396493685,0.00787708456584535,-0.0012634281616029641,0.032736629207854584,-0.061490463017568886,0.0067464002843362625,-0.08508166478065249,0.07875017084132074,-0.07113664988976576,0.05721638001833962,-0.023408902850625357,0.01596255651611837,0.010153851008631856,0.008026970995968089,0.23311859411701086,1.1005271988349667,46.19425993639433,0.7732925087149568,0.9585008952186805,0.8816860015670326,0.7357309280073472,0.2748697507087402,0.7821540207361515,0.4287381883972077,0.8228620563424863,0.7295074450298267,Medium
2019-05-21,11709.099609375,8209.4501953125,30308.048828125,16087.400390625,30537.900390625,15766.9501953125,2854.25,8488.25,3141.39990234375,265.95001220703125,1185.44,-1090.32,-0.010073374389702572,0.005595129914651054,-0.025248978749407236,-0.03197870243682022,-0.014671736857381323,0.0071477754049935616,-0.009420949996301942,-0.010532854565760585,-0.0003191734838955407,0.018982962081651067,-0.012603173653789601,-0.012278432094435465,-0.015487264838376147,-0.07479740680713132,-0.0020809192278429256,-0.07538422703081404,-0.012588615078911625,-0.057231232473068716,-0.003932538550444731,-0.024394694598646294,0.01694937678730089,0.010270454518566998,0.008009504590923795,0.2566102332887842,0.7935268849133219,48.31816148998548,0.7807201260159107,0.9593606565577423,0.8831897454313603,0.7238659206277542,0.30705643286342466,0.795477567125354,0.4089431751721893,0.8205882082551709,0.7249433246811475,Medium
2019-05-22,11737.900390625,8246.5498046875,30526.4453125,16171.9501953125,30247.650390625,15666.150390625,2864.449951171875,8510.849609375,3155.60009765625,266.95001220703125,-965.02,-157.75,0.0024596922232125173,0.012062458236333784,0.004519134472145803,-0.033948914694078236,0.007205890607261178,0.020795916382662982,0.005255653656558001,0.0031854017332975104,-0.009504582708282916,0.008298732223675831,-0.006393107318717117,-0.004995262882865337,0.003573601181352304,-0.06753148141760679,0.00266245803021814,-0.08123915079948585,0.004520339897478687,-0.04900242779468433,0.003760105110360179,-0.020007275372862843,0.015347144480096461,0.01024705889079167,0.007999016177504687,0.25189681045785184,-0.4089865393884947,55.47668096182519,0.7951666579644919,0.957879460279742,0.8825641612326345,0.6995735653369547,0.2904867479080682,0.7962084526135846,0.4355252008806149,0.8218949442637757,0.7274999163761535,Medium
2019-05-23,11657.0498046875,8216.900390625,30408.74609375,16129.099609375,29723.80078125,15538.849609375,2822.0,8497.599609375,3150.64990234375,268.20001220703125,1352.2,-593.54,-0.006887993870017373,-0.0007629374783869602,-0.0035953719755196234,-0.04059725318267071,-0.0038556477030033953,0.010784538914802022,-0.0026496857472341206,-0.002618848985465494,-0.01731868765374789,-0.004866211709209534,-0.008125849559453946,-0.02412855577449724,-0.014819582082245208,-0.09907899435904899,-0.001556836345152246,-0.08347581705500917,-0.001568701723699606,-0.04377978217104295,0.004682524603260019,-0.028260825336843265,0.01629471399517031,0.010279272203809862,0.008035242704380774,0.2583866967946499,0.8867772307168109,47.77997697723493,0.7917641125585737,0.9561203714478369,0.8805231350641707,0.7089137584262664,0.29030935832799376,0.8092549332951761,0.4257380897529831,0.8251271304199782,0.7091583907486544,Medium
2019-05-24,11844.099609375,8460.25,31212.1875,16267.2998046875,29965.400390625,15569.849609375,2904.300048828125,8608.4501953125,3326.89990234375,280.1000061035156,2026.33,-195.35,0.016046067214389392,0.020647129077082216,0.02961574289651203,-0.007746596554250584,0.02642139218016415,0.04581124216458288,0.008568376329709748,0.017768546136931684,0.008128153298867513,0.00540023976600601,0.001994999680111187,-0.028599528371781036,0.029163730980908964,-0.06364248813595552,0.01304492927805212,-0.06874264849899969,0.05594083933885785,0.020928576485647055,0.044369848452126215,0.037599531163199584,0.015842681684645105,0.010631373022795047,0.008190033937167633,0.3293230296399183,1.2637432634375236,46.36941677505388,0.8084747758091109,0.9576257464695753,0.8713656554384472,0.717700871148494,0.3161897917664583,0.8215219013416956,0.46788642082335574,0.8342554101321026,0.7324417952388093,Medium
2019-05-27,11924.75,8462.2001953125,31647.283203125,16382.650390625,30105.400390625,15556.650390625,2965.699951171875,8525.0,3394.949951171875,286.20001220703125,1215.36,-327.86,0.006809330661248669,0.021658746007074736,0.0002305127286428288,-0.018624995710522674,0.01393992981507619,0.05093340870788854,0.00709094854846537,0.019566560803136568,0.004672055042648449,0.002869838207983255,-0.0008477422121053735,-0.035043000225701615,0.021141032714069752,-0.053595633336787296,-0.009693985957883622,-0.08660386161403966,0.02045449241805697,0.025045275112281162,0.021777957767202816,0.0454794966466896,0.01585712337106504,0.010649331766399577,0.00820253091214089,0.3329411053305273,0.8102578176696207,49.1337463579486,0.8035404196598126,0.9564411350512408,0.8719543909943067,0.7179717042534334,0.30644933966454596,0.8134370096476328,0.4429235070431242,0.8347739242397412,0.73211186606508,Medium
2019-05-28,11928.75,8398.2001953125,31597.533203125,16487.94921875,30068.94921875,15762.0498046875,2992.949951171875,8513.849609375,3370.550048828125,286.54998779296875,-501.11,269.22,0.0003354368016101894,0.029734226592885715,-0.007563044896462201,-0.028492082212678627,-0.0015720148766226183,0.06020768434024948,0.006427459880683051,0.028767186223650043,-0.0012107851548903703,0.0024670820230541235,0.013203318767533778,-0.014819573549132548,0.009188387378578966,-0.0361490408878945,-0.001307963709677451,-0.0950319140433209,-0.0071871169515554945,0.028327821045075696,0.0012228356778836158,0.035036956747713566,0.01594030323768162,0.010534747201927167,0.008190909229630932,0.3098562149636944,-0.14957320332650995,54.61571379952339,0.8167360610912564,0.9548774804941024,0.872418113796578,0.7230299105458292,0.2754495058681495,0.8042106189231366,0.4834752193024343,0.8332779458019378,0.7586725305766623,Medium
2019-05-29,11861.099609375,8281.900390625,31295.1875,16325.9501953125,30014.19921875,15865.599609375,2937.300048828125,8484.650390625,3275.89990234375,284.95001220703125,-304.27,-189.58,-0.005671205333752538,0.02279953862818429,-0.013848181989328356,-0.04696744244691675,-0.009568648956909676,0.0506763601989364,-0.009825298543088445,0.010322312785966181,-0.00182081520713262,-0.004542154116865205,0.006569564616951462,-0.0005764116364037619,-0.018593662858264803,-0.04242934829108724,-0.0034296141099141586,-0.09652704538785162,-0.028081513436444272,9.152664506095753e-05,-0.005583582809619458,0.036747338108887195,0.00903497475544685,0.010605528118727277,0.008213610817806702,0.32411616098624885,-0.0395024545380788,54.12640865906346,0.8217501980213456,0.9556200513718863,0.8782685156881855,0.7260185886234698,0.25826203927847,0.8126533523895291,0.48060987140185624,0.8336383241867044,0.7629727871379104,Medium
2019-05-30,11945.900390625,8235.7001953125,31536.732421875,16524.30078125,30002.400390625,15997.349609375,2924.5,8474.7001953125,3289.25,284.6000061035156,1664.74,-1122.6,0.007149487319284775,0.02597599424904673,-0.005578453390335136,-0.061720657815787505,0.0077182768716435035,0.053394296584892365,0.01214940530655606,0.021926794245427317,-0.00039310820985116735,-0.017400408130002876,0.008304129893845769,0.0054207441419813485,-0.004357760056971971,-0.04789038057672057,-0.0011727289698930665,-0.10096589705351411,0.004075245903178759,-0.0039367098190628,-0.0012283070311340794,0.032281441793339916,0.007981236659626101,0.010653403659223414,0.008209670824219983,0.3337614531658276,1.061546138592935,47.63586060643232,0.8126057468850999,0.9554903577820935,0.8808417561091753,0.7352663102665853,0.26974147965893125,0.8033181227113904,0.47912380082993217,0.8308057818684343,0.7555904753988462,Medium
2019-05-31,11922.7998046875,8175.5,31375.03515625,16560.349609375,29850.400390625,16160.650390625,2900.39990234375,8455.099609375,3247.60009765625,283.95001220703125,676.15,394.09,-0.0019337668306382838,0.019883938725501205,-0.007309663281182099,-0.08260016625978384,-0.005127267576803263,0.042224919333737176,0.0021815645092773117,0.027670780489439606,-0.005066261299795705,-0.022816998863638416,0.010207989775650184,0.002913681820030156,-0.008240758302701323,-0.0767027513081946,-0.0023128353199256546,-0.10221660063444027,-0.012662431357832293,-0.012647407920823972,-0.0022838857433051807,0.013202541327497874,0.008190853350637625,0.010648830328592148,0.008103921665620977,0.3328400826765286,0.5087375552523786,50.94165566060407,0.8223604663427699,0.9547266276152337,0.8849107017530149,0.7356707258554538,0.24839636849267432,0.8245870756149201,0.4762108225798179,0.8340106608231007,0.7577830470987673,Medium
2019-06-03,12088.5498046875,8328.2001953125,31653.283203125,16760.150390625,30278.75,16360.5498046875,2951.25,8536.599609375,3265.550048828125,286.75,1130.78,-878.45,0.013901936014629301,0.025570167858570914,0.0186777806021039,-0.07294996116491137,0.00886845370815692,0.036759008151872274,0.012065009855642739,0.03435053384268194,0.014349878184867881,-0.01508817130850404,0.012369515411240206,0.017137153937438088,0.017532098803050955,-0.0630654650949195,0.009639153146064894,-0.09356752251984612,0.005527143315714689,-0.004435855124824251,0.009860847587945365,0.03351950760063094,0.008087861033778265,0.01083446604725109,0.00821599808107194,0.3702393627029558,0.7629616180530514,49.865102644117165,0.8291952049762088,0.9478655468232344,0.8869368892382936,0.7463947917809515,0.29740997109872774,0.8343900963889516,0.4994072840130859,0.8307256178077639,0.7815671096175874,Medium
2019-06-04,12021.650390625,8300.2001953125,31588.68359375,16642.05078125,30197.94921875,16105.2001953125,2956.39990234375,8432.9501953125,3273.800048828125,285.70001220703125,,,-0.005534114111566901,0.022875450139997477,-0.0033620709569108786,-0.07494443291974284,-0.0020408502006080687,0.04518520859332242,-0.00704645284335037,0.01871915410513436,-0.0026685639681294226,-0.011813233413749069,-0.015607642311741832,0.0016107909510743035,0.001744990205421404,-0.049343277165721955,-0.01214176824559876,-0.10382152358231411,0.002526373773680257,0.01903417687677811,-0.0036616836720793078,0.0565829092304051,0.007359788065655042,0.010876730962324554,0.008246509049485248,0.378754304792467,,,0.8282571424830941,0.9495962722620459,0.8999685765442473,0.7453387433294755,0.314612767309928,0.8244001541627021,0.5112814419606445,0.8256906836439226,0.7970215635416613,
2019-06-06,11843.75,8226.4501953125,30857.041015625,16334.5498046875,30057.400390625,16012.099609375,2923.050048828125,8279.099609375,3113.5,280.70001220703125,-1448.99,-650.84,-0.014798333410505293,0.02150164953818079,-0.008885327855302827,-0.06665042368045682,-0.02316154061797493,0.03939144159563135,-0.018477348771760216,0.024475831788189906,-0.004654250760767975,-0.011858045814237217,-0.005780777935601056,-0.008575533004954505,-0.011280562378988779,-0.04290954606520403,-0.018243981332063175,-0.1083792993090984,-0.0489645202630824,-0.006509430096504842,-0.017500874295996782,0.06446719458872563,0.009344166190523574,0.010939243907142997,0.008415030489197737,0.3913485358242487,-0.6796172053666344,58.77388566209079,0.8110229007817434,0.949041006006628,0.9017964694577394,0.7432635207002835,0.36231560230036625,0.8133633402098561,0.5253373779297538,0.832824628327707,0.7939410286003274,Medium
2019-06-07,11870.650390625,8192.0,31066.189453125,16231.150390625,29971.44921875,16109.849609375,2906.949951171875,8179.60009765625,3107.89990234375,279.3500061035156,,,0.0022712730870713127,0.025457970217583892,-0.004187735231428236,-0.05653645309060895,0.006777980992866306,0.05382858277882607,-0.006330104918644719,0.01376892906763949,-0.002859567719030287,-0.017170050519212054,0.006104758425482748,-0.003491843897150293,-0.0055079787849354744,-0.04439515083107326,-0.012018156129693147,-0.12879172334972344,-0.001798650283041603,-0.004309095388754791,-0.0048094265935404446,0.061561894671386064,0.009416426705962294,0.010933229527340202,0.008405004270211389,0.390136842966565,,,0.8146723293240411,0.9505020271499032,0.8988900803135568,0.7455048055228026,0.36380739816633473,0.8106310353338221,0.5455790384560498,0.8320266136540467,0.7891245447685168,
2019-06-10,11922.7001953125,8216.650390625,31033.638671875,16125.0498046875,30360.900390625,16362.400390625,2912.25,8246.7001953125,3060.300048828125,280.20001220703125,,,0.004384747505377318,0.016761665008547144,0.0030090808868408203,-0.049664230921929065,-0.00104778802366845,0.03928893985512816,-0.006536849415108792,-0.011081992261165574,0.01299407209282899,-0.008825941134462334,0.0156767932273576,-0.0004855863765699242,0.0018232336012486972,-0.04445902715117711,0.008203346967472935,-0.12816363301485356,-0.015315761450273468,-0.03445336840885782,0.0030427996597237605,0.05795735604973373,0.009290592575480362,0.01071628954476707,0.00839909898661746,0.34643081906236634,,,0.8407686104142008,0.9458576008360164,0.8829976751291975,0.7321921201291497,0.3335222361574437,0.8210081584380442,0.5260019032019906,0.819515930043344,0.7964686053508981,
2019-06-11,11965.599609375,8240.25,31265.0859375,16230.150390625,30311.30078125,16448.099609375,2950.64990234375,8243.5,3112.050048828125,280.5,1011.49,-1117.25,0.0035981290613484873,0.02781355203833047,0.002872169102135169,-0.04048141860198018,0.007457948069581555,0.05764621428078254,0.006517845663146282,-0.0008249067613677052,-0.0016336672739230007,-0.0019755492341981817,0.005237570081655152,0.005827736279152784,0.013185647641428488,-0.013523517766655724,-0.0003880576760046939,-0.1269836886740342,0.016910106582462836,-0.0025160594125881452,0.001070620199499217,0.055701870956019084,0.008976277663835918,0.0106260871027307,0.008343708004848132,0.32825809662965527,0.6962559707101742,49.76156133529482,0.8417967776414402,0.9446322253076612,0.8854403578734498,0.723424394453046,0.33643115922097655,0.8132728362472064,0.5395574059282056,0.8162344146613807,0.8046521572846431,Medium
2019-06-12,11906.2001953125,8146.9501953125,30965.33984375,16202.0,30379.25,16425.94921875,2962.10009765625,8179.14990234375,3099.14990234375,274.75,-867.66,210.72,-0.004964181988503125,0.012892753051028105,-0.011322448310124078,-0.04083562331944568,-0.009587246756628254,0.03172574157434771,-0.0017344503869329841,-0.01396707543437914,0.0022417123976425923,-0.0020203181590466857,-0.0013466838814847337,-0.004756293224909336,0.0038805672280552983,-0.02775172973516149,-0.007806162146691387,-0.13555177890799675,-0.004145224621060595,-0.019876691225885534,-0.02049910873440286,0.039145258481237954,0.009171235913077778,0.010547788278085958,0.008368237228238724,0.31248354801485506,-0.354543905259041,55.87706600773251,0.8801000541341691,0.9429928288602305,0.8800402842214416,0.7166702902224742,0.3189585474278521,0.7978257052082173,0.5338693922881217,0.8135669588823536,0.8244242041863984,Medium
2019-06-13,11914.0498046875,8116.9501953125,30975.740234375,16209.150390625,30354.55078125,16316.599609375,2955.949951171875,8148.5498046875,3066.89990234375,276.5,172.35,-444.87,0.0006592875347493088,0.014121321956764188,-0.0036823595677878407,-0.0279799565291321,0.0003358720000323778,0.0406956940105454,0.0004413276524504184,-0.01762724905303026,-0.0008130292469366029,0.0005818125911918326,-0.006657125741639236,-0.02327395765193352,-0.0020762790863284586,-0.043103215264988726,-0.0037412320377551156,-0.13336348793538955,-0.01040607941410343,0.0034517657828498916,0.006369426751592355,0.07046075519608164,0.006861393596912453,0.010546015042327866,0.008330633972458106,0.3121263013537661,0.22701817281175882,52.38340657937464,0.8944902764532883,0.9486908539991336,0.8830917388161377,0.7171093917473548,0.33042851052881683,0.8164431357273301,0.533630685960043,0.829902938336743,0.8495403258250431,Medium
2019-06-14,11823.2998046875,8031.60009765625,30613.994140625,16117.400390625,29966.099609375,16268.2001953125,2944.89990234375,8083.5498046875,3056.25,270.70001220703125,-238.64,376.47,-0.007617057296864349,0.008405279830060453,-0.010515045134259826,-0.03626769450923861,-0.011678368007120521,0.03048783133580435,-0.005660383042226935,-0.023131657431997188,-0.012797131299170705,-0.004159029306692097,-0.002966268415061868,-0.008260272370918642,-0.003738239486681505,-0.045568010907875545,-0.00797687951328574,-0.12998719505215894,-0.0034725301388581764,-3.275071672148577e-05,-0.02097644771417273,0.04679043239725256,0.007079145984824995,0.010641802280014963,0.008282075319049396,0.33142417005649893,-0.0028028851264514185,53.9939073514367,0.8965230066148124,0.9492767938637681,0.8831023663323955,0.725639883063222,0.3399263606900475,0.8130916455229701,0.5347055359296992,0.8258810584482906,0.8501364867600196,Medium
2019-06-17,11672.150390625,7896.10009765625,30272.8984375,15790.0498046875,29703.900390625,16228.2001953125,2860.5,7975.25,3006.14990234375,267.1000061035156,-331.27,1257.86,-0.012784029548381648,-0.0034237323635509798,-0.016870859897461954,-0.05790765158130895,-0.011141822970180959,0.010652927975612458,-0.02031038368494653,-0.04697228682878751,-0.008749861415663474,-0.0015680513267808394,-0.0024587845932413366,0.008404301160354954,-0.02865968458777801,-0.07164300202839757,-0.01339755519594854,-0.13504765699461574,-0.016392669989775066,-0.027010031290394143,-0.013298876768289003,0.016942746279998255,0.006506707692340703,0.010906686601916678,0.00840948484110009,0.38478934676375315,-0.05460055562163722,54.945075494894866,0.9066596925613698,0.9562839881286831,0.892912292411816,0.7497569597136302,0.3638004562227958,0.8218193081168665,0.547967715590791,0.8300300854075285,0.8668314673691485,Medium
2019-06-18,11691.5,7859.35009765625,30350.646484375,15904.2001953125,29580.75,16322.5,2874.89990234375,7916.9501953125,3012.449951171875,267.29998779296875,31.73,181.03,0.0016577587443133979,0.008040006035393343,-0.004654196317864345,-0.049477240352511886,0.0025682392796155806,0.02473287889388809,0.007229260960982753,-0.036293082298562096,-0.004145933328805085,0.00016568892152624137,0.005810860326626921,0.01310569230662928,0.005034050810609925,-0.04765220626293998,-0.007310091180527278,-0.13850211427813597,0.0020957201180198393,-0.011825503961989448,0.0007487146569948866,0.03284389644871122,0.006442384681640892,0.010755445852664068,0.008408917141369435,0.35431948259339363,0.14838502561287048,53.361523637443504,0.9024284348025282,0.955147156447212,0.8973316826272044,0.7403127103817725,0.37231066754875747,0.8151475574357749,0.5585645260803056,0.8298254941413344,0.8626150395528116,Medium
2019-06-19,11691.4501953125,7772.2001953125,30361.74609375,15887.150390625,29585.400390625,16282.7001953125,2886.300048828125,7790.5,2985.14990234375,270.25,-97.05,-104.91,-4.259905700743083e-06,0.016833491168988912,-0.011088690700995607,-0.05289258853769996,0.0003657124529692357,0.03666661687356587,-0.0010720315689012327,-0.021196818506795334,0.00015721003101676345,0.00095914878601433,-0.002438340002297479,0.009107118994313934,0.003965406404265126,-0.03157289511438588,-0.015972084223463856,-0.14841172758857857,-0.009062407432696151,0.0012913337981992346,0.01103633498597878,0.0566959921798631,0.005890048694136562,0.01062167778871653,0.008240192654061946,0.3273697699071276,0.07637267533358698,53.470201186884005,0.8985605432316122,0.9539832503613698,0.895001200143483,0.7474322133309097,0.3808381326981167,0.8086520740295924,0.5593856434054716,0.8241401482204875,0.853986936379281,Medium
2019-06-20,11831.75,7965.4501953125,30780.7421875,16081.0,29651.44921875,16316.9501953125,2940.10009765625,8029.0,3065.60009765625,275.45001220703125,-438.41,1241.23,0.012000205478679637,0.04157769932231359,0.02486425917291113,-0.016113058289355164,0.013800131667534465,0.06162226102326995,0.012201660122094005,0.009745205717506256,0.002232480454985808,0.008700252308911471,0.002103459474728897,0.015898203924125553,0.01863979763641299,-0.006555128347271455,0.030614209614273857,-0.10822079022238906,0.0269501358204276,0.042685621520180295,0.019241488277636387,0.1002596584444948,0.007914453510032834,0.010540831744817443,0.008307476982886683,0.31108204329581796,-0.11451205747691316,54.42005686441129,0.8956008530026425,0.9556299935842363,0.892236407341595,0.7389306074706805,0.36711979494462954,0.8218781385683818,0.5548352389587842,0.8322676690226533,0.8507583369852952,Medium
2019-06-21,11724.099609375,7868.25,30627.994140625,15951.400390625,29423.849609375,16189.400390625,2930.199951171875,7911.5498046875,3085.550048828125,274.1499938964844,-730.58,445.75,-0.009098433505187353,0.037365712717044364,-0.01220272463315386,-0.029030665761707874,-0.0049624549643585425,0.060369566230206395,-0.008059176007400026,0.020207297606769314,-0.007675834246613444,-0.0017286349873283369,-0.00781701256428069,0.003505318813431302,-0.003367282118138415,0.004490711006506221,-0.014628247018619978,-0.11867688618335293,0.006507682194793585,0.04687187048303798,-0.004719616093426637,0.0913614539293599,0.008351377171724803,0.010651229597594914,0.008374257773221027,0.3333234537321714,-0.27789028686888595,55.667223165999374,0.9055181944828273,0.9529566999083837,0.8996869399619334,0.7576776912403573,0.401909701550813,0.813348236244165,0.5721246394934618,0.8175838577012877,0.8549201191705876,Medium
2019-06-24,11699.650390625,7832.2998046875,30601.6953125,15782.099609375,29464.19921875,16187.400390625,2892.449951171875,7902.0,3093.35009765625,271.5,207.33,984.43,-0.002085381356743965,0.03730416844089923,-0.004569020469926577,-0.03223698714089773,-0.0008586532962051585,0.05377150434779754,-0.010613537188214672,0.018604156311520237,0.0013713232602352576,0.0035814658410942,-0.00012353762040240301,0.014909514161736359,-0.012883079867946456,0.006945152714316727,-0.001207071297439355,-0.11656190940981104,0.002527928150472647,0.02344089252481396,-0.009666219060668557,0.08081211504130903,0.008260365671816981,0.010651868388574867,0.008378885985489913,0.3334521483762312,0.2465786015489023,52.52195417122136,0.906942210311544,0.9582682284170632,0.8981281178265343,0.7536321259678084,0.4012509301649198,0.8161470147798614,0.5696106612772243,0.8394536092987962,0.8533879243044734,Medium
2019-06-25,11796.4501953125,7878.25,30846.69140625,16092.849609375,29552.599609375,16214.4501953125,2942.64990234375,7947.2001953125,3126.550048828125,274.04998779296875,1157.87,377.22,0.008273734808782462,0.05814839961992879,0.0058667564391494675,-0.00760833429950325,0.008005964743068583,0.07631212610460203,0.01969002906402939,0.060687052135556696,0.0030002644894127073,0.016916128466845537,0.001671040688112413,0.016242276472226758,0.01735551246151612,0.04317840383957283,0.005720095584978546,-0.07088324132664992,0.010732684669940706,0.08884016855391841,0.009392220231929205,0.11221588709982044,0.008805062653865731,0.01043988575682627,0.008336191168645132,0.2907448619618614,0.7781100461402216,48.82027806670101,0.9021046827552714,0.9561131490631991,0.8875117697388212,0.7410863209901405,0.41130272960562514,0.8070772233545963,0.5579209966019144,0.8354683039093741,0.8450148214141143,Medium
2019-06-26,11847.5498046875,7883.5498046875,31161.98828125,16191.900390625,29524.099609375,16101.75,3022.949951171875,8086.2998046875,3185.35009765625,278.1499938964844,106.26,-51.47,0.004331778503613437,0.05573848012497029,0.0006727134436581572,-0.009044082120859831,0.010221416321366528,0.08093017672040648,0.00615495599935878,0.051469910709591726,-0.0009643821652480788,0.009885377640626247,-0.006950602330326405,0.021506399581291413,0.027288346046251633,0.06520668635116289,0.01750297034885895,-0.06881707056228559,0.018806687214287132,0.0785731368271243,0.01496079651940363,0.12021744050685479,0.006935843976358312,0.010412754477639287,0.008344728831545049,0.28527883249770764,0.19006137649278193,52.2829777310158,0.9028140964256196,0.9549290458811024,0.8907239231347,0.7365712468581004,0.44164846608458813,0.7804672847695429,0.5417773156255141,0.836535388998504,0.843098100107551,Medium
2019-06-27,11841.5498046875,7971.4501953125,31269.13671875,16142.0,29486.80078125,15991.7998046875,3014.199951171875,8088.0,3184.300048828125,283.45001220703125,-0.71,196.57,-0.0005064338279993086,0.06135608180402441,0.011149849091171449,0.01458601045353225,0.003438433919329631,0.09271067468261851,-0.003081811857852834,0.056807854134578006,-0.0012633349913626635,0.010337507012588176,-0.006828462453615236,0.013627605259725728,-0.0028945236081755477,0.0848690099035827,0.0002102562795798235,-0.05906988918942502,-0.00032964942500279815,0.09784521593798479,0.01905453326207618,0.1378964482611904,0.007009476116518671,0.010322999446026791,0.008244928351779167,0.2671962480397899,0.13024493675543952,52.42488535594484,0.8852902423939597,0.952710333072109,0.8885281091799747,0.738674689351008,0.44733773341708033,0.7808741115931443,0.5301861613606121,0.8331218849304607,0.830108479665647,Medium
2019-06-28,11788.849609375,7928.0498046875,31104.837890625,16046.7998046875,29546.05078125,15936.4501953125,2980.199951171875,8065.14990234375,3205.64990234375,284.79998779296875,-513.91,182.4,-0.004450447465215945,0.04723685660178001,-0.005444478678486964,0.004580633661232181,-0.005254344870559868,0.07797178263976723,-0.005897670382387532,0.033214298087871796,0.002009373632614553,0.010857532869489539,-0.0034611244544704434,0.00015377151452877769,-0.011279941792441961,0.06024862501804451,-0.0028251851701595054,-0.0597153818321009,0.0067047241743070085,0.10070897895261166,0.004762658415239374,0.13083176847694822,0.007395725470578746,0.01030295920032792,0.008240644323081128,0.26315882051180695,-0.15673082161797464,54.09829077584953,0.8875204178808974,0.9540796516397839,0.8908303194419317,0.7330589037681875,0.43849115903829405,0.7805954743831492,0.5331540217547872,0.830779625817599,0.8238937883792525,Medium
2019-07-01,11865.599609375,8029.14990234375,31371.833984375,15964.0,29600.400390625,15916.7001953125,2977.949951171875,8178.7998046875,3218.10009765625,291.79998779296875,736.18,-141.97,0.006510389269786421,0.04018963571539991,0.012752202640865518,-0.0069999811589833705,0.008583748119467716,0.06526444423251365,-0.005159895162605177,0.027373652066438714,0.001839488118983823,-0.012073565991885249,-0.0012392973189103706,0.004626519741991242,-0.000754982899424328,0.060806822040030184,0.01409148047089892,-0.031974432844317224,0.003883828768511899,0.09117731959053055,0.024578652738877826,0.15541470705572324,0.006265419328606634,0.010108430537166733,0.0082348240216667,0.22396791479986175,0.5423056666614902,49.433780977629404,0.8834883452443759,0.9527792145709337,0.8974140846415434,0.7472453446515385,0.4782480766598165,0.8016338174553107,0.6132060729917067,0.8331907599853753,0.8443163784854771,Medium
2019-07-02,11910.2998046875,8045.64990234375,31282.9375,16121.7001953125,29710.94921875,16074.099609375,2993.35009765625,8101.64990234375,3200.60009765625,287.5,418.01,294.11,0.003767209141051886,0.006936766190053456,0.0020550120748379364,-0.044697845488814614,-0.0028336400230626335,0.01702233118584462,0.009878488806846608,-0.007308945128041366,0.003734707188623565,-0.027390033641729206,0.009888947591590203,0.006631894187648424,0.005171391976656503,0.032492350684021565,-0.009432912430444085,-0.047531467230028435,-0.005437991196341363,0.006019314079519278,-0.014736079413476766,0.07677902621722854,0.004696812734964459,0.00758497357642497,0.008184320761939583,-0.2844227881919969,0.3643885251149796,44.40059539100616,0.8294409193104398,0.9106531029172389,0.8136394739003149,0.6453757600561256,0.48695766115101397,0.7903836114076537,0.6854786504810231,0.7093152367180752,0.7130318902947963,Medium
2019-07-03,11916.75,8039.5,31381.935546875,16175.5,29812.650390625,15927.650390625,2992.14990234375,8092.2001953125,3255.64990234375,289.8999938964844,1137.85,-925.46,0.0005415644793391738,0.01773410403467257,-0.0007643760812856559,-0.02070177554759267,0.003164602009481987,0.03543239371296858,0.0033371048981014617,0.005476311102839304,0.003423019948848305,-0.02374917694808676,-0.00911088162378848,0.010192218109515983,-0.00040095387219818424,0.04831388362748523,-0.0011663929131912054,-0.046658593312814745,0.01719983847023321,0.03636913591127322,0.008347804857336882,0.09005444854354439,0.004386142902996759,0.007329686549484903,0.008177554535600673,-0.33585443656558844,0.7669150837812275,41.36825625852558,0.8183604986551485,0.9032596243255189,0.8051526781738014,0.6673714304106938,0.43130744621990114,0.777435973031154,0.7069689347181036,0.6946594301486322,0.7158279435030946,Medium
2019-07-04,11946.75,8077.2001953125,31471.484375,16203.650390625,29889.44921875,,2962.5,8046.7998046875,3297.300048828125,292.54998779296875,,,0.0025174649128327786,0.017792757002931037,0.004689370646495439,-0.020535813568813732,0.0028535151374344814,0.030958044830494025,0.001740310384532151,0.001960196199570774,0.0025760483257519784,-0.01184228087964223,0.0,0.016692039427662397,-0.009909230256320178,0.034229974515006534,-0.005610388958406931,-0.05452449825647643,0.012793189603830246,0.04490428025944082,0.00914106227070377,0.09589801241920748,0.003627486522268209,0.00733019629040629,0.008122264054362414,-0.3357517411166867,,,0.8183620615888857,0.9050398475511268,0.8056015966269509,0.7026899120717777,0.4447115309996441,0.7594912731343589,0.7005432187830556,0.6944567073839915,0.7169684737824525,
2019-07-05,11811.150390625,7849.10009765625,31475.435546875,15818.400390625,29973.25,15550.0498046875,2851.25,7926.5,3303.35009765625,282.1000061035156,-645.08,818.84,-0.011350334557515662,0.013219518533371444,-0.028239995560420228,-0.044761439896288446,0.00012554768081218803,0.035078376787928134,-0.023775506797091506,-0.019263271123293624,0.002803691049530377,0.008392238280218622,-0.023707237205542575,0.0007207866472780378,-0.03755274261603381,0.010364989369241684,-0.014950018343617977,-0.0672071685685135,0.00183484934295719,0.0484662530098654,-0.035720328577994453,0.05182696966379918,0.005927905470993366,0.007530222417693038,0.008216599238327418,-0.29545328346510197,-0.2300796334376176,47.835038399044485,0.8398822792793021,0.8729148606389071,0.8273337362868868,0.6528027606910652,0.49711742147397103,0.7701892859140309,0.730602015729389,0.6698853000961673,0.7605556170300688,Medium
2019-07-08,11558.599609375,7593.2998046875,30603.494140625,15379.9501953125,29594.650390625,15376.0,2791.199951171875,7801.75,3108.449951171875,272.25,-383.66,531.56,-0.02138240331360608,-0.024104829359423596,-0.03258976058225227,-0.10247335425223836,-0.02770228246568518,-0.01950178465943797,-0.027717732797581385,-0.05454805776182392,-0.012631249843610526,-0.012372602907585128,-0.01119287763535226,-0.012450319960590872,-0.021060955310170937,-0.03894229100119506,-0.01573834605437452,-0.09371027037500512,-0.059000753998995736,-0.0656617143840067,-0.034916717087560833,-0.028025726285113017,0.009897935833788472,0.007948727474557014,0.008469004122883858,-0.21113875645918723,-0.0838964636130308,47.96971370416794,0.8506003783072935,0.8878162251027765,0.8719162249410398,0.6886292708986111,0.5562854991476,0.7437170962314057,0.7079607299994772,0.7037926560759894,0.7667287773583462,Medium
2019-07-09,11555.900390625,7593.2998046875,30568.794921875,15587.5,29321.30078125,15254.5,2788.050048828125,8012.0498046875,3151.64990234375,279.95001220703125,,,-0.00023352472109261502,-0.030931433310970924,0.0,-0.10268019788828842,-0.0011338319275098208,-0.03407838436961008,0.013494829440394263,-0.04853612643043559,-0.009236453405159772,-0.02604514801999358,-0.007901925078043659,-0.019422586677597775,-0.001128511894114781,-0.05990150900921476,0.02695546572083196,-0.060170110887096784,0.013897586208711177,-0.07166528294302021,0.028282873120408558,-0.02183787468002929,0.009951998747137501,0.007819736117896187,0.008457816279454446,-0.2371261251810993,,,0.8549708905575768,0.8868120095631347,0.8462070248189739,0.6505179082385012,0.5576798964658678,0.7345401077322568,0.6744257523000632,0.6852729541097463,0.7175014019774916,
2019-07-10,11498.900390625,7511.14990234375,30521.744140625,15466.400390625,29154.05078125,15168.599609375,2756.449951171875,8009.5,3117.300048828125,275.54998779296875,-494.21,904.82,-0.004932545113165099,-0.036034757151839014,-0.010818735524315448,-0.10562385658106388,-0.0015391768426019636,-0.034046615461538754,-0.0077690206495589775,-0.06195730072744887,-0.00570404434809213,-0.030426684711998497,-0.0056311508489298445,-0.03765057227112767,-0.011334121376168294,-0.07901902933839555,-0.0003182462353152893,-0.05923872660607454,-0.010899006736148076,-0.07513610429492068,-0.015717178861233805,-0.03838771756621906,0.009067481875454276,0.007847415648951386,0.008479143307897574,-0.23154964162280584,-0.14571479971626722,48.095693098823936,0.8604541617033183,0.8847723098864018,0.8510344358317143,0.6548126195868063,0.5770050200206207,0.7409633368376745,0.6692368740676955,0.6905797376848072,0.7192422565437199,Medium
2019-07-11,11582.900390625,7650.9501953125,30716.193359375,15547.650390625,29293.650390625,15214.2998046875,2805.25,8110.0498046875,3170.89990234375,279.1000061035156,926.6,-635.59,0.007305046321514741,-0.02345475781436923,0.01861236891639284,-0.07618422892730359,0.006370842303575541,-0.018501059967287348,0.005253323200480997,-0.0476725578221453,0.0047883434937550096,-0.02400693161504941,0.003012815717296391,-0.04105106776441314,0.01770394880827708,-0.044956268216727824,0.012553817927148936,-0.04415038554227402,0.01719431965998086,-0.03205226140300488,0.012883391282216827,-0.02052993806950698,0.00967908091123825,0.007949015058787019,0.008470856956595212,-0.21108081802348733,0.6487864225256086,43.5743116485645,0.8603015441421366,0.8864639410490337,0.8496857993663969,0.6672091224816391,0.612451936903867,0.7505747943921361,0.6840607278961061,0.7016506280081388,0.7268544557330796,Medium
2019-07-12,11552.5,7653.64990234375,30601.09375,15432.5498046875,29252.0,15227.400390625,2826.300048828125,8144.2998046875,3178.60009765625,280.54998779296875,,,-0.0026245922523520093,-0.03293183249156639,0.0003528590517951624,-0.07067405067756527,-0.0037471964064150765,-0.029668218614367525,-0.007403085549627764,-0.06606942048654196,-0.0014218231620026778,-0.02501134512088843,0.0008610705787106543,-0.04812979884485258,0.007503804947197157,-0.033578372772055,0.00422315532269657,-0.03898667598975947,0.002428394320113547,-0.033639857822831964,0.005195204793063901,-0.014230562978532757,0.009507561840468498,0.007812781866474501,0.00846271289796612,-0.23852717018565273,,,0.8826619458769859,0.8829740968558836,0.8431162621442705,0.6771346376529898,0.5929947109608308,0.7624538920357458,0.6898259032318326,0.7030935756069833,0.7370586062713437,
2019-07-15,11588.349609375,7674.25,30445.595703125,15411.5,29079.900390625,15662.0498046875,2823.0,8231.849609375,3097.35009765625,280.25,-216.44,591.72,0.0031031905972733753,-0.028051313516227028,0.00269153905902364,-0.06131123478686318,-0.005081453890026344,-0.029623535033389548,-0.0013639874780191352,-0.06937351182034368,-0.005883345049056521,-0.025812049081994526,0.02854390131687201,-0.030852754925429493,-0.0011676215444617055,-0.026685941576954586,0.010749825864356133,-0.026404183311153573,-0.025561567200576785,-0.046264932713985796,-0.0010692846409607881,-0.013030505539593062,0.009580738874388341,0.007847977853573105,0.00845851474962688,-0.23143637652365498,0.009611109097807723,47.1650968271293,0.8843021988387896,0.8690996372162453,0.8446670135581881,0.65436560926222,0.5631007900666573,0.7601330863224369,0.6929187252624244,0.657181988108274,0.7325905488364547,Medium
2019-07-16,11662.599609375,7727.10009765625,30570.4453125,15650.150390625,29366.599609375,15580.4501953125,2847.35009765625,8347.9501953125,3142.39990234375,285.54998779296875,-444.99,637.71,0.006407297199588324,-0.03523583905385674,0.006886679174675114,-0.07217647073308553,0.004100744508086063,-0.0342093388441328,0.015485214977451811,-0.0662285226641458,0.009859016533716458,-0.030125100627502732,-0.005210021063180248,-0.0476817477827971,0.008625610221838498,-0.03520538834180431,0.014103827383493028,-0.0220988944890097,0.014544627913256836,-0.03771191518824479,0.018911642436998166,-0.004184872561573627,0.009752876761514059,0.007470142667980283,0.008475867108117619,-0.30755730848602564,-0.11819152062986923,47.0184614219469,0.8735363131560192,0.8706392125514617,0.8406483399203759,0.6102884548046373,0.4970449956835058,0.7477173707696814,0.7034496906362957,0.6874821451702178,0.7543930343102244,Medium
2019-07-17,11687.5,7648.14990234375,30735.142578125,15518.0,29614.25,15676.0,2848.800048828125,8330.75,3177.550048828125,286.04998779296875,-16.97,208.88,0.0021350634900458854,-0.02779571687474669,-0.010217312357121755,-0.078558381439642,0.005387467010748992,-0.027020468044888002,-0.008444033272943074,-0.06754280443107574,0.008433063205109281,-0.019329101275115,0.00613267290031505,-0.026649789515651,0.0005092282726555375,-0.0363955679440805,-0.0020604094310671117,-0.012119150824501324,0.01118576488567169,-0.029400085089024697,0.0017510069037807163,0.0012249757472320155,0.004510846996481893,0.007446760716853585,0.008455317719317991,-0.31226797593768246,0.12115252476956323,45.52586914013043,0.8594607462786269,0.874049490160561,0.824666220182078,0.60447795862367,0.49311770672758887,0.7565505171142375,0.6947415290538802,0.6984295097640605,0.7540528125712995,Medium
2019-07-18,11596.900390625,7438.7001953125,30430.24609375,15256.650390625,29553.900390625,15498.5,2778.60009765625,8223.150390625,3076.5,281.70001220703125,-1404.86,329.05,-0.007751838235294128,-0.0208421833773087,-0.027385669698637205,-0.09575819233049832,-0.009920125914496425,-0.013831362561915306,-0.016841707009601747,-0.06598892696468295,-0.002037857091602868,-0.01675128232836276,-0.011323041592242955,-0.0320757191064619,-0.02464193694490857,-0.04941754289489031,-0.012915957071692241,-0.006757886894686593,-0.03180124538569962,-0.011883732134254088,-0.015207046920365008,0.0035625221108377403,0.0057448591758165485,0.007096562575123762,0.008427579946463513,-0.382820984065126,-0.6549401979289516,49.3357893787922,0.880282334916815,0.8625335474449407,0.8169460694201647,0.6010696756692008,0.5111350150092995,0.7713154428894047,0.6782733269140121,0.6594370200806703,0.7532252549832867,Medium
2019-07-19,11419.25,7192.75,29770.00390625,15223.099609375,29027.55078125,15383.650390625,2741.85009765625,8040.10009765625,3018.10009765625,277.54998779296875,-950.15,733.92,-0.01531878214359883,-0.038026592964232164,-0.033063598324272525,-0.121978759765625,-0.02169690594896656,-0.04172335164667629,-0.0021990922247662192,-0.06210593562316091,-0.01780981875211185,-0.031493253149384004,-0.007410369350259738,-0.04507796387667051,-0.013226084613974676,-0.056794873076183694,-0.022260360600657503,-0.01705462349436515,-0.018982578366244063,-0.028894046626076864,-0.014732070409043896,-0.006443595028524429,0.008203164700613063,0.007556311212468095,0.008573682886881474,-0.2901972791336459,-0.4006714000139571,48.92166105048,0.89925350815446,0.8815480281051714,0.7749292268187417,0.669049439798746,0.5130645580400062,0.7734601679786909,0.7383323438460702,0.6765634858875089,0.7617038406658562,Medium
2019-07-22,11346.2001953125,7220.25,29284.609375,15419.900390625,28714.94921875,15448.25,2788.10009765625,8120.85009765625,3001.550048828125,273.6499938964844,-1916.91,1829.9,-0.006397075524881224,-0.04835314069430807,0.0038232942893885458,-0.12126600783232411,-0.016304819199170262,-0.056359143552834556,0.012927773337882087,-0.04373006115351752,-0.010769133257426677,-0.0542128576787283,0.004199238004938488,-0.05586896597083468,0.016868172348128985,-0.04263023515967035,0.010043407298317097,-0.015260661194860026,-0.005483598387269306,-0.01919746399458344,-0.014051500875559286,-0.02337622421553387,0.0075064942743474534,0.007534767059713783,0.008603543671480024,-0.2945376927545341,-0.9412728890339921,52.11318502114955,0.8740005458491906,0.8799194049365271,0.73962920184775,0.6765949264887773,0.4764670022809117,0.7208064822420266,0.7016566502038842,0.7139607182686761,0.7686719105588378,Medium
2019-07-23,11331.0498046875,7176.64990234375,29127.76171875,15456.650390625,28990.900390625,15493.400390625,2778.75,8063.64990234375,2908.050048828125,276.3500061035156,-2607.97,2625.1,-0.0013352832106081625,-0.05303117481804531,-0.006038585596932267,-0.12907376568141138,-0.00535597570182722,-0.06836137354692018,0.0023832838779129784,-0.04765821519724156,0.009610017756702671,-0.043561323882272185,0.002922686428883603,-0.05804313212000767,-0.003353573160486567,-0.05825831868674325,-0.007043621618998741,-0.02181720114711594,-0.031150571697614926,-0.06555164499260491,0.009866662770884549,-0.014794987153242012,0.00753075701180895,0.007470445167167733,0.008601622353703847,-0.30749636519396456,-1.3277059903230246,54.27627955961057,0.8724746192668511,0.8759289479391809,0.7342475391012333,0.6525773131272048,0.4645061135152697,0.7145895176603998,0.7035247964862451,0.6715438306112349,0.7690597325026842,Medium
2019-07-24,11271.2998046875,7036.7001953125,28951.9140625,15275.7001953125,28992.5,15380.75,2712.949951171875,7920.64990234375,2857.699951171875,273.45001220703125,-1393.71,2140.26,-0.005273121293252303,-0.05332519025465088,-0.019500701432508927,-0.13627799033788168,-0.006037115311088415,-0.06502191777676836,-0.011706947542932888,-0.05717194202490439,5.5176257151234864e-05,-0.0456479340339212,-0.007270862934205424,-0.06363097832768894,-0.02367972967273957,-0.08411266948119478,-0.017733904836125913,-0.03160475148229358,-0.017314040959006127,-0.07790844547057152,-0.010493916527717029,-0.004731529728730699,0.0071013898393485686,0.007475186565626953,0.008530408229605704,-0.30654113475677136,-0.6487052413703711,50.21373783114097,0.8685207565293446,0.8773390042111384,0.7381590672246089,0.6593254904817877,0.47212935149207413,0.7199368845906227,0.6994488848227373,0.6751351246091839,0.7753635461462314,Medium
2019-07-25,11252.150390625,7010.5498046875,29042.712890625,15061.4501953125,28983.55078125,15474.650390625,2686.39990234375,8094.35009765625,2831.14990234375,273.79998779296875,-126.65,398.53,-0.0016989534831232112,-0.055556206740220326,-0.0037162860288434407,-0.13630740167211342,0.003136194309260043,-0.06240455689271451,-0.014025543658270023,-0.07080569725457686,-0.0003086735793740303,-0.04516620950446959,0.006105059286770853,-0.051600777055670566,-0.009786413058101795,-0.09118897588954877,0.021930043298732604,-0.006651454348364116,-0.009290705561036061,-0.07686915370789826,0.0012798521496226734,-0.009764962774073238,0.005645853487190382,0.007460842335276971,0.008439329022700502,-0.309431009030419,0.05982068303457479,45.927903793427525,0.8693519778978406,0.8723908848679264,0.7239437114866047,0.6592636011295364,0.47533817252841987,0.7178408568735797,0.6731377466905877,0.68170910152326,0.7743432989054143,Medium
2019-07-26,11284.2998046875,7161.5,29324.958984375,14920.75,29142.30078125,15348.0498046875,2692.449951171875,8178.89990234375,2863.199951171875,274.3999938964844,-1503.26,1917.52,0.0028571795564771296,-0.04558794997199567,0.021531862623894282,-0.10833458925702233,0.009718310228556737,-0.0421060757485231,-0.00934174289247991,-0.07424586854099968,0.0054772447033197835,-0.0274910261550112,-0.008181159686437733,-0.05656129009834354,0.002252102832064118,-0.08572445907956272,0.010445533448322442,0.011795572484870176,0.011320505778091183,-0.06316566014826175,0.002191402959335731,0.01366819919691542,0.005804275122431042,0.007427945314089273,0.008436196716182311,-0.3160586392964156,-0.7099643885445868,50.467082659710535,0.8546872363790248,0.8672400075583953,0.7040028558265643,0.6585122993325422,0.4548523010605498,0.7254905978986299,0.6733379092549865,0.6921043954399616,0.7670291676337885,Medium
2019-07-29,11189.2001953125,6905.7001953125,29295.560546875,14764.2001953125,28974.94921875,15400.849609375,2611.89990234375,8039.7998046875,2848.5,271.8500061035156,-704.42,1351.64,-0.008427603929443195,-0.04137628278850847,-0.035718746727291806,-0.1254289953388159,-0.001002505664736475,-0.032284252287331006,-0.010492086837960546,-0.064968104728236,-0.005742565206370842,-0.024540587676663117,0.0034401637575722788,-0.05098227628326146,-0.029917008779704934,-0.08690791737676984,-0.017007189147331347,0.00809376567348985,-0.005134098708634904,-0.05244246210770731,-0.009292958635890969,0.017783601240949132,0.005863220569134642,0.00724050997733988,0.008482568755719608,-0.3538204811260972,-0.26326190448570486,47.33372565340106,0.8472455394015702,0.8481013070342143,0.6851672803899284,0.6454773134138871,0.4407147662117278,0.7080982650507118,0.6722646753636246,0.6804930909195778,0.7654167758888463,Medium
2019-07-30,11085.400390625,6763.75,28791.265625,14496.2998046875,28864.599609375,15501.650390625,2527.0,7877.75,2709.449951171875,268.04998779296875,-644.59,1079.72,-0.009276785013729971,-0.05184104771628961,-0.020555510853027426,-0.13940085172983585,-0.017214039003216608,-0.05137883504978369,-0.018145269441012912,-0.08852380964369122,-0.0038084487583360804,-0.02421001464212369,0.006545144184035179,-0.05028945378312144,-0.03250503676177108,-0.12101287493875046,-0.02015595022565353,-0.004951426287323368,-0.04881518301847465,-0.10058258391384389,-0.013978363896375634,0.0028058362673062387,0.004356746595914205,0.007356499113172915,0.008498967841041687,-0.33045261742841736,-0.22980563086239744,47.413402376033375,0.8555247045993805,0.850415372302419,0.697292890645776,0.6604193192325272,0.38724419558429884,0.7174080579718789,0.7002948143083734,0.6863310546994909,0.7749905439507313,Medium
2019-07-31,11118.0,6851.64990234375,28875.6640625,14559.4501953125,29065.94921875,15620.2001953125,2588.14990234375,7987.5,2756.25,267.45001220703125,-1497.07,2479.38,0.00294076968140633,-0.04904867965330906,0.01299573496119022,-0.1184414026705004,0.0029313903250822726,-0.04894586848402349,0.004356311022525983,-0.08357069472294887,0.00697565918460219,-0.01755768605516672,0.007647560208117854,-0.04068735480315,0.024198615885931973,-0.1032983894399433,0.013931642918346032,0.025287208779924297,0.017272896592123166,-0.07667953363549096,-0.002238297382057275,-0.010360731888876096,0.004966537924278943,0.00740007178892102,0.00849829693193662,-0.3216742060667654,-0.7065030090739487,50.37892758164251,0.8623311498147326,0.851409337986491,0.7010308647290323,0.6654060803227025,0.4007105497439796,0.7132469425902381,0.7301832974055615,0.6955219904199195,0.7680079589810502,Medium
2019-08-01,10980.0,6856.10009765625,28366.919921875,14590.0,28925.349609375,15332.099609375,2507.050048828125,7878.75,2683.949951171875,264.54998779296875,-553.78,698.17,-0.012412304371289817,-0.07198850550425762,0.0006495071079124504,-0.1392702321218554,-0.017618439510996065,-0.07841988509962727,0.002098280105201855,-0.09271811454511536,-0.004837261921736946,-0.024487828706728165,-0.01844410329798185,-0.06035751621160346,-0.03133506812807996,-0.1472909201878324,-0.013615023474178423,-0.018713413874704155,-0.026231310232426308,-0.12449443317024911,-0.010843239041685382,-0.03957169697226193,0.006038470830089607,0.007186628578149646,0.008565132332969863,-0.364675749449935,-0.17902568421802925,46.698045111908954,0.7954820506872124,0.8470131163153071,0.6293283490024977,0.6842535476311261,0.4514863624000396,0.7133625060214269,0.7013250927079387,0.6832560475769819,0.7532335093178808,Medium
2019-08-02,10997.349609375,6933.75,28204.62109375,14433.9501953125,28930.75,15422.099609375,2459.10009765625,7868.2001953125,2655.64990234375,262.6000061035156,843.73,-960.04,0.0015801101434427256,-0.061987702613756857,0.01132566637559651,-0.11876846821084741,-0.005721411720834846,-0.079122812801529,-0.010695668587217266,-0.09512959101724638,0.00018670096292461302,-0.016758500873314985,0.005870037522125671,-0.04739525632427566,-0.01912604464928347,-0.16077396128793808,-0.0013390201094717336,-0.005479281612980058,-0.010544179043192825,-0.1393269075792981,-0.0073709384971853975,-0.042130177093237076,0.006429485100414386,0.007110653277606336,0.008567798876966784,-0.3799821870290714,0.6024464359776646,41.82553513978516,0.7957978407300358,0.8415702293231411,0.6072481570256802,0.6719729294827457,0.4487580047490335,0.7022016659336776,0.6857880620840018,0.7054476916876755,0.7453670840051452,Medium
2019-08-05,10862.599609375,6844.60009765625,27647.728515625,14040.7001953125,28777.55078125,15518.5498046875,2415.35009765625,7807.9501953125,2609.60009765625,257.8999938964844,-701.07,232.95,-0.012252952282714391,-0.07154493966082387,-0.01285738631242117,-0.12610596270078023,-0.01974472822286577,-0.09652951467915505,-0.027244794022339813,-0.11034016114231471,-0.005295376675336749,-0.023304500231013936,0.006254024922382806,-0.04131920937254807,-0.01779106106404449,-0.1649466236476549,-0.007657405569814313,-0.01190202539705143,-0.01734031456739027,-0.15638385075343542,-0.017897989709788953,-0.050092103512028086,0.0071376450920613305,0.0073479766427820645,0.008641062475530675,-0.3321696051879226,-0.2613886215734856,47.58229646718584,0.7917761388163034,0.8529263029256186,0.6431293010026516,0.6785040149182483,0.39286085446944896,0.7087922791750643,0.68625768610556,0.7079535672240348,0.7601277663344634,Medium
2019-08-06,10948.25,6942.4501953125,28021.7734375,14016.849609375,28847.349609375,15514.7998046875,2448.050048828125,7818.5,2647.050048828125,262.45001220703125,,,0.007884888857643269,-0.07190300312966569,0.014295955389673765,-0.11878269979849587,0.013528956697604011,-0.09157928581532182,-0.0016986749667557977,-0.1290013919468067,0.002425461035776344,-0.023864228843552326,-0.00024164629087097822,-0.043149806635273014,0.013538389819184315,-0.1680797478224263,0.0013511618829016303,-0.01619440710558806,0.014350839121101355,-0.15336392909485752,0.017642568508059675,-0.04232795512729859,0.008229395945587446,0.0073287347569350025,0.008639395650271296,-0.33604619037438105,,,0.805327697254533,0.8574521296948653,0.5962612907336382,0.6760658108107609,0.38440968695347383,0.7041067086502387,0.6735909919337372,0.7131653511266353,0.7731954877139042,
2019-08-07,10855.5,6792.60009765625,27701.728515625,13819.150390625,28814.55078125,15583.349609375,2389.449951171875,7879.75,2558.199951171875,258.70001220703125,-401.99,321.13,-0.00847167355513434,-0.08373459669230465,-0.021584612556158955,-0.13838305510324544,-0.01142129432274619,-0.11104104572515416,-0.014104397511532918,-0.1465393155070177,-0.0011369789103378158,-0.024032869334301155,0.004418349289095458,-0.03219528253916504,-0.02393745899284283,-0.20956350923190703,0.007833983500671549,-0.025543179164315255,-0.03356570371443668,-0.19688578249085587,-0.014288435227969631,-0.06992623446431423,0.008233113306944213,0.007292406428207106,0.008589656798267977,-0.3433651123404866,-0.0941463966819799,46.44449703200603,0.813599379877408,0.8563665556408008,0.592291326768792,0.6817675896528212,0.38987524749239555,0.7062254203715629,0.6305200914971395,0.7092813539080874,0.7702764562952152,Medium
2019-08-08,11032.4501953125,6998.4501953125,28110.123046875,14122.5498046875,29131.80078125,15867.9501953125,2418.800048828125,7964.7998046875,2602.550048828125,263.5,-437.39,291.29,0.016300510829763803,-0.06832717192598525,0.03030505177645848,-0.12206060078907088,0.014742564927659574,-0.10102657135336746,0.021954997629110906,-0.12510532742612435,0.01101006232609536,-0.012039285056171134,0.018263120129595523,-0.007744569772484056,0.012283202517740843,-0.1975316541665617,0.010793464854532253,-0.015232467274047923,0.017336446916877524,-0.18269321077770095,0.018554261950043616,-0.07038282359451731,0.010894861261669917,0.008084047892976284,0.008766676964959136,-0.18387629717432488,-0.11394168476931205,48.47713454252397,0.8460140856460274,0.8718585294155263,0.6624656967257945,0.7206995685182734,0.48565745566577956,0.715556029861783,0.6305609122570196,0.7162460200813827,0.7889243446759542,Medium
2019-08-09,11109.650390625,7137.39990234375,28431.5703125,14155.400390625,29302.19921875,15821.349609375,2398.0,7924.0498046875,2596.199951171875,265.6499938964844,,,0.006997556657477588,-0.05761369779540415,0.019854353914573464,-0.0997281704608205,0.011435284900353171,-0.08594378750743215,0.0023261086979204926,-0.11786770178998529,0.005849224316049506,-0.008253270946611546,-0.002936774149396193,-0.007222473294043574,-0.00859932545404174,-0.19535600319131008,-0.005116261676284428,-0.017495037211304187,-0.0024399521765621213,-0.19011743943912507,0.008159369626126622,-0.06724014999047401,0.011219700659966126,0.008248759717347828,0.008719580330760566,-0.15069246979543166,,,0.853430117340975,0.8774335453371482,0.6651381676043494,0.7350285149663489,0.4630504649140898,0.6961223266225083,0.6018246562909213,0.7203415591156926,0.7990550828901902,
2019-08-13,10925.849609375,6855.75,27728.77734375,14423.9501953125,28728.5,15424.400390625,2355.89990234375,7851.9501953125,2526.89990234375,263.0,-638.28,201.53,-0.01654424529912324,-0.07919953739695584,-0.03946113517490635,-0.1461424829048501,-0.024718753168586516,-0.11612507711342135,0.018971544235891535,-0.09647017067699193,-0.019578708562697167,-0.029455695839207152,-0.025089466357205437,-0.030929765507079376,-0.01755633763813591,-0.20888532682805416,-0.009098833444023735,-0.03996302846142208,-0.02669287810318477,-0.2147851758296464,-0.009975508968078528,-0.09869770047215443,0.012055818047437276,0.008504027612168239,0.00883001734220738,-0.09926467589287463,-0.2262771487202769,50.16648678160717,0.8640518106068766,0.8853349977394712,0.5159116632203673,0.7664789679053581,0.5382019526958284,0.6937618633145332,0.5881345039658533,0.7259733731349151,0.7769094491271549,Medium
2019-08-14,11029.400390625,6919.0498046875,28018.873046875,14564.5,28839.599609375,15466.25,2411.050048828125,7744.2998046875,2565.39990234375,264.3500061035156,1614.63,1619.82,0.009477595331455646,-0.0739611452698955,0.009233096989753165,-0.14002599060742926,0.010461900268039948,-0.1043400880471983,0.009744196477687206,-0.0965903208996075,0.0038672262518058,-0.02932755877167026,0.0027132081841207967,-0.03781546862011975,0.02340937593719894,-0.19453122081645502,-0.013710019542567342,-0.04410831151230954,0.015236060583282418,-0.19846284319545182,0.005133103055192434,-0.08052171790081519,0.012653336360670288,0.008715325284838394,0.008882739590326807,-0.056695385423285095,1.0335251813597086,43.11850428676233,0.8634588401105854,0.8977966454341387,0.5257454487527596,0.7620224968477423,0.5243234662434877,0.7122050290315891,0.539312348570993,0.7429545513986903,0.80710907277498,Medium
2019-08-16,11047.7998046875,6998.4501953125,28216.671875,14594.7001953125,28889.94921875,15365.349609375,2402.050048828125,7684.2998046875,2603.60009765625,265.1000061035156,-1339.27,1058.28,0.0016682152620135504,-0.07291838758994695,0.011475620622243277,-0.1294918595295106,0.00705948550443436,-0.10086260189869634,0.0020735483753304695,-0.09772803342632375,0.0017458498057176808,-0.030949988001239825,-0.006523907904307791,-0.03530343568948313,-0.0037328134288935333,-0.19721600614106938,-0.007747633938924081,-0.050406611401097146,0.014890542124680106,-0.20028253167457832,0.002837147655318395,-0.08554669994861808,0.011343968598929211,0.008731390646184075,0.00886801071475207,-0.053458761825017534,-0.6182629960744851,53.0680728345467,0.8633063282971972,0.8965853206094059,0.52624849601888,0.7621813401077653,0.5265327413938903,0.7108059029718787,0.5281484203197627,0.7478909285769287,0.8084746201107432,Medium
2019-08-19,11053.900390625,6959.14990234375,28185.771484375,14593.099609375,28837.5,15415.150390625,2391.35009765625,7741.35009765625,2581.949951171875,266.75,-305.74,386.23,0.0005521991749806165,-0.07473577411220622,-0.005615570858112706,-0.13842052517375958,-0.001095111101758861,-0.10440285724924592,-0.00010966898367770206,-0.09939431809648414,-0.0018154832448081804,-0.03519466722358,0.0032411095429689674,-0.0321767484488269,-0.004454508005399482,-0.19279321598101262,0.007424266936324919,-0.03795915325907784,-0.008315465383437526,-0.21695025841232995,0.006224043223296283,-0.08819001493593237,0.011096826550406834,0.008699890669045788,0.008861299673527893,-0.05980493525721835,-0.040324462263739216,49.52428755049581,0.8595556235694121,0.8954169561996549,0.5242182482945417,0.7572031769363573,0.5299317664066236,0.7185227000999704,0.5413175189600777,0.7428596961845368,0.8066146408958847,Medium
2019-08-20,11017.0,7040.5,27982.123046875,14439.599609375,28669.849609375,15597.75,2351.14990234375,7749.7001953125,2521.25,263.79998779296875,373.23,296.41,-0.0033382235519596737,-0.0672373447429262,0.011689660202441221,-0.1030181915883196,-0.007225221335981358,-0.11098535855993352,-0.010518670063855873,-0.08716436221118573,-0.005813624295622044,-0.0434854542175106,0.011845464023889862,0.0030675268511437537,-0.016810669149573743,-0.17539679005918452,0.00107863583882839,-0.022304901871885496,-0.023509344611550298,-0.23675967564296485,-0.011059089810801281,-0.06487067676216829,0.010486573373433195,0.0085419386598629,0.008840208781730145,-0.0916268899157439,0.33934804487343345,46.86438905177047,0.8400266572675438,0.9252311931144777,0.4981816679378397,0.7917047519548825,0.48744724013228646,0.7049868076685365,0.5225826361639928,0.7729028541399409,0.810214493122968,Medium
2019-08-21,10918.7001953125,7001.85009765625,27718.728515625,14221.4501953125,28399.099609375,15578.150390625,2283.199951171875,7677.25,2446.949951171875,258.54998779296875,-770.81,353.97,-0.008922556475220111,-0.05536132712335562,-0.005489653056423571,-0.07789099893910889,-0.009412957365985686,-0.09426262281503928,-0.015107719047892765,-0.07532534145351699,-0.00944371887850659,-0.04039753014378322,-0.0012565664518920938,0.01314713778778609,-0.028900731129112178,-0.18200057641399647,-0.009348773950806799,-0.015957958150415008,-0.02946952853867124,-0.21280702935256102,-0.019901441406131593,-0.05032144061352162,0.009053048436634212,0.007856636379576131,0.008870249646126144,-0.2296919781883421,-0.300386457483388,49.04601500664022,0.8191764400017908,0.9114623492934457,0.42552581489321273,0.7832355129236721,0.4507780603814613,0.7191852084866409,0.4973861425085493,0.729460563108695,0.7730316447504416,Medium
2019-08-22,10741.349609375,6882.10009765625,27033.884765625,13897.2001953125,28396.150390625,15632.0,2203.60009765625,7670.85009765625,2354.699951171875,242.6000061035156,-902.99,1719.07,-0.016242829527789215,-0.07048786799086848,-0.017102622639705523,-0.09366148121692919,-0.024706896263800626,-0.11563786421035593,-0.022800065784210677,-0.10843944216118684,-0.00010384902305238253,-0.03155216057865351,0.003456739601602976,0.024746796027401707,-0.03486328627274615,-0.20962677890862513,-0.0008336191141034011,-0.042585819527935165,-0.0376999946222113,-0.2528675379137818,-0.06169012741251778,-0.13341669753489505,0.009680930921287892,0.008274465008477692,0.008993845026859983,-0.1455137283976467,-0.3743000501213418,50.49963555995629,0.8149013501748962,0.920560234636927,0.48344742240628147,0.7580256263899723,0.4232881496687213,0.744440918505504,0.4971194103807257,0.7602023464660258,0.7995799549577698,Medium
2019-08-23,10829.349609375,6988.35009765625,26958.337890625,14286.099609375,28257.099609375,15816.599609375,2278.64990234375,7780.5498046875,2402.550048828125,244.5500030517578,-1737.2,1548.49,0.008192639025843995,-0.05822737466235306,0.015438601370558969,-0.06960316482624951,-0.0027945253024108663,-0.11674975825700085,0.027984011786321927,-0.07631386434075782,-0.004896818031218331,-0.03076591924069294,0.01180908453013041,0.042719830220813604,0.03405781510325889,-0.17333891682850744,0.014300853964642979,-0.028584829928522404,0.020321101901937144,-0.22928495454542253,0.008037909724578407,-0.1125022177990529,0.009165330421807706,0.00848039220549538,0.009016126252322459,-0.10402640601185455,-0.8407810465996852,53.796369407455856,0.8210675696622526,0.9057451641290155,0.5207693915566465,0.7123434131963048,0.4447707257137159,0.7549495892671368,0.5259800984253662,0.7745348094936035,0.803800013862507,Medium
2019-08-26,11057.849609375,7022.75,27951.025390625,14406.650390625,28707.80078125,15890.2001953125,2256.64990234375,7824.2998046875,2488.449951171875,253.6999969482422,-752.9,1272.29,0.021100066785376237,-0.04532981926314128,0.004922464081369871,-0.08210747414058173,0.03682302314139396,-0.09002313328340972,0.008438327083404307,-0.07338729462864724,0.015950015327315104,-0.019999201245417098,0.004653376057763614,0.04442533664393511,-0.00965483990207161,-0.19556192769138225,0.005622995944790654,-0.03523406229081849,0.03575363700982992,-0.21522279863437077,0.03741563599386999,-0.09100683840849799,0.012032673580846155,0.00933154880260959,0.009303162512042634,0.0674526829898676,-0.2903713837646275,52.55166049846617,0.7570603200907822,0.9220215045858321,0.5199325607290967,0.7555060851861861,0.4247622875310049,0.64820848097694,0.49517000906693465,0.8025304603770361,0.8366887528934039,Medium
2019-08-27,11105.349609375,7152.9501953125,28125.82421875,14604.599609375,28927.25,15675.2998046875,2303.89990234375,7812.10009765625,2550.800048828125,256.6000061035156,-923.94,1162.65,0.004295591066795668,-0.038705941625189366,0.018539773637463952,-0.06541972959566944,0.00625375368817882,-0.08088826992499243,0.013740127884189768,-0.053649604620813696,0.0076442365063829065,-0.01110180500478597,-0.013524083270416876,0.029414043275453494,0.020938117140335555,-0.1848353456672015,-0.0015592075119541526,-0.040789228662732935,0.025055797335561403,-0.19750834629717506,0.011430860032154655,-0.08536796553748904,0.01211841042884776,0.009388228853615151,0.009304645882955322,0.07887178441486722,-0.38601505818432513,53.26255176208436,0.7602173259974228,0.9230996351226737,0.5284818642334738,0.7584325086542164,0.37880139031637844,0.6605975930037007,0.49548062184129277,0.8029874029097629,0.8443165784463663,Medium
2019-08-28,11046.099609375,7018.5498046875,27803.978515625,14445.0,28815.0,15879.900390625,2226.449951171875,7738.64990234375,2517.300048828125,262.70001220703125,-935.27,359.32,-0.005335266523260329,-0.046792685609115425,-0.01878950460371942,-0.08544159954555819,-0.011443067432329368,-0.08676516673407897,-0.010928037306311977,-0.06271290919118844,-0.003880424167523655,-0.009109398143275604,0.013052419314896646,0.013909455572813867,-0.0336168906874319,-0.21131776437411443,-0.00940210627031468,-0.059913595417190324,-0.013133134451440154,-0.18727300128811597,0.02377243163842646,-0.0626226147831177,0.01234116158536713,0.00937901961374488,0.009305987724301952,0.07701643597639359,-0.3923506687501294,53.2783012442175,0.7598660454202742,0.9299239132392072,0.5338767509385098,0.7805358339038778,0.35440571910220425,0.6557678146509552,0.4937512439569346,0.8309983978178302,0.7919183844169662,Medium
2019-08-29,10948.2998046875,6970.14990234375,27304.8828125,14440.650390625,28751.80078125,15884.5498046875,2254.35009765625,7912.5,2449.449951171875,263.79998779296875,-986.58,489.23,-0.0088537862364102,-0.06124704856653995,-0.006895997562263556,-0.09796044903599666,-0.01795051391096869,-0.10682090059920513,-0.0003011152215299795,-0.07728360238151666,-0.0021932749869859602,-0.020935308694328025,0.0002927860974017982,0.019518024547614754,0.012531225536729362,-0.2082638171147687,0.022465171554484797,-0.05216252913883124,-0.026953520176443035,-0.22051615730227092,0.004187192747713286,-0.07616880031446305,0.01275624428509217,0.009346151512835327,0.009297802563174192,0.07039463216227052,-0.4210426526981806,53.370991502136334,0.7549180675275491,0.9311944017574808,0.5074507800868383,0.7714393140659686,0.3772016688061805,0.6026967769925148,0.38377764759710065,0.8297284736130756,0.766593339935215,Medium
2019-08-30,11023.25,7009.2998046875,27427.53125,14382.25,29257.349609375,16010.400390625,2289.949951171875,8072.0498046875,2474.39990234375,267.20001220703125,1162.95,1502.27,0.006845829640179435,-0.056834224598930505,0.005616794888526844,-0.08353001782306546,0.00449181336328075,-0.10761659295112924,-0.00404416622833792,-0.07318919963912873,0.017583205725836937,-0.012051643739922513,0.007922829887212934,0.021331997360614974,0.015791625955807298,-0.19617034824403945,0.02016427231437601,-0.031053650069021388,0.010185940382222647,-0.22128688318967493,0.012888645077310912,-0.0658974878180395,0.012476922845802567,0.009458008270344863,0.009329463528641176,0.09292996225482231,0.7809507258996468,46.42945519165999,0.7659615487814097,0.9304818183597722,0.5059985091391643,0.7682263823695573,0.3868828562188874,0.6145456255652921,0.41527342006527895,0.834713635459937,0.7726652890549606,Medium
2019-09-03,10797.900390625,6897.75,26823.837890625,13972.150390625,28766.900390625,15984.900390625,2218.949951171875,7976.4501953125,2353.800048828125,261.1499938964844,,,-0.02044311880570615,-0.06889772034654329,-0.01591454322055119,-0.07272106431354497,-0.022010488434864195,-0.11851393485331396,-0.028514287359418744,-0.08419279246179145,-0.01676328256995785,-0.02662931083877007,-0.001592714696562636,0.031383707495886703,-0.031005044439362472,-0.20141442698301204,-0.011843287849820361,-0.03000069116986559,-0.04873903098742971,-0.23490978422619047,-0.02264228306194538,-0.07295000859085499,0.013525385948044174,0.009997003863581589,0.009464888943209954,0.20151923198208782,,,0.761110322940862,0.9301375789447116,0.5557469673044781,0.7961247710828033,0.3677701450431919,0.6321368389091909,0.42963620475012804,0.8530820543596337,0.7786940606975127,
2019-09-04,10844.650390625,6782.0498046875,27123.53515625,14052.650390625,28725.650390625,16032.5,2254.64990234375,7967.64990234375,2375.699951171875,260.70001220703125,1212.35,-688.65,0.004329545403159107,-0.050318506852464084,-0.01677361390489651,-0.05709918950505721,0.011172795885772357,-0.08889715830518896,0.005761461031368098,-0.07688639296751298,-0.0014339396820605144,-0.01040047756354312,0.0029777857985850975,0.042177870199807455,0.016088668945877238,-0.17769031054212692,-0.0011032843875740106,-0.009011106134564129,0.009304062320269368,-0.2128491851490414,-0.0017230775415276733,-0.06070969672859905,0.013250873856339239,0.009757351564275889,0.00947951099867579,0.1532374491686308,0.8085746589932684,46.98740143606396,0.7095079164315414,0.9252009864814347,0.5809724682116286,0.7739806836015277,0.3421485049892289,0.645169627965367,0.3786328688833625,0.863358550645801,0.7720857866696851,Medium
2019-09-05,10847.900390625,6921.75,26919.38671875,14338.7998046875,28710.0,16030.9501953125,2313.60009765625,8071.75,2375.89990234375,256.0,-655.36,677.91,0.000299686931614751,-0.04391776948315829,0.020598520998171388,-0.04134205879297803,-0.007526616140704601,-0.08076674767836134,0.02036266512781104,-0.0701107373297164,-0.0005448228469043803,-0.0001723568693190458,-9.666643926398155e-05,0.03771949543233055,0.026146052764653316,-0.17018757698078246,0.013065345356806812,-0.006046177070848868,8.416516226139592e-05,-0.2084423502212277,-0.0180284310968839,-0.06449842605573375,0.00964456285734,0.009722098776222597,0.009367849284978014,0.14613521204723046,-0.2358280956279502,53.16859111833447,0.7074347747819755,0.9227616400468827,0.597913965394812,0.7766057652540271,0.34810939063983193,0.6632912786442798,0.398404297272313,0.868736313978868,0.7530037220667121,Medium
2019-09-06,10946.2001953125,7102.4501953125,27247.583984375,14591.400390625,28649.75,16034.5498046875,2357.699951171875,8068.75,2381.300048828125,254.3000030517578,,,0.009061643373168504,-0.03396416183924922,0.0261061430003251,-0.010339045103345157,0.012191855225156534,-0.06454933793160977,0.017616578052433773,-0.05597914024922268,-0.0020985719261581437,-0.01176749897479279,0.0002245412362427146,0.034927736998906056,0.019061139200460486,-0.1515249838337832,-0.0003716666150462844,0.0006324800453907375,0.0022728846779478395,-0.1811351218705014,-0.006640613079071045,-0.07979013050391714,0.010361837666795026,0.009909834191809973,0.009400258722843549,0.18395750955092158,,,0.721531483020452,0.9262272384073817,0.6172160661159227,0.772401587882917,0.33773210172881196,0.677065578627848,0.39193961301917896,0.8813326315686145,0.7353829548341437,
2019-09-09,11003.0498046875,7165.35009765625,27504.330078125,14617.849609375,28845.650390625,15919.400390625,2360.050048828125,8077.89990234375,2419.699951171875,256.0,-188.08,686.47,0.005193547382711383,-0.02379938468928311,0.008856084958577037,0.018282703365627206,0.009422710428096392,-0.049999595234015426,0.0018126580069033338,-0.043065167391761694,0.006837769635860802,-0.005065089570578607,-0.007181331279337622,0.035021074435577004,0.0009967755460493777,-0.130079768773955,0.001133992544539053,0.019853168860988202,0.016125604315444075,-0.15327011494694764,0.00668500561479024,-0.06381426742749496,0.010561564155165504,0.009942174225454363,0.009356538757037113,0.19047292578152725,0.02546970712483427,52.13285686662932,0.7245966982828037,0.9270184060757178,0.6141792767332828,0.7788140455372863,0.30343306938423514,0.6754421344858534,0.38450120591883247,0.8810296180442964,0.7362241500942784,Medium
2019-09-11,11035.7001953125,7423.60009765625,27775.876953125,14585.099609375,28759.349609375,15701.7998046875,2414.550048828125,8082.89990234375,2495.0,266.6000061035156,,,0.0029673946046386845,-0.019236340414792275,0.03604150480860269,0.058918387926232274,0.009872877260732382,-0.04361975213097036,-0.002240411611499682,-0.031627139469328935,-0.002991812633146518,-0.00773546255830182,-0.013668893337568488,0.014678807490223766,0.02309273060843009,-0.1011948568336567,0.0006189727603023165,-0.001414591063440107,0.031119581083454806,-0.11873264007160844,0.04140627384185791,-0.02629650113387627,0.009931256380683541,0.009963372757847686,0.009364476336651035,0.19474370866132276,,,0.7043834484736643,0.9278696723726078,0.6169527351590571,0.7710630237808063,0.27464737215957535,0.6717465080246534,0.4157828660367054,0.8628085665206118,0.7000637216171507,
2019-09-12,10982.7998046875,7284.0,27818.17578125,14404.650390625,28575.19921875,15583.25,2410.60009765625,8102.14990234375,2505.550048828125,264.25,459.22,74.93,-0.00479356902496042,-0.026718538608373144,-0.01880490541244595,0.017105355023389057,0.0015228620214722266,-0.05138227828137276,-0.012372162246599316,-0.03458938789102428,-0.006403148649960055,-0.019459738843436436,-0.007550077453675641,0.015324435241320877,-0.0016358953395031461,-0.10468155717915995,0.002381570999588689,-0.009383902592817739,0.004228476484218424,-0.12491265313041378,-0.008814726368022496,-0.036989774498003114,0.009797866844747271,0.00996976455471572,0.009373634050396179,0.19603143821394656,0.387432700879922,50.027781053287825,0.7056084066273036,0.9236057969625752,0.6315595564651987,0.7717427175064305,0.29843172255957273,0.6677188080698506,0.40654450020363964,0.8536988440360257,0.7016801730124176,Medium
2019-09-13,11075.900390625,7360.60009765625,28098.423828125,14727.150390625,28592.05078125,15722.900390625,2444.10009765625,8033.0498046875,2511.800048828125,268.1000061035156,-405.45,209.56,0.008476944640087414,-0.010125817995013109,0.010516213297123933,0.06587310330276575,0.01007427838111119,-0.040864100102624645,0.022388603072927893,-0.0025094352689191135,0.000589726859679951,-0.013214809613962042,0.008961570315884071,0.020911234731748607,0.013896954551927188,-0.0642443473951384,-0.008528612589142726,-0.0008395731441054322,0.002494462245095974,-0.11820254561062837,0.014569559521345754,-0.013794371586558163,0.004803019421432933,0.010004618889679694,0.009423093703368766,0.20305340059742222,-0.09608119037639144,53.01312794942742,0.709727087894084,0.935975545437687,0.6382366807538515,0.7610699426940478,0.32889488312001436,0.6665569180612616,0.34969742806308746,0.8570257358330116,0.7065757507532333,Medium
2019-09-16,11003.5,7300.64990234375,27854.67578125,14533.4501953125,28751.75,15743.150390625,2440.550048828125,8070.64990234375,2479.550048828125,265.54998779296875,-751.26,308.56,-0.006536749886833726,-0.007388131031718426,-0.008144742890133227,0.07937902825263343,-0.008674794300419841,-0.03253034638868879,-0.013152591653834533,0.0025627498827658357,0.005585441211328757,-0.003909619773085238,0.0012879303116410945,0.015578986360449187,-0.0014524973144631748,-0.034210506993223144,0.004680675281548696,0.024486674792136176,-0.012839397791653884,-0.08485113454275661,-0.009511444433023541,-0.009326618592987557,0.00612111157757207,0.009931998128884699,0.009394171985722923,0.18842278862077932,-0.28945431392103366,53.997799346975555,0.7034781733089122,0.9349563662524405,0.6317468022632325,0.7324723053983635,0.3513898165998642,0.6499142232245928,0.30154675527580893,0.866633027955326,0.7033963849399495,Medium
2019-09-17,10817.599609375,7020.75,27131.435546875,14336.150390625,28675.30078125,15625.650390625,2375.85009765625,7933.85009765625,2388.550048828125,255.6499938964844,-808.29,85.76,-0.01689465993774708,-0.0270192832006656,-0.038339039138678976,0.02468020112913316,-0.025964769436011115,-0.06040479317981051,-0.013575565473856632,-0.015337104196379125,-0.0026589414122618615,-0.01344007156139937,-0.007463563332912759,0.00034891968376538074,-0.026510397196296775,-0.08202763081661069,-0.01695028360080053,-0.006716732687793381,-0.03670020697626497,-0.13340587797619052,-0.037281093397009246,-0.044120462785443904,0.009486623444700441,0.010366472037941336,0.009513553228402248,0.2759544959148862,-0.32134485854308315,55.23952310223713,0.7325043452964337,0.9404871621661695,0.6429295900104005,0.7166055626585709,0.37169590484000736,0.6744446777741611,0.36197956972704226,0.8807249322602537,0.7335487470026988,Medium
2019-09-18,10840.650390625,7012.10009765625,27172.333984375,14489.5498046875,28752.150390625,15702.2998046875,2402.64990234375,7923.4501953125,2413.39990234375,259.3999938964844,-959.09,780.45,0.002130859163064436,-0.012691221254553686,-0.0012320481919666504,0.02275346009801238,0.0015074188547576917,-0.04211193674850833,0.01070018170029896,-0.006884866025531178,0.002679993139784287,-0.005987800358128181,0.004905358314460262,0.02414543374647371,0.011280090740547033,-0.04164262557629228,-0.0013108266750366804,0.005673513604632641,0.010403739929090827,-0.10080294109433618,0.014668492429217084,-0.019466997293965727,0.00866544977715785,0.010145332437944419,0.009439598668298122,0.2314023920150344,-0.40567054903940203,55.21085199841682,0.7465841879899364,0.938061361323567,0.6642567430170296,0.7150906113222126,0.3263437029426894,0.6567509354661385,0.3241950380302423,0.874926288109965,0.7332189363333587,Medium
2019-09-19,10704.7998046875,6920.60009765625,26757.33984375,14281.9501953125,28575.599609375,15522.4501953125,2363.449951171875,7799.60009765625,2359.14990234375,255.3999938964844,-892.52,645.72,-0.012531589991591652,-0.026601846361063886,-0.013048872481238982,-0.001896506557598654,-0.015272671860416365,-0.05131362145193685,-0.014327540342753742,-0.010530727759429537,-0.0061404374577689325,-0.012275879146755653,-0.011453711342418127,0.006506934106202955,-0.016315298843013304,-0.03889640221459001,-0.015630829323508566,-0.008718651782286702,-0.022478661720055415,-0.1116487529995287,-0.015420200825433383,-0.027418172276024277,0.009016979976209467,0.010376040408329741,0.009512861642075397,0.27788219693135924,-0.36844534203449525,55.54525841538329,0.7516249086855818,0.943560603297511,0.6867105657004969,0.7213794971149946,0.3591655421185744,0.6808871022609786,0.3661808020109621,0.8820269005426025,0.7422591907197343,Medium
2019-09-20,11274.2001953125,7605.85009765625,28981.21484375,14859.0498046875,29835.349609375,15491.099609375,2497.64990234375,7983.5498046875,2522.85009765625,265.29998779296875,35.78,3001.32,0.05319112930777714,0.03789153616435126,0.09901597987609034,0.11121906161627604,0.08311270899821732,0.04823131590616514,0.04040761951154326,0.05828410250139848,0.044084814219846,0.036757778178058365,-0.0020196931246696526,-0.0017688634349202204,0.05678138058533211,0.034073654484855,0.023584504939750284,0.022489847524952422,0.06938948438582404,-0.033242641306578946,0.03876270216551725,0.028693268986483833,0.023586800668719984,0.01410473280137385,0.011070240396120534,1.0290868247221476,0.15064974077540425,61.44514345201334,0.8678911953171042,0.9697717356255209,0.7416739790266875,0.8573719310679578,0.25619166488403994,0.7504518755217456,0.5057370804415702,0.9004800365109189,0.7242542738786654,High
2019-09-23,11600.2001953125,7802.64990234375,30565.84375,14999.5,31120.099609375,15040.650390625,2526.199951171875,7857.25,2583.35009765625,272.79998779296875,2684.05,291.95,0.028915576657539077,0.05954834748133253,0.025874794028368342,0.12390433965403913,0.054677794384859535,0.0907890543820975,0.009452165324070227,0.0701049392702171,0.04306133552382785,0.07878540076560059,-0.0290779370160007,-0.030561104237983416,0.01143076489676731,0.03192332705009848,-0.01582000585921617,0.004956193643282036,0.023980814419455543,-0.024064505769384903,0.0282698844519087,0.03943598820552929,0.025056271678712175,0.014939411756160039,0.011409677734693261,1.1972462295378044,1.6315330058330069,54.57775671945561,0.8582652520404963,0.9703245962229989,0.7300257173863536,0.8598945216958156,0.037525665172079316,0.7301412609483077,0.36753706030538597,0.8927259415745863,0.7380225681881387,Medium
2019-09-24,11588.2001953125,7773.25,30182.748046875,15100.849609375,31312.400390625,15338.650390625,2485.10009765625,7891.9501953125,2522.85009765625,269.20001220703125,-828.49,472.81,-0.0010344649056013289,0.06749575747892766,-0.0037679381635358222,0.1443703277456474,-0.012533457484712796,0.08956190332493486,0.006756865853861704,0.0927480476382625,0.006179311238196261,0.0866870918216911,0.019812972993890288,-0.01570260726248407,-0.016269438013629678,0.040030194579913525,0.004416328271659831,0.0015482972572098408,-0.02341920286177579,-0.013818252752069604,-0.013196392034553805,0.04058755123520097,0.025289698168132438,0.014820260367907297,0.01139207492343294,1.1732412795907041,-0.332640474909301,66.07473820454426,0.8561165833466896,0.9665673834028128,0.7211211554524801,0.8581681433325069,0.03340449418062835,0.7221346081279546,0.38669168497750883,0.8879035166397047,0.7321984455324375,High
2019-09-25,11440.2001953125,7470.4501953125,29585.70703125,15179.2001953125,30925.94921875,15379.900390625,2419.75,7789.7001953125,2380.800048828125,260.95001220703125,-342.4,-762.48,-0.012771612287114875,0.03695915166453645,-0.038954080299424265,0.06744350346540173,-0.01978087000884654,0.052492974929863934,0.005188488592645646,0.0748200859786865,-0.012341793252960032,0.06158728226147847,0.002689284842505524,-0.030756953398534903,-0.026296766765203206,0.00039273654402949276,-0.012956239898819,-0.021984182109881623,-0.05630538610284086,-0.08520489360035532,-0.030646358194275414,-0.009677373028344372,0.025937095798827147,0.014822641055869694,0.011458376020714494,1.1737209071990353,-0.060824328401637415,64.44959685679825,0.853220564914479,0.9704819055860879,0.6925940902233676,0.8621102125025194,-0.03630898892921247,0.7308241540801974,0.38959657304089645,0.8771382077745952,0.7360436749817485,High
2019-09-26,11571.2001953125,7659.75,30002.25,15446.900390625,31027.69921875,15312.900390625,2520.449951171875,7857.2998046875,2398.199951171875,267.79998779296875,737.17,339.28,0.01145084856589107,0.04154494412146259,0.025339812158346353,0.07318492795740972,0.014079196022255713,0.055244211636437335,0.017635988185673135,0.09123726382585051,0.003290117282424676,0.058886365051258105,-0.004356335106099896,-0.03213690559297899,0.041615849229000856,0.05106336579310877,0.00867807587969538,-0.008423722925178234,0.007308426573795934,-0.07626531227328104,0.026250144723131585,0.008093333129614688,0.023927735305543627,0.01490358886423852,0.0114823063121742,1.1900291358878976,0.5428592637012206,61.02319404844744,0.8554977145708067,0.9702494761997998,0.7005225993749059,0.8569555655480197,-0.04106185256343559,0.7367273822369612,0.40834907329630377,0.8787019271061274,0.739221630431095,High
2019-09-27,11512.400390625,7554.25,29876.302734375,15383.4501953125,31026.0,15236.400390625,2453.949951171875,7695.2998046875,2376.35009765625,261.70001220703125,-213.6,458.68,-0.005081564893442914,0.05368468377477087,-0.013773295473089808,0.10188527878058573,-0.004197927342949326,0.07744753272033633,-0.0041076328394665795,0.06652130567615377,-5.476457464737017e-05,0.07997284926118664,-0.004995787737693047,-0.012188480280521441,-0.02638417793976866,0.04161893666644345,-0.02061776997529785,-0.019950507418974417,-0.009110939021138798,-0.0595788557148077,-0.022778102554109392,-0.004942919364900211,0.02446759801923877,0.014569180783630202,0.011412627244916646,1.1226572877321648,0.011199205656226464,63.404692218848616,0.8484415247658853,0.9684387083875804,0.779909111254045,0.8482157970737756,-0.14844840276184282,0.7283134258984097,0.39584576177988656,0.8756323340946858,0.7429844034677388,High
2019-09-30,11474.4501953125,7493.14990234375,29102.8125,15501.599609375,31134.5,15540.150390625,2439.85009765625,7547.75,2294.10009765625,258.75,-469.4,504.69,-0.003296462425282254,0.04035122390386636,-0.008088175220074767,0.08297383511639267,-0.025889757553066994,0.03868604748347981,0.0076802935987989596,0.0643413511878197,0.0034970669760845396,0.07957462730789744,0.019935811097934852,0.004778171219591121,-0.005745778763292075,0.011945023224268159,-0.019174016403834204,-0.02537993229142954,-0.03461190338962328,-0.10575341662702975,-0.011272495488832801,-0.0211840589151443,0.023344033593872535,0.01452503806355408,0.010724099457124884,1.1137640318373323,-0.13184132238726406,64.15621631637157,0.8498183545985148,0.9567942445332165,0.77065480566859,0.8483802686293764,-0.1668572634565222,0.72638829260552,0.42685382390864174,0.8657838341390623,0.744382715823781,High
2019-10-01,11359.900390625,7464.10009765625,28725.166015625,15386.349609375,30801.349609375,15300.25,2397.050048828125,7466.4501953125,2207.449951171875,248.1000061035156,-344.58,10.98,-0.009983032105041145,0.02825002185548997,-0.0038768481968328716,0.06653614576776423,-0.012976288266812741,0.018021053045434776,-0.007434716603717417,0.05424225256211579,-0.010700361034383099,0.06616143130443697,-0.015437456176082165,-0.004236780224986192,-0.017542081322635017,-0.0020815552958354244,-0.010771396070020867,-0.028349962249274774,-0.03777086560996201,-0.15215475941984624,-0.04115939670138902,-0.0641267431482514,0.014480806567098993,0.014673179837821874,0.010723176758700756,1.1436095580080372,-0.062043360266902506,64.09557485769786,0.8483124344564539,0.9577928466610143,0.773991926480383,0.8517043371000227,-0.12103326016524292,0.7323452247934514,0.4421461268925527,0.8734274609878955,0.7457683839037752,High
2019-10-03,11314.0,7493.75,28413.76953125,15592.7001953125,30791.0,15277.9501953125,2326.550048828125,7461.75,2209.25,251.1999969482422,,,-0.004040562773145462,0.02353012060752735,0.0039723345019260226,0.07681974165784289,-0.010840546028719755,0.008089118546972918,0.013411276305054898,0.06849816781181506,-0.00033601155489138,0.06774165583008229,-0.001457479759317648,-0.008900347504617323,-0.029411150607583814,-0.027097683811180606,-0.0006295086941651151,-0.036117743562702476,0.0008154426455599939,-0.14434824772754284,0.01249492450005496,-0.05829429447706769,0.007750535404805756,0.014702283032395479,0.010726406723204294,1.149472861317254,,,0.8471631185429425,0.9577124346737824,0.7573011766434882,0.8527867384515152,-0.1192460834429186,0.7270708960738723,0.445263276081131,0.8687862141214657,0.7349896494209067,
2019-10-04,11174.75,7404.89990234375,27731.52734375,15525.099609375,30327.150390625,15340.2998046875,2297.199951171875,7396.89990234375,2173.699951171875,248.1499938964844,1429.92,461.29,-0.012307760296977222,0.014318780067168912,-0.01185656015429526,0.0517576737935872,-0.024010970693263967,-0.008955564333171129,-0.004335399583827226,0.07517521464343324,-0.015064454203338684,0.057806399539259035,0.004081019284519538,-0.01650559826337128,-0.012615287460088664,-0.022946197993626405,-0.008691003806915232,-0.0455243795343393,-0.01609145584615823,-0.13784830890555277,-0.01214173204144664,-0.059325226007085785,0.008295982544930218,0.014881102775028578,0.010778598307104443,1.185498954125804,0.9302373942802984,58.644563083827855,0.8544538602978463,0.9586091328092144,0.7598906041669061,0.8568000125262032,-0.12209086957180301,0.7293751064121884,0.45763192463677616,0.86847960151875,0.7348172932206076,Medium
2019-10-07,11126.400390625,7355.4501953125,27767.228515625,15331.599609375,30218.099609375,15246.75,2269.949951171875,7148.9501953125,2150.35009765625,245.25,-604.94,667.4,-0.0043266837625002275,0.019022428640514066,-0.006677971030452201,0.050500952280399636,0.0012873857048139037,0.001749719507251557,-0.012463688148136143,0.07806161810617684,-0.0035958136470253255,0.06405132645119216,-0.006098303545470141,-0.021273410662695724,-0.011862267359921796,-0.005803258708550363,-0.03352076008932958,-0.06881367738285193,-0.010741985573048729,-0.12121206376680471,-0.011686455643009741,-0.05144068234734778,0.007586092684629865,0.01480336386973407,0.010642127393121684,1.1698372102057195,-0.20763378982672742,65.283849261429,0.8559690579421431,0.9568083998710389,0.7544231226120931,0.8552735865298872,-0.1174568346942766,0.7270842136431002,0.43116862616640395,0.8670101741160423,0.7317443076329322,High
2019-10-09,11313.2998046875,7460.75,28785.515625,15469.9501953125,30269.150390625,15128.75,2317.699951171875,7235.60009765625,2217.0,250.25,,,0.01679783285706482,0.05324751694268515,0.014315888476086114,0.08408042518021697,0.03667226308891425,0.06479390123029183,0.009023884621465195,0.11317027731459794,0.0016894107144369563,0.06595964503055929,-0.007739354288618938,-0.032193577277379704,0.021035706084774564,0.0517788384729978,0.012120647084737701,-0.05674077767899366,0.03099490748803846,-0.05847876758282733,0.020387359836901098,0.03153336234138515,0.009437478091106885,0.014725752443303609,0.010771966138227644,1.1542011489385662,,,0.8513965273792946,0.9546924030772963,0.7380741039388524,0.8519212852295347,-0.12454956481539955,0.7191930439366823,0.46683124540102544,0.8656830377049552,0.7370484463048689,
2019-10-10,11234.5498046875,7359.64990234375,28013.123046875,15579.2998046875,30147.19921875,15093.7998046875,2283.35009765625,7235.60009765625,2151.75,244.9499969482422,-263.11,502.67,-0.006960833829169011,0.03741685419055241,-0.01355092955215631,0.053131254087002144,-0.026832681692669835,0.039126490680896575,0.00706851722173818,0.09052157206462841,-0.004028893123897204,0.06688937065387668,-0.00231018394199789,-0.045698811535892614,-0.014820664555071916,0.0020627106023025643,0.0,-0.07003999983432241,-0.029431664411366687,-0.10438910479740304,-0.021178833373657557,0.0016356323512281001,0.009526995655084594,0.014759972144070654,0.010792831619829251,1.1610952541283037,-0.016486238219587532,64.03206047885718,0.8521060459773718,0.9569821196117334,0.7410732092869137,0.8681912456427111,-0.14548176612598793,0.7286701124666117,0.4554191367922906,0.8663599903818779,0.7390501778294534,High
2019-10-11,11305.0498046875,7397.0498046875,28042.173828125,15510.5,30416.19921875,15321.900390625,2337.10009765625,7278.4501953125,2166.75,247.3000030517578,,,0.006275284833450412,0.022355177909357815,0.005081750197361901,0.053298181579509496,0.0010370418607517085,0.003261005141176998,-0.004416103775523927,0.07662083686665433,0.008922885275282733,0.05950990291864544,0.015112204275205876,-0.03576416896592305,0.02353997315399492,0.03565027753261352,0.005922120774768835,-0.06976338113322089,0.006971070059254014,-0.1292772438603309,0.00959381968889006,-0.025226621889908984,0.010214061054651708,0.014316720679337584,0.010803330730570694,1.0717951680703361,,,0.8745661714341082,0.9518664967272567,0.7370058770779981,0.8640341158254459,-0.1523069694749848,0.7756306483130845,0.44827344509580686,0.8576216913628553,0.7199318522937549,
2019-10-14,11341.150390625,7520.35009765625,28181.62109375,15610.2001953125,30591.0,15277.75,2360.199951171875,7361.7001953125,2158.25,252.0500030517578,895.63,-425.15,0.003193315072573366,0.02123308041116867,0.016668847205897563,0.05136340842754872,0.004972769460730664,0.0019838307516266696,0.006427916270429712,0.06885506024362242,0.005746963320198306,0.05751497290616969,-0.0028815218412472365,-0.025361543934784403,0.009883981237599038,0.024436846744448903,0.01143787451532119,-0.057654138671223265,-0.003922926041306063,-0.15389291254266213,0.019207440118817365,-0.01773188988125851,0.009716448800538856,0.0143089445901586,0.010779977497784837,1.070228550725268,0.631468341393838,59.05393256034019,0.8742456545075341,0.951810160602084,0.7395003510218235,0.8640562503166036,-0.14700320053748775,0.7789728584467541,0.4461307532005262,0.8674576833080178,0.7144741554398342,Medium
2019-10-15,11428.2998046875,7688.25,28554.767578125,15782.849609375,30927.900390625,15208.400390625,2397.050048828125,7420.64990234375,2167.39990234375,253.6999969482422,436.02,929.39,0.007684353972992053,0.034600466121826434,0.022326075270894252,0.09541859984597179,0.013240774302289982,0.02700293636315676,0.011060038430150465,0.09261679538767731,0.011013055821156525,0.07332640606021168,-0.004539255412282617,-0.04228615945200975,0.015613125336246814,0.07662426795915889,0.008007621265096576,-0.04109243912218974,0.004239500680528252,-0.13899818841510903,0.006546295879812147,-0.034259668216902295,0.009950944678820841,0.014313952084177852,0.01081342902476613,1.0712373903624326,0.3744595177266421,60.60809157798934,0.8751374179663469,0.9518572387667416,0.7415409891310667,0.8640014089900364,-0.13554780783511092,0.7931417126715719,0.4472387128887616,0.8676209584734621,0.7515994587854866,High
2019-10-16,11464.0,7673.7998046875,28538.46875,15833.349609375,30899.0,15344.9501953125,2388.300048828125,7475.35009765625,2152.199951171875,256.3500061035156,686.33,1605.45,0.003123841334461419,0.047103221916859006,-0.0018795168357558234,0.1009519037900668,-0.0005707918329367345,0.04517821760931606,0.003199675676438307,0.09644297043948602,-0.0009344439894071188,0.0746805125385488,0.008978577705757607,-0.03397009144167029,-0.0036503201108702976,0.05941843341508357,0.007371348336379979,-0.05524801293443915,-0.0070129887684493575,-0.12135377571515127,0.0104454441748143,-0.028241023632267548,0.007881711871047704,0.014189436925600611,0.010712319468105748,1.046151823226935,0.5144300985498093,59.467241287424365,0.8737245463043232,0.9503044851643807,0.7426960110475481,0.8626962244712869,-0.1265037146747529,0.8123067037928838,0.5228695305130937,0.8642485987426656,0.7633034951427466,Medium
2019-10-17,11586.349609375,7914.0,28989.111328125,15976.599609375,31331.900390625,15281.900390625,2410.949951171875,7533.4501953125,2216.85009765625,257.8500061035156,1158.63,-511.76,0.010672506051552677,0.051082902898419213,0.03130133720269512,0.12907140806097028,0.01579070629446444,0.056934766162193284,0.009047359120724519,0.11085536751029923,0.014010174783164464,0.07090699632564279,-0.004108830845652389,-0.045501672801798176,0.009483692116015296,0.052839582776941674,0.0077722242968214506,-0.06672401959936258,0.030039098574076606,-0.10408576416590909,0.005851374933824927,-0.03499253621392451,0.007362754032011872,0.014254979152520135,0.010763401397575754,1.0593563515139852,0.7785350297262774,58.04106603981016,0.8751492122676838,0.951879273712441,0.7564510616220217,0.8714297048892705,-0.14504472736883423,0.8120017212349585,0.5379110586569149,0.8613375142862632,0.7627099277563234,Medium
2019-10-18,11661.849609375,7964.75,29119.912109375,16183.7001953125,31501.44921875,15410.099609375,2456.0,7608.14990234375,2248.64990234375,262.79998779296875,36.56,586.88,0.006516288783389612,0.08001085280431952,0.006412686378569621,0.15468812293863943,0.004512065919147323,0.08559827374860784,0.012962744952059513,0.15828270830604585,0.005411380286901801,0.09505886247710493,0.008388957883055381,-0.03595898424159816,0.018685601003964436,0.10682983124650192,0.009915736494512162,-0.04617345861260291,0.01434458952417228,-0.04467250586417715,0.019197136212073307,0.006318184702460261,0.00563127348914166,0.013643761025905015,0.010676126814266386,0.9362166990826288,0.15108590814004036,60.3280849401513,0.879314216171222,0.954061245534103,0.7306191269607372,0.8605827342451402,-0.1402446847262731,0.7937178865684533,0.5240189332658952,0.8465296715337353,0.7503000149345033,High
2019-10-22,11588.349609375,7936.64990234375,29410.80859375,16268.900390625,31659.400390625,14688.650390625,2442.85009765625,7746.14990234375,2261.050048828125,263.8500061035156,-557.5,-985.47,-0.006302602285396697,0.06857751904966114,-0.003528057711321808,0.17024352974497958,0.009989607224169639,0.084327998703847,0.005264568317768115,0.15771046303681868,0.0050140922336039395,0.10212997652291511,-0.046816648629000035,-0.0838203405192578,-0.005354194765370468,0.08347202601914483,0.018138443875493016,-0.027799916250693224,0.00551448514570918,-0.04825942025515306,0.003995503650380927,0.012082829877210877,0.005411996348657584,0.013736599798722,0.010692824335096758,0.9549205524518793,-0.1811058670339862,62.54568183162647,0.8943484256063342,0.9399608519638836,0.7249229281176323,0.8550155207608182,-0.034921259240808626,0.7972878357440277,0.467331060957205,0.8344551223914585,0.7419221310389754,High
2019-10-23,11604.099609375,8036.60009765625,29459.2578125,16122.5,31899.55078125,14833.349609375,2436.85009765625,7761.85009765625,2307.949951171875,261.54998779296875,-213.23,-137.38,0.001359123648397631,0.0697092701370603,0.01259349934069598,0.16106477374309236,0.0016473269884969,0.0943510013911617,-0.008998788308358208,0.1243967570235125,0.007585437110682491,0.11109546434169282,0.009851090120733819,-0.07470552720497392,-0.002456147434407252,0.05327195487450753,0.0020268385598565253,-0.03839314923576054,0.02074253171355389,-0.028599669163185126,-0.008717143291042895,0.02167963981628418,0.00545474806373456,0.013732633358719831,0.010682963491905478,0.9541214497715289,0.011406105559964118,61.381020763898555,0.9011669765626197,0.9413515382714704,0.7400075681907057,0.8528005717467996,-0.03570828370007745,0.8211287593979545,0.48186495473399743,0.8225274989786412,0.7462583775864237,High
2019-10-24,11582.599609375,8012.39990234375,29107.611328125,16116.2998046875,31752.80078125,14781.5,2419.550048828125,7728.14990234375,2225.199951171875,263.95001220703125,-72.87,-738.75,-0.0018527934715960592,0.05813884295072791,-0.003011247918078941,0.12811771740853617,-0.011936705487053723,0.06826393653164353,-0.0003845678593580315,0.10450672130429983,-0.004600378262575977,0.1083098729046501,-0.003495475448258123,-0.07814686535952431,-0.0070993488047393916,0.026233235329842453,-0.004341773531889803,-0.042212250677769125,-0.03585433035841323,-0.06555246901081169,0.0091761595338411,0.03794734187757509,0.005858965754996351,0.013692890123901234,0.010676380091227978,0.9461145404392383,0.08989386363730709,60.81401130344702,0.9017794796498422,0.9396534162942618,0.7408443916162316,0.866264653447895,-0.03875729175658516,0.820744902896483,0.4839908076549527,0.8114066822842886,0.7509973613141556,High
2019-10-25,11583.900390625,7986.35009765625,29395.607421875,16071.650390625,31685.599609375,14898.849609375,2410.85009765625,7736.5498046875,2300.39990234375,264.8999938964844,-435.42,440.16,0.00011230477560042473,0.052789962442053806,-0.0032511862868801478,0.11457918856868488,0.009894185081127826,0.0687628943652836,-0.00277045069920534,0.09945380614106325,-0.0021163856485593158,0.09845329123426527,0.00793895134965994,-0.06410736310464349,-0.0035956896928371895,0.021524987935467532,0.0010869228016918697,-0.04225728243515492,0.0337946938801037,-0.04930365385606894,0.0035990969710886223,0.03476560115814209,0.005546829196603139,0.01368312131444401,0.010664895095062967,0.9441464577714476,-0.11284008257914131,62.006797988732224,0.9013922034012722,0.9362563846099068,0.7416359579208958,0.8649116998258618,-0.0389310159624005,0.8216198188879849,0.48185743939851544,0.7825291444997242,0.749651895156199,High
2019-10-29,11786.849609375,8449.75,29872.703125,16318.400390625,31950.75,15181.400390625,2518.300048828125,7824.60009765625,2326.5,267.29998779296875,876.64,144.75,0.017519938181983052,0.06806540597954602,0.058023990518490276,0.1382280684364614,0.01623016991205173,0.07549090800674407,0.015353121428272054,0.11884051721771383,0.008368167050452513,0.11096914339066499,0.018964603889430887,-0.03314266011130418,0.04456932070406805,0.042968668241254226,0.011381080092756735,-0.03195632852172303,0.011345895828659192,-0.0675350701402806,0.009059999817977449,0.002625587672272278,0.00812537070342721,0.013980470095516317,0.010827875087007154,1.0040521182185695,0.6208493436317353,58.323529356832424,0.9152092154225924,0.9338988305324459,0.7546936650238899,0.8638794401389283,0.021674331985557842,0.8356703865195712,0.5007775504516063,0.7986558108595175,0.7947984399961571,Medium
2019-10-30,11844.099609375,8428.900390625,29987.15234375,16463.80078125,32274.099609375,15395.650390625,2514.25,7819.35009765625,2413.39990234375,265.8500061035156,7192.42,-185.87,0.004857107869982835,0.07842260807848778,-0.002467482395928866,0.15718017444055454,0.0038312307483892027,0.07796976263130562,0.008910210997674417,0.14295038996331066,0.010120250991760837,0.12944443054653898,0.014112663818043103,-0.01203854198418175,-0.0016082471308411783,0.04299755170694852,-0.0006709608075142759,-0.03490429183563892,0.03735220388727711,-0.03677840980565317,-0.005424548281596553,0.006054895377542557,0.0076108702457900485,0.013922764790722433,0.010809900706993884,0.9924264630451606,4.152563597761981,36.99373596997005,0.912732313065791,0.9371374410585918,0.7579567409926192,0.8620162954631744,0.01890774431101308,0.8355395506706647,0.5083999461094727,0.7865772686113857,0.7897955124071789,Low
2019-10-31,11877.4501953125,8449.5,30065.900390625,16486.150390625,32319.75,15559.400390625,2500.75,7878.14990234375,2506.300048828125,269.0,1870.87,-650.73,0.0028157974888274317,0.07236881665764683,0.002443926066312496,0.14793629430981792,0.0026260595195000125,0.07002088709796817,0.0013574999887300265,0.11943926376413883,0.0014144589989348866,0.13037537066751925,0.010636120972175034,-0.010398844738435775,-0.005369394451625764,0.023178225146373466,0.007519781561529548,-0.01928282608846288,0.038493474038080455,-0.0021896647396618674,0.011848763679387808,0.003356933517326688,0.007467084766195103,0.013878825500364917,0.01072611013816098,0.9835741913158046,1.1768117525319683,54.74201978059784,0.9129911126575604,0.9370476375776393,0.7681498884497151,0.8692179588916593,0.009746409879688035,0.8328412584873672,0.5187365403570833,0.7629072135739717,0.7844684129268815,Medium
2019-11-01,11890.599609375,8392.900390625,30330.19921875,16381.0498046875,32449.849609375,15471.2001953125,2561.75,7949.4501953125,2542.449951171875,271.1499938964844,-687.2,123.17,0.0011070906504571099,0.08061976728995313,-0.006698574989644324,0.1496100351190106,0.008790650693681235,0.08887281463769048,-0.006375083536619086,0.12712739126259986,0.00402539033795124,0.1286217224821098,-0.0056686114566242285,-0.017274191541385875,0.024392682195341298,0.04966091608327039,0.009050385414415496,-0.015017341663656203,0.014423613150649217,0.025367466316510656,0.00799254236611291,0.02108833124060072,0.006442299125676774,0.013778464702260476,0.010725455180012184,0.963354905829698,-0.2536326711279687,63.08205489672418,0.9106912583941187,0.9346765776485138,0.7618602231929499,0.8783540487889918,0.013830700601659923,0.8163871308859295,0.5254769495825921,0.7557923439815744,0.7787477429086164,High
2019-11-04,11941.2998046875,8280.349609375,30332.74609375,16373.5,32255.69921875,15591.2998046875,2642.14990234375,7966.85009765625,2560.35009765625,269.6000061035156,476.51,-16.58,0.004263888868356602,0.10387703704051421,-0.013410236749112459,0.17941097594630206,8.397158823880702e-05,0.11799267094968457,-0.0004608864985771177,0.14211273974269312,-0.005983090614044229,0.12486001331993446,0.007762785553727669,-0.00219834599384805,0.031384757429003596,0.1120861139135847,0.0021888183353875323,0.004159392929512062,0.007040510856909599,0.07192650156625935,-0.005716348249524494,0.054566839585686644,0.006359203113421341,0.013274348903445156,0.010733778051339274,0.8617927277001814,0.3971010774626895,57.95890626762604,0.8922029617011145,0.9300094665207171,0.7376470179499783,0.876618076410757,-0.01040993161808997,0.783605991230363,0.4932033480402866,0.7381348782116527,0.7557451527923373,Medium
2019-11-05,11917.2001953125,8256.150390625,30219.498046875,16274.7998046875,32361.44921875,15533.4501953125,2616.949951171875,7879.5498046875,2539.10009765625,267.70001220703125,,,-0.002018173043904281,0.09930675429017621,-0.002922487562916576,0.17741479380543446,-0.0037335243741196678,0.11214215401048078,-0.006028045030842533,0.12320948711756774,0.003278490392746747,0.12553143953023627,-0.0037103775887631363,-0.010753177017075788,-0.009537668982944947,0.08919320647551632,-0.010957943465565223,-0.005540564973951834,-0.008299646216137546,0.05208427960506157,-0.007047454946105813,0.031996987300851876,0.006385334723875069,0.013309414342763745,0.010663441632468294,0.8688572204271173,,,0.8931361368734203,0.9302363138235996,0.743771176662224,0.8749005724012815,-0.005775570623792455,0.7878085605557906,0.49724273033198,0.741620233436125,0.7663598216245642,
2019-11-06,11966.0498046875,8258.849609375,30609.244140625,16209.099609375,32393.0,15561.2998046875,2633.449951171875,7926.35009765625,2520.300048828125,274.04998779296875,95.79,-151.01,0.004099084396871566,0.11782097965509952,0.000326934300163062,0.1933718886851974,0.012897172982338834,0.14395692245074687,-0.004036928017607688,0.13493601277891387,0.0009749495777129358,0.13358951142962527,0.0017928798190245399,0.002502801354565376,0.0063050498893229,0.1142397789579277,0.005939462802926787,0.016250833172599233,-0.007404217283705661,0.06830856586276135,0.023720490460891863,0.0730226873225508,0.006144245918650953,0.012971701648571698,0.010625708295406227,0.800819605092041,0.1842066684059354,58.50459525066888,0.8918071508439653,0.9280687238700313,0.7188763019782402,0.871816197704076,-0.04077200179929315,0.7808759694102144,0.468914397991276,0.7306239431057571,0.74059105160037,Medium
2019-11-07,12012.0498046875,8239.900390625,30632.794921875,16194.650390625,32535.900390625,15624.400390625,2659.050048828125,7966.0,2484.10009765625,276.45001220703125,-316.86,719.74,0.003844209304726398,0.06544584951416565,-0.002294413828348385,0.083363501098205,0.000769400941160292,0.05698795192090356,-0.0008914263653264642,0.0898846563873934,0.0044114589764763235,0.09051513780155007,0.004054968847685414,0.008604991550717811,0.009721125569467581,0.06462080467439413,0.005002290064814785,-0.0021982457824958335,-0.01436334978793774,-0.015359612541386847,0.008757615475157854,0.042027986909534354,0.0024213206008436602,0.00901906811024285,0.01062924523366661,0.004498457363997222,-0.04654264315444921,50.33323734729466,0.777659212396142,0.8704268535266566,0.46619640440101173,0.7955112511537141,-0.026013021206170016,0.7288574524304989,0.3383343997959221,0.6360426533482858,0.7319843636271476,Medium
2019-11-08,11908.150390625,8169.64990234375,30749.04296875,15911.0,31947.5,15383.2998046875,2612.949951171875,7787.39990234375,2437.050048828125,281.04998779296875,,,-0.008649599006986697,0.026546972476986896,-0.008525647756759014,0.04703530269758249,0.003794888686176945,0.005993592725540342,-0.01751506724647811,0.06076869228974302,-0.018084650603200858,0.0265873310500504,-0.015431029665763374,0.022781555661720354,-0.01733705526775131,0.034340116252380426,-0.02242029847555238,-0.008889891203188172,-0.018940480245750457,-0.05663190945774488,0.016639447939299057,0.030241936837112515,0.004717728095780163,0.0076844927879922585,0.010637150849945863,-0.264373053753484,,,0.7961609557876517,0.774096526063918,0.5068676535964365,0.6977201301076471,0.3010919763219428,0.828890339622417,0.628281207129623,0.6596611286409966,0.6427172610305681,
2019-11-11,11913.4501953125,8159.0,31115.189453125,15934.650390625,31802.55078125,15308.5498046875,2610.10009765625,7784.89990234375,2461.050048828125,283.3999938964844,664.2,-245.06,0.0004450569159482054,0.028067343894487173,-0.0013035934796538085,0.04962531759560029,0.011907573342920363,0.030893191196569747,0.0014864176120295003,0.05521548805653653,-0.004537106776743127,0.015653555285137122,-0.0048591655203406026,-0.0019624012002971147,-0.0010906651749479357,0.05029978475228836,-0.00032103141373895916,-0.013564491706034021,0.00984797173596852,-0.024496124001000985,0.008361523592190112,0.05274881517662222,0.004631560337098063,0.0076763782976588535,0.010627909916864922,-0.26600784741519473,0.5020552475505814,43.79557434571417,0.7955476836737359,0.7682276533546646,0.5152389016146018,0.7066089612585142,0.3268521613731242,0.8338123778406143,0.6340340038336567,0.6586753204792518,0.6415186118597623,Medium
2019-11-13,11840.4501953125,8150.2001953125,30541.1953125,15962.650390625,31582.44921875,15240.9501953125,2556.64990234375,7660.4501953125,2383.699951171875,278.29998779296875,584.92,-890.03,-0.006127528029514329,0.03498627586639591,-0.001078539611165552,0.09099183880866035,-0.01844739340217494,0.032295604098315556,0.0017571769266098158,0.051613404213117775,-0.006920877636952483,0.02122812772394944,-0.004415807521774617,-0.00903453154984013,-0.02047821666322136,0.05657605221355522,-0.015986038175491823,-0.01659242291221641,-0.03142971338314782,0.0012180369137582137,-0.017995787626510884,0.06648773624954818,0.005227209442119153,0.00735595833049245,0.010648111898578057,-0.33056156673540554,0.45772274925782175,43.28692470362821,0.7604149028565294,0.7555494688143786,0.5651173697619029,0.6836155843165298,0.3664320047016459,0.8257138173206322,0.6315678265646556,0.6211525898666519,0.6078571897429815,Medium
2019-11-14,11872.099609375,8190.89990234375,30749.591796875,15905.0,31439.44921875,15388.75,2506.60009765625,7591.4501953125,2379.39990234375,277.6499938964844,-562.05,82.74,0.002672990768123773,0.026004166290753084,0.004993706418973343,0.06934298147377516,0.0068234554097399425,0.0249095250147906,-0.003611580108204282,0.029656409880977064,-0.004527831233402391,0.013270400653851322,0.00969754528382083,0.004953314358489447,-0.019576323156963338,-0.005494992475127525,-0.009007303518822174,-0.03383472897602813,-0.0018039387994327472,-0.007839233262822098,-0.0023355872259970267,0.03678120445296851,0.005011015882901413,0.007103280373551881,0.010640721977762892,-0.3814675762921536,-0.18365017666103028,46.52429014446034,0.7422217805113444,0.747491354089062,0.5142742377290326,0.6800690141276667,0.3997977895376495,0.785731745165985,0.6110302952328974,0.6271413673391926,0.5721704144750034,Medium
2019-11-15,11895.4501953125,8153.89990234375,31008.0390625,15856.650390625,31289.69921875,15310.650390625,2498.800048828125,7720.60009765625,2457.35009765625,276.95001220703125,-1008.37,537.74,0.001966845520657623,0.03327280077918693,-0.00451720817506418,0.07937914450061223,0.008404900700218931,0.037880735718441194,-0.0030398999921408265,0.030760342400737217,-0.004763124155199638,0.00849929796783333,-0.005075110673381511,0.00487319826838406,-0.0031118042464843843,0.018276696162785155,0.017012546881160606,0.003287759231074938,0.032760443183895926,0.034085886620784045,-0.0025210938405930694,0.058272828768290985,0.005078009242259621,0.00701530422597706,0.010620887911749095,-0.39919177615286044,-0.4332273794615412,47.80906296293492,0.7289559536179279,0.7461552355665625,0.5005951987918581,0.6780619553463871,0.39055317028271236,0.7801623721464334,0.583012477131134,0.6088021394210706,0.5545475083790395,Medium
2019-11-18,11884.5,8119.0,30991.740234375,15883.2001953125,31165.25,15295.25,2539.64990234375,7816.5498046875,2492.449951171875,277.8999938964844,-270.66,309.45,-0.0009205364347466549,0.03573589999588922,-0.00428014848866598,0.08352296508314794,-0.0005256323397989648,0.0649053329252971,0.0016743640071170685,0.024616852167096193,-0.0039773223091714716,0.0009876503557146865,-0.001005861294725241,-0.01575920338407677,0.01634778802520942,0.04090407225565573,0.01242775248265704,0.03561323635354907,0.01428361939517786,0.08646085396110981,0.003430155795562717,0.07400963824728257,0.004702023640940587,0.006977087706389946,0.010614110346555652,-0.40689110432094766,-0.02070811463369369,45.241555435950794,0.7255824749051427,0.7622166012876438,0.527207250492119,0.6957652374625938,0.44720800934102767,0.7583523810557924,0.557259331195146,0.5955551606733801,0.5443191392037868,Medium
2019-11-19,11940.099609375,8063.9501953125,31235.88671875,16114.4501953125,30972.94921875,15304.849609375,2517.949951171875,7851.4501953125,2589.25,278.04998779296875,-915.37,262.35,0.004678329704657314,0.05107432273163437,-0.006780367617625349,0.08036469096182208,0.007877792035188902,0.08740491531917693,0.014559408504354554,0.04732120382172145,-0.006170359013645044,0.005571171768485428,0.0006276202987856028,0.0003006231515825242,-0.008544465578444016,0.050436953706016974,0.004464935489065791,0.05156399492783148,0.038837308962859085,0.17295977588322575,0.0005397405533598132,0.12071737586720177,0.00485243361544902,0.006674051082039052,0.010625297036552126,-0.467942671628339,-0.3812228090626178,46.67202479483564,0.7180901152184034,0.7492536233601311,0.5010458340488898,0.6440091552321934,0.40607754336360136,0.7288298373422242,0.5344998801995747,0.5468573468834581,0.4680884521637959,Medium
2019-11-20,11999.099609375,8083.7998046875,31353.484375,16337.400390625,31089.349609375,15318.5,2524.89990234375,8107.60009765625,2572.25,273.95001220703125,566.52,183.41,0.004941332311304558,0.06055326227461544,0.0024615243018910604,0.07873892306088415,0.0037648252892212852,0.10346092377911509,0.01383542054555198,0.04775954042497221,0.003758130677285809,0.009689506978500129,0.000891899690189657,0.002654139080774165,0.0027601625555109255,0.08525492654479239,0.032624533808630396,0.08655477571028913,-0.006565607801486961,0.16430915469050578,-0.014745462204408644,0.09056534846804376,0.0038195638368572387,0.006609578543449805,0.010634620071619768,-0.48093169411890785,0.4474336729638412,41.54421763279006,0.7277394459464868,0.7392197865572069,0.5731913031750053,0.6529597578491949,0.407128300112918,0.723869310939396,0.51634616013698,0.5339994851873263,0.45657301808353246,Medium
2019-11-21,11968.400390625,8004.64990234375,31349.583984375,16085.4501953125,30893.55078125,15293.9501953125,2470.449951171875,8068.9501953125,2564.64990234375,275.45001220703125,5023.54,-247.74,-0.002558460196964596,0.07102175803709265,-0.009791175468973567,0.08099366742421066,-0.0001244005475866672,0.13046726910410933,-0.015421682109050705,0.03609320391085458,-0.006297939023657051,0.018676347211312283,-0.0016026245838365316,-0.003021427870714577,-0.021565191998832,0.0754179016552825,-0.004767119971164191,0.0908556695157936,-0.0029546496865584526,0.17985460733028402,0.005475451480784876,0.1100141808664925,0.00406537656951951,0.006102985572083375,0.010568394949679635,-0.5829929382179587,2.939749913387603,25.36558526105888,0.7329534075444758,0.6863519536498798,0.5817920682112957,0.5979706298118761,0.47297777622106063,0.7290033579924308,0.5049841668221128,0.5142353480803818,0.3944393659996578,Low
2019-11-22,11914.400390625,8034.9501953125,31111.23828125,16221.400390625,30809.55078125,14995.900390625,2521.14990234375,8067.2001953125,2559.64990234375,275.8500061035156,305.72,-177.37,-0.004511881140131235,0.07082254568727908,0.0037853364404953904,0.09238047732727961,-0.007602834641882161,0.12043008771088837,0.008451749479297499,0.05803704792198605,-0.0027190140943909036,0.019572745457874685,-0.019488085215476292,-0.016452661017921866,0.02052255749922205,0.1106632113374093,-0.00021688075370907,0.12844543253386886,-0.0019495838381022867,0.19034100778920227,0.0014521469550117239,0.12477066708874873,0.003638988286326846,0.006110017294470107,0.010328144178930573,-0.5815762854503269,0.3015972002752472,41.21150137294459,0.7103771995115051,0.7041648734137409,0.5078808482990101,0.5944846378257442,0.49634628214509785,0.6498456781293331,0.4829977811661203,0.5026552270011844,0.3625753158509141,Medium
2019-11-25,12073.75,8174.75,31555.533203125,16274.0498046875,31085.599609375,15100.599609375,2602.0,8211.5498046875,2601.199951171875,280.70001220703125,960.9,-213.66,0.013374538722098483,0.06721736438005643,0.01739896343963121,0.09570083436651822,0.014280849828557374,0.09622956261097015,0.003245676254494567,0.05197816406795197,0.008959845928457888,0.026972981012472363,0.006981856108850604,-0.0018607215153267909,0.032068738785063555,0.12266473435630765,0.01789339620688657,0.13488165374802552,0.016232707758228715,0.1732972265096413,0.017582040950528732,0.12167837045766738,0.005995269426819602,0.005856663507792251,0.0104181434012155,-0.6326184517002889,0.6679666027910179,38.40077896285043,0.7346788076164142,0.6367587516607622,0.4732374600452019,0.6707345291618906,0.6083987403698297,0.6794770102622324,0.5147155570419425,0.4636898217776288,0.33582612504433257,Low
2019-11-26,12037.7001953125,8099.89990234375,31717.98046875,16176.0498046875,31055.349609375,14922.150390625,2580.550048828125,8177.85009765625,2579.699951171875,278.1000061035156,4677.75,-4242.01,-0.0029858001604721185,0.07148932574849542,-0.009156255256276946,0.10058223010910616,0.005147980374133221,0.13225435149360454,-0.006021856954854132,0.03830403211192146,-0.000973119398696709,0.03012387267007477,-0.011817359798031668,-0.01137218038423915,-0.008243639958445459,0.130159606920085,-0.00410393991789626,0.13022416762712097,-0.008265416117017033,0.19888460609823388,-0.009262579232087731,0.13533378064208756,0.006340550044049361,0.00568500795919937,0.010408669456429858,-0.6672012032111114,2.746387973621541,25.515257719737413,0.7270656379895101,0.5849293601640781,0.5503610706728499,0.6651179085232202,0.6375956399617044,0.669116624708079,0.5289388786188511,0.4219096835412528,0.27465036601266996,Low
2019-11-27,12100.7001953125,8202.849609375,31875.578125,16271.849609375,31221.94921875,15022.150390625,2602.85009765625,8246.099609375,2625.300048828125,276.29998779296875,42.93,439.51,0.005233557820665036,0.07038008716203037,0.012709997441012977,0.1089352952817575,0.004968716605562973,0.13670139556121974,0.005922323796242246,0.04908607777795693,0.005364602603755708,0.026490818073787947,0.0067014470020907435,-0.019563500111474896,0.008641587415927798,0.11370929309639166,0.008345654530682811,0.1329471780525049,0.01767651219884514,0.2116303444458867,-0.0064725576089230685,0.11726641481335309,0.006340573267001649,0.005663154444000032,0.01039587343289787,-0.6716039428369018,0.1546479416179021,41.012865036249764,0.7335201929916321,0.6002582352647753,0.5811796935695319,0.6617131019085272,0.6336255551020628,0.6632808278582399,0.5328331414434203,0.43067124227177456,0.24106851853987196,Medium
2019-11-28,12151.150390625,8179.75,32122.576171875,16367.0498046875,31263.400390625,15121.7998046875,2656.85009765625,8273.650390625,2716.949951171875,279.29998779296875,1008.89,-155.47,0.004169196368656758,0.07142132606490925,-0.002816046919670412,0.08768207514025916,0.007748817791049856,0.13984131945479206,0.00585060688230854,0.04848429872169535,0.001327629213172532,0.021980333778725658,0.006633498631773094,-0.010207667707123114,0.020746488646666394,0.12568856563914577,0.003341068208620346,0.12387766020316571,0.034910258118747484,0.25886711510338234,0.010857763780459884,0.10811340770194411,0.006315575709718034,0.0056713477560380665,0.010397309885300314,-0.6699532692840533,0.6948020794947205,37.79174829162304,0.73141000202546,0.6019984003724874,0.583742277023177,0.663494395667869,0.6371408669541972,0.6615903728718289,0.531745664509232,0.4368304812535518,0.2482311858124443,Low
2019-11-29,12056.0498046875,8086.0,31945.728515625,16232.150390625,30975.5,14998.0498046875,2625.5,8189.9501953125,2669.85009765625,282.04998779296875,-1892.29,953.62,-0.007826467690735917,0.05492943051271015,-0.011461230477704087,0.051734790101778616,-0.005505400790514425,0.11875288174636456,-0.00824213377928773,0.028467659033075687,-0.009208863624167174,0.0015390507850132629,-0.00818354968312962,-0.013831210418892459,-0.011799723922665262,0.09530462298171871,-0.01011647717280173,0.10367020450941533,-0.01733556170046857,0.23182163788471533,0.009846044110959351,0.11174612213539081,0.00727208635487094,0.005868807067122119,0.010431686635289577,-0.6301719377471758,-0.9275056576015028,48.002970692642904,0.7296171807957462,0.6125755320926837,0.5925879679870478,0.6765155810077766,0.6607006014050966,0.6654373812816129,0.5604387351561403,0.48650253712097113,0.1923639735485219,Medium
2019-12-02,12048.2001953125,8012.75,31871.078125,16258.5,30889.5,14852.0,2632.64990234375,8128.9501953125,2646.75,281.04998779296875,-466.78,-122.64,-0.0006510929783939412,0.05095954250806867,-0.009058867177838215,0.04416979904863472,-0.002336787861591194,0.11677604023516497,0.0016232975139398587,0.026851576016060807,-0.0027763877903503875,-0.00030745331564130396,-0.0097379197021904,-0.032124587505216184,0.0027232536064558666,0.10231120400283067,-0.0074481527415042326,0.0874340451106328,-0.008652207731261297,0.2297881516811866,-0.003545470814677043,0.09635256914906853,0.007164617980974734,0.0058799164926402105,0.01041323898945897,-0.6279337665650059,-0.1303762473932299,43.24705228557931,0.7344345363205035,0.6234684051275768,0.5887905781995431,0.6804400784402181,0.6642151827883022,0.6699651739372151,0.562302280948936,0.5007888890560245,0.1959577088100012,Medium
2019-12-03,11994.2001953125,7964.25,31612.982421875,16111.650390625,30677.5,14920.75,2564.199951171875,8044.85009765625,2570.949951171875,284.79998779296875,2477.72,-990.48,-0.004481997238144242,0.03520095627077313,-0.0060528532651087374,0.006349507202425997,-0.008098116483939988,0.09051229836094854,-0.00903217451640681,0.00845303660052621,-0.0068631735703070795,-0.02088607401614262,0.004629006194451835,-0.02363255756113647,-0.02600040024727046,0.06356415649587044,-0.010345751374482015,0.06788388972982862,-0.028638915208510474,0.15973107694110422,0.013342822141527266,0.10451805720971707,0.007160813820809414,0.005729300120409059,0.010424308748524585,-0.6582778400134274,1.5161555541081693,33.00373259518986,0.707092834982754,0.6078022554646859,0.5857536265035976,0.6562040712235798,0.6789759909153327,0.6937261486777908,0.5811231444434389,0.4969878502422427,0.14872138298718315,Low
2019-12-04,12043.2001953125,7996.5498046875,31978.9296875,16031.5,30705.55078125,15175.150390625,2604.0,8121.5,2621.14990234375,285.3500061035156,897.45,-15.99,0.004085307832292884,0.03270069489070848,0.0040555990441661915,0.003992567837973526,0.011575853892601407,0.09818084503093516,-0.00497468531663503,-0.009404536260291363,0.0009143763751935374,-0.02526545467712238,0.01705010744265545,-0.015246443871593462,0.015521429524220975,0.06026058631921827,0.009527822322765278,0.06747370967258526,0.0195258375796048,0.165654955718872,0.0019312441507080003,0.08580677076861809,0.005021292521054812,0.005667934861328696,0.010395689230257773,-0.6706408514253489,0.6324860652446556,38.157393391427874,0.7062100971452832,0.6158118405313242,0.550247241244899,0.6460727544144388,0.6710943228075461,0.6876930571979257,0.5773723914997699,0.49816671530417744,0.10112224776026478,Low
2019-12-05,12018.400390625,7941.7998046875,31712.580078125,15930.099609375,30795.099609375,15367.5,2543.949951171875,8051.85009765625,2573.85009765625,285.8500061035156,,,-0.00205923710353606,0.03711061503547386,-0.006846702807741689,0.0006488760884146849,-0.008328909440615595,0.07826277462035303,-0.006325071928702908,-0.02082505720209804,0.0029163726377343657,-0.027299973170241687,0.01267530168886033,0.04621592803436014,-0.02306069463445659,0.04138602430522598,-0.008575989945668883,0.039464792079482613,-0.018045440531732293,0.13834282394157782,0.0017522340609961162,0.08338070680721832,0.004951996338107091,0.005528352210603307,0.010262483298000044,-0.6987620054738366,,,0.7190867844057031,0.6870269922607929,0.6118606153667422,0.6999750878209754,0.6664075717688509,0.6926281856474991,0.6909409918219006,0.5232266058555984,0.11163095558941076,
2019-12-06,11921.5,7806.60009765625,31341.185546875,15811.75,30536.44921875,15289.599609375,2535.85009765625,7957.5498046875,2460.85009765625,283.3999938964844,-1050.43,271.15,-0.008062669529681155,0.027352435889861804,-0.0170238120270233,-0.02861906741721243,-0.011711268220215953,0.06388238788475076,-0.007429307554696618,-0.019274306093968074,-0.00839907627856018,-0.042731058247416076,-0.005069164836505657,0.030758393216299584,-0.003183967322900272,0.04062621664550381,-0.011711630473125512,0.025213023257218303,-0.043903100690633856,0.06624933370272568,-0.008570971330131849,0.08354045927469556,0.005060950462969231,0.00578254518427258,0.010276771165514346,-0.6475507716030888,-0.45674686581615126,44.969871935659846,0.7469449173214322,0.7149891431242437,0.6368410924306255,0.7378841013751936,0.6765084655016954,0.6765126449395216,0.7070105497614192,0.5776799150394731,0.17163306122966382,Medium
2019-12-09,11937.5,7863.2998046875,31316.287109375,15950.5,30375.0,15157.150390625,2551.699951171875,7960.35009765625,2458.25,280.45001220703125,783.55,-126.82,0.001342112989137334,0.03064082352788411,0.007263047462655603,-0.018608668997242117,-0.0007944318973754916,0.07587966447510874,0.008775119768526629,-0.0102877091327922,-0.005287098627395959,-0.043391472479605286,-0.008662700275603452,0.025413550087947767,0.006250311692427735,0.054617552717190154,0.0003519039198598417,0.03004602631246578,-0.0010565851445913932,0.10473218314848154,-0.01040925106911128,0.0625118364724988,0.004563995217237359,0.005759166816293088,0.010274977108760975,-0.6522607171725201,0.5687944462291998,38.760104716554565,0.744122252402552,0.7222755730708169,0.6278256954948329,0.7292864296362681,0.6596422251661064,0.6735948357469568,0.7045113339510641,0.5795405049917053,0.1773800935039024,Low
2019-12-10,11856.7998046875,7801.35009765625,31159.98828125,15682.650390625,30059.0,14946.5498046875,2515.89990234375,7940.5,2418.800048828125,277.8999938964844,,,-0.006760225785340301,0.023558508348652696,-0.007878334613964477,-0.023164524186623403,-0.004990975704722289,0.06002192212099078,-0.016792552545374706,-0.024204110377295973,-0.010403292181069945,-0.05133561079569182,-0.013894470959908145,0.003201602577590057,-0.01402988184864118,0.04357376047130668,-0.002493621186597572,0.026361905560141174,-0.016047981764212293,0.051469375548026886,-0.009092594756831107,0.04907512381853829,0.0043711763756947904,0.005930750257269023,0.010285768546677869,-0.6176924928926512,,,0.7427014309006608,0.7460759620820591,0.6546460281256775,0.7457308289362025,0.6918111668640886,0.6839396465245998,0.6966329578613136,0.6202827675107327,0.217565192077125,
2019-12-11,11910.150390625,7838.39990234375,31256.38671875,15834.099609375,30102.44921875,15130.2998046875,2509.550048828125,7967.85009765625,2417.35009765625,280.5,,,0.0044995771891509495,0.010460876768286775,0.004749152931699641,-0.07235126455294538,0.0030936609035250306,0.04631932999032884,0.009657118852852475,-0.029678201886027544,0.001445464544728603,-0.05784843176607746,0.012293807092682574,-0.003365999487705773,-0.0025238895671920725,-0.0034745661082251633,0.0034443797816572364,0.018307644890747543,-0.0005994506129506361,0.03905011719589502,0.00935590557977517,0.04938276397249597,0.005084066568195003,0.005079873942796988,0.010290854384950072,-0.7891151144801439,,,0.6465855666386574,0.7115461196531059,0.6031633510177682,0.730086883735232,0.6434706300416217,0.5768377549075934,0.7232976093704532,0.6725328234883708,0.19042076020999518,
2019-12-12,11971.7998046875,7941.7001953125,31665.08203125,15949.9501953125,30227.94921875,14972.650390625,2568.800048828125,8045.35009765625,2471.199951171875,282.8999938964844,-683.83,810.23,0.005176207859728388,0.010781756277313148,0.01317874748108494,-0.057801157058919084,0.013075577678811845,0.05595495258320904,0.007316525018505438,-0.031210933171804678,0.004169095979134729,-0.06339914716104533,-0.010419450777416794,-0.02747529264873283,0.023609810064424863,0.02169635033434414,0.009726588609240583,0.02890265778836798,0.02227639826264105,0.02394963585272092,0.008556127973206262,0.06413386271027544,0.005477621097117196,0.005089940447787881,0.010299258103964662,-0.7870870562930582,-0.25174820443716905,42.06544455110632,0.6667090238997676,0.7241097360473522,0.6026372055442031,0.7393448792078812,0.573589566080933,0.6053112839693451,0.7439058915516147,0.6737610346828382,0.2335180947554654,Medium
2019-12-13,12086.7001953125,8069.7001953125,32013.876953125,16068.0498046875,30426.25,15200.5498046875,2626.75,8045.0498046875,2570.699951171875,287.6499938964844,115.7,384.92,0.009597587037832866,0.01761741759040003,0.016117455563929628,-0.04494938217498079,0.011015127689572246,0.06479022870399076,0.0074043873447144914,-0.025360716482075607,0.006560179779811159,-0.05858646802651635,0.015221046916663372,-0.02306326573829398,0.022559152160679607,0.05038488453463952,-3.732503434961121e-05,0.021185164589734073,0.040263840225804426,0.02569520851019469,0.01679038565740676,0.06933083232893811,0.00650526562680122,0.005346445834725375,0.010294844965184726,-0.7354099498414312,0.19534011998273715,40.003039882006405,0.7029167521644066,0.7383869728202979,0.6186199050962158,0.7583264286571635,0.614099791311249,0.6409180079848034,0.6987141281441994,0.720645192877543,0.2865926869547104,Medium
2019-12-16,12053.9501953125,7990.7998046875,31973.828125,15974.2001953125,30043.099609375,15348.75,2591.10009765625,8025.85009765625,2555.25,289.3500061035156,728.13,-796.38,-0.0027095898360001147,0.013737792147059391,-0.009777363311567755,-0.04790961017321882,-0.0012509833839756679,0.05419116750258324,-0.005840759178355359,-0.02483660169683255,-0.012592757590074388,-0.07416829442884909,0.009749660191028076,-0.007914718558783784,-0.013571867267060056,0.011457049929247676,-0.0023865243220823062,0.00961071526541546,-0.006010017296974701,0.00503453325491221,0.005910002583358498,0.06712156598454277,0.006552933126803001,0.005379177532746859,0.010244987414160302,-0.7288156265673903,0.5378041957828738,38.02738730649408,0.7137992538724179,0.7459247239965289,0.6305021453346356,0.7615978760255374,0.5812644087343328,0.6624517485031729,0.7030919531499767,0.7245059572711612,0.27636433483016204,Low
2019-12-17,12165.0,8039.89990234375,32139.876953125,15975.5498046875,30182.05078125,15637.150390625,2665.75,7999.60009765625,2567.39990234375,288.6000061035156,1248.47,-908.16,0.009212731336046609,0.018733320406601583,0.006144578622461205,-0.02903859358293437,0.005193273307025903,0.059576895998458834,8.448681990325113e-05,-0.024304528372828038,0.0046250611182490076,-0.06428781541634054,0.018789829179900686,0.00294078021152,0.02881011907308162,0.008932156966308114,-0.0032706815702507885,0.00411078401106546,0.004754878130809104,0.0027534534023114787,-0.002592016534230468,0.07047477585258188,0.006050647396624407,0.005571997098086439,0.010279730471293968,-0.6899690459049809,0.8287725631094955,36.747736070483256,0.7822505409742386,0.7455192551587957,0.6132578785914237,0.7963943305958822,0.6147263933359086,0.6939176081279503,0.6571219696991467,0.7040738007823228,0.2610385393732845,Low
2019-12-18,12221.650390625,8082.35009765625,32243.875,15956.849609375,30291.05078125,15710.650390625,2687.64990234375,8091.10009765625,2512.85009765625,290.54998779296875,1836.81,-1267.57,0.004656834412248179,0.025547124351595007,0.005279940773905034,-0.021051008611241318,0.0032357948048984397,0.0669890992227895,-0.0011705509695204563,-0.019536350623552523,0.0036114179513511147,-0.06397730903535759,0.004700344894301489,0.01140765207242711,0.008215287383944503,0.027016164806749732,0.011438071763963276,0.0268480177437167,-0.021247100865627533,-0.010338308451971034,0.0067566931677531805,0.08535664753076677,0.006037335560702144,0.005595667738319087,0.010185553188287172,-0.6852002174227205,1.1577657776095238,34.83100272527021,0.7858714103288796,0.7399004080489704,0.6027097527928523,0.8286464896050771,0.6155522236950193,0.6934382044048503,0.6614993667816876,0.6598593504829321,0.2570297727717664,Low
2019-12-19,12259.7001953125,8165.5,32241.07421875,16112.900390625,30386.099609375,15812.9501953125,2691.10009765625,8073.0498046875,2513.699951171875,290.3999938964844,739.43,-493.95,0.003113311498149862,0.024540294869069168,0.01028783724276705,-0.011302979687272008,-8.686242736022365e-05,0.053311675081816556,0.009779548286167783,-0.005934889726654569,0.003137851796935154,-0.06195475536767203,0.006511493932074508,0.016171553391008953,0.0012837220016979067,0.021891491219994785,-0.0022308824203001176,0.018507851056771774,0.0003382030294674099,-0.0026187745619093983,-0.0005162412761526847,0.059660670796552795,0.00412269679099716,0.005578838024357247,0.010187407333822054,-0.6885908320618134,0.5441230306808074,38.4721718311734,0.7832870259752956,0.7339440327319745,0.6168328409033131,0.826467011629361,0.6196070113199708,0.6905633523889715,0.6520277992580917,0.670482773135243,0.22930050958000509,Low
2019-12-20,12271.7998046875,8133.5498046875,32384.572265625,16081.150390625,30356.349609375,15844.5498046875,2707.5,8049.4501953125,2570.89990234375,291.95001220703125,338.86,-285.41,0.000986941701855537,0.021624119465325276,-0.0039128277891740115,-0.012906780530806072,0.004450783677410808,0.05718633732957379,-0.0019704708171890406,-0.007008487201780156,-0.000979066098724335,-0.06698910296264682,0.001998337374411463,0.014090103207710536,0.006094125728743016,0.018220774442823107,-0.002923258241426585,0.010475796549397343,0.02275528196800436,0.03494215260061195,0.005337528729767893,0.0560680025884468,0.00437059762004475,0.005549803988877411,0.01008518112078191,-0.6944402021671571,0.3201287213829927,39.745945245696156,0.7894691569012924,0.7395878301189721,0.6209736088367243,0.8262317259754385,0.6175166947272039,0.6865728763385837,0.6481554437899694,0.6822732546659305,0.21857785506652036,Low
2019-12-23,12262.75,8180.5,32339.07421875,15971.599609375,30217.94921875,15865.5,2706.35009765625,8051.5,2536.39990234375,290.70001220703125,1463.28,-1947.36,-0.0007374472230261553,0.02977789142251419,0.005772411362802821,0.001328098239942621,-0.0014049296838573033,0.05170994270019835,-0.006812372161749458,0.003808661264219637,-0.0045591908251794155,-0.0541372808905235,0.0013222335484912584,0.031345693150020226,-0.000424710006925233,0.03574509586090091,0.0002546515150430029,0.033913771087672684,-0.013419425613789282,0.04076643955810355,-0.004281554881777394,0.034335615844862,0.004727816607234424,0.0052697148692742125,0.010063874576457485,-0.7508686281838165,0.9488919369524282,35.29622484007963,0.7719761330417775,0.7976006372714235,0.5712515538186361,0.8099823676086247,0.5762942846073699,0.6692834921989781,0.6003845866269564,0.6715049211350612,0.351777611879918,Low
2019-12-24,12214.5498046875,8152.60009765625,32280.375,15861.2998046875,30197.55078125,15778.2001953125,2723.14990234375,8073.7998046875,2532.449951171875,291.95001220703125,-114.38,-345.22,-0.003930618769240168,0.02527392186467292,-0.003410537539728642,-0.0007843978850042843,-0.0018151174753161525,0.037447483603799014,-0.006905996104657919,-0.004603212755810104,-0.0006750437414642096,-0.050467649939144765,-0.005502493125807528,0.030678960229217234,0.006207550420785912,0.043312440311777056,0.0027696459898776116,0.03711029120063225,-0.001557306152008997,0.029011966813819345,0.004299965419711782,0.03016943717250009,0.004555858031541481,0.005345386738380005,0.010025592098714117,-0.7356233217134048,0.06668193119365858,40.77242855227719,0.7710804130328424,0.8263731110798193,0.5835892313111457,0.7936399764529268,0.5865857842965599,0.6493970642212586,0.5867260878428427,0.6691280319080057,0.34121694981380957,Medium
2019-12-26,12126.5498046875,8129.64990234375,31997.328125,15705.2998046875,30063.55078125,15706.4501953125,2739.0,7997.60009765625,2495.60009765625,291.3999938964844,-504.13,120.46,-0.007204522590446127,0.024162899607336197,-0.0028150767899308704,-0.002521446403312755,-0.008768388688173534,0.04767766282886865,-0.009835259526076001,-0.01612204612892132,-0.004437445969399656,-0.04809311738236732,-0.004547413463629191,0.03054271512173634,0.005820501340234152,0.07132384355366161,-0.009437898991130567,0.04401176089494774,-0.01455106881720325,0.046943889237973435,-0.0018839468660711844,0.047071529565645864,0.0054744122605127005,0.005397202517688326,0.009937803584643724,-0.7251842055016171,-0.15126195389215238,42.20536125733351,0.7734081672315082,0.8475323945669003,0.6352439929355366,0.7783082673482764,0.5853665357454665,0.5887288979663424,0.577584123634189,0.653523282132653,0.28307410536133204,Medium
2019-12-27,12245.7998046875,8205.900390625,32411.97265625,15944.9501953125,30145.44921875,15780.7001953125,2760.35009765625,8068.0498046875,2568.449951171875,296.1000061035156,81.37,125.77,0.009833794601157297,0.03147717822527385,0.009379307743531129,0.001831360224162637,0.012958723604363342,0.05406188382455035,0.015259205083972605,0.0025118010256208745,0.0027241771305031026,-0.041158481848603046,0.00472735717343431,0.025469917654942664,0.007794851280120474,0.10123274160775164,0.008808855928154724,0.06278110204415044,0.029191316983855797,0.07945282700983025,0.016129074486874728,0.06645061268724506,0.005634820306117776,0.005635508359678618,0.009961186699889558,-0.6771736880165481,0.17614316404945715,40.81705675950467,0.7814322774006925,0.8617525142152468,0.6767255629121833,0.7897781228440043,0.5787182562319899,0.6171739382574524,0.6098189934761471,0.6800044182597833,0.3554361511163329,Medium
2019-12-30,12255.849609375,8325.400390625,32354.5234375,15962.150390625,30225.349609375,15775.0,2796.5,8083.10009765625,2537.199951171875,296.45001220703125,-130.52,201.32,0.0008206736062803532,0.03029724879219109,0.01456269200349114,0.02103294010660517,-0.0017724690613337701,0.04342371900028952,0.001078723677516269,0.006653359782869073,0.0026504959353965685,-0.03401597445644988,-0.0003612130793912982,0.03032853585758377,0.013096129499821085,0.11913716398056295,0.001865418946720654,0.046952308812114874,-0.012166871301401816,0.03249429277162563,0.0011820536855824404,0.0704098181639472,0.00539684864773941,0.005632955380094455,0.00978153455520672,-0.6776880265234885,0.05765662187926475,41.52180395044255,0.7552385120482754,0.8674002309297943,0.6804850187319678,0.7915016027452929,0.5865774473450687,0.6171097342535478,0.6271875156095885,0.6930188135909765,0.3608303826141698,Medium
2019-12-31,12168.4501953125,8248.2998046875,32161.27734375,15908.2001953125,30121.5,15652.400390625,2801.300048828125,8040.14990234375,2524.35009765625,298.54998779296875,-1265.1,585.07,-0.007131240742024536,0.02389248140960909,-0.00926088624209842,0.015925582545572192,-0.005972768973812825,0.037737058342977026,-0.0033798826594307885,0.0015739901085789487,-0.0034358447699407435,-0.033490827123157985,-0.00777176604595875,0.023350412096892814,0.00171644871379395,0.10302606916130741,-0.005313579541709967,0.028605983873109864,-0.0050645805466337235,0.012798710950796321,0.007083742619214073,0.07430728445491197,0.00590706928369841,0.005817486625727425,0.009782649786764441,-0.6405112602259835,-0.576787953209021,45.77459259654232,0.7650355372028652,0.8713256980409316,0.6785182473883564,0.7821268469811111,0.6010799872251359,0.6198947913743106,0.6633257296447652,0.6960869413022626,0.32254509652637087,Medium
2020-01-01,12182.5,8210.099609375,,15987.7998046875,,,2796.050048828125,8047.10009765625,2526.39990234375,297.8500061035156,-58.87,208.47,0.001154609211690083,0.02030137088929096,-0.004631281138785859,0.018123799195517654,0.0,0.029625879787959164,0.005003684162740996,-0.00785942983409027,0.0,-0.027490091845517872,0.0,0.022708539457787724,-0.001874129835608418,0.11044703153325974,0.000864436036257743,0.02491895095514418,0.0008120128382362868,-0.024273475970358227,-0.002344604649384685,0.0712102829700163,0.0059170453537478905,0.005771953033751983,0.009782487619294714,-0.64968472947641,0.09772250864359665,41.6174481944215,0.7921742620122508,0.8686571339083606,0.6752036397229427,0.823222931519254,0.6059790098686119,0.6484687250228462,0.6612861170971492,0.7022782165142485,0.3273382796376304,Medium
2020-01-02,12282.2001953125,8267.4501953125,32443.47265625,16128.5,30266.19921875,15709.650390625,2869.89990234375,8053.9501953125,2576.699951171875,301.0,-1199.53,36.64,0.008183886337984836,0.023593485774241918,0.006985370295874649,0.022718324929138944,0.008774381361903227,0.03476450235046635,0.008800472674873383,-0.012786635916989253,0.004803851692312788,-0.026476925409104735,0.0036575859658107834,0.025534509947122697,0.026412207301717228,0.1366390800996713,0.0008512504595592496,-0.00661723588947849,0.019909773104986872,0.0017299839330837674,0.010575772475860168,0.09874059714414751,0.006873497101953474,0.005883660192431472,0.009810427373081491,-0.627179538457184,-0.5401219351331349,45.7145771493126,0.7960089749516902,0.8746816876261372,0.6882535728870788,0.827217929497505,0.6061631156426399,0.6779369887242083,0.7382365489914821,0.7306467312861885,0.4376128465512188,Medium
2020-01-03,12226.650390625,8168.14990234375,32068.876953125,16054.7998046875,30109.25,15936.599609375,2848.35009765625,8111.9501953125,2524.300048828125,299.6499938964844,,,-0.004522789386603554,0.02157765378590537,-0.012010993791659152,0.02042562785314672,-0.011546103806271746,0.02294425881723039,-0.004569562904950808,-0.001905472974199518,-0.005185626963453371,-0.02538720093405422,0.014446484365141288,0.042019844831158615,-0.007508904638068081,0.15296814505597056,0.007201435145918422,0.005329069948279086,-0.020336051281375944,-0.015733084456771462,-0.004485070111347578,0.08785616488288328,0.006936829996026522,0.005932982503964894,0.00981740151978173,-0.6172427711479889,,,0.8013624792347948,0.8740322910177598,0.7027737610129682,0.8308387073737838,0.5370551567272425,0.6910506979429077,0.6817385668467065,0.7402528932589615,0.46240570735898356,
2020-01-06,11993.0498046875,7978.75,31236.787109375,15737.0498046875,29799.30078125,15879.7998046875,2765.75,7987.35009765625,2414.64990234375,292.3999938964844,1575.46,-459.25,-0.019105853072941215,0.0066012062280855766,-0.023187613426316256,-0.00699446716487262,-0.025946959257920454,0.00403548155139366,-0.019791589049103386,-0.029858740569490227,-0.010294152752061247,-0.032790156765765466,-0.0035641106685071478,0.05894273708400255,-0.028999278467986445,0.09701925991344718,-0.015360066895905078,-0.00989811777605909,-0.043437841921874054,-0.05664837205558082,-0.024194894535871536,0.05999632926148357,0.00987816652285696,0.0068974224829510085,0.00999255860909821,-0.4229409357934924,1.0116217510099685,38.85497826441828,0.8557576724567341,0.9079323027021949,0.8128346340299247,0.835655719851304,0.49816876829080164,0.7906998602184196,0.7382230389478703,0.785696000702695,0.6112919735002745,Low
2020-01-07,12052.9501953125,8002.5,31399.03515625,15793.75,29861.80078125,15895.2001953125,2785.89990234375,8036.5,2416.64990234375,298.04998779296875,-1696.45,1377.13,0.004994592001242859,-0.0017227294492183631,0.002976656744477557,-0.021070980763937763,0.0051941336446317266,-0.004959448660480925,0.003602974891495192,-0.029513231829311315,0.0020973646482109753,-0.03936867371076602,0.000969810124461068,0.0526204658419116,0.007285511106842613,0.07067636523587617,0.006153467888952546,-0.02131751117037295,0.0008282774235961465,-0.07094804409210553,0.019322824946722106,0.061809671647399034,0.009087348403013751,0.0065058270069368665,0.009828001496333134,-0.501834098005675,-0.8179940977420924,48.885955410384454,0.837373784551104,0.9003419439170746,0.8397043605447082,0.8162971569320342,0.4891070973292003,0.7606248463320262,0.6998027313054719,0.7859466068089669,0.5739986357275476,Medium
2020-01-08,12025.349609375,7942.75,31373.28515625,15664.9501953125,29893.19921875,15953.4501953125,2767.25,7996.14990234375,2401.85009765625,297.04998779296875,,,-0.0022899444111396106,-0.0010259921527460136,-0.007466416744767224,-0.019401462269709957,-0.0008200888935555595,-0.01086750503676015,-0.00815511228729715,-0.031596070458864034,0.0010514582737326528,-0.03742190653922539,0.0036646282704371202,0.0691120098437974,-0.006694390680749174,0.07234889757579355,-0.005020854558109855,-0.02221857739414601,-0.006124099594710275,-0.06894206957473237,-0.003355141892153357,0.06814088915337702,0.008988859388280077,0.006496184286833343,0.009807829559584423,-0.5037767779595835,,,0.8371928501856668,0.9185025230006336,0.8364148367183003,0.8105452684692289,0.4829906343146459,0.7596700527334935,0.698933685337076,0.7854783576767222,0.5738643378290386,
2020-01-09,12215.900390625,8155.25,32092.02734375,15900.349609375,30123.599609375,15925.150390625,2806.800048828125,8033.14990234375,2459.85009765625,305.1499938964844,486.09,-775.23,0.015845758122611686,0.009520126393770534,0.026753958012023515,-0.005802813856369937,0.02290936967296897,0.006790440565538791,0.015027140918260962,-0.022830840311230616,0.007707451749777494,-0.03517876483878846,-0.001773898707867927,0.06011123417879927,0.014292184959119991,0.07835639530510141,0.004627226909434956,-0.025824294771936485,0.02414805156100175,-0.06302134921519853,0.027268158344988747,0.10441551711226604,0.01104900734119849,0.007056539865411525,0.009703193329493825,-0.3908841980778041,0.4024581074027077,42.8946409786501,0.8657440316132613,0.9323010984951082,0.8531118773137906,0.8255288667426988,0.3983987950299615,0.7440814381591052,0.6827156746002587,0.7863814165640882,0.6862534704808253,Medium
2020-01-10,12256.7998046875,8225.5,32097.02734375,15940.150390625,30370.44921875,15959.900390625,2840.75,8058.5,2461.39990234375,310.6499938964844,1632.25,259.46,0.0033480474426501594,0.008694601800337542,0.008614082952699276,0.005593080473119683,0.00015580193630149175,-0.0007953542701026883,0.0025031387502658653,-0.026082856663650955,0.008194558836792432,-0.028562189676039518,0.0021820830037786454,0.05542333563215829,0.012095607304143163,0.06921726690789898,0.0031556858722197045,-0.026004288369350315,0.0006300402975680797,-0.09405769462845681,0.01802392302149536,0.11224492471784075,0.011098066487407713,0.0070427536450912796,0.009700259109734388,-0.39366165231984124,1.043378090289053,39.015791630427586,0.8757842384174385,0.9294185668693753,0.8524558515129879,0.8076259319476323,0.39148484534082006,0.7460945309259008,0.681608459538898,0.8007364903988545,0.6780217554941991,Low
2020-01-13,12329.5498046875,8235.849609375,32177.27734375,16043.349609375,30713.44921875,16225.900390625,2874.10009765625,8078.4501953125,2468.699951171875,317.1499938964844,120.79,-1128.89,0.0059354808073293075,0.022685705884663898,0.001258234681782211,0.018531982361488897,0.002500231536725961,0.007248193698626837,0.006474168450173234,-0.011631285855941975,0.011293873117564468,-0.008459937087375469,0.01666677068713107,0.08186734955058927,0.011739891808941305,0.09468676353313654,0.0024756710693678574,-0.013614246404552888,0.002965811781000749,-0.07534136341997488,0.02092386971739635,0.12444604723500241,0.010883321267841617,0.006941802556079437,0.009688433905758369,-0.4139998613358722,0.19818639163145246,43.84288331418082,0.8629918972385289,0.9294208668017697,0.8517798672601754,0.7851347154073158,0.3833357539703,0.7399600224946821,0.6662082196055309,0.7959698546609054,0.7268311203693232,Medium
2020-01-14,12362.2998046875,8289.2998046875,32071.27734375,16053.25,31145.400390625,16362.349609375,2900.64990234375,8117.0,2462.35009765625,316.75,-205.56,-642.47,0.0026562202609821117,0.02607025151335085,0.006489943096053663,0.03451371934573033,-0.003294250127740761,0.006281532678775736,0.0006171024671315362,-0.012624165820955158,0.014063909553059917,0.008284381120607254,0.008409346505592774,0.10169334832850785,0.00923760613249014,0.10179857175897555,0.004771930723775242,-0.0014700785495512791,-0.002572144708234303,-0.0696703135331066,-0.0012612136345017122,0.12702371022100567,0.01065591941018949,0.006944695074962329,0.009629109257825983,-0.4134171172149429,0.015695084645552745,44.94482408554737,0.8694696083448727,0.9224439948542901,0.8547156172682933,0.7371682273265583,0.38948244705811935,0.7409851306504804,0.6717020279961144,0.7945720553990078,0.7201460116418574,Medium
2020-01-15,12343.2998046875,8385.349609375,31824.53125,16019.0,31237.099609375,16346.849609375,2921.449951171875,8166.2001953125,2463.300048828125,320.8999938964844,279.53,-648.34,-0.0015369308543056182,0.02910570139653279,0.011587203617992481,0.052873730655742746,-0.007693678399687598,0.00669183392132644,-0.0021335243642253143,-0.0057505214164099705,0.0029442298894832852,0.018241369387173023,-0.0009472967128827392,0.0955782792001072,0.007170823618292799,0.13932220840918896,0.006061376778674354,0.015084196247684423,0.00038579045797715317,-0.041871644484826165,0.013101796042571001,0.12675564484138246,0.0060191260417417096,0.006886836503452727,0.009616334127533627,-0.4250736504158201,0.2869520422241955,43.177403941664984,0.8401056426589872,0.9176693742137357,0.8515832931325599,0.7221759314557952,0.40177356431265393,0.7443785748952273,0.6434405077149955,0.7883988309813005,0.7394446239913393,Medium
2020-01-16,12355.5,8395.900390625,31853.529296875,15974.400390625,31338.19921875,16381.650390625,2884.800048828125,8203.099609375,2465.800048828125,323.79998779296875,-395.24,-184.65,0.000988406301843714,0.02593162943592464,0.0012582398756759705,0.04994036124222023,0.0009111853572076889,-0.003921344205400912,-0.0027841693847930893,-0.0035617134625580693,0.0032365235773892387,0.020603715660632904,0.002128898355438613,0.07950497813486979,-0.012545107038047565,0.10783412013368854,0.004518553694493166,0.010047356938373442,0.0010148986929907622,-0.059267824925509194,0.00903706435538254,0.1347467351218654,0.006113619316442451,0.0068618458047053415,0.009332972673156926,-0.43010842576649877,-0.0903718714110903,45.380930119268555,0.8403634032621937,0.9258962379050031,0.8669554539911967,0.7222507476175648,0.39586167765824043,0.7235368249942655,0.6413077588893096,0.7901979503001545,0.7434993126291631,Medium
2020-01-17,12352.349609375,8427.599609375,31590.283203125,16077.650390625,31371.44921875,16356.599609375,2864.64990234375,8345.2998046875,2451.85009765625,324.1499938964844,264.26,-500.17,-0.000254978804985595,0.027786494699452602,0.00377555917473682,0.06116998874748347,-0.00826426771415334,-0.003856415173370209,0.00646346638842199,0.009262389116711178,0.0010610054447579564,0.0187156273785698,-0.0015291976481403013,0.06436307853424439,-0.00698493696038327,0.12606378164953447,0.017334934608130848,0.03644500375344384,-0.005657373223958206,-0.04739980782528608,0.0010809330349308421,0.13398631091544932,0.00583070831553609,0.0068431087997581136,0.00933009162838754,-0.43388329463300923,0.27841322727804974,43.12292110073559,0.8386048136403961,0.9203503523304996,0.8539790072886317,0.7306986211238213,0.4280902542504148,0.7436659450317505,0.56199112078839,0.7903557081227228,0.7434018625254988,Medium
2020-01-20,12224.5498046875,8352.7001953125,31080.2890625,15854.849609375,31426.75,16207.150390625,2835.85009765625,8269.349609375,2414.89990234375,325.79998779296875,5.87,-1419.85,-0.010346193941151438,0.02542044245166286,-0.00888739588188081,0.06995364061497189,-0.0161440192652198,-0.008324397428578267,-0.013857794879027607,0.0027257962828275417,0.0017627741984245215,0.0291553472662216,-0.009136936913485494,0.060011432914658824,-0.010053516369988857,0.11830352286094281,-0.009100954679883366,0.03918289075662851,-0.015070332133200637,-0.018672488566558232,0.005090217268402197,0.149611837719275,0.005225794009717858,0.0069583912946681765,0.00941247171047043,-0.4106577950339376,0.13392439990839564,44.26856006014237,0.834574560062386,0.9234290410738656,0.8638211730499465,0.6702211366893687,0.45012662078632293,0.7560506083098304,0.5658567656239026,0.7840366645180235,0.6922777279886043,Medium
2020-01-21,12169.849609375,8245.900390625,30947.19140625,15776.9501953125,31145.94921875,16175.2001953125,2799.949951171875,8274.2001953125,2412.800048828125,321.1499938964844,-50.08,-307.81,-0.004474618385662321,0.019463841623036604,-0.012786260992275977,0.04865649224126267,-0.004282381543567748,-0.01178606205249999,-0.004913286217261725,-0.01088052441537879,-0.008935088141471814,0.025381044238683037,-0.0019713641536257542,0.06716630622845732,-0.01265939497790991,0.09728808431649272,0.0005865740555945909,0.039426670159727895,-0.000869540602319363,-0.018488742467965058,-0.014272541653498227,0.14512383639836668,0.005254999424718625,0.007025228810187963,0.009396346083774248,-0.39719231017330203,0.10263777932968846,44.61786560194224,0.8364393589489039,0.9229375448604532,0.8777303163894462,0.6897869838941353,0.4740780540401298,0.7608034029735554,0.5637548324546147,0.7772614562597148,0.7210051490808922,Medium
2020-01-22,12106.900390625,8169.14990234375,30701.091796875,15534.599609375,31153.150390625,16334.5498046875,2756.75,8256.650390625,2410.0,320.8500061035156,-176.43,-326.22,-0.005172555189302153,0.021093430778735378,-0.00930771470008418,0.04714566069762682,-0.0079522437478865,-0.014727107091087488,-0.01536105412879507,-0.00944041839627463,0.00023120733371850832,0.03640009283825152,0.009851476794777492,0.0928642407871747,-0.0154288297738302,0.09573119241821981,-0.002121027322670055,0.03981492231282657,-0.0011604976672165979,-0.0036381877999335233,-0.0009341049312473482,0.15455204444167703,0.004420953956399671,0.006973138469873926,0.009410628857352372,-0.40768674108428316,0.03198425814792522,44.91585355810105,0.8357406105934116,0.9285994481043014,0.8736668219613531,0.670899648427107,0.4002266645808277,0.7557835030216016,0.562432230318958,0.7617928511917721,0.7113149797176271,Medium
2020-01-23,12180.349609375,8241.75,31003.689453125,15704.849609375,31226.900390625,16474.400390625,2769.25,8300.2001953125,2437.89990234375,327.6499938964844,1352.13,-984.56,0.0060667236352978104,0.022686465736208028,0.008887105576973253,0.051458218856076154,0.009856250658838217,-0.008084660197572147,0.01095940701923559,-0.008162762846551375,0.002367336820682908,0.03735414230595602,0.008561643119014306,0.08883502662128917,0.004534324839031489,0.10348466701955039,0.0052745123781610115,0.04171138934378438,0.011576722964211639,0.008500963392693572,0.021193665774077886,0.16809266986268945,0.0052127051684774765,0.007008214016442726,0.009423179242601042,-0.40062021209038484,0.8867380874917795,39.8721289299647,0.8385567689792983,0.9290541523705467,0.8765431312994656,0.6715090319710941,0.40164091779535255,0.7647659684959774,0.5668275025785692,0.770570464298344,0.7142055278548526,Low
2020-01-24,12248.25,8274.849609375,31241.38671875,15674.650390625,31474.900390625,16472.75,2796.199951171875,8294.0498046875,2446.300048828125,328.6499938964844,659.11,417.96,0.005574584704263197,0.023091782340384448,0.00401608995358993,0.041949381853918055,0.007666741275562661,-0.013380521549947622,-0.0019229231416499903,-0.017260229738423116,0.007941870531423367,0.041251596754090514,-0.00010017910126425278,0.10018931653638785,0.009731859229710205,0.08852378465481925,-0.000740993045983851,0.030912229301705674,0.0034456486405776143,-0.010076037081476197,0.0030520372917079985,0.16171792501607585,0.005978467221729879,0.007017218909771771,0.009413190303799078,-0.39880603252594543,0.4992089759018662,42.21907375427745,0.8358860448037622,0.9379016457451325,0.863416185285684,0.674780847839034,0.45494425483212747,0.7706944578234513,0.5463625181042673,0.7684948203150995,0.7028616587265942,Medium
2020-01-27,12119.0,8258.150390625,30837.041015625,15489.25,31149.69921875,16393.55078125,2709.75,8416.349609375,2391.25,326.79998779296875,-438.85,10.51,-0.010552527912150667,0.0026723426713295417,-0.002018069153919222,0.023352812465321282,-0.012942629812342066,-0.03676018181812635,-0.011828039924634437,-0.03602178308649806,-0.010332079461381372,0.023777140421511023,-0.004807892959584725,0.07848406747725711,-0.030916941807271003,0.03159798229751587,0.014745487134449231,0.046152579996603604,-0.022503391950834506,-0.06980587177825681,-0.00562910737219835,0.13610288450266106,0.0068396146946006625,0.0071083898515059574,0.009462752907818683,-0.3804381903626901,-0.11475810060568226,46.123290319281814,0.8053655944262897,0.9376270125730388,0.8673213808627079,0.6945566102114388,0.44419396039682096,0.7748986161856395,0.4086306672320356,0.781982576553001,0.6990649554830891,Medium
2020-01-28,12055.7998046875,8156.0498046875,30761.04296875,15363.349609375,31027.05078125,16429.75,2642.25,8420.25,2370.64990234375,326.95001220703125,-1357.56,711.7,-0.005214967844912932,0.00015344425230146008,-0.012363614260816669,0.020680032542307325,-0.0024645051656055905,-0.03793055844013049,-0.00812824317671934,-0.03823982286867478,-0.003937387537474968,0.03275132009241677,0.0022081377752161124,0.07042918804462905,-0.024910047052311146,0.01974061225578172,0.00046343020502082055,0.04914119969159714,-0.008614782083115502,-0.07224345862684667,0.0004590710516108043,0.12994645000997207,0.006796403089715085,0.007157248833043387,0.009451874273593456,-0.3705947682803185,-0.6284905615862734,49.323806150153814,0.8106612692194127,0.9342737217433398,0.8693165569209045,0.7338120157787711,0.46567354905249625,0.771800391321854,0.40437159430878544,0.7824629498552159,0.7039412018147909,Medium
2020-01-29,12129.5,8220.400390625,30876.640625,15451.900390625,31426.25,16479.30078125,2665.85009765625,8412.7998046875,2378.14990234375,328.5,-1014.27,1520.9,0.006113256399948197,-0.0029182079736950195,0.007889920669748252,0.022450588996590692,0.0037579238248661717,-0.03930432994399424,0.0057637678957696,-0.03277817793218307,0.012866167060623157,0.04122315040046698,0.003015918151523911,0.053855745425963164,0.008931818585012685,3.754952874435169e-05,-0.0008847950253851877,0.05165254537565089,0.0031636894138544758,-0.07371270826458931,0.004740748539832751,0.13825361418105087,0.006858083411399528,0.007041558428278614,0.009270230907569009,-0.3939024478337224,-0.43652659414276335,47.892330190851915,0.8181170173330883,0.9376059292541233,0.8916365806610661,0.7346491320019339,0.41153378250504136,0.7611776222723281,0.43502616746495254,0.7861252295028373,0.7499961773096763,Medium
2020-01-30,12035.7998046875,8181.4501953125,30647.044921875,15244.7998046875,30936.44921875,16327.900390625,2628.89990234375,8237.0498046875,2346.75,327.1499938964844,-962.28,292.35,-0.0077249841553650445,-0.015206668493811804,-0.004738235786777567,0.012261297327987197,-0.0074359029505011165,-0.04952351657873011,-0.013402920074682356,-0.044623457770082364,-0.015585721530567587,0.021306571441209288,-0.009187306708866028,0.03928863443924202,-0.013860567533405477,-0.021859245859651377,-0.020890785954763125,0.018038301994746986,-0.013203500045478322,-0.06610028103593313,-0.004109607621052169,0.1259680180389302,0.007225302715079884,0.007117206105730231,0.009318567207533022,-0.37866201515837206,-0.40745436172297805,47.9007819884374,0.8165131737851564,0.9361351357358605,0.9024930136574483,0.7298819266054022,0.4376553434832905,0.7662645810484112,0.45146721227949277,0.8498256628807702,0.757062729558893,Medium
2020-01-31,11962.099609375,8086.5498046875,30833.2421875,14838.7998046875,30775.30078125,16144.150390625,2569.0,8138.60009765625,2366.050048828125,331.04998779296875,-4179.12,3816.44,-0.006123414854723341,-0.024274703393749153,-0.011599458330672552,-0.009668752104892486,0.006075537334828018,-0.043665791707128254,-0.02663203224716415,-0.07907332355128394,-0.005209015306201659,0.01280852682240674,-0.011253743323024201,0.020944870578968766,-0.022785159028058555,-0.045371815698193485,-0.011952059216058686,0.008119644317156283,0.008224160574464623,-0.058738077420463886,0.011921118658857033,0.13997932076739095,0.007312975033341595,0.007155810673987539,0.009236549080966742,-0.37088450838874565,-2.2062756761538695,58.78703995625827,0.8198786637484643,0.8970006687744673,0.8654804296430062,0.7342865298821929,0.44802425786066674,0.7684129033402401,0.47788669330140676,0.8174904087391053,0.7384967293074672,Medium
2020-02-03,11707.900390625,7988.35009765625,30022.900390625,14499.75,30435.30078125,16059.900390625,2510.949951171875,7967.5498046875,2221.85009765625,310.0,-1354.72,1138.74,-0.021250384719316173,-0.045950832236287376,-0.01214358526232373,-0.017851947860154316,-0.026281433264371934,-0.07292583195569413,-0.02284886979743439,-0.09833876011425935,-0.01104782053688802,0.0026008124458620774,-0.005218608471891151,0.013591461328474663,-0.02259635999537757,-0.07259466254039704,-0.021017163998266586,-0.010174656484326583,-0.06094543572452982,-0.13576950404381372,-0.06358552656444427,0.06182561068080705,0.009455787447407516,0.008059628830721494,0.007748616460562528,-0.18879590722484269,-0.6269024650278546,51.495863903469015,0.812829360175557,0.918329387169457,0.8806409720909362,0.759923105129566,0.46613417177380745,0.7786806913398181,0.5873485541488563,0.8775064321948306,0.7809362817721073,Medium
2020-02-04,11979.650390625,8100.7998046875,30686.341796875,14953.7998046875,30744.0,16350.849609375,2594.25,8122.39990234375,2241.14990234375,318.6000061035156,,,0.02321082268667074,-0.023086143758537014,0.014076712419532234,-0.00974270464060878,0.02209784523207392,-0.051106361632231145,0.031314319535681756,-0.06372560229283941,0.010142801642367028,0.01740855335489111,0.018116502074934537,0.030591510470832972,0.03317471492780988,-0.04142113681202253,0.019435096290850717,0.008805800452555523,0.00868636669407108,-0.11640514562675053,0.027741955172631005,0.09597520717203989,0.01412516176451623,0.009240812575166615,0.007533482185011095,0.04917242096273015,,,0.8121283522889748,0.9290739619762648,0.9125092494504984,0.7683664421946181,0.5795142427016018,0.8195767184306946,0.6578386320256452,0.8290908577410905,0.7905530557954137,
2020-02-05,12089.150390625,8131.7001953125,31001.58984375,15099.150390625,30934.400390625,16448.55078125,2665.39990234375,8125.60009765625,2252.39990234375,326.3999938964844,,,0.009140500467834434,-0.010266396720931659,0.0038144863927040973,-0.0025635873332924275,0.010273236508989925,-0.03961494116007014,0.009719976717351697,-0.04805088003173996,0.006193091029957021,0.024400972605782334,0.005975296342948466,0.04248587149608185,0.027426000710706333,-0.021207058763197728,0.00039399627585146035,0.0064158505563483015,0.0050197445464201795,-0.110584633152783,0.024482070444262538,0.1179995898236974,0.014347594347772755,0.009391955990484405,0.007588079817792819,0.07962267565754962,,,0.8077287232153024,0.9333943524249413,0.9148124263563011,0.7730433146102057,0.5858463841814021,0.8335355924159263,0.6515446837456674,0.831759713905702,0.8013560060514912,
2020-02-06,12137.9501953125,8142.14990234375,31303.6875,15228.7998046875,30736.599609375,16371.150390625,2688.75,8227.900390625,2316.050048828125,326.25,7498.29,441.05,0.004036661230167438,0.0009401182371422401,0.001285058078908774,0.0015375815871720988,0.009744585931643845,-0.021678079566213815,0.008586537037408304,-0.03034007665729377,-0.006394201237207242,0.02238753609053945,-0.004705605475786356,0.04232020520530333,0.008760448154784495,-0.01834611171960565,0.012589875423263619,0.02879617512211463,0.028258812486247953,-0.07194664281218366,-0.00045954013262616833,0.11959508178951972,0.014241254414398687,0.009331088620575238,0.007463620188887249,0.06735997197018784,4.323602715481536,24.866703370753033,0.8086174398025593,0.9295743773886592,0.9124868615634163,0.7395951672712188,0.5551812047668804,0.8550046581463788,0.6425219920260303,0.8107407151814747,0.7948474969216679,Low
2020-02-07,12098.349609375,8064.60009765625,31201.5859375,15189.9501953125,30809.5,16470.150390625,2710.800048828125,8341.849609375,2313.199951171875,320.29998779296875,-556.72,908.64,-0.0032625431230384194,-0.012040879131149818,-0.00952448746554968,-0.017219352690434953,-0.003261646491327874,-0.03734381524959729,-0.002551061795627696,-0.04735041444168042,0.002371777995987756,0.02202822643083957,0.0060472231723369685,0.04368945527000734,0.0082008549802417,-0.017950639257750978,0.013849124726866613,0.033936305713980985,-0.0012305855211082184,-0.09937900478985007,-0.018237585308908066,0.08172908203518547,0.014126948262690574,0.009163559506418792,0.007385904613799772,0.03360855657352364,-0.1806696996693501,51.48732087689839,0.8006812116707299,0.9264831616543993,0.908377879367491,0.7411360714055999,0.5392274783507958,0.8457308639672173,0.5978346914435773,0.8018594030472019,0.7835207983439155,Medium
2020-02-10,12031.5,7860.5498046875,31057.7890625,15025.5,30528.44921875,16431.94921875,2628.89990234375,8261.25,2290.449951171875,317.1000061035156,,,-0.005525514763038308,-0.0183055125940339,-0.02530197288121594,-0.055835222827355535,-0.004608639935419934,-0.040078920572108934,-0.010826249803192134,-0.05867946158276516,-0.00912221169606775,0.010027993498576082,-0.0023194185219307384,0.041644958399366105,-0.030212536892855746,-0.0599320928504381,-0.009662078933240226,0.022039799110666225,-0.009834861006492224,-0.09725287905907132,-0.009990576994718725,0.06965759165515939,0.013957249782463639,0.009208429983530279,0.007389836330385456,0.042648430745018624,,,0.7935891791355456,0.926423113408634,0.9090943990058236,0.7407222704351158,0.5455252453118935,0.8381482702592739,0.603031042092128,0.8090149320642381,0.7868019521222902,
2020-02-11,12107.900390625,7892.39990234375,31300.236328125,15233.4501953125,30414.55078125,16452.30078125,2651.75,8324.650390625,2293.39990234375,317.79998779296875,740.61,-533.97,0.006350030388978967,-0.004975966841761381,0.004051891845689548,-0.043148274283324684,0.007806327267440238,-0.026772600056332307,0.01383981866244044,-0.04241523187511942,-0.003730894965671694,0.00972895709874999,0.001238536112123434,0.051104007734436685,0.008691885771640928,-0.05338594446199596,0.007674430700559842,0.035384973133189446,0.001287935224415504,-0.09148897196427996,0.0022074477325131348,0.06447831447693453,0.013836082260935736,0.009206378623675588,0.007403845607004601,0.04223515154317763,0.5447828736170518,47.23812457681582,0.7920157084790826,0.9285174364513169,0.9128487331877686,0.7147610686186446,0.5272421904291354,0.8538229509772962,0.6034108716128754,0.8120251019227732,0.7944368230151425,Medium
2020-02-12,12201.2001953125,7933.7998046875,31492.53515625,15234.2001953125,30986.25,16538.099609375,2668.25,8265.0498046875,2249.25,315.20001220703125,357.35,-1635.97,0.0077056964194832656,0.0015350047455366944,0.005245540375045543,-0.033653648290941196,0.00614368614054861,-0.02079339636769617,4.9233757972277914e-05,-0.04713591729826705,0.01879689832875786,0.02870872964493798,0.005215004835237513,0.056585520217109275,0.0062223060243236095,-0.04570735380137003,-0.007159530207373144,0.02708425449991969,-0.019250852107663752,-0.10970151720107224,-0.008181169558858725,0.058250816679472406,0.00941255400903876,0.009314838787325835,0.007353711978951184,0.06408618356099853,0.3304681246805851,48.786225454648466,0.7972969727894686,0.9288996269816917,0.9073391564251464,0.7097549226934121,0.5343389900411593,0.8537438750812844,0.5667376752243727,0.7658934274011141,0.7664322358014406,Medium
2020-02-13,12174.650390625,7914.89990234375,31229.88671875,15191.25,31039.30078125,16673.05078125,2651.60009765625,8335.7001953125,2256.300048828125,313.79998779296875,1061.39,-960.48,-0.0021759994314084485,-0.008756558513721813,-0.0023822005607683217,-0.042643171067258456,-0.008340022046395168,-0.037406166422391585,-0.002819327221767476,-0.058111417676783295,0.0017120749122594425,0.02554339766656466,0.008160016873915765,0.06132538704998325,-0.006240008373934236,-0.07606530266411804,0.008548090125837016,0.03498283366142263,0.003134399834667123,-0.12434505701683785,-0.00444170164924651,0.042524876388600585,0.005882797025033652,0.009195820776118942,0.007342480066843238,0.040108104549744325,0.7241594982683063,46.1363402649871,0.792976878122871,0.9246110896602577,0.9046796052204332,0.706466515869715,0.5208553019067552,0.8550450972776911,0.5638105760283166,0.7526859039528222,0.7656016384761435,Medium
2020-02-14,12113.4501953125,7822.2001953125,30834.443359375,15048.650390625,30646.75,16642.75,2613.60009765625,8331.7001953125,2211.199951171875,310.29998779296875,-704.92,219.54,-0.005026854435148831,-0.009258479771311556,-0.01171205045862933,-0.042353496344623154,-0.01266233729684263,-0.03849319686356245,-0.009386956924216205,-0.06266969543704526,-0.012646895109413303,0.017851656882851508,-0.0018173507444765313,0.04430997878679177,-0.01433096945259138,-0.08241613283183225,-0.00047986370746022633,0.027089663361959948,-0.019988519558679307,-0.12403442205755333,-0.011153601453640416,0.03554144539767101,0.005575902484774549,0.009204349322020047,0.007235301689135292,0.04182631631781283,-0.26354149895021517,52.083164789515045,0.7942493949606694,0.9242551529030388,0.9062949021070094,0.6988937178971912,0.5861213169558521,0.8561475013576924,0.5787709716667806,0.75385817172373,0.7671224507566503,Medium
2020-02-17,12045.7998046875,7770.5,30680.341796875,14816.4501953125,30481.05078125,16647.69921875,2586.699951171875,8204.849609375,2145.64990234375,305.70001220703125,-374.06,-154.25,-0.00558473346026378,0.004398380800468393,-0.00660941858065478,-0.026100579664734447,-0.004997708591783168,-0.01781378188965521,-0.015429968089175405,-0.058498868644413005,-0.00540674684101905,0.022878053582685576,0.00029737986510647296,0.04835699590090714,-0.010292372772903402,-0.06473833456679923,-0.015225054066259736,0.0272304968555932,-0.029644559639839585,-0.11140331347368349,-0.01482428542345482,0.045485699685942294,0.005686111411116927,0.008558558232267388,0.007246762994114578,-0.08827861164922705,-0.07852824989443223,49.411826159575874,0.7631561962884366,0.910276159466697,0.9025601863222517,0.6834634386083394,0.5828759124043513,0.8439114246560869,0.5359333501364595,0.7064681835564888,0.7523238197641358,Medium
2020-02-18,11992.5,7692.2998046875,30562.14453125,14789.849609375,30360.599609375,16748.75,2556.050048828125,8198.2998046875,2128.199951171875,302.8500061035156,-74.39,-309.43,-0.004424762618648104,-0.005015385804548522,-0.0100637275995753,-0.03876291100437368,-0.003852540705300722,-0.02665338666731032,-0.001795341366308878,-0.06356314305500599,-0.00395167386910078,0.016703574971211888,0.0060699547680551635,0.05369858788813575,-0.011849036580320993,-0.0825047064046539,-0.0007982845511288472,0.020133118233994995,-0.008132711283799776,-0.11935942847663883,-0.009322885147892923,0.01610474251681926,0.005776900338026281,0.008548675815469017,0.007066978496389885,-0.09026958233013996,0.08904389646519566,48.382501633247145,0.7639730948257155,0.9089941253036522,0.8973112014522481,0.6875289817144808,0.5702365529016175,0.843619618892348,0.5312385931122716,0.7062699358102552,0.7523407971484144,Medium
2020-02-19,12125.900390625,7687.35009765625,30837.83984375,15057.2001953125,30835.0,16772.5,2591.050048828125,8378.650390625,2147.550048828125,306.20001220703125,-190.66,590.12,0.011123651500938081,0.008361568230133676,-0.0006434625738629407,-0.03215509771096281,0.009020810441430216,-0.01706691887168632,0.018076626402477425,-0.038796803846964045,0.01562552771449588,0.0315055198461085,0.0014180162698709253,0.0513399794188818,0.013693002613953675,-0.06367330424496342,0.021998535090700377,0.047835582493161555,0.009092236678980736,-0.10587673605287595,0.01106160157173841,0.030802978589717034,0.007013565763912709,0.008779600299669873,0.007104494825549405,-0.043746157248066915,0.024026999687960918,49.33088411489543,0.7449571595477807,0.9116617240634377,0.9031591510669682,0.7089459718450052,0.5566316928732088,0.848643691880978,0.5642239066267235,0.7131785583852314,0.7516685382008262,Medium
2020-02-20,12080.849609375,7697.89990234375,30942.490234375,14987.650390625,30636.25,16649.400390625,2612.25,8364.349609375,2168.949951171875,306.25,1495.25,-699.62,-0.003715252459506435,-0.011055327641149026,0.0013723590773777605,-0.05608045095567271,0.003393570728535078,-0.035820021498232824,-0.004619039647832501,-0.057401204449735066,-0.00644559753526841,0.017018231462134326,-0.007339371553137575,0.04547837742407501,0.00818199215467219,-0.06931382551078125,-0.001706812026194715,0.041229120713236034,0.009964797959157057,-0.1182592983050249,0.00016325209332435087,0.0036048046059891092,0.006795335886065202,0.00829963880426641,0.007097193125849679,-0.14044206522403038,0.9667692070132196,42.51407997523232,0.6991621420613288,0.8884245069150014,0.8988067395891506,0.7113111389176988,0.6256676570572132,0.8310558390989242,0.5824397794873691,0.6552977371068681,0.725551586862139,Medium
2020-02-24,11829.400390625,7429.10009765625,30454.74609375,14627.4501953125,30147.599609375,16461.80078125,2469.60009765625,8115.5498046875,2109.199951171875,299.75,-1160.9,516.21,-0.02081386879900149,-0.03487039201693132,-0.034918589238301156,-0.09682085008130203,-0.015762924604017514,-0.05116614795543639,-0.024033133007813623,-0.08235180742614245,-0.015950071912358754,-0.007337711990029416,-0.011267649583382888,0.031447589166647916,-0.054608059084601424,-0.13065208214159996,-0.029745266076472765,0.007079457056214045,-0.027547892457231327,-0.14308928461259363,-0.0212244897959184,-0.035087700340069916,0.009288041722726483,0.009066587528385624,0.00744732548515974,0.014072003008408825,-0.518520466805066,53.2799868369313,0.7586405114998139,0.890769312628413,0.9063243154738679,0.7435744226661664,0.6710493671731398,0.8615872471529491,0.660526133156665,0.6821149700295162,0.7366237637959117,Medium
2020-02-25,11797.900390625,7366.0,30432.345703125,14455.849609375,30173.19921875,16562.5,2470.35009765625,7938.4501953125,2109.60009765625,302.54998779296875,-2315.07,1565.28,-0.002662856861702312,-0.04311993726327101,-0.00849363944849213,-0.10561747125455478,-0.0007355303687656134,-0.05422869132101782,-0.011731407979258868,-0.09895065797683156,0.0008491425422487708,-0.01759001394314863,0.00611714478191816,0.02074458743562113,0.0003036928937247829,-0.14047875379470853,-0.021822256487503577,-0.017330056708307118,0.00018971481776897114,-0.14546111743760626,0.009341076873957466,-0.04603501934255427,0.009270646167945814,0.008970515387327441,0.007414903245590197,-0.0052832640281828495,-1.163919553012867,56.92011814973901,0.7566126968411022,0.8906553323153859,0.9005472148815001,0.7359890175489872,0.6631592304586712,0.8554141396997094,0.6378912721415191,0.6758294381517539,0.7215897680359465,Medium
2020-02-26,11678.5,7207.9501953125,30306.498046875,14189.7001953125,29965.55078125,16332.25,2430.0,7839.2001953125,2096.60009765625,297.5,-3336.6,2785.67,-0.010120477938589723,-0.05531331673643913,-0.021456666397977164,-0.13045126064369272,-0.004135325534142975,-0.055026785430450476,-0.018411191403782667,-0.11608551568607606,-0.006881883355973839,-0.037881985608704594,-0.013901886792452856,-0.0018395652270963847,-0.016333756779871922,-0.16225670735494857,-0.01250244034517034,-0.03422444310551931,-0.006162305365098764,-0.1485369608278423,-0.016691416283990734,-0.06077348066298338,0.009520594973810095,0.009072579465516813,0.007490890957860316,0.015279174431500082,-1.7351478196753645,60.594237011230184,0.7628112541269831,0.8899466070151858,0.9033575595393317,0.7517797394264677,0.6704731860075491,0.8560826894090819,0.6458682215717274,0.6678817847572477,0.7318773678600422,High
2020-02-27,11633.2998046875,7178.85009765625,30186.6484375,14069.0498046875,29981.19921875,16123.7998046875,2410.050048828125,7885.14990234375,2049.10009765625,290.29998779296875,-3127.36,3497.5,-0.003870376787472707,-0.05752108522312405,-0.004037222354168701,-0.143881837719665,-0.003954584564327734,-0.05146604673085331,-0.008502673697422858,-0.12172733599553653,0.0005222142457594892,-0.040205409795731284,-0.012763103388234942,-0.013644819033484024,-0.008209856449331254,-0.17505003025590538,0.0058615299885727,-0.03441628740991143,-0.022655727266777892,-0.1681483956324865,-0.024201721704306678,-0.0953568298084373,0.009530229050596592,0.009079757112512226,0.007419699832901718,0.01672522604188801,-1.618143128167077,59.909561481505115,0.7907030997227696,0.8962878455230343,0.9035690862522567,0.7514454404829173,0.6503727427270944,0.8627785498645794,0.6407965455029797,0.6639298994213135,0.7299544330398406,Medium
2020-02-28,11201.75,6903.9501953125,29146.8125,13651.0,29310.25,15212.9501953125,2246.050048828125,7576.75,1945.5999755859373,280.54998779296875,-1428.74,7621.16,-0.03709607866493836,-0.09337946663429242,-0.038293027240323574,-0.17769984467400735,-0.03444688268897855,-0.08497384298136601,-0.029714146334759217,-0.14544523323633163,-0.022378998713647014,-0.06471173421913323,-0.056491002146417,-0.07134203010347062,-0.06804837936031416,-0.22141915875919216,-0.03911148249091401,-0.0763552363376363,-0.050510037156650145,-0.21096604061201696,-0.033585946985823956,-0.1335701100385871,0.015422431330955952,0.011095795783933746,0.00835883504626164,0.4228884114530166,-0.6682936295539655,59.084422714759995,0.8471306742583187,0.9239938877484561,0.8884954270652013,0.7928759495694635,0.7792043782014526,0.9083817919639852,0.7319064679216463,0.7386773666227532,0.7439336561227016,Medium
2020-03-02,11132.75,6856.89990234375,28868.064453125,13419.0498046875,29138.900390625,15427.650390625,2197.60009765625,7535.10009765625,1857.5999755859373,279.6499938964844,-1200.27,1286.63,-0.006159751824491688,-0.09873422044736868,-0.006814981516044982,-0.18637569175497826,-0.009563585962444443,-0.08617266051387318,-0.016991443506885973,-0.16536001973819203,-0.005846064410061302,-0.07116498866716858,0.014112988773121282,-0.05679354150220561,-0.02157118056970886,-0.23285561148039235,-0.005497066993598865,-0.09708455370005598,-0.045230263725459796,-0.2423680479644179,-0.003207962700567002,-0.13728212505908866,0.012695282046924473,0.01109408083548265,0.008357717502387037,0.4225429077007387,-0.5405357349406102,58.31372930205253,0.8501634377433605,0.9317157246219878,0.8887599339785509,0.7927729594335636,0.7468953992774612,0.9075198660143113,0.7449154973131161,0.7084666117504943,0.7415081231669608,Medium
2020-03-03,11303.2998046875,6986.64990234375,29176.7109375,13863.7001953125,29406.19921875,15723.2001953125,2320.75,7920.60009765625,1881.199951171875,284.1499938964844,-2415.8,3135.24,0.015319647408546855,-0.07536064842623058,0.01892254544297045,-0.16354595053410048,0.010691623779494064,-0.06124711778491043,0.03313575827624371,-0.12558614323816286,0.009173264074542775,-0.06429397825896732,0.01915714948188718,-0.029860289048248778,0.056038358605412286,-0.18163869031087565,0.05116056787618617,-0.042173753462227626,0.012704552054321416,-0.22100292879795946,0.016091543351385518,-0.12783915118790945,0.016306296537226588,0.011521282087645144,0.008518933304054234,0.5086094221231016,-1.2202466538331203,63.424792988475936,0.865924499120855,0.9346647734694149,0.8887654891915621,0.8209473050680526,0.7647122406810739,0.9059761930285244,0.7502490400355973,0.7209271486437135,0.7754156216104252,High
2020-03-04,11251.0,6938.85009765625,28653.365234375,13876.650390625,29223.75,15864.2998046875,2304.300048828125,8086.5498046875,1865.9000244140625,281.04998779296875,-1960.97,226.55,-0.004626950146523701,-0.07550213345834345,-0.006841591514620604,-0.15850910525850792,-0.017937104159755024,-0.07412065740517393,0.0009341081479010693,-0.120447854697044,-0.006204447483769582,-0.06171586568929577,0.00897397524818544,-0.019220806349902086,-0.007088204749272853,-0.17702098644166964,0.02095165833209478,-0.022678976359709946,-0.008133067805089822,-0.22666611958984617,-0.010909752490246283,-0.12486379220184873,0.01553820029952661,0.01152219597084441,0.008529788865810576,0.508793538487817,-0.9659107532466433,61.90098698133366,0.8676258272103327,0.9143539926106461,0.8847075687315027,0.8239368421435075,0.7531250549305863,0.9056495824505847,0.723186880556532,0.7246251888116585,0.7767052762101168,High
2020-03-05,11269.0,6953.75,28815.015625,13743.650390625,29530.5,15871.349609375,2284.85009765625,8146.0,1891.9000244140625,277.8500061035156,,,0.0015998577904186018,-0.0692084979301415,0.0021473157848996838,-0.14877923858332542,0.0056415848296615945,-0.061433521138390956,-0.00958444554385074,-0.11528776175661315,0.01049659951238291,-0.052086237516232314,0.00044438171077776367,-0.02835708365709455,-0.00844071985406869,-0.17117979589870314,0.0073517379782956915,-0.013401365613183502,0.013934294260039337,-0.21497924298171678,-0.011385809743604591,-0.13401900944993883,0.015818918181250793,0.011535353592701655,0.008532011337425314,0.5114443515311032,,,0.8674082746510013,0.9140857615982859,0.8795776254387075,0.8180656386228969,0.7674633932178221,0.902448371358809,0.724597080223086,0.726383912775282,0.7713433065873462,
2020-03-06,10989.4501953125,6895.0,27801.126953125,13342.599609375,28937.0,15663.5,2183.89990234375,8018.2998046875,1794.800048828125,269.75,1851.12,-781.79,-0.024806975302821943,-0.09777218653443953,-0.008448678770447637,-0.16340583007249676,-0.035186122578234724,-0.10329617398735746,-0.029180804942737004,-0.1504153213023992,-0.02009786491932075,-0.0733310178717731,-0.013095900127625293,-0.04922184549347575,-0.044182415037228306,-0.2113749562720051,-0.015676429574330908,-0.03396308329818376,-0.051324052187171065,-0.26379255887305353,-0.02915244169725839,-0.17671294056174136,0.017296164079623092,0.012123266524813587,0.008705189318689502,0.6298888003583709,1.16576777118381,50.56405897719759,0.8284980567986926,0.918776889773278,0.887849148581097,0.8368776314320338,0.7635117510173868,0.9097992433319487,0.7262593081796106,0.7537393616640735,0.7844131446811892,Medium
2020-03-09,10451.4501953125,6632.14990234375,26462.29296875,12480.2998046875,28056.5,14854.900390625,2020.050048828125,7756.4501953125,1688.3499755859375,260.0,7.72,120.08,-0.048956043335951605,-0.1466984920039598,-0.038121841574510484,-0.19851716763168137,-0.04815754363599667,-0.15297316322811472,-0.06462757108304562,-0.2037908665476864,-0.030428171545080707,-0.10860718693944438,-0.05162317549557893,-0.09821369287914894,-0.07502626532460677,-0.2775731048913255,-0.03265650022488842,-0.0648175043597119,-0.05931026874647771,-0.309835285170875,-0.03614457831325302,-0.20888481719585006,0.02279620612647731,0.014578139929357673,0.010059205920794623,1.1244622507117024,0.1349588994270839,62.683793611977926,0.8562001861350725,0.9406419850256709,0.9262602944167729,0.8662057567942074,0.8415366885809308,0.9205692830921665,0.7481353989054286,0.7883514455834288,0.7800989183982933,High
2020-03-11,10458.400390625,6568.4501953125,26487.4921875,12398.7001953125,28078.75,14681.400390625,1986.949951171875,7623.0498046875,1635.949951171875,255.25,2274.4,-1100.92,0.0006649981756232659,-0.13702447474007762,-0.00960468444911644,-0.20461000531435214,0.0009522689050325273,-0.14104948739799972,-0.0065382731706774555,-0.19952869278289787,0.0007930426104467703,-0.09858680166328848,-0.011679647485855704,-0.10444048476570789,-0.01638578097381893,-0.26674049223290897,-0.017198639489185208,-0.09425699281834021,-0.031036233702599003,-0.31585992632645055,-0.018269230769230815,-0.21894121929495425,0.021089115405847653,0.014579177787973087,0.010051778358598641,1.1246713439038214,1.4024612610596843,55.08128856048775,0.8610255203590534,0.9408084658212017,0.924478350885342,0.8665063758630502,0.8300822204830406,0.9157011443160904,0.7530123228755558,0.7654575411025706,0.7701849991277205,Medium
2020-03-12,9590.150390625,6033.39990234375,23970.87109375,11204.900390625,26083.0,13384.849609375,1800.5999755859375,6942.5498046875,1420.6500244140625,230.3000030517578,3637.42,-1439.74,-0.08301938801064712,-0.20451977089929896,-0.08145761588488298,-0.2602546518443041,-0.09501167856644599,-0.22073932544803843,-0.09628427059949662,-0.2706733443215038,-0.07107688198370654,-0.15934646241781203,-0.08831247338489112,-0.18532846760449795,-0.0937869499309889,-0.3185353484394219,-0.08926873330691776,-0.1754936249294855,-0.131605448322907,-0.40073394092922254,-0.09774729460623777,-0.2956109666516016,0.034661017859643206,0.02041041912140375,0.013229002300663066,2.299468032311211,2.164646955093455,64.6057346571738,0.9303315091590969,0.9704605112456888,0.9563130559325282,0.9340835986080824,0.9125948036553168,0.91507356039233,0.8617551832969623,0.8773351304279688,0.8762218279705656,High
2020-03-13,9955.2001953125,6182.0,25166.15625,11721.25,26208.0,13539.099609375,1903.3499755859373,7268.0,1573.25,235.8500061035156,-6027.58,5867.9,0.03806507612689369,-0.17925716679892,0.02462957868887905,-0.24796850442342255,0.04986406841767432,-0.18494513196414153,0.046082481001528786,-0.24143634739507291,0.00479239351301608,-0.16604749214430614,0.011524223618617269,-0.17841783525307908,0.057064312669760975,-0.28602513049802913,0.04687761765753007,-0.1360783367327525,0.10741560057965471,-0.3384563359738143,0.024099014234534977,-0.28203955524043955,0.0393347625919171,0.021917343381892627,0.013881086881348753,2.6030619893566413,-3.2399140438914404,100.0,0.9365022191946588,0.9739993252867396,0.9621686925803669,0.9047379057394517,0.8905741551779448,0.9261679618882872,0.883233067455295,0.8803794134877454,0.8789987536566867,High
2020-03-16,9197.400390625,5843.7001953125,23100.8828125,11017.4501953125,24707.650390625,12451.349609375,1730.5999755859375,6959.35009765625,1497.4000244140625,216.1499938964844,-3809.93,2614.54,-0.07612100106679087,-0.2358297296501266,-0.0547233588947752,-0.2857378513823131,-0.08206550960677594,-0.24622804999997772,-0.06004477378159323,-0.27729781063278813,-0.05724777203048692,-0.20134175011752298,-0.08034138394600476,-0.2374188161679257,-0.09076102777515704,-0.34170183731870085,-0.04246696509958037,-0.15511618083262568,-0.04821228386202925,-0.361926057562986,-0.08352771548534443,-0.33929390820995153,0.04444634527421827,0.025355681009468355,0.015932970448413398,3.295770012834386,-1.999828715448724,100.0,0.9415046138667895,0.980201878653536,0.9507540586294603,0.9317657368126318,0.9187466390444791,0.934474577073978,0.8717608778058932,0.8327591021108331,0.9073692775620917,High
2020-03-17,8967.0498046875,5803.85009765625,22154.892578125,10960.2998046875,24929.849609375,12099.25,1710.449951171875,6979.10009765625,1490.3499755859375,211.0,-4044.69,3422.12,-0.02504518409052825,-0.25037826991009204,-0.006819326167385453,-0.28228351548741415,-0.040950393197229706,-0.2814608193520842,-0.0051872610823614496,-0.261375586371534,0.008993134322246688,-0.189939692658873,-0.028278027717565157,-0.25054897859313163,-0.011643374955694341,-0.3341962042927695,0.002837908672916445,-0.14246921904098864,-0.004708193343915368,-0.3701105450731741,-0.02382601916218774,-0.36263401969386366,0.04264213111996678,0.02552660753880654,0.01608772941833408,3.330205891774305,-2.1311039084256196,100.0,0.930738770787171,0.9804257969619717,0.9479918439942506,0.8959110066309104,0.9205292725440626,0.9295448752882991,0.8603330971942735,0.8235233584015653,0.916347187800517,High
2020-03-18,8468.7998046875,5516.5,20579.9609375,10466.900390625,24186.5,11753.0,1664.199951171875,6705.75,1480.5,197.75,-5085.35,3636.44,-0.05556454027271507,-0.2766593904856913,-0.049510254886198646,-0.30943186858841865,-0.07108730656541462,-0.3145245572634171,-0.04501696329980709,-0.2781323546526664,-0.029817653175711833,-0.20531424434285994,-0.028617476289852672,-0.2681772791778436,-0.02703966869554586,-0.33722296997788304,-0.03916695474077636,-0.15836735704433913,-0.006609169488572597,-0.3336634179048684,-0.0627962085308057,-0.36209677419354835,0.04343678985522942,0.026819598888447302,0.016994173752853562,3.5906996475358595,-2.713029459300283,100.0,0.940004207382752,0.9815116510873545,0.946882634727735,0.8984868556122447,0.9129760337190727,0.9022681249783039,0.8659642881447619,0.7747728833265253,0.9483520737811871,High
2020-03-19,8263.4501953125,5180.5,20083.265625,10042.9501953125,23970.75,11340.0,1574.199951171875,6655.5,1438.8499755859375,191.1999969482422,-4622.93,4367.43,-0.024247781753128472,-0.31020940295726107,-0.06090818453729718,-0.3604952443088001,-0.02413490064477919,-0.34553079810102305,-0.04050389126586362,-0.3284014547149159,-0.00892026543733071,-0.22031128024980484,-0.0351399642644431,-0.3064580574762278,-0.054080040043640754,-0.3931965110641322,-0.007493568952018803,-0.1805993203954992,-0.02813240419727292,-0.35798583839429177,-0.03312264501521023,-0.3998744717973426,0.0431842601972155,0.026161599859669493,0.017123966528363597,3.4581352352979824,-2.454449314742539,100.0,0.9006524473429747,0.9807989562443927,0.9404408784084561,0.8936479115908409,0.9080996748952169,0.8928748216446081,0.8598330239134133,0.7773399700408965,0.9459823445925284,High
2020-03-20,8745.4501953125,5370.14990234375,20317.36328125,10910.099609375,25931.599609375,12363.4501953125,1692.8499755859375,6951.89990234375,1463.449951171875,196.3999938964844,-3345.95,2431.24,0.058329146858465686,-0.2765868640285509,0.03660841662846259,-0.33960306290689857,0.01165635413189925,-0.3446347950653237,0.08634409184536618,-0.2774361916317467,0.08180176295589425,-0.16172289483801183,0.09025133997464718,-0.24835626191422167,0.07537163517616441,-0.3648795536844681,0.04453458077435957,-0.14444474022922227,0.017096970499596242,-0.35027081574232344,0.02719663719267662,-0.39828432117320633,0.0545091744254357,0.02892511165923758,0.018333388529782436,4.014888819118068,-1.740376236161708,100.0,0.912159851061535,0.9360784602414427,0.9482448710876921,0.8964061531173338,0.9205667645355993,0.9121985142444551,0.8756497399882871,0.752660180795662,0.9464432429082182,High
2020-03-23,7610.25,4626.5,16917.453125,9850.5,23184.05078125,11179.599609375,1496.449951171875,6432.2998046875,1277.75,174.10000610351562,-2989.29,1082.24,-0.12980466070471242,-0.3730201658811413,-0.13847842534510835,-0.43178398144349517,-0.16734012721954072,-0.4595699588107631,-0.09712098397932967,-0.35316636068930607,-0.10595369624370121,-0.24571842442263492,-0.09575406276043774,-0.31711582004786665,-0.11601738325694433,-0.4434402785041841,-0.07474217191779087,-0.21823314584404008,-0.12689190431362107,-0.44830639534473105,-0.11354372956204029,-0.46636013454861114,0.06484782431661759,0.03607285118490777,0.02267249793037118,5.454915092120166,-1.5409359127371913,100.0,0.9436738648548821,0.9573590210131103,0.9413075458122875,0.9358121483967622,0.9259354611567776,0.914713453685776,0.8821542358825183,0.8151531671552129,0.9610206071265953,High
2020-03-24,7801.0498046875,4693.35009765625,17107.1015625,10024.0,23935.30078125,11865.0498046875,1502.4000244140625,6611.0498046875,1305.3499755859375,170.64999389648438,-2153.35,1553.66,0.02507142402516349,-0.3551971916365788,0.014449388880633407,-0.41803064741917695,0.011210223908925343,-0.45172333237267837,0.01761331912085673,-0.3400900021980765,0.032403741998683344,-0.22311946700692964,0.061312588935447554,-0.2796028255187504,0.00397612578858908,-0.4457724666695546,0.02778943852550797,-0.2074839377039761,0.021600450468352683,-0.4356951395729354,-0.019816267007940036,-0.46721823165729603,0.06270438042568434,0.036749445096852476,0.022875616389390233,5.591225740522297,-1.0734875194116422,100.0,0.9452127624334473,0.956582327912153,0.9419760238884402,0.9379534376219183,0.9197366427204373,0.9123885367281503,0.8882351687197239,0.8204598678013203,0.9431981948951572,High
2020-03-25,8317.849609375,4936.14990234375,18480.8359375,10558.5,24471.69921875,12233.349609375,1541.199951171875,6695.5498046875,1327.550048828125,175.10000610351562,-1893.36,737.98,0.06624746894667499,-0.308660631727133,0.05173272814417751,-0.37203503253676173,0.08030199446593134,-0.40495326630271145,0.053322027134876215,-0.29729459918139167,0.022410348731451757,-0.19839691025903994,0.031040729769376663,-0.2555143978040113,0.025825296943099207,-0.4137471914400982,0.012781631132182003,-0.18952340085489483,0.017006989433789643,-0.42039770476150173,0.026076837774342998,-0.44780825375842104,0.06896737283004578,0.039539591830407964,0.024049508501999363,6.153345357139714,-0.928103989755555,100.0,0.954910948337914,0.9625668535564464,0.9470051760941203,0.9223845858810362,0.9096226901852138,0.9046347477751132,0.8631295311878225,0.8078243411463858,0.9413006006737693,High
2020-03-26,8641.4501953125,5061.2998046875,19613.671875,10640.7001953125,25680.099609375,12535.599609375,1542.949951171875,6775.0,1335.1500244140625,185.8000030517578,-484.78,-769.93,0.038904356430389475,-0.2862965570807413,0.025353748330116055,-0.3587121956168894,0.06129787317690161,-0.3733698471351149,0.007785215259032974,-0.3014911225700688,0.049379504864914825,-0.15566401772383565,0.024707051596757346,-0.23806403882055815,0.0011354788836253071,-0.41813898324809085,0.011866119680997267,-0.1861520085420254,0.005724812855565142,-0.41782938812825443,0.06110791876224475,-0.4153555374810225,0.07117393793679597,0.04048035057045094,0.02446347861553169,6.342876228732467,-0.14044164811560217,100.0,0.9562245054401355,0.9621135275048751,0.9388308410672493,0.9270630749169936,0.9105957765029147,0.8950453460948334,0.8589079111437884,0.8035819008093884,0.930718965907603,High
2020-03-27,8660.25,4938.7001953125,19968.767578125,10626.2998046875,25740.44921875,12569.099609375,1554.8499755859375,6813.0498046875,1339.6500244140625,185.0500030517578,355.78,1703.72,0.0021755381634551707,-0.2902132690743714,-0.024222949460819265,-0.3775113669499721,0.018104499014160336,-0.365920606929544,-0.0013533311117386315,-0.30247077835059777,0.0023500535548144352,-0.16929447032958167,0.0026723891193003446,-0.2399912985014362,0.007712514851842434,-0.41727725078761824,0.005616207333948298,-0.17567952212175442,0.0033704077577161318,-0.404401456301406,-0.0040365984267022315,-0.4129124496029133,0.0673088944533495,0.04040777114231976,0.024455812218198276,6.32825394388101,0.32959019806202255,100.0,0.9504020052343726,0.9598380632647036,0.93908941489072,0.9274050746698557,0.9105512882121508,0.8939545260801928,0.8629202806512969,0.8080658142931534,0.9313866893179802,High
2020-03-30,8281.099609375,4669.14990234375,18782.181640625,10401.099609375,25831.55078125,12318.7998046875,1507.699951171875,6896.0,1295.449951171875,171.60000610351562,-4363.61,3550.33,-0.04378053643081892,-0.31980801553432703,-0.054579197422145564,-0.41008099155352207,-0.059422091666781585,-0.3985831005480903,-0.02119271989796101,-0.3153229912367317,0.0035392374750646827,-0.16777923048916943,-0.019913900952842067,-0.26115502397792467,-0.0303244847762848,-0.4313999488442728,0.012175192856425099,-0.17271496833848476,-0.032993746453682804,-0.4258520927459517,-0.07268304094261635,-0.4531548349940355,0.06911569783567788,0.04082246467516981,0.02480903931229623,6.411800578506331,-2.309440441668895,100.0,0.9510841345151155,0.9606384873131911,0.9344750120829537,0.9085389109908577,0.9073893142531971,0.8907381552240459,0.8336204632805847,0.8074723185783302,0.9272366905615703,High
2020-03-31,8597.75,4731.2998046875,19143.77734375,11124.150390625,27319.19921875,12763.650390625,1585.9000244140625,7176.5,1324.8499755859375,175.5,-3044.94,3576.23,0.03823772271336057,-0.2902311181890159,0.013310753272785858,-0.39514462855057586,0.01925206081187536,-0.3791430861705676,0.06951676345819058,-0.2607875057317355,0.05759036498032555,-0.10857760712799891,0.03611152003365037,-0.2330804470039507,0.05186713256931896,-0.39321244063457883,0.040675754060324865,-0.13865119582224372,0.02269483617446344,-0.40084569245589774,0.02272723635063123,-0.4344182826165849,0.06678629101027347,0.04182666333493704,0.025201507166546525,6.6141124350289315,-1.5720547766371924,100.0,0.9498331765504854,0.9581477294628717,0.9304125148168478,0.912251107259886,0.9114249652276781,0.8958831064966778,0.8422656549374413,0.8138468305900197,0.9301770730520449,High
2020-04-01,8253.7998046875,4657.5498046875,18208.138671875,10771.900390625,26358.80078125,12045.849609375,1553.550048828125,7026.7001953125,1283.0999755859375,172.10000610351562,,,-0.04000467509668226,-0.3147985240900635,-0.015587682675896497,-0.40061131141014095,-0.04887429764118445,-0.40652099665559716,-0.03166533961073226,-0.2729769783835996,-0.03515470676171395,-0.13523976025576345,-0.05623789114258648,-0.2764255618092871,-0.020398496177518988,-0.39940848256315664,-0.020873657728349482,-0.14359183533557107,-0.031513002052579786,-0.40199937828423293,-0.019373184595352533,-0.43702977026064627,0.04170776429144259,0.04215825156451367,0.025495983640127038,6.680916179162827,,,0.9419688097896566,0.9589024835049017,0.9321180605825965,0.9140347807123842,0.9104509220684625,0.8908178805221397,0.8467218690017391,0.8166773604812465,0.9233291182434278,
2020-04-03,8083.7998046875,4517.75,17249.099609375,10888.400390625,26537.75,11680.0498046875,1522.9000244140625,7361.60009765625,1232.300048828125,172.0500030517578,-878.38,764.13,-0.020596574186770744,-0.32592872172712106,-0.030015740153073844,-0.412691897779778,-0.0526709006221141,-0.43560571831804284,0.010815176131909965,-0.26379235230877174,0.006788974211501042,-0.12591482574654256,-0.030367289693107757,-0.3026315513284573,-0.019729022851360578,-0.4041978852830882,0.04766104900379298,-0.10205771037463818,-0.03959155773081069,-0.42096603838865343,-0.00029054648451165566,-0.43189698007484845,0.042949904679357505,0.04216624545707578,0.025491263162941064,6.682526676477627,-0.36053841057814273,100.0,0.9416994093380501,0.9546026057086072,0.9241963952853237,0.9103401488527851,0.9101356186670084,0.8907060203493953,0.8027426691125641,0.8157940364281431,0.9159482563100008,High
2020-04-07,8792.2001953125,4951.5498046875,19062.279296875,11667.75,28745.30078125,12588.9501953125,1637.0,8124.85009765625,1261.8499755859375,183.0,,,0.08763210467115035,-0.27492393042333685,0.09602120628354816,-0.3558834004194569,0.10511735270602318,-0.38185426108118237,0.07157613436460575,-0.2251049432395592,0.08318530324726092,-0.0677703654532188,0.07781648244857964,-0.24942911341108953,0.0749228273404472,-0.3682098110222227,0.10367990516667702,-0.030291309594768556,0.023979490048639862,-0.4124234840186827,0.06364427058422129,-0.40235142813688696,0.04837676761587617,0.04578262399647378,0.027264336763936907,7.411103884859572,,,0.9492364176300403,0.9616414668338273,0.931456021981078,0.924117438809263,0.9232389622496494,0.9034002225877095,0.8355413290377707,0.8024650731229853,0.9271329437437248,
2020-04-08,8748.75,5043.60009765625,18946.228515625,11685.150390625,28839.900390625,12491.5498046875,1624.8499755859375,8412.2001953125,1261.25,180.5,703.74,-665.69,-0.004941902407507137,-0.2758166616683332,0.018590198341862374,-0.34480830335028856,-0.006087980321903275,-0.38769541907855143,0.0014913235735252162,-0.2203480808483339,0.0032909591064953503,-0.05863477447060261,-0.007736974816316855,-0.2497297493235081,-0.007422128536385131,-0.37798833358754425,0.035366818366180164,0.005720777845520386,-0.00047547299405292787,-0.4184974165408696,-0.013661202185792365,-0.4106122448979592,0.04665819192148117,0.045777711032208665,0.027250450805015567,7.410114089750968,0.5241655778040593,100.0,0.9434869774902853,0.9622565652455124,0.9314047363934197,0.9252403049300557,0.9232872435916916,0.9049917107681542,0.8279166469444925,0.8042332702980821,0.9281958338847437,High
2020-04-09,9111.900390625,5568.4501953125,19913.3671875,11987.0,28953.19921875,12728.5498046875,1705.449951171875,8800.4501953125,1302.3499755859375,185.75,-1888.78,-456.88,0.04150883161880259,-0.22972423878336767,0.10406259169916088,-0.2504542781609246,0.0510465009475316,-0.3461325493832742,0.025831897689324812,-0.18051336084252445,0.003928544363552389,-0.03961842422285511,0.01897282592677696,-0.22678266042526007,0.049604564604109,-0.30942262563464595,0.04615320498629405,0.08439359095909982,0.03258670016724485,-0.382538400466798,0.02908587257617734,-0.3803169307756463,0.04890255646156883,0.046660008278527586,0.02764561385489481,7.587866959834398,-0.9255429044606402,100.0,0.9186751841802007,0.9645285328866653,0.9312086265538233,0.9109092860221042,0.9219749084579699,0.9136026966895056,0.8375740857970279,0.811445203852818,0.9312401379397759,High
2020-04-13,8993.849609375,5432.10009765625,19487.7734375,11830.650390625,28509.849609375,12603.099609375,1738.4000244140625,9044.349609375,1276.949951171875,176.6999969482422,-1243.74,-1096.89,-0.01295567073707915,-0.23767371213594846,-0.02448618428356042,-0.26254410838226305,-0.021372264469022295,-0.3596361704218264,-0.013043264317594061,-0.1816011711305774,-0.015312629392882027,-0.05512672346462266,-0.00985581211037101,-0.2390581367924528,0.019320457466105223,-0.29629406533779434,0.027714424677093286,0.13930923377405735,-0.019503224855235146,-0.3946957280716109,-0.048721416160203534,-0.4159642899435322,0.04463339389616274,0.04666037895365887,0.027661361495911963,7.587941638259077,-0.5648436776851393,100.0,0.9182177201170658,0.9646979419509064,0.9322042519273765,0.9100672593350118,0.9224888426105478,0.9052853545861211,0.838986680400121,0.811990226677043,0.9279795588640664,High
2020-04-15,8925.2998046875,5333.0,19056.830078125,11721.900390625,29686.94921875,12702.599609375,1752.9000244140625,9038.7998046875,1270.8499755859375,179.9499969482422,1359.31,-1097.86,-0.007621853562688519,-0.23574947084921005,-0.018243422594331093,-0.26012252367279454,-0.02211352470599559,-0.37119656488684905,-0.009192224975744123,-0.17391486576317705,0.0412874717160181,-0.009297395016490961,0.007894883249671913,-0.22223823359457517,0.008341003104212152,-0.2786419652617027,-0.0006136212029825838,0.1530257653188023,-0.004776988777312252,-0.3938519906554441,0.018392756401416133,-0.39512606067817757,0.04361371037611409,0.04665856797873352,0.02766485653111491,7.587576788440071,0.8907530640021479,100.0,0.9182630225284817,0.9650690300912063,0.9329762840711854,0.8935050857026459,0.9207140382822919,0.9032644657663471,0.8407795327065605,0.8122192968009743,0.9174525999489451,High
2020-04-16,8992.7998046875,5394.14990234375,19399.775390625,11978.75,29512.30078125,12463.599609375,1779.75,9199.2998046875,1289.0,181.3000030517578,-2920.36,1321.44,0.007562771164790316,-0.22697773154062806,0.011466323334661466,-0.24860530182893337,0.01799592645230441,-0.35733920806772246,0.021911942672744766,-0.1485743411037651,-0.0058830038820456565,-0.015639749233471445,-0.018815046317260053,-0.22700605562272047,0.01531745975924248,-0.26152985874073664,0.017756782257392745,0.16666137215135723,0.01428179939626184,-0.3709433709586215,0.007502117957267407,-0.37547361117681377,0.038647645569694564,0.0467388077254112,0.027686442315706994,7.603742366793886,-1.5023910198597958,100.0,0.9185015002827747,0.9644187130117534,0.9326785059989963,0.8898440945802669,0.9158099018335708,0.9033987005081968,0.8413879019601436,0.813185297646711,0.9186708493759319,High
2020-04-17,9266.75,5668.89990234375,20681.208984375,12281.150390625,29202.349609375,12649.25,1816.5,9157.75,1315.199951171875,187.8000030517578,-1391.98,534.24,0.03046328187687486,-0.17274086638248487,0.05093480992818189,-0.17889038275613556,0.06605404278903437,-0.29044697479784454,0.025244736773452958,-0.10034793124130104,-0.010502440123947299,-0.0036813193550038203,0.014895407141076289,-0.16852090898860905,0.020648967551622377,-0.1912468731728585,-0.004516626870485152,0.20866466492889435,0.020325796099204707,-0.32401317450891254,0.03585217810583474,-0.33060056594853815,0.03598992935969068,0.04688935726182967,0.02789902597846302,7.634072975100511,-0.6477378445231653,100.0,0.917474387904826,0.960605296530325,0.9326842107378474,0.8705027255280986,0.9168634556747415,0.9067720483745346,0.8229750664839753,0.8137086404192907,0.9188757620411564,High
2020-04-20,9261.849609375,5591.0,20522.412109375,12402.0498046875,28598.099609375,12847.650390625,1756.449951171875,9149.2001953125,1370.1500244140625,188.8999938964844,-265.89,-788.87,-0.0005288143766692954,-0.16805375047719562,-0.013741626009579622,-0.18461694357111058,-0.007678316829541898,-0.2890963596572743,0.009844306943329162,-0.075787780416818,-0.02069182816049886,-0.018559409380595415,0.015684755272051598,-0.16723220546712692,-0.0330581056031517,-0.2007417759741017,-0.0009336141178236668,0.21421083684851205,0.041780775001721615,-0.26240846122864525,0.005857246149369999,-0.3245127909196097,0.020616116400498458,0.04689671768342682,0.027899772582634326,7.635555849573231,-0.018040783442265014,100.0,0.9163116574477143,0.9605569997804365,0.9338163083582699,0.8647027428301638,0.9181425913989169,0.9012869532777451,0.8227707342222093,0.8069078884861497,0.9182431659702162,High
2020-04-21,8981.4501953125,5294.0498046875,19409.123046875,12090.5498046875,28480.599609375,12408.849609375,1666.5999755859375,9381.650390625,1317.199951171875,185.4499969482422,-2095.23,-68.46,-0.030274667144095657,-0.20541343231576714,-0.05311217945135038,-0.24226204566060316,-0.05424747620146608,-0.33477344007514553,-0.025116815760751532,-0.12789878356028828,-0.0041086646177525,-0.0314763428789131,-0.034154165774171075,-0.21079363900267545,-0.05115430446850533,-0.28187009562170096,0.025406613731284722,0.18446207041826068,-0.03864545655489904,-0.2998086405693673,-0.01826361598578341,-0.34735174755695586,0.024959076207123253,0.046953327337924164,0.02804741313538383,7.646960768497457,-1.04098745885696,100.0,0.9144538179261597,0.960016420868994,0.9355402841793645,0.8625466814591346,0.9183773557111674,0.9107692924819458,0.8105670285650718,0.8074913066832893,0.9158611283210576,High
2020-04-22,9187.2998046875,5426.85009765625,19701.62109375,12485.7998046875,29185.150390625,12571.2998046875,1673.300048828125,9377.0,1315.9000244140625,184.0500030517578,-1326.09,863.82,0.02291941778872575,-0.18342371303106386,0.025084821236695642,-0.21790354002757772,0.015070132028561334,-0.3124151061281183,0.03269082104494214,-0.1002295616582769,0.024737919528143637,-0.0013208301253261334,0.013091479099703651,-0.20757298087792075,0.004020204812394734,-0.2738358662626863,-0.0004956900365470363,0.15957982408820004,-0.0009868864303069769,-0.29476391703929217,-0.007549171849677072,-0.34513427843542377,0.02097703310055044,0.04726052829887077,0.028174662680858793,7.70885130791427,-0.6108928859899925,100.0,0.9156123901198467,0.9603573523665164,0.9361493660456904,0.864869256271011,0.920424675814595,0.9096082320246752,0.8029860030813443,0.805994750190683,0.9123631920291628,High
2020-04-23,9313.900390625,5464.75,20267.712890625,12438.7001953125,28786.25,13128.2001953125,1694.75,9388.900390625,1311.1500244140625,185.4499969482422,-114.58,338.27,0.01377995587701486,-0.17349362049649486,0.006983775424369787,-0.21412906705015278,0.028733259774982756,-0.2966266909450964,-0.003772254089587257,-0.09494931537276663,-0.013667923080263988,-0.025202756472122,0.04429934845856964,-0.17283655653594554,0.012818950902975912,-0.2582664386874054,0.001269104257758391,0.1525780003222441,-0.003609696718498867,-0.3069665376107087,0.007606595345128531,-0.3325535617258506,0.02035959779549303,0.047376951102861824,0.028222947512772715,7.732306540987829,0.06657009340785443,100.0,0.9156038818056136,0.9597359726952265,0.9346332282029807,0.8557725806419394,0.9133301075757073,0.9104191247016197,0.799080427459707,0.8070261223828419,0.9130735496336377,High
2020-04-24,9154.400390625,5377.25,19586.421875,12500.7998046875,28636.69921875,12816.2001953125,1645.199951171875,9518.4501953125,1262.5999755859375,177.6999969482422,-207.29,-993.98,-0.017124941572334906,-0.16698285829351422,-0.01601171142321245,-0.22012327773749096,-0.033614597725041606,-0.2954810102473785,0.004992451654908692,-0.0630911388584291,-0.005195215814842169,-0.010377744107889608,-0.023765633929881846,-0.18177928334583582,-0.029237379453090462,-0.24666879218857285,0.013798187146266683,0.18709083311502162,-0.03702859926332336,-0.29652332224398803,-0.04179024064456027,-0.34124190195276294,0.021632960629246484,0.04728813210046557,0.028256647753431053,7.714412534563407,0.014727687798346972,100.0,0.9179632251368831,0.9592408207009464,0.9319331501214005,0.8547916891314611,0.9140303679200915,0.9109903720967903,0.7944948302046787,0.80712473944762,0.9104363285609524,High
2020-04-27,9282.2998046875,5433.2001953125,20080.916015625,12581.9501953125,29052.55078125,13121.150390625,1666.5999755859375,9602.0498046875,1267.699951171875,180.10000610351562,-916.42,1141.97,0.013971358975458648,-0.11186489614133799,0.010404983088474484,-0.1807784390710998,0.02524678288769877,-0.24114981119213408,0.006491615888014612,0.008144867688741009,0.014521630419881637,0.035501605020227034,0.02379411921358998,-0.11671232754237637,0.013007552303183179,-0.17497094858973006,0.008782901382009545,0.23794384839734573,0.004039264758872507,-0.24914859507613463,0.013505960588015453,-0.30730766883263216,0.02195062698039789,0.046661123758529884,0.028298726966102538,7.588091691094476,-0.3818099574380895,100.0,0.9182081618985031,0.9592033207495245,0.9320391318747252,0.8520089251527111,0.9108685316504831,0.9110009637622791,0.7859175512129388,0.8009732180785684,0.9114524925362745,High
2020-04-28,9380.900390625,5447.10009765625,20670.859375,12547.7001953125,28778.150390625,13133.650390625,1661.6500244140625,9386.2001953125,1283.5999755859375,181.5,-122.15,389.0,0.010622430648890235,-0.10302722785081742,0.00255832692411051,-0.17071760678896353,0.0293783091825075,-0.21959922711161728,-0.0027221535189958512,0.012017388730500178,-0.009444967248868674,0.024908530138449958,0.0009526603710701131,-0.10542250458534841,-0.002970089550214161,-0.16371822881897713,-0.022479534449990846,0.2312919941229845,0.01254241936300815,-0.2153794346419582,0.007773425036308401,-0.28893241919686585,0.01918247432745215,0.04672251073107093,0.028303822085153647,7.600459077029805,0.06233703321516786,100.0,0.9184869339297708,0.9575811097093041,0.9307443604466155,0.8470495878905643,0.9115065180240948,0.9117684687665915,0.7759281209034758,0.8064880740962834,0.9124867120373732,High
2020-04-29,9553.349609375,5543.75,21089.953125,12611.5498046875,28665.0,13424.9501953125,1723.800048828125,9385.4501953125,1315.5999755859375,183.1499938964844,722.08,786.4,0.018383013524196468,-0.0038373518402772255,0.017743368142864924,-0.08115654693360197,0.020274616666729584,-0.12018411669241136,0.005088550760788291,0.12553877009379089,-0.0039318159467907066,0.09899168040486139,0.022179652725904386,0.002995968360332668,0.03740259591424988,-0.04265240908537771,-7.990453904604955e-05,0.35187365728015263,0.024929885173449406,-0.07394505826405218,0.009090875462723913,-0.20473299405331258,0.02009208308847721,0.04430478017457287,0.028388486349108483,7.113368646566652,0.5344211027622986,100.0,0.9113137358586265,0.9543158277714826,0.9235350547631179,0.8221390073975439,0.900986748623542,0.8983406974699281,0.7393254908554128,0.7898974200581331,0.9023452116134832,High
2020-04-30,9859.900390625,5901.39990234375,21534.25,13154.7001953125,28669.30078125,14108.400390625,1859.9000244140625,9327.099609375,1326.050048828125,187.3000030517578,1968.8,579.03,0.03208830345213909,-0.009572866724706586,0.06451407483089056,-0.04538985727212064,0.021066754978859237,-0.14431708258983733,0.0430676958055638,0.12229499373467001,0.00015003597592877504,0.09391410184867222,0.05090895574056842,0.042048644125181944,0.07895345848171953,-0.022828146021069418,-0.006217132340294418,0.28331034801527233,0.007943199632193032,-0.15712693543421263,0.022659073401984253,-0.2058511842075127,0.015300106222195985,0.044144776172360574,0.028593236427968474,7.081133285143126,1.2315731243509636,100.0,0.908140426515704,0.9525023687691615,0.9225550320488335,0.8218497680154297,0.9055196962255674,0.8841511689463288,0.7102522917142876,0.8427149964918316,0.9020228876950626,High
2020-05-04,9293.5,5476.2001953125,19743.521484375,12726.650390625,27599.0,13454.25,1713.800048828125,9364.599609375,1246.199951171875,174.3000030517578,,,-0.05744483901313502,0.010448562125549676,-0.07205065138229005,-0.06288823651404785,-0.08315722700465533,-0.14533476297747006,-0.032539685308832,0.15513573149980742,-0.03733264335312936,0.11702244299490672,-0.046366021130197166,0.08054551691889578,-0.07855259619772537,-0.009707573670873604,0.0040205424591270855,0.34561409872579674,-0.060216503688391154,-0.16775749241788807,-0.06940736672816616,-0.1936155078716718,0.03008204806013033,0.04314528073883294,0.029176164566085468,6.879768968654487,,,0.9152446490623264,0.9533668058315545,0.9159039919482697,0.8123567786060196,0.8994229529125349,0.8773245242692324,0.6659951991444747,0.8444301533313885,0.8971290360682265,
2020-05-05,9205.599609375,5451.89990234375,19271.525390625,12897.900390625,27138.599609375,13388.0498046875,1693.6500244140625,9181.5,1205.3499755859375,169.3000030517578,-323.86,-58.21,-0.009458265521601117,0.026602930716722373,-0.004437436927442917,-0.060640814182059355,-0.023906378308628295,-0.13014584373778193,0.013456015113462172,0.1767835388142236,-0.01668177798561543,0.08859860908143569,-0.004920392835906839,0.10651898296898565,-0.011757511868342396,-0.009821934132771548,-0.019552315850396518,0.3155707571930899,-0.03277963182996746,-0.1912302510609637,-0.02868617276223029,-0.19763031729024738,0.029851814357439582,0.04291073155334107,0.029178557599676302,6.832515289612808,-0.050456965657593986,100.0,0.9184893211903695,0.9526823291976051,0.9135900713619679,0.8205258273395202,0.8983525527736974,0.8786268748278833,0.6634748207564681,0.8477330945746617,0.8957730111587303,High
2020-05-06,9270.900390625,5552.39990234375,19694.322265625,12912.400390625,26630.19921875,13394.7001953125,1697.949951171875,9227.150390625,1194.75,171.0,97.61,47.29,0.007093593467121684,0.09471242731390772,0.018433940791318548,0.006507731776262071,0.02193894185489209,-0.04303403075276124,0.0011242139852885025,0.23364127953203662,-0.018733479175151446,0.10103566943336162,0.0004967408040768007,0.13968350168573984,0.002538852003559633,0.020280015016365338,0.004971997018460961,0.37600572503075713,-0.008794106110787236,-0.19300911854103342,0.010041328515053127,-0.1352718078381795,0.029103462262768498,0.04152562556264988,0.029194436305733422,6.553463568390371,0.18522439225675302,100.0,0.9158534501428777,0.9480885616166996,0.9065074091867213,0.808064881579069,0.8983800401477132,0.8832488992413734,0.6362275392896437,0.8755454359765198,0.8871514287477554,High
2020-05-07,9199.0498046875,5519.0,19491.57421875,12829.400390625,26254.55078125,13292.7001953125,1695.550048828125,9148.099609375,1195.4000244140625,170.64999389648438,,,-0.007750119504051356,0.11322142534431023,-0.006015399274402311,0.06534118328346694,-0.010294746076582761,-0.029461912086321873,-0.006427929547496158,0.2774533519655471,-0.014106106920729,0.09527448165993979,-0.0076149520715436125,0.17219578441909178,-0.0014134117098644206,0.07708683866106969,-0.008567193326589506,0.37451725781308687,0.0005440673061833934,-0.16919759203716556,-0.0020468193188047934,-0.10747909717446646,0.028792966889382644,0.04124869017590716,0.02919855098825706,6.497670512221873,,,0.919184273526131,0.9483705256541732,0.9107474608156128,0.8084628470751511,0.8980410633067716,0.8851893329189112,0.6318962764637961,0.8698786173954876,0.8834889383516084,
2020-05-08,9251.5,5447.75,19352.67578125,12896.7001953125,26759.80078125,13403.599609375,1676.550048828125,9343.349609375,1171.9000244140625,169.5500030517578,-60.18,-425.98,0.0057016970693835045,0.05786435156405556,-0.012909947454249004,0.014450266578663218,-0.007126075910604768,-0.047480939659639176,0.005245748253104532,0.18208821707094436,0.01924428279918744,0.031937912984572714,0.008342880861903934,0.08413099884180109,-0.01120580310391417,-0.009628689483940023,0.021343230653053658,0.34399944484600553,-0.01965869124983388,-0.19922097542478334,-0.00644588856764805,-0.13671075193046234,0.028522895314341618,0.03997657326439009,0.029211855161695388,6.241382245373885,0.09698997114657955,100.0,0.920634616177474,0.9685654905597058,0.9163384359807327,0.7967919803173433,0.9008268755288885,0.8759641553092266,0.6119031310104471,0.8690836029634552,0.8832232203014,High
2020-05-11,9239.2001953125,5679.7001953125,18950.279296875,12920.150390625,26667.80078125,13593.5498046875,1697.9000244140625,9307.2998046875,1164.550048828125,171.10000610351562,5368.31,-2208.18,-0.0013294930214019507,0.21404687038040793,0.04257724662704776,0.22764513029557976,-0.020792808649482186,0.12016147802241961,0.0018183097193360531,0.31162381509821846,-0.0034379927097387686,0.15026494001718915,0.014171580832632591,0.2159245661435143,0.012734469573909113,0.13461865068352696,-0.003858338411240503,0.4469629972634144,-0.006271845236638152,-0.08859319207346894,0.009141863897723645,-0.017231475559031706,0.027158555407736283,0.03121788732442374,0.029208129514716102,4.476805091264032,3.132541480446064,84.92641221249198,0.8622531587148766,0.9500482677609692,0.866317709951693,0.6751812481078525,0.8588167881380894,0.813074396032271,0.41964335760703503,0.7765219149032393,0.8233687727552688,High
2020-05-12,9196.5498046875,5708.9501953125,18862.630859375,12664.400390625,26857.150390625,13687.75,1717.550048828125,9246.650390625,1166.800048828125,172.4499969482422,,,-0.004616242718351149,0.1788861800576469,0.005149919713040463,0.21639129332444584,-0.004625179192712658,0.10261991433564921,-0.01979466122821405,0.26340786019802476,0.007100308380439513,0.12207281772134082,0.006929771595055811,0.1536192620609489,0.011573133948710401,0.143204220525736,-0.006516327542382849,0.39866597042859264,0.0019320766868407002,-0.10614006155370026,0.007890068945467066,0.01054792332925425,0.021979444281611974,0.031093991177565363,0.02917879344545195,4.451844233924583,,,0.8632130761096334,0.9528537421110563,0.8599487808104123,0.6677008368842507,0.8752769165227119,0.8138953296658346,0.41641531888839545,0.7692580588819885,0.8419939978182023,
2020-05-13,9383.5498046875,5844.60009765625,19634.720703125,12911.4501953125,26746.5,13776.9501953125,1760.5999755859375,9147.75,1238.050048828125,178.39999389648438,-283.43,232.65,0.02033371253039773,0.12812208026836114,0.023760918855997293,0.1840402364768452,0.040932245851922566,0.062436827507549086,0.01950742214928569,0.22284890801842128,-0.004119960197401462,0.09295638855789257,0.0065167902184435356,0.1261797165311589,0.025064729139733233,0.1423566255937383,-0.010695807286633552,0.3662432909685378,0.06106444722174964,-0.0674174205929221,0.03450273733566944,0.018846303129297803,0.01044568994839725,0.02908975500334947,0.02927792264717691,4.04805885005506,-0.027848957257287792,98.74379994420445,0.8655113768224056,0.9456541140070474,0.8434325508252949,0.6619977993677125,0.8833876357909364,0.8363257483880097,0.41961094905031987,0.7369722411954128,0.8540828163056817,High
2020-05-14,9142.75,5804.0498046875,19068.279296875,12485.9501953125,26933.650390625,13293.75,1715.050048828125,9172.2001953125,1205.9000244140625,175.1999969482422,-2152.52,802.36,-0.025661909373274727,0.05801107376160397,-0.0069380782758791115,0.1467508404287976,-0.028848966828432965,-0.027806755491824542,-0.03295524465210564,0.17341433985828103,0.006997191805469871,0.0488140934154464,-0.035073088634442806,0.06047978670745047,-0.025871820623337927,0.11153965008750899,0.002672809741466553,0.3538302871309964,-0.025968275228044346,-0.09680560059662358,-0.017937203238353017,-0.05705062394731397,0.014331904855811298,0.028838728900546555,0.029375642915175398,3.9974856328935653,-1.073023392600555,100.0,0.8653494095332398,0.9433965610467424,0.8666778359909392,0.620849060899314,0.8869272513878006,0.8672803788244523,0.43123151982159336,0.7520551273121282,0.8505050725331973,High
2020-05-15,9136.849609375,5745.7001953125,18833.73046875,12615.4501953125,26958.650390625,13196.349609375,1742.5999755859375,9093.0,1186.0999755859375,172.5,-2388.04,1225.53,-0.0006453627874545287,0.05503300821281143,-0.010053257869681809,0.16340331829940857,-0.012300471609068553,-0.05684061897832837,0.010371657581063953,0.1871912544522356,0.0009282068949962863,0.04732633690742394,-0.00732678067700987,0.049904131520458916,0.01606362845016518,0.1207511997607662,-0.00863480883823009,0.33464458071976133,-0.016419312071699887,-0.11461952452491075,-0.01541094175383928,-0.06781952361409915,0.013905573710500975,0.028843677778050233,0.029373577388500327,3.9984826632975934,-1.204723569163506,100.0,0.872793348488604,0.9464254392911972,0.866614983574693,0.6208618810036992,0.8862650526632475,0.8643122766794923,0.42992552544199203,0.7514149521460832,0.8489377829119937,High
2020-05-18,8823.25,5430.0498046875,17572.994140625,12214.5498046875,26694.650390625,13314.400390625,1673.5,9092.650390625,1116.050048828125,163.3000030517578,-2512.82,-152.42,-0.034322509703259896,0.06546840591208847,-0.05493680141586854,0.1629632627476374,-0.06694034037584251,-0.06437950197353981,-0.0317785243029981,0.1743517765831175,-0.009792775089802253,0.03341261299733844,0.00894571489422602,0.08081960919266318,-0.03965337802940294,0.10996886263692929,-3.844818816667317e-05,0.3185397898238109,-0.059059040721426204,-0.13848462627325997,-0.053333315641983736,-0.04836831443205736,0.01857976253941676,0.02837176402835625,0.029536982109033355,3.9034081022129743,-1.274499163726707,100.0,0.8695208924263325,0.9446216923626161,0.8720384375299887,0.653721374968508,0.8559997005722257,0.8699070620185276,0.4581064520261548,0.7571208787841538,0.8466181300923937,High
2020-05-19,8879.099609375,5486.14990234375,17486.046875,12247.7001953125,26895.75,13446.599609375,1693.550048828125,9084.599609375,1087.199951171875,162.14999389648438,-1328.31,1659.74,0.00632982284022332,0.032723632272978476,0.010331414936161742,0.1595439157984424,-0.00494777753462039,-0.08659369773182257,0.00271400838795377,0.10100095425124644,0.007533329953091528,-0.01550005969645607,0.009929040352660845,0.053507358619884426,0.01198090757581416,0.0678794518928365,-0.0008854163422252759,0.2658816427750297,-0.02585018269256223,-0.17937881933307787,-0.007042309453655915,-0.07606841084624283,0.018645919621362982,0.02757268870424881,0.02955378363987039,3.7424216173683846,-0.6121342854124184,98.58186512089513,0.8869120412851497,0.9524112026202561,0.8827556570201518,0.6291086609909975,0.8484696554676022,0.8616439750627385,0.42379299400721643,0.7365719164544506,0.8414570556032797,High
2020-05-20,9066.5498046875,5603.7998046875,17839.9921875,12508.5,27290.349609375,13517.400390625,1711.5,9456.7998046875,1092.449951171875,165.75,-1466.52,2373.19,0.021111396826158035,0.09846979806057599,0.021444893857801572,0.20316476252120053,0.020241585478421698,-0.02021878737905558,0.021293777650380097,0.16121571369954335,0.014671448439809165,0.03534109293726462,0.005265329771597882,0.12216247329741914,0.010599008387319753,0.10167033324161001,0.04097045674180322,0.34583795264185535,0.004828918539171223,-0.14858547895069574,0.022201703601751888,-0.03689718697450939,0.021267763054590674,0.02664743977784985,0.029613148371948884,3.5560154454176014,-0.689419787292367,96.80870406876542,0.8988273309486061,0.9518393821809039,0.8746210917300228,0.6014382858445642,0.8300935291270742,0.8647643621204671,0.4023756840393116,0.7297588947475351,0.8517173740711731,High
2020-05-21,9106.25,5749.89990234375,17734.892578125,12502.599609375,27887.099609375,13647.900390625,1742.9000244140625,9520.5498046875,1099.6500244140625,165.5,-258.73,401.78,0.004378754451001221,0.12648138499417305,0.026071612610792938,0.27273530017016223,-0.0058912362892535874,0.028163381263446752,-0.0004717104868688926,0.148249436174283,0.021866704111221713,0.05084642101817227,0.009654223166349896,0.16847963997103443,0.0183464939608895,0.1444612229779465,0.00674118108838484,0.29327179939027204,0.006590757988010232,-0.1076442580199588,-0.0015082956259426794,-0.03807034545525334,0.021389687512757567,0.026256765933830643,0.029611430807954062,3.477307960688766,-0.014036990710476946,91.81191747252807,0.8924755664932033,0.9523610414097057,0.8957137166410603,0.6101458022091,0.8250569733700552,0.8597403813588442,0.47524120957242333,0.7184218383009711,0.8650462838397669,High
2020-05-22,9039.25,5767.0,17278.69921875,12463.5498046875,27786.099609375,13842.650390625,1710.449951171875,9600.650390625,1090.1500244140625,163.5500030517578,-1353.9,-344.16,-0.0073575840768702605,0.028098746525268226,0.002973981799105685,0.16468585139556402,-0.02572292768988571,-0.0935659398515577,-0.003123334818961876,0.06820507850163904,-0.003621746306168294,-0.033368973216681974,0.014269594181224976,0.09958735048291123,-0.018618436392010884,0.0448686323591172,0.008413441196228222,0.18164031031101358,-0.008639112253066128,-0.1360700198073439,-0.011782458901765436,-0.10628413632919231,0.019188457558287467,0.021078913692158134,0.029615523414530606,2.434146939088429,-0.6264439301060577,82.9684268496975,0.8772666458090919,0.938939070840755,0.8461537134155364,0.33643383442600416,0.7296713678670402,0.8452230584114432,0.062409016780018964,0.7698886432350084,0.8408180047270817,High
2020-05-26,9029.0498046875,5854.2998046875,17440.146484375,12519.5498046875,28122.30078125,13574.9501953125,1756.3499755859375,9483.5,1090.25,165.5,4716.13,2841.09,-0.0011284338094974533,0.03203884037005289,0.01513781943601522,0.16073830028831604,0.009343716421072124,-0.07949244515909493,0.004493101955507006,0.0714068185833483,0.012099617312304023,-0.024882180578136515,-0.01933879623903534,0.08673066253303885,0.026835058449161453,0.08093054865116378,-0.012202338993553719,0.1273507263039766,9.170809860892248e-05,-0.135579781962339,0.011922940457696596,-0.08310249307479223,0.016928547711890295,0.021052451223355157,0.029549915783185565,2.4288156521566755,2.767849644717355,62.538689957575976,0.8820625213170175,0.9358596008518345,0.846165138774429,0.33292357838562237,0.7187648546056068,0.8323252499123248,0.08852121945014178,0.7716181828982555,0.8330810370631182,High
2020-05-27,9314.9501953125,5896.9501953125,18710.333984375,12715.9501953125,28222.400390625,13952.900390625,1801.25,9463.7001953125,1127.300048828125,168.39999389648438,-334.74,2408.85,0.03166450477176164,0.022284023747275894,0.007285310292932001,0.05899307499895223,0.0728312403303486,-0.06041334907338858,0.015687496250980537,0.06081172898243925,0.0035594388294766244,-0.025240693527633917,0.027841737161069524,0.09618932279988512,0.025564394931644197,0.056172887842470764,-0.0020878161741445522,0.07536546259341081,0.03398307620098606,-0.13441081893448503,0.01752262173102337,-0.09340514725984184,0.02113426702414456,0.020472310881377645,0.029767265409706437,2.3119371157360704,-0.05654094120533901,78.08249103606488,0.8474014747387983,0.9307730057322261,0.8371784908366381,0.3364142426436321,0.7383053917500882,0.8157109843920904,-0.12644814492763937,0.7714671806793044,0.8260699857526599,High
2020-05-28,9490.099609375,6112.2998046875,19169.578125,12845.0,28451.599609375,14028.599609375,1844.5,9464.5,1122.949951171875,172.6999969482422,2354.14,144.83,0.018803043536468778,0.05517659529048813,0.0365188109518344,0.1252185517208586,0.0245449461783267,-0.0163279460078134,0.010148656034770553,0.08573912472122447,0.00812118089098246,-0.0020431535345891705,0.005425339293675613,0.11310709620509707,0.024011103400416456,0.061033119015112325,8.451289358224479e-05,0.046454461489357834,-0.0038588640715239153,-0.12059987148178519,0.025534460852777885,-0.022637238647896796,0.013774610441662135,0.020549992315073057,0.02983952341510986,2.327587281084727,1.4470509862597936,69.24874145545796,0.8486037953427903,0.9311993048826086,0.8333681237696395,0.33129215537420853,0.7277922972583653,0.844653248503703,-0.09067901651977983,0.7594043516365568,0.8433879187238873,High
2020-05-29,9580.2998046875,6218.7998046875,19297.025390625,13060.5,29296.94921875,14010.5,1879.8499755859373,9768.599609375,1129.8499755859375,180.10000610351562,1460.71,967.43,0.009504662651105722,0.07338689056204006,0.017423883546799468,0.16609784449418719,0.0066484126460137905,0.012604158798462217,0.01677695601401319,0.11419646684982854,0.029711848225800752,-0.013137085832776618,-0.0012901935958671285,0.10296320681159776,0.019165072152852902,0.07242281328298228,0.03213055199693593,0.08074078643815374,0.00614455204068709,-0.11094936672992473,0.04284892464411105,0.0008336157700330471,0.013664590724122716,0.02051138639259944,0.029861426569882256,2.3198095014865983,0.9474548214048452,72.15298508941011,0.8486989781842597,0.9305449790160212,0.8314731563141613,0.42335685348075464,0.7294846711200876,0.8522146181424984,-0.0609618819939202,0.7628984980587277,0.8428257124233821,High
2020-06-01,9826.150390625,6419.5,19959.66796875,13345.599609375,29571.30078125,14307.099609375,1952.5,9802.099609375,1215.4000244140625,185.6000061035156,-103.84,-23.7,0.025662097319460564,0.09266864647683093,0.03227313977227886,0.19008557719368113,0.03433910484705738,0.028860776315769554,0.021829149678419757,0.1141061971720756,0.009364509609909089,0.0019991663963212503,0.02116980902715815,0.14791072064071575,0.038646714023770956,0.09706419440932712,0.0034293554183395525,0.0655267050194781,0.07571806051839669,-0.057098507048826574,0.030538588637463837,0.023717611579577413,0.014318608733299262,0.020925341687027553,0.0300073145462772,2.40320740619255,0.07257578250553656,78.40303417927738,0.8529498418469967,0.9333595600534041,0.8443131172314806,0.43994581231886665,0.7595815087042594,0.8585572537877758,-0.06690482205811894,0.7539679304943211,0.849272194414999,High
2020-06-02,9979.099609375,6471.2998046875,20529.9609375,13479.900390625,29359.849609375,14422.400390625,1956.0999755859373,9833.599609375,1221.8499755859375,194.75,-560.36,304.01,0.015565527970742954,0.07687156871341094,0.008069133840252318,0.14154420013872637,0.02857226731641438,-0.0073133077949780745,0.010063300651973472,0.0976089341691544,-0.007150553620863143,0.005393401630580996,0.008058990598936333,0.1401783023202956,0.001843777508802713,0.07685107381554479,0.0032135972144042846,0.07380083638175305,0.005306854568301045,-0.07097778212564587,0.049299534458965066,0.037007437887670136,0.013992803824935425,0.020426168978422615,0.030063330096593375,2.3026410925244067,-0.18270514737098537,78.72792399451879,0.8389507238167925,0.9332292788181213,0.8361447446321395,0.47579205206192743,0.7620263826433282,0.8569006116396471,-0.04429973329951455,0.7497720878736798,0.8243139942840626,High
2020-06-03,10061.5498046875,6498.64990234375,20940.455078125,13519.5498046875,29527.0,14361.7001953125,1952.699951171875,9864.0498046875,1284.449951171875,200.8500061035156,-3594.84,2543.78,0.008262288035990828,0.08634346583462449,0.004226368501184075,0.16234124527700766,0.019994881718220503,0.020370069878824282,0.0029413729266185573,0.09010607259274406,0.005693162357739867,0.032481192922360735,-0.004208744291411937,0.11784643562470465,-0.001738164948876797,0.11173105152758,0.0030965461806549133,0.07813246995526946,0.051233765876958604,-0.0625479485568281,0.03132223929918143,0.0632610513136369,0.011107829303826651,0.020441665069276506,0.030082011610418905,2.3057630274911594,-1.8795527687056657,88.9464729421279,0.8406642029032675,0.9320905781284511,0.8394946064884955,0.48713384477276606,0.7625130355579741,0.8692585994797963,-0.04536435391998498,0.7604719093504809,0.817939689731028,High
2020-06-04,10029.099609375,6511.35009765625,20390.212890625,13704.599609375,29621.55078125,14627.4501953125,1972.9000244140625,10077.849609375,1297.9000244140625,197.3500061035156,,,-0.003225168681009971,0.1166459080972555,0.0019542821206477434,0.22993744635551372,-0.026276515264216926,0.050547870781207704,0.013687571506511231,0.1334968079004757,0.003202180419615841,0.040060644351723296,0.018504076563771843,0.1787918022845023,0.010344688762891963,0.18378738348441237,0.021674647727944363,0.07420860826850961,0.010471465415928582,-0.014652237680878977,-0.01742593922648994,0.06416828984146394,0.0116454761547276,0.019499638758456558,0.030068694517627975,2.115976783522963,,,0.8227756233827617,0.9213324519019153,0.8102552580117305,0.4877430346935584,0.7201692375766878,0.850089811031085,0.03576549949658527,0.7373493080009994,0.8212814921662847,
2020-06-05,10142.150390625,6628.75,21034.255859375,13925.400390625,29542.0,14627.4501953125,2049.699951171875,10081.2998046875,1386.75,202.0,-493.68,322.47,0.011272276241460544,0.1039315801417866,0.018030039943023102,0.22147283980864452,0.03158588741592383,0.06764086870230979,0.01611143612681354,0.11529902837277883,-0.002685571118050789,0.012227095101405627,0.0,0.1635590927406183,0.03892742957445172,0.224944655088821,0.00034235431627105406,0.07510928918497384,0.06845671770909223,0.053841457763848855,0.023562167482504837,0.09752782749584821,0.009107631335449808,0.01922125374386902,0.030098405449993107,2.0598916766753486,-0.14541842958388626,75.59121069760751,0.820833474818342,0.9230416647273522,0.8063369367864547,0.4556955823552042,0.7147222578313212,0.861746022953934,0.041751915150119244,0.7209636319433282,0.8506564182139823,High
2020-06-08,10167.4501953125,6610.5498046875,21187.103515625,14140.5498046875,29502.150390625,14894.599609375,2044.8499755859373,9939.099609375,1370.5999755859375,202.6499938964844,637.43,-468.0,0.002494520758722585,0.09164257388308017,-0.0027456451536865822,0.20967103795919306,0.007266606305061041,0.04536232726215861,0.01545014204455808,0.1368189266283899,-0.0013489137287590047,0.02486952592383518,0.018263566820969857,0.13455000592489474,-0.002366188077023157,0.20657912706059145,-0.014105343365185985,0.05860102843346637,-0.011645952344735866,0.045341837367880444,0.003217791566754391,0.09274735632938635,0.009240911378393425,0.019122946864915173,0.030098931541744277,2.0400861860021133,0.4870857599206978,71.55851967250118,0.8235380276712368,0.9223577012331464,0.8150548235004489,0.4873829677021152,0.7240510231897264,0.8617898982992692,0.04398683338385046,0.7267584928209403,0.8524739981406078,High
2020-06-09,10046.650390625,6577.7001953125,20724.66015625,13894.900390625,29524.900390625,14737.849609375,2022.5,10122.0498046875,1347.9000244140625,202.6499938964844,,,-0.011881032349997822,0.09746678776621476,-0.004969270385302371,0.22324611935701344,-0.021826643695489478,0.058113640588066895,-0.017371984643841043,0.11152091127919239,0.0007711302294504119,0.031016185388204498,-0.010523948552557116,0.14993909152303497,-0.010929885249666316,0.2293338560819762,0.01840711960869501,0.06341364371189884,-0.016562054265447324,0.06755904520633282,0.0,0.14040516250267165,0.012401152976379191,0.018954873798993035,0.03010782243366854,2.0062251828356334,,,0.8188314552543382,0.9207439512962964,0.8361878691831759,0.47682786081333256,0.717147668955778,0.8579281833256168,0.04283787182316418,0.7185020109572261,0.84372253957174,
2020-06-10,10116.150390625,6502.64990234375,21099.853515625,13954.2998046875,29503.19921875,14842.0498046875,2010.800048828125,10149.25,1395.050048828125,206.6000061035156,1101.76,-934.84,0.006917728526201428,0.0898323264150993,-0.011409807492021806,0.1968360576799506,0.01810371588949078,0.05074158465715217,0.004274907512296977,0.10907288521029757,-0.0007350125347718173,0.015511492980190944,0.007070244172271645,0.13115461395001415,-0.005784895511433907,0.20652830810295364,0.002687222038751935,0.05698785222352942,0.03498035726689652,0.10045760239915302,0.01949179534172063,0.14714047252596218,0.009307003950052578,0.018861207957558756,0.030111791232131445,1.987354703285588,0.7467339553328712,69.36785270742983,0.8085678641423072,0.9188224738225766,0.8376837369685106,0.4665387983363314,0.7143436410552683,0.8523985905921524,0.03400930701336922,0.7162604253779375,0.8421693485383231,High
2020-06-11,9902.0,6373.60009765625,20524.912109375,13745.7001953125,29092.44921875,14619.4501953125,1954.8499755859373,9933.400390625,1340.8499755859375,202.3000030517578,4869.87,-2938.66,-0.021169158460066062,0.05554899718323103,-0.019845725454323837,0.17009050382581536,-0.027248597049464807,-0.007060532074516179,-0.014948769361034286,0.09547566337674707,-0.01392221897545809,0.010921439489988582,-0.014997902062334867,0.11312923372378525,-0.02782478211833883,0.17645108588691172,-0.02126754286030985,0.05829837249644143,-0.038851705204208886,0.04460112269312444,-0.02081317969372809,0.11460056777827998,0.011842216976121827,0.019308624724536597,0.030167743561744412,2.0774939559984014,2.853819350664995,57.80701136799085,0.820222385034133,0.9222687751605835,0.8538723321106367,0.5078473673966525,0.7312707215714479,0.8685724155507415,0.12951263354343906,0.7302633458881895,0.8484091615172916,Medium
2020-06-12,9972.900390625,6559.39990234375,20654.310546875,13855.75,29145.599609375,14402.75,1966.0999755859373,9982.7998046875,1352.050048828125,204.6499938964844,,,0.00716020911179549,0.04391661547048176,0.029151468846597917,0.183206295800451,0.0063044575689508164,-0.020656403337785956,0.008006125779247641,0.09865561446302595,0.001826947955648306,0.01676607742455949,-0.014822732210680645,0.07283452008849256,0.005754917328951503,0.14056150359348973,0.004973061803601686,0.063646345880493,0.008352965243030308,0.0277060458487417,0.011616365839230092,0.11739012130216997,0.011704348814054586,0.019087436116700697,0.030180123716033555,2.0329319786867575,,,0.816533757985671,0.9216421576792897,0.8622929752166344,0.5257493603875754,0.7007285389050807,0.8641299910524688,0.13761728335952852,0.7253863197730166,0.8545947653098668,
2020-06-15,9813.7001953125,6443.0,19912.66796875,13815.4501953125,28701.80078125,14396.7001953125,1928.550048828125,9989.0498046875,1371.5,198.5,-2960.33,1076.38,-0.015963279394844432,-0.00468566552218197,-0.017745510881591264,0.0917748511571217,-0.03590739939935739,-0.07530246148577269,-0.002908525679771956,0.05022919490293276,-0.015226958239769606,0.0011336167647748585,-0.00042004510857296395,0.02043462027623444,-0.01909868634560241,0.036910599232714114,0.0006260768644348325,0.07097063642883694,0.014385526030440188,0.034274687604770815,-0.030051278181787655,0.059797099656998975,0.012990460704098919,0.018447200864973246,0.030206061450695005,1.9039463630136406,-1.5247418013527523,81.9958071642802,0.8024601390477158,0.9355825425829438,0.8475398041214225,0.5685495671118042,0.6591965371893405,0.8674522560330846,0.1828786509311484,0.7256806397131101,0.8652938932571097,High
2020-06-16,9914.0,6451.0498046875,20296.462890625,13780.5498046875,28575.349609375,14450.7998046875,1955.9000244140625,9926.400390625,1358.5999755859375,196.8500061035156,-1478.52,1161.51,0.010220386061458031,0.06676709528164837,0.001249387659087331,0.17801569968341346,0.01927390756865477,0.028006219999182846,-0.002526185548180071,0.08281043178799408,-0.0044056877419902385,0.0353762675957463,0.003757778424295699,0.07406951741550061,0.014181626036906092,0.14126500682006782,-0.006271809159776209,0.05999197025867242,-0.009405777917654068,0.09019421346339018,-0.008312311821080165,0.12937465666630898,0.012802241828221358,0.014993378321253139,0.030226337348153186,1.208118655892828,-0.6961300544406152,68.67420419735762,0.6915878095088468,0.9220981796041092,0.808689249494873,0.36586502159057366,0.4917856240604571,0.7948737084392594,0.2284479786213797,0.6717851027226924,0.7962598176190228,High
2020-06-17,9881.150390625,6503.5,20201.515625,13742.9501953125,28431.75,14478.4501953125,1940.449951171875,9977.2001953125,1353.0,198.3500061035156,-486.62,168.05,-0.0033134566648174157,0.07338476687189588,0.008130489904819571,0.192886904839205,-0.004678020310073694,0.04825721968160401,-0.0027284549533872493,0.06551840059966163,-0.0050252966748616235,0.047649857002138196,0.0019134159353608737,0.08144579729926194,-0.007899214197727655,0.14572073521694406,0.005117646144465304,0.08666342049910147,-0.004121872285123729,0.12249556345018187,0.007620015003764857,0.17158891038458357,0.0125595142900324,0.014869152025959882,0.030223158697018637,1.1830912848788804,-0.14147055574500025,65.04591875301657,0.6847002625209395,0.9201970773645693,0.8476825631908339,0.3463704235571739,0.4836541607337426,0.7909127810019324,0.19282203361567413,0.6637634693327354,0.7904486726901458,High
2020-06-18,10091.650390625,6535.89990234375,20956.056640625,14023.4501953125,28648.69921875,14551.25,1998.6500244140625,9975.2998046875,1387.5,200.1499938964844,366.57,1131.27,0.021303187551898528,0.08852969673042388,0.004981917789459445,0.17713061330197966,0.03735071316585925,0.0640658946259991,0.0204104647119856,0.08604517913603216,0.007630526392149672,0.07579740517220013,0.005028148987318293,0.08634383657890576,0.02999308135055956,0.17709595800197353,-0.00019047333799038224,0.0810813070547367,0.02549889135254979,0.1613308223477714,0.00907480583605036,0.17046780056423638,0.015097168663476329,0.01524311928518377,0.030246086790072603,1.2584329613055254,0.33562384660615574,63.087452456029375,0.6643376475642429,0.926368572708834,0.857789503293694,0.40035390941624743,0.4807406638287409,0.8045627530199027,0.17701307936191613,0.6774543387522648,0.7758940863224207,High
2020-06-19,10244.400390625,6634.5,21337.8515625,14535.25,28709.44921875,14499.7998046875,1997.550048828125,10002.150390625,1418.4000244140625,212.9499969482422,1237.0,-880.66,0.015136275444292302,0.1136368003361421,0.015085925294065827,0.20211994926617138,0.018218834221647384,0.09472181790088396,0.036495997601116326,0.1329640947695061,0.0021205151248278042,0.09350373038007542,-0.003535792135555327,0.09080921044173307,-0.0005503592787636791,0.17811329144116184,0.0026917071630150335,0.09335827305321054,0.022270287865991056,0.18654843186012626,0.06395205317057284,0.24787579586681274,0.015953283185409,0.015262137677780287,0.030184817133840806,1.2622645202075946,0.8223586660936283,60.213022245929366,0.6623887932392157,0.926754567872589,0.8360705167717556,0.37508388737832765,0.4500843669906983,0.7867322354096848,0.15692528959846075,0.6836154334448026,0.7550406951849988,High
2020-06-22,10311.2001953125,6729.10009765625,21708.09765625,14675.599609375,28865.44921875,14463.7001953125,2049.800048828125,10218.349609375,1473.5999755859375,215.0500030517578,424.21,-1287.69,0.006520616350433883,0.11454360863778845,0.014258813423204453,0.23520721355720253,0.017351610712330823,0.12171039817047258,0.00965580979859304,0.1379344628565582,0.005433751055667013,0.07868699975432492,-0.0024896626064678795,0.07909073807278033,0.026157041737528752,0.22262979877093092,0.021615273746797836,0.09364949794044275,0.0389170545838633,0.2574451274738403,0.009861498631653198,0.26835741186103323,0.012288807964374896,0.015266560142198739,0.03017591996212235,1.2631554962890699,0.3678554964749079,62.95073297661939,0.6792467865699016,0.9299588817172825,0.8361249940690193,0.3871863025418955,0.44560551979598106,0.7937072407078404,0.1594244730262169,0.6902023574970931,0.7622384321617146,High
2020-06-23,10471.0,6789.2001953125,22264.642578125,14837.5498046875,29355.19921875,14680.400390625,2085.800048828125,10360.7998046875,1523.9000244140625,221.25,168.96,454.48,0.015497691991291696,0.1333232074906714,0.008931372216796518,0.19534481783311008,0.025637664372435864,0.17489785925195078,0.011035337541441592,0.1484037999630241,0.016966650901170555,0.1007731555947986,0.014982348388466349,0.07995340448620114,0.017562688624473966,0.22845869535099683,0.013940626496259823,0.11319072363709815,0.034134127077549925,0.30857409344282605,0.028830489933775905,0.2931034021480021,0.012827367783829847,0.015382778812258597,0.030222865942871366,1.2865696033222813,0.2251225223423787,64.0881001058131,0.7446467624043156,0.9354594781978134,0.8362475503472497,0.40237888122375115,0.47628939180228147,0.8020581709678402,0.1713173520123457,0.6950721798589465,0.7689936882220103,High
2020-06-24,10305.2998046875,6742.7998046875,21426.55078125,14603.650390625,29487.400390625,14581.4501953125,2042.3499755859373,10110.5,1496.800048828125,215.3999938964844,1766.9,-1524.9,-0.015824677233549855,0.1205615174763548,-0.006834441361301513,0.1810927708256891,-0.037642274917919605,0.13592589183288273,-0.01576401879969469,0.15312608099753056,0.004503501096683404,0.09793481295462159,-0.00674029268136922,0.06529197240689677,-0.02083137032554938,0.1891065282082589,-0.02415834775364134,0.09342297728168036,-0.017783302809747936,0.28282480818494604,-0.02644070555261291,0.2490576845944097,0.012785950850584234,0.015738678008721318,0.030261581999458616,1.3582711799684448,1.1186728795816878,59.587216882131216,0.7513146605214396,0.9392787509634348,0.8551045119422876,0.3960413961106727,0.4995548885534071,0.8231925557757038,0.22956386605203877,0.7043386972219062,0.7861959142731367,Medium
2020-06-25,10288.900390625,6737.85009765625,21505.900390625,14505.2001953125,30113.25,14411.2001953125,2030.800048828125,10193.150390625,1489.1500244140625,213.1999969482422,-1050.61,-255.59,-0.001591357298992957,0.09648273891882986,-0.0007340729629565779,0.15283338210910324,0.003703330983372055,0.09529953167106608,-0.00674147851250273,0.12343694750715217,0.021224306011525362,0.12587628287813368,-0.011675793403232992,0.0460370394759646,-0.0056552142854452425,0.1534704515443739,0.008174708533208008,0.11427951033040906,-0.005110919404400005,0.2028189214350551,-0.010213542296103717,0.19506728835400255,0.013078068098756645,0.015456816912896805,0.03025827738399362,1.3014857610444945,-0.45684751982337485,68.35891425147418,0.7428098725366672,0.9353091691261526,0.8489873340092862,0.39465623184717363,0.4993029583297181,0.817515977216223,0.27152305315929576,0.6914887390879118,0.7776526535865339,High
2020-06-26,10383.0,6731.4501953125,21591.80078125,14832.650390625,29757.05078125,14994.650390625,2043.3499755859373,10137.849609375,1503.199951171875,211.1999969482422,-753.18,1304.18,0.00914574014738645,0.13565393344453258,-0.0009498433849064458,0.15978505041014768,0.003994270831015667,0.1323413321719369,0.022574676040549857,0.18794726541465012,-0.011828654122354787,0.10482798839654373,0.040485885103606956,0.12794737306064885,0.006179794394359117,0.19142294242791102,-0.005425288466347156,0.1052800193519543,0.009434863195426413,0.2465377898157588,-0.009380863173677922,0.2054794556339814,0.012532629405369356,0.014492668811742281,0.03026762625269728,1.1072427291403037,-0.2905279566647533,65.03008048967216,0.7458801892060158,0.9387841621778648,0.8177492637034178,0.40894370118671236,0.3704750949069844,0.7978660190397157,0.274765819652587,0.6752736350669959,0.7616931073248066,High
2020-06-29,10312.400390625,6645.85009765625,21358.751953125,14588.5,29971.650390625,14768.0,1989.5,10135.900390625,1453.449951171875,203.6999969482422,-1937.06,1036.13,-0.006799538608783573,0.12866040610363205,-0.012716442248337234,0.15666496192720203,-0.010793394700426062,0.13406911013007528,-0.016460334747680383,0.1563994763675276,0.007211723061958164,0.11176375509687175,-0.015115416813366145,0.11909735928096832,-0.02635377014673934,0.1416848547418601,-0.0001922714209724452,0.1146926636561092,-0.03309606281001776,0.22540256393974345,-0.03551136414948908,0.18086954752604156,0.011725742636041125,0.01460891780977005,0.030258056240835857,1.1306629462269724,-0.9525405459537588,69.28319863044622,0.7525328288455791,0.9396615697503716,0.824120579358473,0.3933406953341133,0.3863097761011191,0.8083477341997575,0.27279405393690936,0.682021619352591,0.7630428544880584,High
2020-06-30,10302.099609375,6719.14990234375,21369.90234375,14396.5498046875,30063.25,14754.2998046875,1991.3499755859373,9985.150390625,1427.9000244140625,202.6499938964844,-2000.08,2051.31,-0.0009988732845714887,0.167608263324172,0.01102940987389256,0.23740115542649942,0.0005220525360971617,0.2160649558487795,-0.013157637544127243,0.17863941241310655,0.003056208389633719,0.12619006280591827,-0.0009276946988421297,0.1081460202350808,0.0009298696084127922,0.18993126715622188,-0.014872877020322028,0.09815619887026727,-0.017578814280610255,0.2794229308205185,-0.005154654234111655,0.24096748382946842,0.010499753447025776,0.012729051811954384,0.03025797342113454,0.7519339205181005,-0.9877806322606422,64.94989083978106,0.6435837122973755,0.9201950766272493,0.7652359837399014,0.3267981556391294,0.4897008796941715,0.7640309214026326,0.29807215129508907,0.6058969243323468,0.7046389674624106,High
2020-07-01,10430.0498046875,6718.60009765625,21977.34375,14474.349609375,30232.5,14732.150390625,1997.3499755859373,9882.849609375,1479.699951171875,201.1999969482422,-682.23,311.19,0.012419817334717198,0.17467426468275327,-8.18265250055461e-05,0.22464756108577744,0.02842509041355812,0.2568503279847236,0.005404059010178042,0.18180143035463048,0.005629797177617135,0.12406235185856507,-0.0015012175674689043,0.09560415410552658,0.0030130313975746947,0.17938644740262077,-0.010245291983388638,0.08786848450384466,0.036276998299701324,0.36101914792852097,-0.007155178839940546,0.24082642319855463,0.011241314265170239,0.012795146681122518,0.030290290856148788,0.7652497874115328,-0.25085350215073593,60.68811846184281,0.6277937955900128,0.9254113547035326,0.7621407424496575,0.32775308906815115,0.480061113136399,0.7574630225028052,0.2756000660686196,0.6323694813664288,0.6908116674059903,High
2020-07-02,10551.7001953125,6907.10009765625,21952.943359375,14625.2001953125,30316.19921875,15122.5498046875,2017.0,9943.650390625,1478.4000244140625,201.0500030517578,161.93,-178.59,0.011663452514898642,0.16380546322672407,0.028056439922024445,0.23257438495189597,-0.001110252035121384,0.23054669131283778,0.010421924992042086,0.16922094538214005,0.0027685179442653585,0.11087617610935752,0.026499825464104454,0.11874690159919754,0.009838047740380773,0.17849839322231964,0.006152150812081869,0.05148153667123001,-0.000878506995139805,0.3532885628565203,-0.0007454965147090098,0.21297136079491885,0.010527271529726729,0.01250970832690059,0.03031677445593409,0.7077436726565305,0.2211914241713633,57.16577552685018,0.611278229376128,0.92024095025794,0.7511230919314817,0.29315859035674025,0.4914431606020672,0.7673640024270484,0.19518395041986022,0.6471544077135087,0.6765688050366842,Medium
2020-07-03,10607.349609375,6971.0498046875,21852.146484375,14771.0498046875,30529.099609375,15285.900390625,2008.5,9963.400390625,1464.449951171875,203.1000061035156,,,0.005273976044848361,0.16484278483184633,0.009258546441646365,0.21237759319009886,-0.004591497064877825,0.23215555933664933,0.009972486354186572,0.18143828213226287,0.007022661023197374,0.09473914594947042,0.010801788590365069,0.12001846094401247,-0.004214179474467006,0.15238967919300372,0.001986192114982188,0.04651523231562327,-0.009435926009076168,0.33174184391274175,0.010196483564489434,0.22719036920553237,0.007421011765962598,0.012508886003560364,0.030321722473963506,0.7075780024875806,,,0.6338495671045042,0.9198501901703577,0.7514455047425297,0.31525755090067925,0.4918939548798973,0.7719038417566084,0.19663862242055927,0.6411955530483101,0.6771480094856276,
2020-07-06,10763.650390625,7171.75,22198.69140625,14997.849609375,30647.650390625,15464.9501953125,2058.14990234375,9901.25,1482.9000244140625,209.1999969482422,,,0.014735139974255018,0.19076808259811373,0.028790526668959426,0.24358418588520903,0.015858621583137777,0.28474320463667,0.015354345675249625,0.20333691800504194,0.0038832059499585014,0.1029849752746339,0.011713396012793087,0.11719575073471544,0.024719891632437152,0.20327981589502597,-0.006237869420913755,0.03131033806506833,0.012598636933562224,0.36027151419924675,0.030034419800152756,0.27911949278312,0.007864862721392987,0.012395462296704109,0.030340194946162788,0.6847269854257939,,,0.6436282301299774,0.9157287881249941,0.7513878741947948,0.2969878390964801,0.5388858274352032,0.766995438158642,0.203060031982638,0.6296044028886205,0.6753452210049556,
2020-07-07,10799.650390625,7199.5498046875,22627.736328125,14696.7001953125,30518.19921875,15784.9501953125,2022.5999755859373,9878.0,1477.800048828125,207.75,829.9,-784.47,0.003344590235981215,0.19610043406984845,0.0038762930508593474,0.229788368358393,0.019327487103776075,0.2974510476960541,-0.020079506189624285,0.17390005428229083,-0.0042238530596980794,0.08519567641838965,0.020691951539358655,0.16279986064060292,-0.017272758761317508,0.15159279397671055,-0.0023481883600555697,0.04159856593029998,-0.003439190438986328,0.3554689739308645,-0.006931151861349849,0.25528700906344404,0.007844164725555217,0.012334621203675074,0.030341851137786792,0.6724695756355624,0.5947128530893085,54.501357789090896,0.6622081734976232,0.9143902414873256,0.7211651988671869,0.3249740370863022,0.5132656458544456,0.8001421856907334,0.18824719793711833,0.6276083422143351,0.682034063331642,Medium
2020-07-08,10705.75,7059.35009765625,22584.388671875,14554.349609375,30773.900390625,15513.650390625,2054.300048828125,9948.5,1512.449951171875,203.6999969482422,397.32,-438.62,-0.00869476207364206,0.1493083457802471,-0.01947339914781454,0.19711882648555257,-0.0019156868199901034,0.20705427763797402,-0.009685887583316344,0.14457428550956353,0.0083786454778072,0.09040690957129094,-0.01718724489660195,0.11185846356709273,0.015672932673206574,0.1404858008761276,0.0071370722818384635,0.05122729954269145,0.023446948977452697,0.3416569552570581,-0.01949459952711341,0.20961997821363787,0.00836163402200641,0.011626312886809792,0.03027876691606157,0.5297695539001922,0.3528189061735417,54.240321209761056,0.7339860562708332,0.8944999046962863,0.7430879702123722,0.31257342039327574,0.48120154194698334,0.747337527998325,0.20375904177422077,0.584035118968952,0.7236485737362284,Medium
2020-07-09,10813.4501953125,7085.60009765625,22906.93359375,14620.849609375,30671.75,15535.9501953125,2094.300048828125,9987.5498046875,1530.550048828125,204.75,-6.93,-815.82,0.010060032721901813,0.13944538418018282,0.003718472612473933,0.15923634704932654,0.014281764565833743,0.19496284395930075,0.0045690808442009345,0.13825220781432468,-0.003319383936659537,0.07803253318289505,0.0014374311735796397,0.10744840026157498,0.019471352309424317,0.1354296822055434,0.003925195224154354,0.05526438847139303,0.011967402717839137,0.3629726304639771,0.005154654234111877,0.1855819549398321,0.0079893632322895,0.01136769026628123,0.03029893338410803,0.47766589693056266,0.1267667816169309,54.971390073465166,0.7134642033751153,0.8929890174739997,0.744932435762534,0.28406652195131826,0.4836695070931889,0.7375458668738681,0.21730702142070338,0.6239470200115887,0.7128644504049879,Medium
2020-07-10,10768.0498046875,7041.10009765625,22398.189453125,14698.5,30821.150390625,15565.2001953125,2078.199951171875,10072.25,1489.75,206.1000061035156,1093.81,-1129.49,-0.004198511095439339,0.12397837481232599,-0.006280343144784539,0.13222813385131493,-0.022209176908942863,0.1607068446936193,0.005310935595371324,0.12541633168714816,0.0048709444562178295,0.05202593486763174,0.0018827300314612216,0.11096678885924849,-0.0076875792775055185,0.10551372618132104,0.008480578016516915,0.03108433171256042,-0.02665711510666624,0.3185378874991074,0.00659343640300647,0.1443642371952838,0.00855005007375577,0.011431600403832662,0.03028424061639754,0.4905416147508216,0.7422884033471567,51.432768956926914,0.7173187143973127,0.8936726876862132,0.7345872574491827,0.27105722411361594,0.4906162407168525,0.7401261785181951,0.18110982076786514,0.637494436483961,0.7131332541225547,Medium
2020-07-13,10802.7001953125,7084.4501953125,22088.994140625,14835.099609375,31214.900390625,15819.2001953125,2105.14990234375,10106.599609375,1465.25,202.8000030517578,221.76,-1485.59,0.003217889149241815,0.09938274561920135,0.006156722252916191,0.10358286397889249,-0.013804477953322292,0.10668144255750112,0.009293438743749327,0.11160982223336435,0.012775318085458842,0.05558090330666632,0.016318453782335096,0.1056888277304413,0.012967929845575377,0.07818176816581301,0.003410321365633351,0.031064773072573937,-0.016445712367846976,0.20557015843930793,-0.01601165916560099,0.09267239430288154,0.007962511669544701,0.010671965063495681,0.03028443035806583,0.3375009444721188,0.2546476977946707,52.5221251468974,0.6727531801584955,0.8767503610277294,0.7132261803547342,0.21737734297893904,0.4385722125791694,0.6952101814370256,0.17838233366082507,0.5629937178098814,0.6895249926831423,Medium
2020-07-14,10607.349609375,6916.0,21391.951171875,14581.900390625,30932.849609375,15640.5498046875,2052.449951171875,10155.0498046875,1419.199951171875,199.6999969482422,-1565.62,-649.7,-0.01808349601540049,0.06295658171502594,-0.023777454942651266,0.06871883682322677,-0.031556120858759806,0.04198693981928092,-0.01706757793456215,0.0817513459347532,-0.00903577386826171,0.053576568712999206,-0.01129326314979795,0.08446232118575314,-0.025033823535892563,0.049256161131067344,0.004793916567898515,0.03268896518890618,-0.031428117268810785,0.16151735444549842,-0.0152860259214318,0.025417185870306502,0.011255281644518883,0.011089620139040487,0.03009098322732494,0.42164422916754213,-0.7448354101583164,59.5287432109604,0.7152141052629118,0.8824693354662299,0.7375450442250182,0.33609690557251315,0.4681244352669277,0.7420228805639586,0.1419138338185088,0.6153029681011664,0.6742866519679467,Medium
2020-07-15,10618.2001953125,6931.0498046875,21340.501953125,14302.9501953125,31140.44921875,16459.849609375,2055.75,10210.75,1399.75,195.6000061035156,-221.7,-899.37,0.0010229309240368245,0.05532451773638947,0.002176085119650173,0.06653688209728048,-0.0024050736810601325,0.019104020113579034,-0.01912989307565449,0.057945745379286207,0.0067112992173887775,0.054643181452568745,0.05238305653692277,0.14609338626545854,0.0016078583676257807,0.05277310974800886,0.00548497509946122,0.03514785531068032,-0.013704870237498668,0.08976608915195983,-0.020530750662901665,-0.02613890883973491,0.009297327321753769,0.011029432189877241,0.030084383281163488,0.4095184056394299,0.00666977533115894,54.8742022156862,0.7166226149329988,0.8819763427217512,0.7169250661704846,0.3260578746494732,0.3956638851464469,0.7506570659673089,0.13775142214368122,0.6152538239231393,0.6659499776757687,Medium
2020-07-16,10739.9501953125,7015.89990234375,21596.8984375,14339.900390625,31182.349609375,16926.05078125,2070.64990234375,10382.2998046875,1405.9000244140625,195.6000061035156,-1091.08,1659.91,0.011466161662100571,0.07087880404268909,0.012242026828153119,0.0774877401952494,0.012014547967905465,0.05917964433955514,0.0025833967683541736,0.04635675607884271,0.0013455294215785063,0.05269132732621684,0.028323537756351547,0.1571429439338723,0.007247915526571891,0.049546290597628495,0.01680090147026414,0.0302098371292705,0.00439365916346679,0.08321133983240081,0.0,-0.008867494025219691,0.010491585258991697,0.011121835912081752,0.030064973273206744,0.4281346111152733,-0.4794778957808419,58.01448270806833,0.7244586563478731,0.8909893729860086,0.7344165326341576,0.3248397003756904,0.43761548581065945,0.7635541717205613,0.21465703660900137,0.6174821030206141,0.6550446185757309,Medium
2020-07-17,10901.7001953125,7137.2998046875,21966.544921875,14942.25,31439.30078125,16821.349609375,2103.0,10472.150390625,1431.5999755859375,196.3999938964844,697.08,-209.42,0.01506059125586967,0.07489041036007493,0.017303539678950486,0.07671880892890814,0.01711572082652202,0.04432241714338936,0.04200514598893568,0.07302121166006637,0.008240276152819082,0.06422384338399567,-0.006185800410748121,0.1499850886359917,0.015623161414024311,0.026003829876490858,0.008654208376542405,0.03876986038603536,0.018280070222337352,0.032341788776590885,0.004089917014345357,-0.027722802492651466,0.011301960575150281,0.011247485969361896,0.030103342738710764,0.4534488217181926,0.5204413795367815,52.31873758339762,0.7285782631480682,0.8951227485295454,0.7272357300073397,0.3644931184333005,0.4125160884548466,0.7846260237129455,0.23956836930967948,0.6417892852382101,0.6391575188833888,Medium
2020-07-20,11022.2001953125,7175.85009765625,22321.58984375,14936.0,31536.349609375,17258.30078125,2106.0,10304.599609375,1442.0,197.25,1709.97,-1521.99,0.011053321760931656,0.08406729156087378,0.005401243330626526,0.08551486785076468,0.01616298435360375,0.053546079448205,-0.0004182770332447072,0.056253130627835546,0.0030868634388612204,0.06895087957372814,0.025975987778737775,0.15869518039190744,0.0014265335235377208,0.0299044062616578,-0.015999653843779438,0.0367739548213446,0.007264616227592446,0.052093992182904225,0.0043279334517882795,-0.026646898885389403,0.011416168444178825,0.011356114716097713,0.030125091742441778,0.4753338174907827,1.0868382538525405,49.18297628677415,0.7278601222065759,0.8983366736663962,0.7246289335684644,0.3647259430699898,0.43391259178768055,0.778253015065212,0.19378755745597015,0.6453877743482616,0.6392791576799721,Medium
2020-07-21,11162.25,7295.75,22781.734375,15457.349609375,31280.25,17273.19921875,2118.60009765625,10153.7998046875,1472.0999755859375,201.1000061035156,2265.88,-727.39,0.012706156865764484,0.11104194592219696,0.016708808115001084,0.10916426461625717,0.02061432606149416,0.09925731969745444,0.03490557106152914,0.11244767323443328,-0.008120775313160133,0.059453193275882166,0.0008632621304285326,0.17202981958522767,0.005982952353394966,0.047515499459208854,-0.014634222619412052,0.0031367164371485234,0.020873769477071757,0.09214329618093542,0.01951840863632759,-0.007648595310397854,0.011478947350096106,0.011148612736188345,0.030034404454283556,0.4335292299430256,1.397696971384428,46.81616893100974,0.7352385085472951,0.8952787107184345,0.7088309946284826,0.3191011756107733,0.3969706824385555,0.7722313252997666,0.23422682666765154,0.6420849324989182,0.6700369256243254,Medium
2020-07-22,11132.599609375,7203.9501953125,22882.333984375,15565.400390625,31051.599609375,17076.05078125,2113.949951171875,10175.2001953125,1449.199951171875,199.0500030517578,1665.57,-1138.83,-0.0026563094918139463,0.1004778675188518,-0.012582641220916235,0.10784838542760555,0.0044158011729518165,0.0844783338154469,0.006990252791103657,0.11545549461366034,-0.007309736674898648,0.052482457212333467,-0.011413545053425622,0.1505183587146397,-0.002194914693678829,0.051297941037879324,0.002107623848868867,0.00255685841934139,-0.015556025265843543,0.03881574169273505,-0.010193948232416039,-0.036544060158327896,0.011857022333457859,0.011186630174356683,0.029568440227644818,0.4411884499800773,1.062010265404022,48.922199807336796,0.7631865716311242,0.8916966473984571,0.7019116824111787,0.3354132155516296,0.40614528014372,0.7815271248260302,0.22755575612853332,0.6571876564849254,0.6746432320368081,Medium
2020-07-23,11215.4501953125,7301.0498046875,23083.6328125,15803.25,31101.900390625,17045.19921875,2131.39990234375,10322.150390625,1467.050048828125,201.8500061035156,1740.5,-931.91,0.007442159858846331,0.13264493994268833,0.013478661948298942,0.14551426082918173,0.008797128311406333,0.12466414908331203,0.01528066117195781,0.1496867948123266,0.0016199095016933285,0.06907122727157367,-0.0018067153169792904,0.16592614571889164,0.008254666181761516,0.09031379848210319,0.014441995488226,0.03913564184595808,0.012317208292627724,0.09411945820936407,0.014066832498514037,-0.002224404060572782,0.006530482787618249,0.010209296841087288,0.02957583470784689,0.24428904250528063,1.103910291855542,46.30800675893012,0.7335415954583971,0.8852977167204917,0.6903793793955082,0.225089234736381,0.34918896093922075,0.7471216993871109,0.09725293127702957,0.6004446180561361,0.669265893102581,Medium
2020-07-24,11194.150390625,7218.64990234375,22661.787109375,15895.849609375,31018.849609375,17286.0,2087.5,10237.9501953125,1438.449951171875,198.3999938964844,409.88,-1002.98,-0.0018991484351116306,0.12245685328894229,-0.011286034823491664,0.10050462082124967,-0.01827466701413505,0.09719407277933723,0.005859529487605375,0.14723848289518782,-0.0026702799573955494,0.06427213799360132,0.014127190780211851,0.20018746419954514,-0.020596745967510044,0.061746618138217135,-0.008157233921816776,0.025559001043494067,-0.019494970658360034,0.06390288763247787,-0.01709195988461798,-0.030539947160523107,0.007118712562027593,0.010252939846104496,0.028183064707867363,0.25308162282131413,0.35984231912204157,50.87792555912352,0.7630677953368771,0.8830503531014354,0.6844012492617741,0.235177900736725,0.35826472969015194,0.7430271655394485,0.10977357667725025,0.6052458852979532,0.6729877373745644,Medium
2020-07-27,11131.7998046875,7186.4501953125,21848.49609375,15903.0498046875,30819.75,17626.75,2094.39990234375,10062.0498046875,1393.75,195.1000061035156,-453.31,-977.88,-0.005569925698846956,0.13431219449770726,-0.004460627328774502,0.11538882435395004,-0.0358882118034084,0.09721590939185032,0.00045296070920630704,0.1511061586746778,-0.0064186651627088365,0.0737915099784816,0.01971248409117199,0.22436042710253767,0.0033053424401197073,0.08599717368828608,-0.017181211792330897,0.007308002405368219,-0.031075082685677602,0.016223113379511434,-0.016633003500446608,-0.017128432727881115,0.008376188684992736,0.00972005496529509,0.027931977412064327,0.14572345369732279,-0.12284397251932132,52.4857452794838,0.7395587356084297,0.8556143200831579,0.6992272536710086,0.1404693926398484,0.3178368100114195,0.7067973436069295,0.1665001265273418,0.7124658327574763,0.6502695010000692,Medium
2020-07-28,11300.5498046875,7416.89990234375,22104.94140625,16001.9501953125,30910.900390625,18042.75,2141.300048828125,10128.0498046875,1398.25,198.25,245.95,-1017.4,0.0151592736988444,0.13985775718050242,0.032067251670590435,0.14971983272465805,0.011737435446339983,0.08910313710180229,0.006218957485491172,0.16119824115213333,0.0029575317977919013,0.08173306059862706,0.023600493568014524,0.24856411021259572,0.02239311911344677,0.09479013349345577,0.006559299673636332,0.020314455001527953,0.0032286995515695693,0.029184473080063444,0.0161455345870829,0.0071119829975936355,0.008395684630186594,0.009865309372316328,0.026707218724101128,0.1749872736265069,0.268174477987681,50.49080041559199,0.7563581482512357,0.8502327862255167,0.7039110185334294,0.16151696042270774,0.34925071921044865,0.7163442439630151,0.19818419922137517,0.7191184574310869,0.6747854622389137,Medium
2020-07-29,11202.849609375,7330.25,22076.34375,15737.5498046875,30948.5,17880.5,2160.75,10441.150390625,1419.300048828125,198.3000030517578,-352.62,-505.62,-0.008645614328603224,0.13375965009134938,-0.011682765506430548,0.12712385638502344,-0.0012937223277106336,0.09280631017010643,-0.01652301047046456,0.14513620300067198,0.001216386740594766,0.0885189972477951,-0.008992531626276445,0.23497334029500871,0.009083244163992532,0.11353039468762471,0.030914202830301107,0.046501040996498544,0.015054567372161598,0.04900225338368447,0.00025222220306586607,-0.00025209503513545783,0.0093452630893853,0.010055640660250944,0.02657173708956982,0.21333255106923452,-0.0665392392562288,52.95922604836819,0.7843125429347156,0.8353368350284618,0.718462908602398,0.143003249264305,0.37204219861317056,0.671544827724439,0.0732602167993289,0.6655703892051807,0.6734133003012404,Medium
2020-07-30,11102.150390625,7287.85009765625,21646.59765625,15439.0,30696.400390625,18003.55078125,2135.14990234375,10766.0498046875,1391.8499755859375,198.1499938964844,207.3,-387.24,-0.008988714680747911,0.10013228370839533,-0.00578423687374241,0.11504922146112628,-0.019466361758839756,0.03295185861858818,-0.01897053914952984,0.10094162171023102,-0.008145777965814172,0.07147623549116755,0.006881842300271224,0.2372511489562752,-0.011847783249450461,0.06829603795677275,0.03111720470516577,0.07927080042530843,-0.019340570913706556,0.0031351175394143116,-0.0007564758092023505,-0.009992505925502937,0.008931392742485339,0.009801048721435513,0.025865797451681643,0.1620409392985346,0.24656182588103168,50.46512031629622,0.8244227671416505,0.8244857703194083,0.7262773450581947,0.16505316613864512,0.39069052833510076,0.6479552483442311,-0.01824424750592524,0.6591350249753228,0.6666867289891779,Medium
2020-07-31,11073.4501953125,7279.75,21639.798828125,15309.150390625,30872.44921875,18071.849609375,2147.300048828125,11148.900390625,1411.5999755859375,201.0,-958.64,442.73,-0.002585102372305803,0.08092711853064549,-0.0011114522867113896,0.09725676388574866,-0.00031408299045265764,0.014150781054061534,-0.008410493514800166,0.05324300515127023,0.005735161969634861,0.07534104829107457,0.003793630987290131,0.2463516636645373,0.0056905355783394285,0.074966832539616,0.03556091536663786,0.11465034569714594,0.01418974770731718,-0.004794168578031499,0.01438307439466513,-0.05611644573606944,0.00892888246421531,0.009590642676161713,0.025706398905606234,0.11965128140675071,-0.4054189140213427,53.86832886100907,0.8207921282383237,0.8149129845319582,0.7129721029297982,0.16096977224303918,0.43420990092857753,0.6665215546582827,-0.059588187108597576,0.6210460825916398,0.6486559901540887,Medium
2020-08-03,10891.599609375,7240.25,21071.85546875,15055.5498046875,30759.80078125,17965.80078125,2156.14990234375,11128.400390625,1420.5,198.5500030517578,,,-0.016422215545293994,0.056288249967870074,-0.005426010508602586,0.07596110845814041,-0.026245316044105294,-0.029308979422101422,-0.016565294576555978,0.025889926505611616,-0.0036488338421684086,0.06562695588570633,-0.005868177879810754,0.24213033585088306,0.004121386538623151,0.05188303784870407,-0.001838746358989618,0.08906044674915581,0.0063049196429521,-0.03603418598376651,-0.012189039543493485,-0.07672634162217995,0.009803137864525328,0.010168031923343809,0.025118823824673262,0.23597556584731455,,,0.8048072286972303,0.830494497161115,0.7245571158235677,0.19387965528412404,0.4655400466106559,0.6262015477434556,-0.053180358841691186,0.5734398629601771,0.6429814987184632,
2020-08-04,11095.25,7353.9501953125,21490.25,15408.150390625,30901.650390625,17808.0,2177.35009765625,11316.9501953125,1420.199951171875,202.25,1943.41,-1757.79,0.018697932161379383,0.0596170375322318,0.015703904604468022,0.08318358330189213,0.01985560938715092,-0.034781271489434995,0.02341997406349905,0.038456523715070245,0.004611525620200618,0.05268065668201083,-0.008783398144695531,0.21304593377250836,0.009832431079794146,0.043892054216587484,0.01694311833409068,0.09228538420290788,-0.0002112276157163473,-0.06804913155773462,0.018635088851032044,-0.08587570621468932,0.013117323769091083,0.010331332159390028,0.020823110514406534,0.26887500621576454,1.2173753174431285,45.922248169930405,0.8148963905936566,0.827057141624542,0.743360963109162,0.13027865103022812,0.3810229291627985,0.6075991456463578,-0.03210145921636455,0.5160201311261869,0.642539117654917,Medium
2020-08-05,11101.650390625,7489.10009765625,21509.69921875,15328.2998046875,30863.599609375,17869.80078125,2263.800048828125,11263.75,1417.5,202.3999938964844,1724.71,-1503.14,0.0005768586219327965,0.07727582904237962,0.018377864787539222,0.11068106937565192,0.0009050252440059303,0.0038806263476043323,-0.005182360238778827,0.04962111490478427,-0.0012313511016079914,0.04667075430588108,0.003470394275044919,0.22551601808403166,0.03970420340988423,0.10842905275265324,-0.004700930409195947,0.11406458632115135,-0.001901106368611738,-0.052979720898733706,0.0007416261878092634,-0.060352833650717086,0.012980551898815251,0.009775462382769948,0.020709795998246367,0.15688616277428952,1.0950806986663053,45.31214976129364,0.7993909535319924,0.8032548343211395,0.73280591026688,0.1655074481234818,0.35741124936447005,0.4801934251299366,-0.16305429077074862,0.4961904643021873,0.6029418768576004,Medium
2020-08-06,11200.150390625,7498.25,21642.34765625,15408.150390625,31287.599609375,18188.75,2294.75,11403.650390625,1412.949951171875,204.6000061035156,813.27,-1238.23,0.008872554668374333,0.08856631568037243,0.00122176259155804,0.11285497470599015,0.006166912709981931,0.006344643244255099,0.005209357003382875,0.06225010224983296,0.013737866138958221,0.038997770395922116,0.017848504449174296,0.2621259682393571,0.01367168058322843,0.12997338232495492,0.012420409776939367,0.11875621899126876,-0.0032099109898588996,-0.051170178956394974,0.010869625856591458,-0.04033766870463129,0.011904310296489766,0.009809942566922745,0.019631426491020298,0.16383274650186636,0.5854135411996946,48.45351171082423,0.7890743305600204,0.8100556381895601,0.7296265646052635,0.26626017210353264,0.35795886928704096,0.48300313045516025,-0.14282826615872715,0.4898434594959331,0.6064773134981594,Medium
2020-08-07,11214.0498046875,7554.4501953125,21753.748046875,15498.0498046875,31490.599609375,18004.150390625,2314.35009765625,11333.0,1427.0,203.9499969482422,-994.87,-853.41,0.0012410024488720417,0.08003946881320423,0.007495108233587899,0.12226191624697802,0.005147333939662824,0.007500405698705359,0.005834536383886757,0.04486045288865337,0.006488193486699156,0.05825674193550512,-0.0101491091677548,0.2007049128588958,0.008541277985074647,0.13262540695829772,-0.0061954188531666565,0.11788993096916545,0.00994376964058219,-0.050691826534767004,-0.0031769752486935365,-0.034327652011172716,0.01145352726709604,0.00974174407713211,0.019266283381334647,0.15009307164034122,-0.42567832891976204,54.355186833202666,0.8015124189026285,0.8087308095024821,0.7244854088784037,0.3319229196693109,0.3382724048612945,0.48120534695050354,-0.12421792181374477,0.4755997827329301,0.6274584100160416,Medium
2020-08-10,11270.150390625,7621.2998046875,21899.99609375,15515.349609375,31621.75,18159.55078125,2332.0,11941.400390625,1437.9000244140625,209.75,978.37,19.85,0.005002705259437024,0.0928736243475079,0.008849037010857597,0.14677576121905855,0.006722889616992189,0.02534062579184604,0.0011162568778342319,0.06353289298934084,0.004164747329420626,0.055055346898452484,0.008631364838294076,0.22965538876286562,0.007626288849566842,0.17215380748931897,0.05368396634827488,0.1781292169830282,0.007638419351130077,-0.010698632412677878,0.028438358119856844,0.029700555436410037,0.010784234257690943,0.009585465350760238,0.019267093536034542,0.11860822652552148,0.6777356333810093,47.3568849180202,0.794122153316159,0.8056836838216419,0.7124348753482213,0.3744493964949454,0.307549985333439,0.45358326495499796,-0.09167645778189978,0.4488343243674175,0.5908163959721645,Medium
2020-08-11,11322.5,7630.35009765625,22226.94140625,15588.25,31767.75,18057.099609375,2370.64990234375,11772.25,1438.8499755859375,208.6000061035156,,,0.004644978776729314,0.0990478086327593,0.001187499927923552,0.1356124224873534,0.014929012366048156,0.040104959241924476,0.004698597998781251,0.08277679107007185,0.004617075272557614,0.056697130217125524,-0.005641723912068519,0.22385337484047785,0.01657371455563883,0.1904737647365109,-0.014165038026678789,0.1789757329096313,0.0006606517530745037,0.007668569917118839,-0.0054826884218565075,0.02936102830612719,0.010594376193673564,0.009559439071481213,0.01860768929317696,0.11336481693907986,,,0.80435210343624,0.802380918715009,0.7127678967305144,0.37989011777874476,0.2942420653346263,0.45000038389789265,-0.11751320172413025,0.4431930944801967,0.5830059217376171,
2020-08-12,11308.400390625,7785.0498046875,22263.7421875,15549.0,31636.69921875,18066.0,2354.800048828125,11590.25,1477.699951171875,207.0500030517578,2909.6,-2640.93,-0.0012452735151247118,0.08421346037511235,0.020274260689397083,0.15873093970919272,0.0016556835498586775,0.013031531051153511,-0.0025179221529035845,0.07424515916963559,-0.004125277403971062,0.0464466788638056,0.0004929025600755033,0.226297554734205,-0.006685868503803483,0.17896216367255668,-0.015460086219711622,0.17276397578744263,0.02700071323983355,-0.0013516253740605277,-0.007430503386412268,0.029075577496258775,0.00676191709902999,0.009429519621042649,0.018245009929644024,0.08719046890448434,1.7576580687736216,40.50033721421208,0.7937740374936707,0.7939025558786625,0.7204480490470834,0.374352789572286,0.32404272864911793,0.4708636816586164,-0.0648554436841778,0.36305631426049173,0.6204752248771768,Medium
2020-08-13,11300.4501953125,7879.75,22196.091796875,15540.5498046875,31668.150390625,18107.19921875,2380.64990234375,11477.9501953125,1462.800048828125,208.9499969482422,416.28,-763.54,-0.0007030344733010008,0.07096012833387988,0.012164366020559036,0.1408188514125912,-0.0030385902807921195,0.011075892353913597,-0.0005434558693485636,0.06258715075013987,0.000994135692144571,0.04459500883075229,0.00228048371249856,0.1973641649464004,0.010977515279265049,0.18029246521752595,-0.009689161552813741,0.15429945185261706,-0.010083171710152494,-0.010551931363854128,0.009176497795121641,0.03929367707818754,0.003672666322538266,0.009295404087664086,0.017659951057131248,0.060170752952438455,0.36342112826777384,48.54152226582262,0.7766466608470287,0.8109778813386453,0.7180140405593383,0.37400804547197253,0.29661374413474667,0.462120540475881,-0.056124537583186675,0.3750020579688167,0.6240570248734185,Medium
2020-08-14,11178.400390625,7677.64990234375,21679.1484375,15394.9501953125,31237.94921875,18022.650390625,2405.800048828125,11640.400390625,1425.1500244140625,207.1000061035156,46.39,-797.08,-0.010800437378868932,0.05383538794132825,-0.025648034221422034,0.10136207851808998,-0.02328983697246112,-0.007916753029213797,-0.009369012757263095,0.042238053413577115,-0.013584663662654428,0.02321881806030479,-0.0046693487548007395,0.17903753982843407,0.01056440363600486,0.1978093347414116,0.014153241001066741,0.16831603009530394,-0.025738325921047522,-0.02683596440176339,-0.008853749087083473,0.01969473106741959,0.006305217395998746,0.009578793445397103,0.017538604892038144,0.11726406464337777,0.15658273531231368,50.46767236384665,0.7893644670602034,0.8294569053330868,0.7218452829868743,0.4285298716304496,0.31437661868810296,0.44440850985009955,-0.07697972422805154,0.42727622563138146,0.6299539247605999,Medium
2020-08-17,11247.099609375,7865.5498046875,21700.59765625,15588.4501953125,31545.150390625,18223.599609375,2464.25,11595.349609375,1415.8499755859375,209.1499938964844,332.9,-717.62,0.0061457110453491115,0.04491498712844466,0.024473622102303638,0.09674065669989895,0.0009893939705167831,-0.022437978026928374,0.012569056576676507,0.03937901774720576,0.00983422982487614,0.029284463525286908,0.011149815060193857,0.1783807499683161,0.024295431866977468,0.19731317781751323,-0.003870208905037642,0.17109956918318403,-0.006525663031124451,-0.045215488383728686,0.009898540475871132,-0.00023902032737677104,0.005802058824467816,0.009303031593919233,0.01509287750230193,0.06170743589471025,0.3167959553660294,48.83971349854035,0.764094197907792,0.8213743729991223,0.7144692316663651,0.42998210543978704,0.31041054597385465,0.4143564955253098,-0.05502431505955574,0.39870414273778426,0.6004508371836571,Medium
2020-08-18,11385.349609375,7941.85009765625,22170.341796875,15634.349609375,31726.150390625,18270.349609375,2507.5,11581.7001953125,1428.75,217.6000061035156,1134.57,-379.38,0.012292057935075373,0.054233164738224815,0.009700567012274064,0.1031037096910492,0.021646599235008113,-0.0202138881511309,0.0029444501209172635,0.06379999602642528,0.005737807484151203,0.03958133844060008,0.0025653548696247253,0.15745373810558894,0.01755097899969571,0.2397409424834931,-0.0011771455387136198,0.17247420483017817,0.009111152054598115,-0.033191262151480494,0.04040168517152054,0.04741278509514135,0.007309350923335592,0.009505189747525079,0.01510219417259069,0.10243542429559095,0.7650809440940397,46.63873942698285,0.7624642150840694,0.8439870904812345,0.7389917267289827,0.45294992160641123,0.2957860953998031,0.4671105679593382,-0.06632907727200278,0.41246869626449245,0.6201759972363564,Medium
2020-08-19,11408.400390625,7941.35009765625,22285.640625,15712.0,31586.05078125,18210.849609375,2513.14990234375,11537.900390625,1462.449951171875,220.3500061035156,459.01,-97.13,0.002024600213507588,0.06563299074095696,-6.295762244967751e-05,0.12494067977912438,0.0052005886594519435,-0.013228077643165914,0.004966653078963823,0.0795398229185944,-0.004415903210759464,0.026390882543845917,-0.0032566426626816636,0.17385973970252255,0.0022532013334994883,0.22336067887326183,-0.0037818113013516896,0.15976281757300104,0.023587017443132074,-0.033058945164604614,0.01263786729257621,0.08173789594854042,0.007204332070844263,0.009296030417634972,0.014535116495065522,0.06029693712722616,0.3873152712048276,48.399671618297745,0.7492356073575979,0.8577732440439528,0.7308872448980956,0.5097100339923483,0.25131875179436003,0.5063465479108535,-0.06316352413553199,0.4798814099954614,0.5934794680880052,Medium
2020-08-20,11312.2001953125,7911.60009765625,21999.193359375,15960.9501953125,31439.900390625,18126.099609375,2538.89990234375,11540.900390625,1457.0999755859375,221.3000030517578,-268.46,-672.23,-0.008432399987605033,0.046123114361427575,-0.003746214388505531,0.11657445927173082,-0.01285344542905642,-0.039627313304940626,0.015844589823860833,0.09165682034498301,-0.004627054886891968,0.025044230949489377,-0.004653819114313618,0.16671972949836045,0.010246105883292334,0.21229042789948016,0.0002600126451461904,0.15552869485651621,-0.0036582281545091133,-0.0479893312201225,0.004311308926381097,0.08083029573508083,0.007986336599520092,0.00936716306354253,0.01448845000947076,0.07462774459540045,-0.019477898989848162,51.012400329083896,0.761191244456651,0.855924122941762,0.6774312261522208,0.5528414856643401,0.28197877700553536,0.4696365944582955,-0.049878797688332255,0.462642147729509,0.579847498806962,Medium
2020-08-21,11371.599609375,7934.7001953125,22299.33984375,16085.349609375,31604.400390625,18065.30078125,2523.60009765625,11614.900390625,1483.75,224.0500030517578,410.16,-250.65,0.005250916093857194,0.05605005694018672,0.0029197756927947793,0.12691200029292293,0.013643522263378394,-0.004413285706948433,0.007793985479575882,0.094353138713134,0.005232204872031021,0.025412743848725494,-0.003354214609609385,0.1606211648142124,-0.006026155136473199,0.21432016021038724,0.006411978051566347,0.15315846912308562,0.018289770681895634,-0.004027521396207434,0.012426570095242395,0.0870936264758122,0.00820585456606631,0.009326101036734619,0.014449334239223371,0.06635514355646363,0.35999889202216734,48.636268370544556,0.7544802686502304,0.857051238859967,0.6871271565848522,0.5760490200569662,0.2692067143876128,0.43660515279512463,-0.044356616320549054,0.4545137763178058,0.5930447574033573,Medium
2020-08-24,11466.4501953125,7948.39990234375,22832.734375,16071.0,31642.0,18010.94921875,2526.10009765625,11572.25,1486.800048828125,221.8000030517578,219.07,-335.64,0.008341006471886514,0.06144297147929856,0.0017265563529851313,0.12195014196061282,0.02391974538203634,0.033670172106531115,-0.0008920918552268731,0.08330920743154135,0.001189695387676215,0.013682555575390332,-0.0030086165272382726,0.13854992644235908,0.0009906482418993168,0.19996210001189874,-0.0036720410154722494,0.14501914068758048,0.002055635267480982,0.01470742114187007,-0.010042401112934751,0.09368836150929893,0.00862632181861544,0.009398418070595677,0.01445244962700029,0.08092456489190918,0.2531434795756051,49.45223390124928,0.743912921428064,0.8693881989632041,0.6749919203224332,0.59894066198517,0.25243965589814454,0.4215713751703739,-0.05520953974711565,0.46702687045247293,0.5826994838625095,Medium
2020-08-25,11472.25,7983.60009765625,23091.8828125,15980.2001953125,31460.30078125,17973.69921875,2507.5,11500.0,1506.75,217.0500030517578,1481.2,-172.97,0.0005058064691958464,0.08153784144727183,0.004428588866310035,0.1543667000659703,0.01134986433266394,0.07946594618540348,-0.005649916289434342,0.09589283750604238,-0.00574234304879595,0.017051489873572523,-0.0020681863874904005,0.14917310728829047,-0.007363167308178875,0.22171066756989988,-0.006243383957311721,0.13244151640612145,0.013418045814297175,0.06168972085704505,-0.021415689515980607,0.0868803523718249,0.006632581240287237,0.008605818985324972,0.014150164430762825,-0.07875717821696952,0.9589126025604789,43.30143824603349,0.6957086186969784,0.8350541626340999,0.6454923016290453,0.5511962054776536,0.19263557264660683,0.2917617743408306,-0.0536976244271439,0.35892542811086103,0.533090525507722,Medium
2020-08-26,11549.599609375,8100.5,23413.927734375,16115.0498046875,31408.44921875,18128.0,2527.800048828125,11484.5498046875,1511.050048828125,218.8000030517578,1581.31,-1194.62,0.0067423225064831005,0.08771725875668412,0.01464250474896267,0.16872627210406077,0.013946239225701929,0.09715918518713096,0.008438543180113278,0.1266941144749898,-0.0016481585112785302,0.008606170004722857,0.008584809357944145,0.1013466362216866,0.008095732334247208,0.2296242484874742,-0.0013434952445652293,0.1247508561748647,0.002853856862867099,0.07951423384756207,0.008062658260284294,0.1186093876498362,0.006672472858862549,0.008631798740543713,0.014153579528753417,-0.0735231416454365,1.0148930062447394,43.028364262786326,0.697839658343953,0.83591370332653,0.6675313554727492,0.5597856425005487,0.2835689678304753,0.2904224670190637,-0.058096579196572046,0.3582248035377725,0.5501595137066072,Medium
2020-08-27,11559.25,8183.0,23600.076171875,15996.099609375,31314.44921875,18102.650390625,2531.050048828125,11588.0498046875,1527.550048828125,232.8000030517578,1164.32,-809.27,0.0008355606212675504,0.0762852517738013,0.010184556508857412,0.16635073389036892,0.007950329377104381,0.09275302841155941,-0.007381311057313655,0.11549586633340736,-0.0029928252536545186,0.004236358421665809,-0.0013983676839695036,0.06951412497700815,0.0012857029579957935,0.22234572148737075,0.00901210772387051,0.11613515528183993,0.010919558894026293,0.08652821843769631,0.06398537387903169,0.19018402754320562,0.0055596901614579294,0.008482488851310664,0.013715896960065902,-0.10360400323005939,0.7817168147324051,44.066451072844856,0.6890383855918883,0.8309241639397278,0.6808953753034482,0.5647160004604407,0.2304290958123257,0.29680025638823815,-0.08915787809824326,0.3544871938485603,0.4263407121748597,Medium
2020-08-28,11647.599609375,8111.85009765625,24523.515625,15970.75,31253.44921875,18122.0,2520.35009765625,11622.900390625,1601.800048828125,233.1000061035156,1004.11,-543.56,0.007643195654994939,0.06842046659687284,-0.008694843253543971,0.1365432754175051,0.03912866409412241,0.11640295331919437,-0.0015847369042477633,0.06883166859074108,-0.0019479825295306563,-0.005911440708975313,0.0010688826750484548,0.07732140528724951,-0.004227475144882642,0.19845463511947226,0.0030074591087279057,0.10988669538495044,0.04860724534489824,0.11888801071858546,0.0012886728858465535,0.1868636117492677,0.005926788652462272,0.008207023048746747,0.01355901164518616,-0.15910098819726914,0.6921291564140016,43.93801320314876,0.6328248320511739,0.800508905166131,0.6403760322599842,0.5208717280112417,0.2844369993885383,0.24317051675607426,-0.10887341593830112,0.3344481935818286,0.4399344944352661,Medium
2020-08-31,11387.5,7840.35009765625,23754.07421875,15605.25,30595.150390625,17928.849609375,2420.60009765625,11079.7998046875,1525.3499755859375,222.75,-3395.49,680.88,-0.022330747801946216,0.03314218560853699,-0.033469553397990515,0.09260226885411615,-0.03137565665607944,0.06417483633680754,-0.022885587715041567,0.04480784681306904,-0.02106323764514495,-0.029844900580065947,-0.010658337414468644,0.03885369925024751,-0.039577834878083196,0.1493827624198718,-0.04672676936778741,0.07522856051653215,-0.04772760076897131,0.05780164742436722,-0.04440156942303697,0.12927756653992395,0.010752224731990015,0.009176930174975402,0.013761175297318535,0.036302291276638164,-1.7680784557053923,61.04409822955201,0.7263526510461426,0.8251313536008618,0.7195931410422336,0.6383540485338243,0.30705109654765106,0.47065029160769545,0.18693504059293373,0.4923613020879747,0.5739075590667646,High
2020-09-01,11470.25,7885.9501953125,23811.72265625,15673.0498046875,30988.150390625,17814.05078125,2496.75,11339.5,1521.699951171875,224.5,-431.11,419.22,0.007266739846322645,0.02759300320275937,0.005816079267924712,0.08089643906555177,0.0024268863088123815,0.045211144344667664,0.004344679174476562,0.013954539475621086,0.01284517300887078,-0.00933814817256895,-0.006403022537763481,0.03131160334866667,0.03145910074839797,0.1784904582804876,0.02343906928739181,0.11677403712107082,-0.002392909478141525,0.03369334719688122,0.007856341189674598,0.11635998600835107,0.010910928245965158,0.008992164548801317,0.013613103949084427,-0.000921694723805665,-0.11042997829506217,50.65151953308471,0.7139553392287785,0.8110217129141207,0.7170152994516305,0.7140641947291517,0.29169626071761817,0.49376169063016956,0.2575587648987173,0.4600803102824998,0.5611162806483474,Medium
2020-09-02,11535.0,7976.9501953125,23874.2734375,15857.25,31084.349609375,18077.0,2541.35009765625,11404.25,1515.3499755859375,225.75,,,0.005645038251127943,0.036146129811956085,0.01153950985565344,0.10730224099869257,0.00262689021508411,0.04334957499538006,0.011752670833560908,0.018749894127412237,0.003104387242779838,0.0010546960675774653,0.014760776309606483,0.05861713762581866,0.017863261302192956,0.2021808256375437,0.0057101283125358115,0.1207887590510206,-0.004172948537618959,0.04564589196995983,0.0055679287305121505,0.1341371340813271,0.010665218857316562,0.009005179122360887,0.013563166069362836,0.0017002989555096272,,,0.7184654447650629,0.8136195977948653,0.7336125476035658,0.7161444546702376,0.2957585163775337,0.4962763843647454,0.2574648338902762,0.4468474337815767,0.5562014448523428,
2020-09-03,11527.4501953125,8049.5498046875,23530.576171875,15734.75,31316.849609375,18348.55078125,2527.300048828125,11511.849609375,1502.5,225.3000030517578,-6595.56,4974.8,-0.0006545127600779965,0.027818767375954234,0.00910117370641994,0.10251950336230276,-0.014396135091807483,0.019361915994997814,-0.007725173028110155,-0.004334551437204404,0.0074796482127417185,0.0069111281320544116,0.015021894188748108,0.07646443704021322,-0.005528576657376938,0.1857465349646641,0.009435044774974255,0.11525691582933462,-0.008479873159973339,0.024164104830774136,-0.001993341963420492,0.1161753591239243,0.010681391691481806,0.008933423857042709,0.013539436972009494,-0.012755945135831271,-3.5575221717966077,71.19206168914967,0.7080543163211461,0.8065929128814373,0.727942615710744,0.6985798372541124,0.29101408105721815,0.49705011919689385,0.24487912156944713,0.4399719721453825,0.5518645430716513,High
2020-09-04,11333.849609375,7996.5498046875,23011.232421875,15434.7001953125,30828.650390625,18073.94921875,2451.35009765625,11281.4501953125,1462.25,220.0500030517578,1737.62,-466.02,-0.016794744948559814,0.012479662491134302,-0.006584219153366377,0.1077625197048524,-0.022071017139850047,0.015420024502632357,-0.01906924512226127,-0.02901068048545985,-0.015589027147987822,-0.00613173025902658,-0.01496584475655749,0.04558308566180713,-0.030051814072132865,0.17429944797904184,-0.020014109103272837,0.10192469977806407,-0.0267886855241265,0.01654562177066743,-0.023302263332832363,0.10912303337352602,0.01208740618765905,0.009493824706840423,0.013580068684829619,0.10014575535607985,1.1022998277399623,44.587950097833186,0.7100023931758864,0.8249785761828697,0.7673296987585073,0.735208480083005,0.3886595827405132,0.5752480796530921,0.2980557412299651,0.4900145605828006,0.589193139142235,Medium
2020-09-07,11355.0498046875,7957.85009765625,22944.783203125,15356.4501953125,31003.849609375,18176.80078125,2450.050048828125,11269.849609375,1460.800048828125,218.0,212.77,-803.39,0.0018705202595032944,0.020055157648989574,-0.004839550553235372,0.10734088199023639,-0.002887686219136709,0.050176776683892976,-0.005069745379554846,-0.03437074121555517,0.005682999953941392,0.005973429679831943,0.005690597071795533,0.031205456550413402,-0.0005303399254834584,0.16981004730108262,-0.001028288538854727,0.12003516461673991,-0.0009915891071122784,0.04810765835201791,-0.0093160782700632,0.11737566981076464,0.01214302139509473,0.009427901799085042,0.013195736871674676,0.08686453283537794,0.24962058932277484,49.544650858087884,0.6985033297948554,0.8501777960368598,0.7723868456397532,0.7273322411779306,0.46319843833906077,0.5733259920121904,0.28004684770266247,0.4791427277580021,0.5732576666668479,Medium
2020-09-08,11317.349609375,7888.0,22744.13671875,15336.4501953125,30818.44921875,18395.75,2376.85009765625,11093.2001953125,1437.800048828125,214.25,,,-0.0033201259317187093,0.0014866360467284956,-0.008777508598311279,0.06351711683575267,-0.008744753986068332,0.02891639931328993,-0.0013023843235662191,-0.04158868087184442,-0.005979915170564398,-0.002990892232406117,0.012045531080246752,0.019564645079048315,-0.02987692076204196,0.11000328933679104,-0.015674513874218143,0.09529479112339145,-0.015744796845024056,0.02828539161675314,-0.017201834862385357,0.08070617906683486,0.01129742665036172,0.009046955439468448,0.011610027341267402,0.010116805182142755,,,0.6653277835923733,0.8588867992305377,0.7730995186306906,0.7425405942717536,0.35633424795799784,0.5349309128022688,0.29236184428351797,0.4993794910537576,0.5689807597233731,
2020-09-09,11278.0,7903.10009765625,22266.740234375,15365.849609375,30633.599609375,18261.5,2397.199951171875,11304.099609375,1396.5,211.0500030517578,-959.09,-263.97,-0.003476927967516641,0.006708149555280318,0.001914312583195965,0.07814878041761886,-0.020989870500621843,0.008624457316443124,0.0019169634229625476,-0.023618682700008775,-0.0059980178776334325,-0.010174980713927972,-0.00729788130410558,0.021308128967310713,0.00856168991712658,0.10942957360725436,0.019011593620352762,0.08264886401069682,-0.028724473101657266,-0.016064290878415988,-0.014935808393195749,0.06429651943410275,0.007968474929323881,0.00892324406487884,0.011559213128465909,-0.014806826833048226,-0.40567054903940203,52.25634137223983,0.6511876618418261,0.858963036522131,0.7573724407210984,0.7625869383840287,0.33797520158459254,0.5494148068519081,0.34259193872567006,0.5390617342417023,0.5778524334556617,Medium
2020-09-10,11449.25,7945.0,22465.9375,15978.0498046875,30778.75,18395.849609375,2369.800048828125,11303.400390625,1430.9000244140625,212.25,-39.39,126.61,0.015184429863450921,0.031264178304421186,0.005301704625527481,0.09017061184547237,0.008945955426267638,0.03785074480346484,0.039841610511337056,0.034914813439179904,0.004738274067556114,0.002682712250526631,0.007356986522191411,0.02179008090634893,-0.011429961163796798,0.1098986756043685,-6.185532454261455e-05,0.04991158277045482,0.024633028581498406,0.02805621978883588,0.005685841890027854,0.07115824646899349,0.009757003761189969,0.009147739786934922,0.011627975760415219,0.030421421451086395,0.10861550898091954,49.71336400352752,0.6259759515428017,0.8384728607487398,0.7498682080831057,0.7486655604536028,0.3988365513851922,0.4543670294063035,0.39972824553194236,0.5530773253278729,0.5669658529727789,Medium
2020-09-11,11464.4501953125,7956.7998046875,22479.6875,15942.2998046875,30972.25,18633.25,2384.300048828125,11313.2998046875,1442.199951171875,214.9499969482422,4548.39,-3036.31,0.0013276149365679668,0.035309681544918536,0.0014851862413467476,0.09300454063498065,0.0006120376681364448,0.03881222180233057,-0.0022374445215155303,0.04135758013391966,0.006286805019697139,0.003232681040070684,0.012905106079145856,0.031064910496696907,0.006118659676444205,0.11037116127731705,0.0008757907992633651,0.014745796294022062,0.007897076361040423,0.021677512124662623,0.012720833678408372,0.06940296989175221,0.009456219249191215,0.009121726081913374,0.011578077953134012,0.025180545149617702,2.674051293763426,34.25785877921486,0.6240127600539278,0.8394797970628124,0.7476810992085086,0.7599394763032387,0.39304760132166827,0.45743267317280495,0.4575051387239435,0.5682306735595765,0.578198053720894,Low
2020-09-14,11440.0498046875,8035.35009765625,22100.9921875,15829.150390625,30760.5,19505.099609375,2387.050048828125,11233.2998046875,1435.0,222.9499969482422,298.22,-120.35,-0.0021283524468515003,0.05035533943429371,0.009872096181491763,0.10981666346552266,-0.016846111072496006,0.04883939718911945,-0.0070974335854122605,0.05138308437574568,-0.00683676516882048,2.273157602594722e-05,0.046789991513826124,0.08567938868227287,0.0011533783264197073,0.10708909720673176,-0.007071323255028794,0.009426279643107716,-0.0049923390761624775,0.010207673354452718,0.03721795819297591,0.12289092682674907,0.00946786205143275,0.00852331752247587,0.011583284204785188,-0.0953784154119096,0.2974032833075921,47.071039315211536,0.6110631675989978,0.8141384181556566,0.7248805154108213,0.7847314945120273,0.20429425979920343,0.4937462681511914,0.48439857756570276,0.6340494962087247,0.518939462454869,Medium
2020-09-15,11521.7998046875,8033.5,22465.388671875,15898.599609375,30712.19921875,19627.30078125,2385.550048828125,11450.5,1435.550048828125,221.3500061035156,1170.89,-895.63,0.007145947910690342,0.038444361748270595,-0.00023024480996658436,0.09240609286702184,0.016487788479518928,0.04537586449087372,0.004387425543137979,0.03183050569446744,-0.0015702209408169354,-0.0061307784367554685,0.006265088326760759,0.10216199355626676,-0.0006283906785852222,0.09562079676391333,0.01933538667078616,0.011800865284607998,0.00038330928789198637,0.0108084059878919,-0.007176456006402265,0.09443760743394614,0.006771934580485931,0.00797073271954449,0.011586840714083554,-0.20670544844453337,0.785390685996071,42.807190502689174,0.5803215169531142,0.8136147906867149,0.6843548742373116,0.795351390874933,0.3037387402131887,0.49447552298788294,0.470278416185406,0.6807433292571565,0.49076886448420076,Medium
2020-09-16,11604.5498046875,8156.2001953125,22573.2890625,15829.4501953125,30837.55078125,19770.349609375,2396.35009765625,11688.5498046875,1428.050048828125,226.3500061035156,264.66,-212.21,0.0071820376506051,0.045299518212821965,0.015273566354951251,0.08907613584508267,0.004802961221858748,0.04944698821371096,-0.004349402825499449,0.03269445385402392,0.004081490928317333,-0.0008439983817405405,0.007288257805762921,0.10635534505337985,0.004527278240685106,0.05855201253164588,0.02078946811820437,0.0377138878870269,-0.005224478245201114,0.007442715222663043,0.022588659869571925,0.11833010340543892,0.007000126273823292,0.008041294209880926,0.011571897168619234,-0.19248970938720877,0.27863690284965803,46.01830207025555,0.611416154302798,0.8107785776174268,0.6651424900555685,0.7973480761108906,0.30876641327148374,0.5482829831212903,0.4836178911202861,0.6659231389977533,0.5016423950582625,Medium
2020-09-17,11516.099609375,8128.64990234375,22320.08984375,15688.4501953125,30651.75,19817.69921875,2363.300048828125,11735.9501953125,1409.449951171875,222.5,-249.82,-1067.83,-0.007622027291120936,0.028209372886141226,-0.003377834323461504,0.08407293733121057,-0.011216762344599118,0.03131555773267869,-0.008907447716772432,0.018191658153729362,-0.0060251471515361255,-0.02032273543875429,0.002394980883521969,0.08955806301972369,-0.013791828189232302,0.029872556412735563,0.004055284138498649,0.029139774835668986,-0.013024821974211287,-0.002477087031353964,-0.01700908327678552,0.08748774859482689,0.0078035728124158776,0.008084262385285135,0.011466712960310585,-0.18383308427337988,-0.00905461735290265,47.84833069283686,0.6295754735904491,0.8192924425853334,0.6749938938146852,0.7990066644185266,0.276549137186371,0.5538169039652172,0.45694563953218764,0.6895685469994547,0.517014344711205,Medium
2020-09-18,11504.9501953125,8161.7001953125,22030.794921875,15777.099609375,30460.849609375,19827.099609375,2362.199951171875,12320.900390625,1386.5999755859375,226.75,205.15,-100.83,-0.0009681588767627147,0.025940707923679973,0.00406590188602185,0.08038308338796063,-0.012961189847361054,0.012735592708117194,0.00565061640626463,0.018005478637905803,-0.006228042138703316,-0.032700234761278923,0.000474343187937043,0.10125161027866292,-0.00046549216499003343,0.020675287444230195,0.04984259353334153,0.0871702453564811,-0.01621198082765485,-0.02831115936514539,0.019101123595505642,0.11179212254435056,0.007535460830069124,0.008091667471012358,0.011077924938620778,-0.18234121149839463,0.24535956968363723,46.33974804391744,0.6291417105058351,0.8154978429031557,0.6703622775701005,0.8086532271727012,0.2861288395123102,0.5555975031255544,0.3875107719199678,0.6901293005904867,0.5071374304825784,Medium
2020-09-21,11250.5498046875,7832.2001953125,21366.552734375,15366.2998046875,29541.75,19729.0,2240.35009765625,11799.5498046875,1328.4000244140625,213.9499969482422,-539.81,-517.95,-0.02211225483867385,-0.0017391592177691262,-0.04037149026733933,0.027672496297191262,-0.030150622792119774,-0.024358148608402685,-0.026037726506042747,-0.009606603037642047,-0.03017314425439155,-0.06577751073232818,-0.00494775389783253,0.08642555301370547,-0.051583208887620136,-0.03930098728291165,-0.042314325204203196,-0.011878890356014193,-0.04197313731184893,-0.0761527214276394,-0.056449848078314546,0.020023823352763648,0.010122434584056872,0.009071046107490105,0.011376059801583816,0.014970254970116635,-0.1712138148796103,51.206925948919064,0.7169338516605788,0.8346902161564842,0.7307116133340152,0.850612588443536,0.3064398717319954,0.6588084089184842,0.5127592153367824,0.7365097889823872,0.6058220149400754,Medium
2020-09-22,11153.650390625,7695.25,21138.853515625,15064.900390625,29312.400390625,19866.099609375,2213.949951171875,11876.849609375,1310.0,210.0,-2072.76,878.91,-0.00861286032635733,-0.014912749779200651,-0.01748553304274114,0.008505494703799243,-0.010656806532186702,-0.04895355913967725,-0.019614313002702,-0.03357333949449104,-0.007763575596401728,-0.07729063623879562,0.006949141333823405,0.10018220196674288,-0.011783937926484578,-0.06609999688986257,0.0065510808435074175,0.008885269118052985,-0.013851267747588714,-0.08955066738870143,-0.018462243536267797,0.0067113799401792296,0.010200529913118973,0.009158567189606835,0.010749647838636425,0.03260277462714044,-1.0284224836218656,56.56176819725688,0.729495799881827,0.8356019162406036,0.737038021081759,0.8503510697566562,0.3092727445174835,0.659656621943253,0.5152939711466319,0.7402446423678122,0.6241203530079026,Medium
2020-09-23,11131.849609375,7690.89990234375,21178.25390625,14956.599609375,29322.349609375,19805.650390625,2205.25,11685.900390625,1290.4000244140625,211.6499938964844,-3912.44,1629.23,-0.0019545871070447696,-0.015612356757049861,-0.0005652964694129459,-0.012093680156941455,0.0018638849356649168,-0.048755877251374535,-0.007188947715671357,-0.03809893823557786,0.00033942012995913373,-0.07315395305219974,-0.003042832762273795,0.09629416531744717,-0.003929606072291758,-0.06350859764188854,-0.016077430045024266,0.008252659832618026,-0.014961813424379744,-0.12675098663248663,0.007857113792782977,0.022216811286772664,0.01020569525863837,0.00916157959424532,0.010753379276619221,0.03320967164804497,-2.057151172562634,62.74142309515234,0.759046277561499,0.8346734345480742,0.7364230311006035,0.8467701761977571,0.31023148359195035,0.6599019350632584,0.5170945587283567,0.773477926795664,0.621566820768831,High
2020-09-24,10805.5498046875,7418.85009765625,20456.611328125,14548.4501953125,29044.94921875,18973.05078125,2111.85009765625,11334.599609375,1240.25,205.1000061035156,-1885.69,188.64,-0.029312272096516434,-0.04379474994989918,-0.035372948307985985,-0.058491691023668246,-0.034074696682715344,-0.07836877251493901,-0.027288917583022432,-0.06383941506855517,-0.009460373889557228,-0.0828340506003018,-0.04203848866125148,0.047818083406483414,-0.04235343037920869,-0.11291026220313483,-0.03006193528158352,-0.01248921484221488,-0.038863936349376904,-0.15213976032227627,-0.03094726190340613,-0.01842541709000478,0.012665912893722516,0.010566478468544829,0.011085082778011672,0.3162489853550838,-0.9238150106699664,59.33787788828081,0.8144155337033087,0.8493274738203759,0.7721563810393426,0.7970447440380085,0.5120333261159538,0.7242365274524378,0.5770159285221937,0.7914351801169313,0.6426182088225139,Medium
2020-09-25,11050.25,7669.5,20982.10546875,14826.2998046875,29633.5,19629.349609375,2172.64990234375,11595.900390625,1276.199951171875,209.3999938964844,-2080.21,2070.63,0.022645788482354545,-0.011464108114473737,0.033785546148578316,-0.0010615100255173537,0.025688230186126537,-0.03215269136421772,0.01909822734689115,-0.03693746218147198,0.0202634467293219,-0.051362181541256824,0.03459110691748024,0.08914888675784183,0.028789829711387327,-0.09691168914804182,0.02305337552760789,-0.003822892555812696,0.028986052144224894,-0.10451536377963222,0.020965322598764713,0.011105686746427201,0.016682108316111197,0.01128455971549119,0.011294161010580974,0.4609179199237246,-1.0325884411430695,61.72654568594311,0.840757415178796,0.8564398744697107,0.7884688043841056,0.8236135517414158,0.5816764889355451,0.7908588316702524,0.6398204725014348,0.8044570156270611,0.6451047708647726,High
2020-09-28,11227.5498046875,7902.5498046875,21665.248046875,15210.2001953125,29886.19921875,19783.05078125,2237.0,11796.599609375,1318.800048828125,215.75,-26.98,542.34,0.016044868187371275,-0.0017382085485581067,0.030386570791772538,0.004704057684302043,0.0325583425906637,-0.0016289693922240112,0.02589320300292486,-0.02426475982286813,0.00852748473011955,-0.05258973729185423,0.00783017139811859,0.08557316914890678,0.02961825445822286,-0.09221872780764939,0.017307773608702393,0.017356095916011505,0.03338042570612254,-0.06854534620989716,0.030324767376328943,0.03155632941008912,0.01876710694456078,0.011619960594853592,0.011340590478102893,0.5284897832429297,0.11555504359006621,55.64854713737476,0.8604760033706068,0.8694734320540862,0.8027025878052961,0.8319088261616885,0.5722540417620136,0.8101521862643345,0.6592693528809388,0.8264595525620053,0.6623243881903638,Medium
2020-09-29,11222.400390625,7925.2001953125,21411.052734375,15175.099609375,29434.80078125,19831.80078125,2280.89990234375,11709.5,1290.0,213.1499938964844,-1456.66,576.5,-0.0004586409458945395,-0.014312184020754515,0.0028662129546548343,-0.0020964765311628497,-0.011732859552312624,-0.03424796376423145,-0.0023077004567183534,-0.029374423079589707,-0.015103909138663663,-0.07222274310507237,0.002464230645669918,0.08546367230289764,0.01962445343931596,-0.09036893226570286,-0.007383450507702283,0.011034632440168446,-0.021838070793003483,-0.09711286089238846,-0.012051013226028306,-0.0204504231719288,0.018779398366726523,0.011385973796432296,0.0113384185436185,0.48134940605763776,-0.6839061844522231,59.87962997940499,0.8605713021117842,0.8586693084821279,0.8104236021932576,0.8047867669591396,0.5847415726048234,0.7844217867191962,0.6748223200650751,0.8177263455095404,0.6419388443989072,Medium
2020-09-30,11247.5498046875,7908.10009765625,21451.55078125,15026.9501953125,29841.75,19951.349609375,2242.550048828125,11772.849609375,1277.4000244140625,211.8999938964844,-712.48,409.47,0.002241001317642377,-0.014099311071662735,-0.0021576865233466913,-0.004186945493035665,0.0018914551926716427,-0.037427232081195805,-0.00976266501545564,-0.043600420359438674,0.013825444981751867,-0.05522376929392658,0.0060281378097559735,0.0955748928432194,-0.016813475013181645,-0.1076735825679419,0.005410103708527236,0.020363255947408287,-0.009767422934835235,-0.12653419462972404,-0.005864414899336423,-0.03834813693202965,0.016895081891831393,0.011387642658499123,0.010903396802981729,0.48168562497182976,-0.2677689672536116,57.38684130318362,0.8591338004731893,0.858634224892545,0.8001820919573714,0.7863141279650858,0.5906951474735064,0.7719608062561817,0.6782603369873368,0.826637589472034,0.6389195182503714,Medium
2020-10-01,11416.9501953125,7966.10009765625,22245.7421875,15049.7001953125,30009.55078125,20110.400390625,2261.25,11822.900390625,1292.25,215.6999969482422,578.28,-251.74,0.015061092732783665,0.009259913915190987,0.007334252131834917,0.006888619157601861,0.037022563746028636,0.011207175831287053,0.001513946589581261,-0.057092465601930154,0.005623020809771617,-0.04549472458893389,0.007971930940213756,0.1094720223331278,0.008338699589624188,-0.10935834929429133,0.004251373534079894,0.024434835277590272,0.011625156804540682,-0.11313566560156385,0.01793300217655558,-0.025305043046953246,0.01723001111041871,0.011622333637992883,0.010846188196342806,0.5289678706795624,0.4540097347691244,53.623556039540006,0.8535133586070613,0.8626490372698327,0.8428518174976729,0.7890329850308416,0.5810772225879427,0.8012689958814977,0.6709398020822921,0.8349239851278828,0.6596489765567669,Medium
2020-10-05,11503.349609375,7957.9501953125,22370.689453125,14999.0498046875,30112.150390625,20809.0,2318.85009765625,12024.0,1290.4000244140625,216.25,,,0.0075676439490797165,0.011585881012850852,-0.0010230730525402354,0.0029301674200286065,0.0056166822653913595,0.003199628772642793,-0.003365541503662417,-0.06753349047846458,0.003418898540763937,-0.04721652622913408,0.03473822478943145,0.15187675267481238,0.025472680002764037,-0.08113409101155056,0.017009329583328237,0.0352219645125158,-0.0014315926375991772,-0.13031169373946927,0.0025498519218327687,-0.03481367081238529,0.017106104473783072,0.011663486827656663,0.010833272565109353,0.5372588379316356,,,0.846760003748046,0.861253415523933,0.8347792669951561,0.7896003073526895,0.5908810355375979,0.8035526022436233,0.6751088108389004,0.8346489035625654,0.6555396944105855,
2020-10-06,11662.400390625,8058.10009765625,22853.43359375,14966.7998046875,30054.69921875,20896.75,2302.699951171875,12009.4501953125,1299.1500244140625,221.8500061035156,-919.26,500.7,0.013826475474619793,0.01708900243534872,0.012584886796946915,0.013801544544852717,0.02157931438083427,0.0009065589083654402,-0.00215013620328941,-0.06870762213381243,-0.0019079066466434202,-0.05016436322767204,0.004216925368830893,0.16022480249101956,-0.006964722083889097,-0.08843677520603743,-0.0012100635967647877,0.03778005101103932,0.006780843021119143,-0.12621066602867392,0.025895981981574945,0.0002254420697465065,0.008219462316532075,0.01183322079237835,0.010613554561940509,0.5714544556849456,-0.3833980539965083,59.1578417921984,0.8536622660274217,0.867724234097079,0.8210471882998241,0.7720579710927703,0.5945067980041043,0.7800756503303641,0.6666937288705067,0.8332632367936521,0.6852559418923974,Medium
2020-10-07,11738.849609375,8170.0498046875,22964.533203125,14914.400390625,30168.80078125,21017.400390625,2267.75,11915.0,1284.1500244140625,217.75,-1031.0,-431.21,0.006555187284725372,0.023238650602540822,0.013892816628551241,0.023354088976223375,0.00486139681896125,-0.005514908005078922,-0.0035010432922399914,-0.06669502206863043,0.003796463297453867,-0.04105173720302513,0.005773643778338666,0.16934194429490823,-0.015177813832882747,-0.0956131605184447,-0.007864656064718534,0.03608695652173921,-0.011546010636273696,-0.1477351754345031,-0.018480982604086704,0.003225049243953615,0.00648295976964028,0.011882419145690366,0.010525921209217455,0.5813662496308922,-0.44588182492527934,59.65168594512238,0.8551290174036985,0.8727664933941494,0.8166877098084266,0.7758931619718158,0.5944849977035682,0.7630672688110818,0.655041135917356,0.8335186620517805,0.671224267573231,Medium
2020-10-08,11834.599609375,8183.7001953125,23191.080078125,14780.150390625,30136.05078125,21697.25,2272.39990234375,12209.2001953125,1293.300048828125,219.0,302.88,-504.92,0.008156676606839941,0.024676180096205202,0.0016707842609684498,0.010270995038886399,0.009865076420067176,-0.009517739132799519,-0.009001367569854701,-0.08283557483478632,-0.0010855585622201458,-0.040511342302771536,0.03234698853042994,0.1968915489849956,0.00205044751129968,-0.10103653040230665,0.024691581646034466,0.06309784910586824,0.007125354701634334,-0.14410508782874076,0.00574052812858783,0.000914062821995909,0.0056197725765327455,0.011909442038748278,0.010525205432150174,0.5868104429784766,0.30000910371682854,55.24167069344075,0.8505158617253259,0.8732236561603877,0.7973947606865681,0.7751446420446036,0.5974673767403486,0.7604389926178957,0.6658305309996224,0.8346654511247563,0.669567555254043,Medium
2020-10-09,11914.2001953125,8163.5,23846.5234375,14833.7998046875,29923.900390625,21837.650390625,2260.85009765625,12043.9501953125,1333.4000244140625,215.4499969482422,838.37,-317.3,0.0067260903253916204,0.03070702643445733,-0.002468344982147652,-0.0023829891237932,0.028262735377868387,0.010442647041906561,0.003629828698937354,-0.07266145079556141,-0.0070397542187908835,-0.04440598071552182,0.006470884127020682,0.20632337914089538,-0.005082646181945205,-0.10675409255418611,-0.013534875123388024,0.03934228781451932,0.031005933713736944,-0.1270989612176744,-0.016210059597067672,-0.07452751664980972,0.004443217705279089,0.011957116789173747,0.010523454946284521,0.59641528279181,0.5994491833181137,53.56028829359304,0.8496161946955577,0.8653390161625684,0.8002507160589656,0.7596296518978656,0.597304120311564,0.756779222605884,0.6458309226921788,0.8282351640498433,0.7483296173632913,Medium
2020-10-12,11930.9501953125,8102.5,23712.525390625,14754.599609375,30024.25,22202.099609375,2240.85009765625,12154.5498046875,1310.75,213.1000061035156,2259.98,-2275.22,0.0014058853909966196,0.02432695108350358,-0.007472285171801318,-0.0011526467505793558,-0.005619185841751695,-0.03306990101974827,-0.005339171106210627,-0.07614860858913952,0.0033534936310120056,-0.03933003394750301,0.01668903074418937,0.22514620954502806,-0.008846230017962475,-0.11089729171352647,0.009183001223140641,0.045741544381755705,-0.01698666866607834,-0.18170186037955038,-0.010907360770541774,-0.08580008355348712,0.004648587296259544,0.011893082962887115,0.010476753612117355,0.5835146459006024,1.394397756703206,48.63578921058799,0.8651619917662801,0.8923356025858901,0.8025907850257326,0.7627523984837608,0.6051901140219151,0.7603035314047067,0.646972914388838,0.8725844625412538,0.7469280175720014,Medium
2020-10-13,11934.5,8052.85009765625,23491.92578125,14911.9501953125,29926.69921875,22492.599609375,2249.64990234375,11937.099609375,1290.5,212.4499969482422,832.14,-1674.46,0.0002975290843887368,0.0480351262349068,-0.006127726299753111,0.027103381526741188,-0.009303083739120255,-0.01103593577614892,0.010664510735860278,-0.04442734366238921,-0.0032490663796764796,-0.021848272139228575,0.013084348107209376,0.2545478432488839,0.003926993910348564,-0.0706230638749551,-0.017890435993658804,0.07737502660696127,-0.015449170322334504,-0.15396465030638218,-0.0030502540434356185,-0.04624019327388473,0.004507467837670955,0.011059232393686313,0.010477820099149732,0.41552213258999443,0.5959654362903148,51.410472973338045,0.8412011403734256,0.878298630157167,0.7709422854378559,0.7275406367658233,0.5806931318933278,0.7262710147006722,0.5723571957475138,0.8493981862781886,0.7079708857318573,Medium
2020-10-14,11971.0498046875,8031.0498046875,23874.373046875,14755.0,29959.599609375,22204.05078125,2251.949951171875,11857.25,1303.25,214.6999969482422,821.86,-1276.14,0.0030625333853533387,0.043660757584839116,-0.002707152462094742,0.018399762334442515,0.0162799452537965,0.0026310734225083454,-0.010525128722723154,-0.058575058213171105,0.00109936583331538,-0.03319174485358034,-0.012828611771701692,0.24643468540129287,0.0010224030084542424,-0.0980474812568839,-0.006689196872604497,0.04565897967282506,0.00987989151491675,-0.14355652111550943,0.01059072738206801,-0.04365257484079199,0.004626715615517041,0.011011805471805702,0.010375907484038955,0.4059672217947112,0.5902169740999823,51.33030481693664,0.8385540202790435,0.871719329885369,0.7606533909782616,0.7308479196481251,0.5842997051332929,0.7375306096523342,0.5627360663290633,0.8451935519202957,0.7039553827942796,Medium
2020-10-15,11680.349609375,7935.35009765625,23072.1328125,14460.2001953125,29644.80078125,21567.30078125,2240.949951171875,11637.900390625,1266.199951171875,209.6000061035156,-604.07,-808.29,-0.02428360085835335,0.012600746369744176,-0.011916213864766823,-0.005215037907682518,-0.03360256760669189,-0.03359853555752845,-0.01997965467214502,-0.08810164465386494,-0.010507444432818591,-0.046311048685761635,-0.028677199771930728,0.19307964713448023,-0.004884655626682943,-0.11820494419931271,-0.018499197484661334,0.020488010226450637,-0.028428965147228036,-0.16441748007269685,-0.023754033149595455,-0.07153928636316453,0.01122016614196586,0.01193857156403703,0.010725206626862611,0.5926790510307471,-0.2071472954584794,58.35503238511985,0.8214742298581597,0.8863317407631617,0.7724153991893564,0.7289921279440114,0.6424300597971765,0.685164820181167,0.5829451470343935,0.8461374437663673,0.7109306056518108,Medium
2020-10-16,11762.4501953125,7959.4501953125,23532.9765625,14562.5498046875,29671.05078125,21538.150390625,2329.85009765625,11814.099609375,1270.449951171875,215.1000061035156,-479.59,-429.81,0.007028949362235082,0.020386121476851926,0.0030370553736964734,-0.011193124033164192,0.01997404200752184,0.00010201155328570799,0.0070780216036137045,-0.07449754176663115,0.0008854841087886367,-0.05255314147666734,-0.0013516012467513772,0.17383387099074787,0.03967074161468265,-0.07812683391646746,0.015140120883998964,0.026255554950427307,0.003356499892506415,-0.154442628171797,0.02624045725114965,-0.04527295521562413,0.011265703268830567,0.011995524168530653,0.010459515596604813,0.6041530627084498,-0.13753945757398484,58.075073497945304,0.8285599017292343,0.8899554839927145,0.7755076372745652,0.7442410253979189,0.6350645965959142,0.6652650563662174,0.5920038884871837,0.8472930383391492,0.7102944735971964,Medium
2020-10-19,11873.0498046875,7870.35009765625,24266.46875,14743.25,30068.849609375,21391.900390625,2367.85009765625,11616.650390625,1323.449951171875,218.3500061035156,1656.78,-1621.73,0.009402769621849272,0.0475743206321082,-0.011194252802627425,-0.015781769652365996,0.031168695789585144,0.0545488527129796,0.012408554664948612,-0.04479842086744856,0.013406967992396934,-0.02464593070480492,-0.0067902766647808255,0.18357643543852276,0.01631006219594422,-0.034062861963223834,-0.016713014557056538,0.029712509430017908,0.04171750327599466,-0.0949222423170627,0.015109251082196407,-0.007725502952355634,0.011418573705946764,0.011622562776741818,0.01047468123256728,0.529014034339758,1.0570949947179302,50.005598443769514,0.810211841701442,0.877469072031719,0.7664405233412628,0.7244290440981102,0.584855356232464,0.6467251644503478,0.5320240276750243,0.8133510868490489,0.7015256602387098,Medium
2020-10-20,11896.7998046875,7896.7001953125,24311.517578125,14529.150390625,29964.599609375,21694.349609375,2363.35009765625,11644.400390625,1304.5999755859375,226.9499969482422,1585.07,-1633.23,0.002000328507897331,0.04771005053420008,0.0033480210320118164,-0.007684223954125491,0.0018564228932156368,0.05956623616360224,-0.014521873357299153,-0.05387311482571866,-0.0034670431810432945,-0.033520030999174666,0.014138492290406646,0.19351858836201097,-0.0019004581432136014,-0.035387012283012,0.0023888125291602336,0.03323476303875639,-0.014243058885034854,-0.10692775740765714,0.039386263358515805,0.041055031872670567,0.01112645927321982,0.01162268491989486,0.010298322536092655,0.5290386420284986,1.0169955566178572,50.24649036463484,0.8111729300752851,0.8785980080126641,0.7554302728040535,0.728723729544131,0.5831578286196352,0.646630741130049,0.53227094689573,0.8090451066719276,0.6687111450002359,Medium
2020-10-21,11937.650390625,7878.0498046875,24634.763671875,14643.5498046875,29684.099609375,21577.650390625,2416.050048828125,11645.7001953125,1314.1500244140625,236.8500061035156,2108.48,-1633.53,0.0034337457642519276,0.05480972159207309,-0.0023617954542671793,-0.0012614344970207636,0.01329600641799722,0.08312590521698682,0.007873785526806731,-0.045179972014435354,-0.009361046156353137,-0.03680748506595388,-0.005379244865657107,0.17296932120870312,0.022298833856286393,0.016492395212692967,0.00011162487065852211,0.049805285244330255,0.007320288982709533,-0.08599945765396455,0.043621984086350096,0.10548427586238329,0.011200031248921775,0.011589049234142326,0.010263676795527166,0.5222621959898401,1.3096806339565727,48.40906254813865,0.8083941757206528,0.875666461134643,0.7555717382292771,0.7129370005702207,0.5842230995153291,0.6425285554787308,0.5272900877344807,0.8064363661255308,0.6382627719819157,Medium
2020-10-22,11896.4501953125,7864.14990234375,24483.865234375,14789.4501953125,29715.349609375,21413.5,2432.5,11545.2998046875,1313.5,237.6999969482422,1118.46,-2019.87,-0.0034512817819539743,0.054836867823417235,-0.0017643836594533058,-0.0049284704522534195,-0.006125426633269426,0.09957115305891251,0.009963457807088405,-0.037511717784275866,0.001052752160625836,-0.029975256310361353,-0.0076074265572640964,0.17260356487692685,0.006808613579778244,0.0147255337673724,-0.008621241225616694,0.02133740887354363,-0.0004946348605459061,-0.059434300035803744,0.003588730516456584,0.12627336418445223,0.011280282252637368,0.011588644017805254,0.010264506586903302,0.5221805586876501,0.7560724104475166,51.7297322415667,0.8123476615502179,0.8836249124326949,0.7396103106630469,0.7039380188241282,0.584204339689365,0.6447311005758164,0.5568152696443642,0.8074607194331358,0.6328870370703057,Medium
2020-10-23,11930.349609375,8094.60009765625,24478.015625,14901.7001953125,29782.19921875,21523.599609375,2443.0,11503.0498046875,1319.6500244140625,235.1000061035156,906.93,-891.86,0.0028495402835257977,0.04202018554708831,0.02930389147895296,0.018829464777375682,-0.00023891690789035192,0.08956128027152221,0.007589869705608043,-0.06736426676171892,0.0022496659219486403,-0.032377883482922476,0.005141598028113092,0.1700247646298445,0.004316546762589857,0.03088866134848489,-0.003659497866209227,0.01766277466629318,0.004682165522696957,-0.07774826899283593,-0.01093811896553254,0.10765609471621018,0.011269665042140165,0.011314676911338582,0.010059196232231706,0.4669855099826009,0.6377871762917717,51.77710306204058,0.777934772402685,0.8928110320344987,0.7503940625993283,0.7004326364660488,0.5938866651464393,0.6918340004552627,0.5707944551184916,0.7964811305567199,0.638097094182003,Medium
2020-10-26,11767.75,7833.64990234375,24075.169921875,14613.4501953125,29774.650390625,21265.69921875,2357.550048828125,11334.2001953125,1304.0,230.6499938964844,-119.42,-979.16,-0.013629073304543216,0.026455678163398666,-0.032237564816581465,-0.015477315675480496,-0.0164574493821944,0.07097440397581156,-0.019343430361769887,-0.08335369586916686,-0.0002534677869002744,-0.038666858538691895,-0.011982214653011192,0.1412769763057975,-0.0349774667097319,-0.011219225538810607,-0.01467868193582833,0.0018474177283218651,-0.01185922337326617,-0.09582579104900057,-0.018928167126766593,0.07304022875619132,0.007649242208100636,0.0116442988334777,0.010091220054156753,0.5333931100823367,0.06386361899139432,56.01753560703967,0.7905894879196308,0.8964325929350445,0.7647657936650344,0.6832079644095287,0.6116294088056408,0.7133546766348127,0.584004678521611,0.7948876631620713,0.6535526205344919,Medium
2020-10-27,11889.400390625,7930.64990234375,24769.212890625,14752.25,30163.69921875,21023.400390625,2359.60009765625,11511.5,1292.0,229.0,3514.89,-1570.8,0.010337608346965288,0.03927872637000074,0.012382478309501455,-0.013029948171522587,0.028828164910245757,0.12072854831531532,0.009498085861477268,-0.06803273479938676,0.013066444879147765,-0.019401530574925663,-0.011393880146266966,0.07784122161161577,0.0008695674686287624,-0.011499528962683914,0.015642903921956997,0.024765669941116508,-0.009202453987730008,-0.0996515679442509,-0.007153669803368512,0.027136143236468957,0.008162352431452658,0.011753068132208467,0.010120145844703686,0.5553064222988493,2.0961295356205505,44.08689985386289,0.8065213405134709,0.9034161635190391,0.7696483685575881,0.6897006171825947,0.6694566811848705,0.7087963331896615,0.5915313861719124,0.7774176248654938,0.6771337766603939,Medium
2020-10-28,11729.599609375,7922.75,24232.21875,14688.349609375,29948.099609375,20810.30078125,2325.39990234375,11325.099609375,1271.699951171875,224.3500061035156,-1130.98,1.48,-0.013440608945763599,0.018035359771045423,-0.0009961229459158893,-0.013786021036907958,-0.02167990331369185,0.0786467620894955,-0.004331569125048729,-0.07612305673050257,-0.007147651480392092,-0.0248793518149788,-0.010136305517447486,0.06027318851352814,-0.014494064204553347,-0.02521437205390975,-0.016192537082482694,-0.010951520948866866,-0.01571211209607193,-0.11413750275722179,-0.02030565020298869,0.0135531959217432,0.009026459109542185,0.01200149100287582,0.010134438383886007,0.605355176774419,-0.5017895340487671,60.27499932558563,0.7913990435777799,0.9076094469686407,0.7539246173603141,0.6993237741246869,0.6772111087140836,0.7171678072686125,0.60065879204312,0.7787626486863878,0.6995722713561306,High
2020-10-29,11670.7998046875,7846.75,24091.720703125,14722.150390625,29663.44921875,20876.94921875,2307.699951171875,11226.0,1264.3499755859375,223.3999938964844,-420.95,-253.41,-0.005012942184360991,0.005708967699310508,-0.00959262882206302,-0.037940485508232924,-0.005797985249493487,0.06726674329207527,0.002301196672798822,-0.06995188026273957,-0.00950478976421909,-0.038073761785708427,0.003202665747150002,0.05597268795136823,-0.007611573026228946,-0.03699382096592618,-0.008750440419346472,-0.0395728993259713,-0.00577964603927561,-0.11463188799056567,-0.004234509387946561,-0.013032967207794455,0.008936058894231212,0.011979684674844974,0.009992091812337378,0.6009619437572747,-0.10474861877621203,57.84003503774457,0.7912757989791495,0.9111214630872785,0.7508853092064759,0.6984411408107876,0.6721719523924077,0.7181039216342158,0.5981450979124725,0.7829811706168668,0.6961600195990125,Medium
2020-10-30,11642.400390625,7758.39990234375,23900.623046875,14977.7998046875,29428.44921875,20916.849609375,2343.60009765625,11243.75,1260.5,228.1999969482422,-870.88,631.11,-0.002433373422367602,0.010967322751114672,-0.011259451066524373,-0.045548769407973255,-0.007932088313858499,0.07081213445776413,0.017364950586654437,-0.04529767961639275,-0.007922207504158285,-0.039909655443816416,0.0019112174967195195,0.055463067558572554,0.015556678616795327,-0.008335780800090786,0.0015811508996972368,-0.041939526593176235,-0.0030450236566448297,-0.10567948939799665,0.021486137792742888,0.025617963812324396,0.008530609084237887,0.011899156812488777,0.009995349106036272,0.5847383198989686,-0.35634449361048764,59.15492680045055,0.793943561467764,0.9088194057562486,0.7082734795271671,0.6948502538136513,0.6773953499233626,0.6992968995771455,0.6082425159708434,0.7801418832833934,0.672102616032671,Medium
2020-11-02,11669.150390625,7732.25,24892.2109375,14606.099609375,29441.44921875,20732.30078125,2338.89990234375,11175.2998046875,1302.8499755859375,235.3999938964844,-209.39,344.63,0.002297636149117599,0.014272134387804725,-0.0033705277728530714,-0.052617737117953145,0.041487951534997736,0.12988255874434285,-0.024816742122309,-0.07422150008510897,0.00044174940729524437,-0.03346592113147284,-0.0088229743757533,0.045654744753841126,-0.002005544937978332,-0.009863707268542576,-0.006087843941078419,-0.09298026520928537,0.03359775929070796,-0.060399539502811295,0.031551257863843274,0.038147712884164964,0.008812648593500836,0.01190083977193559,0.009961914147113256,0.5850773789554863,0.01355339104740354,56.939608201181414,0.7960042213044443,0.8717664011477115,0.6720398033876924,0.6962430308336715,0.6687105377631262,0.6985368002171283,0.7282739369435755,0.7503407277879776,0.6688925706421923,Medium
2020-11-03,11813.5,7848.85009765625,25682.501953125,14528.4501953125,29526.349609375,20736.0,2391.199951171875,11361.0,1325.550048828125,229.9499969482422,-3515.38,2835.46,0.01237019016319918,0.05003757194852376,0.01507971129441632,0.0021258269615880288,0.03174852638077352,0.2019955803074589,-0.005316231994793474,-0.05452513747775589,0.0028837028365753525,-0.0005213093545575198,0.00017842779675203424,0.051041613867910174,0.022360960713075695,0.06733316086331209,0.016617021337951732,-0.037166655673022464,0.017423397680134567,-0.0021454197030706945,-0.023152069199453007,0.07478382906390335,0.010405910514325416,0.011286812763977921,0.00999065517783017,0.46137183252134906,-1.8351196164056822,66.54717968869028,0.7690309010205068,0.8616378092748526,0.6101695967347007,0.6400217006915876,0.6748274466194347,0.655645895901863,0.6913273444507522,0.7212243095606653,0.5381138952855141,High
2020-11-04,11908.5,7901.75,25771.30078125,14628.5,29612.400390625,21104.55078125,2383.800048828125,11608.650390625,1329.0,225.6999969482422,,,0.008041647267956087,0.06767735969288369,0.006739828342440468,0.02683473571358963,0.0034575614278964384,0.2191437327573551,0.006886474699123735,-0.02896802363834916,0.0029143724973939023,0.01023457635683589,0.017773475176022346,0.0623399256133077,-0.003094639718490888,0.07671812886571616,0.021798291578646323,-0.022581680123178183,0.0026026562896852568,0.01450381679389312,-0.018482279001536983,0.07476189022972468,0.009313177350248194,0.011171540361825695,0.010010061569081966,0.43814836626951964,,,0.7622894035047616,0.8502922818279794,0.5989293479915262,0.6302882348345014,0.699801515945394,0.6371480499955139,0.7178407743042532,0.7134400772820265,0.49138731040064193,
2020-11-05,12120.2998046875,7995.5,26312.79296875,15020.349609375,30180.05078125,21385.650390625,2488.64990234375,11704.9501953125,1367.0999755859375,224.5500030517578,534.87,-821.6,0.017785598915690537,0.08879478523317896,0.011864460404340749,0.03960526096086947,0.021011441839752454,0.24244392787191615,0.026786725185425686,0.004262332459581186,0.019169347406389647,0.029250765484385877,0.013319383685945985,0.07977521408475896,0.04398433231309351,0.12851146234837318,0.008295521137002382,0.0016301529236706358,0.028668153187311862,0.05943889469988384,-0.005095232219910484,0.06094972609157101,0.010770883456037623,0.011492344299131102,0.010090516461484615,0.5027794425060292,0.42973534336033664,53.45494124991033,0.7652036528600866,0.8483993800083253,0.6276685738823703,0.6595238877551489,0.7019281825094567,0.6628350022967427,0.7201200091130124,0.7303848827763185,0.4642710011632563,Medium
2020-11-06,12263.5498046875,8006.10009765625,26798.638671875,15180.75,30150.650390625,21492.30078125,2500.35009765625,11623.349609375,1374.75,226.9499969482422,-805.14,-874.35,0.011819014571289532,0.13493066307162938,0.0013257579458758606,0.07915647199631692,0.01846423918973583,0.3100233583179337,0.010678871983438087,0.04346166060294365,-0.0009741663736121398,0.0380686212789525,0.004987007113506081,0.13278043837260123,0.004701422768016217,0.18396192060750938,-0.006971459474486186,0.02547509483803645,0.005595804659994652,0.10844587784720816,0.010688015425816655,0.10653335053387925,0.008390949750364543,0.009852971075439013,0.010092251930307791,0.17250152668460678,-0.31958341341666796,53.98751880071529,0.6841865768961699,0.824698703855552,0.5532831260126302,0.6393727481120521,0.587606907746284,0.5549506687274455,0.6282668121175901,0.6667504415804449,0.3816693673865142,Medium
2020-11-09,12461.0498046875,8067.64990234375,27533.779296875,15491.5,30453.69921875,21820.150390625,2545.25,11674.349609375,1388.949951171875,230.3000030517578,1175.81,-724.31,0.016104635537461442,0.1276713019784621,0.007687863496175673,0.0519134105670187,0.027432013767606955,0.31225054310602096,0.020470003128962633,0.04486623122933131,0.010051153928647194,0.02767810817993155,0.015254281647733903,0.11160842436693219,0.017957446193570092,0.1714956916226158,0.004387719694748382,0.006765254625110906,0.010329115236861197,0.08834822466218317,0.014760987656147195,0.09980902466312958,0.007328671789337068,0.009498416503197504,0.010199084082209963,0.10107084606073194,0.7881418955268527,46.48399877956767,0.6311828735782405,0.8364215341502953,0.5432598159204117,0.6004910355471957,0.5382612604671111,0.5294503304070761,0.579240503827085,0.634426978039216,0.36427880822396547,Medium
2020-11-10,12631.099609375,8127.25,28605.66796875,15713.0498046875,30494.75,20978.5,2556.699951171875,11168.900390625,1439.75,235.0500030517578,,,0.01364650710436388,0.1250094481078603,0.007387541400245334,0.028433885374466783,0.03892995074587002,0.3203480480287457,0.014301378477713511,0.033060025701040274,0.001347973556681259,0.020362267439755444,-0.03857216268255481,0.06042795077304386,0.004498556594391578,0.142914595964182,-0.04329570688409934,-0.05321018255558618,0.036574427167274326,0.09171212215176228,0.020625271111839538,0.08945540232564464,0.005203710666196546,0.009403658553515737,0.010184256932828015,0.08198034386384892,,,0.6094402019909776,0.8326885941333456,0.5244419596203256,0.5756361178573103,0.36195377305165544,0.4884324870435488,0.35159073223747966,0.6251799935993771,0.34513222322014997,
2020-11-11,12749.150390625,8255.2001953125,28844.6640625,15773.5498046875,30845.599609375,21330.5,2645.050048828125,11570.349609375,1432.949951171875,236.8500061035156,6207.19,-3463.86,0.009346041508720315,0.1360448698012433,0.015743356647389906,0.04163932668794712,0.008354851004041874,0.3471856998507361,0.0038503028216680946,0.03943632732023605,0.011505246292394578,0.047929620404418616,0.016779083347236545,0.07557050594048653,0.03455630279014721,0.1596519628547446,0.035943486351348364,-0.01188354674623171,-0.004723076109133584,0.1108139156371124,0.007657958002074139,0.11118936376109412,0.003468390903873887,0.009414557951399552,0.010213885517919737,0.08417620162506534,3.6016338892229336,29.400311084163178,0.618461368918402,0.8294201598551895,0.5233217162787385,0.5916467129957824,0.3739935571847088,0.5159031549993089,0.355746380071469,0.6111413395813082,0.33897366757324937,Low
2020-11-12,12690.7998046875,8284.0498046875,28278.47265625,15743.2001953125,31240.19921875,21363.349609375,2636.89990234375,11600.7998046875,1400.199951171875,238.6000061035156,4195.43,-2359.0,-0.004576821525331454,0.12831683567193575,0.003494719533438051,0.04753982655614997,-0.019628982505158987,0.31824840752152794,-0.001924082387972148,0.047664362408243566,0.012792735896600016,0.046862171915186046,0.001540029974684165,0.07077215464845099,-0.0030812825216618434,0.17584885283683982,0.0026317437536915733,-0.014614117260997928,-0.022854950358326742,0.09613271051418693,0.007388642410400381,0.12600289276116938,0.00742253189487114,0.009547420245579941,0.01017505287765243,0.1109434325270833,2.4766799693762858,36.47124137406728,0.6029032642883112,0.8325284252216443,0.5253014914655629,0.5517550724028089,0.37260518701345624,0.5277922687442718,0.3480493028062097,0.6269547621556837,0.32618882468867993,Low
2020-11-13,12719.9501953125,8308.900390625,28465.369140625,15869.25,31222.099609375,21436.849609375,2681.0,11726.4501953125,1412.0,241.8000030517578,1935.92,-2462.42,0.002296970330761372,0.11412855252140597,0.002999811266638952,0.04303238583075397,0.006609143522243732,0.27958729813113825,0.008006618929042864,0.05445622132344963,-0.0005793692046668353,0.04040543082312986,0.0034404717117837436,0.06595836944988731,0.016724221354421864,0.18562741846323938,0.010831183430493274,-0.008157913212986201,0.008427402685058816,0.09266782743277235,0.013411554343606857,0.12100142082884857,0.008009443210724892,0.009322791846869655,0.01013830892501222,0.06568845441218432,1.2131869923647638,43.50913949875763,0.5982217607348697,0.8234069685698795,0.5332746929555182,0.5457411663071483,0.36693873983793723,0.5267059506239872,0.33845881366819636,0.6222377030020433,0.30252839616350047,Medium
2020-11-17,12874.2001953125,8425.5498046875,29180.9609375,15925.2998046875,31291.44921875,21488.55078125,2761.35009765625,11690.7998046875,1449.050048828125,248.3500061035156,4905.35,-3829.16,0.012126619808373373,0.11916968817676232,0.014039091646123936,0.058758800683426315,0.025139030986734312,0.304428323438358,0.0035319756565370675,0.06175391188517354,0.0022211705888663946,0.03916355400815741,0.002411789643399276,0.0326565803858907,0.02997019681322266,0.19082734172737226,-0.003040169022271666,-0.02771126042186456,0.026239411351363318,0.1229463898112535,0.027088515174070293,0.14843933458273106,0.007285304855328199,0.009425427370927988,0.01017472754633481,0.08636601976785264,2.8736593738666487,33.794435994014336,0.6165974393248659,0.833079432241433,0.5391672055952301,0.5401406477055787,0.36402708754352,0.5418922566854782,0.32110125959559727,0.6416746306461576,0.3294262839193759,Low
2020-11-18,12938.25,8686.599609375,29749.50390625,15911.099609375,30952.849609375,21314.849609375,2772.5,11612.9501953125,1500.800048828125,253.4499969482422,3071.93,-2789.85,0.004975051165572175,0.10939854289350337,0.030983118103731,0.07799599211997288,0.019483353203059606,0.3017520445761792,-0.0008916752266302508,0.06309296690076338,-0.010820835014957009,0.029883858896337934,-0.008083428875369503,0.02000787727158526,0.004037844514251709,0.20402139175320588,-0.006659049053580168,-0.03301566629209729,0.035713052176390425,0.15521688844597437,0.02053549715879943,0.14243853944264484,0.007253064085441422,0.009237506172030376,0.010178701701380244,0.04850629324945496,1.848431207621549,39.49148827326417,0.5586248461415211,0.8297077185812114,0.5627510158197985,0.5368353801784063,0.35750455480430654,0.5868087390336094,0.32583164580813423,0.6279028166840857,0.3014351049745063,Low
2020-11-19,12771.7001953125,8628.2998046875,28902.71484375,15951.5498046875,31085.19921875,21114.44921875,2752.64990234375,11566.599609375,1454.300048828125,250.0,1180.61,-2854.94,-0.01287266861341374,0.08798567323944884,-0.006711464475072648,0.05608900936406558,-0.028463972547861593,0.25858055063000096,0.0025422627163156353,0.06954013482931831,0.0042758457151845786,0.030375699854451765,-0.009401914360064545,0.004617546714687393,-0.007159638469341756,0.21382423209954804,-0.003991284312595211,-0.02924048599454465,-0.03098347447170513,0.13250011383342786,-0.01361214042131842,0.14810562571756591,0.009560691097923964,0.00968659299404503,0.010077161303881458,0.13898200521931478,0.790826002386152,46.92282804831486,0.5655389478244597,0.8512997590292829,0.5428181472321782,0.48317328979834395,0.3737903154247831,0.6308271959734558,0.3278736441482139,0.6835724652253702,0.3598392072422276,Medium
2020-11-20,12859.0498046875,8684.75,29235.66015625,15959.75,31454.349609375,21409.25,2774.75,11526.75,1469.25,251.3000030517578,3860.78,-2868.66,0.00683930941371913,0.08656399279456517,0.006542447132149132,0.061225337283798975,0.011519516913892858,0.26064245639971517,0.0005140688781279934,0.07980971628835487,0.011875439112590147,0.04374490996495184,0.013962039842754237,-0.0132735715355633,0.00802866272148628,0.22106588595525234,-0.0034452311587496176,-0.05589638832972155,0.01027982580618203,0.13604727791613813,0.005200012207031257,0.14748859840985307,0.00866871413675489,0.009664716643959924,0.010088718798117393,0.13457466514112554,2.2895473942795146,37.877611616016424,0.571175726732318,0.853612592484584,0.5683006126056099,0.4944991683697625,0.3732546652347133,0.6393979054676894,0.31022594801851167,0.6859296182211142,0.3600238141875599,Low
2020-11-23,12926.4501953125,8738.599609375,29023.861328125,16405.55078125,31568.099609375,22007.05078125,2808.60009765625,11737.2001953125,1466.8499755859375,253.75,4738.44,-2944.05,0.005241475198302092,0.08496164101709969,0.006200478928581665,0.07044767677773023,-0.007244537219034619,0.21711080460824506,0.027932817321699943,0.10595740789664854,0.003616351996230671,0.05494601964605916,0.027922546621203415,0.007757262690574196,0.012199332428597165,0.24227612461694603,0.018257548338647123,-0.025469218572440333,-0.0016335030893738223,0.10008245742347044,0.009749291358892576,0.17776748013117238,0.008265030264718969,0.00964779358296661,0.010045588670906042,0.13116524425184056,2.780325149723806,34.89203203267925,0.5805409537523246,0.842249544325565,0.5472613691809205,0.5230355984796252,0.3606108254541795,0.6582764222184073,0.3278595019348275,0.6866846525620266,0.38670877116027724,Low
2020-11-24,13055.150390625,8887.9501953125,29736.904296875,16460.55078125,31832.19921875,22064.30078125,2839.14990234375,11880.7998046875,1483.0999755859375,258.29998779296875,4563.18,-2522.11,0.0099563448098976,0.09422553752291929,0.01709090616501907,0.0969392403964826,0.024567474351148366,0.25405893328560447,0.003352523833753951,0.1156216513521009,0.00836602813102405,0.060216299116547356,0.0026014389919424286,-0.006206567421525033,0.010877235499989313,0.26699679970261014,0.012234571020808716,-0.022522430233855806,0.011078160868843279,0.1314895865618444,0.017930986376231584,0.21210690002278443,0.008161041752069158,0.009732128076936915,0.00998589007817832,0.148155774838668,2.682321698023642,35.683939109922164,0.5931408310242101,0.8482252662361376,0.5429157442940726,0.5341941300701235,0.37660476267532944,0.6629272666631802,0.34774912498810284,0.6964656426898042,0.39729631472809007,Low
2020-11-25,12858.400390625,8738.4501953125,29196.060546875,16388.0,31441.69921875,21705.900390625,2816.550048828125,11635.2001953125,1509.8499755859375,252.5,24.2,-1840.33,-0.015070680468092346,0.07741425201097663,-0.016820526298498617,0.0851375710887492,-0.018187627891610658,0.24281256542099827,-0.0044075548998422365,0.09898435720040766,-0.012267452754881725,0.05062369187213278,-0.016243451092253225,-0.034975913518778046,-0.007960077591172121,0.25199483079289897,-0.020671976080103627,-0.02529085154197741,0.018036545371414858,0.16997285981087762,-0.022454464061444468,0.18851496176540272,0.01095528502140892,0.010271632456749238,0.010100398911675733,0.25684754774663565,0.14417433297734472,52.21712457509556,0.6289635627854419,0.8596138052643915,0.5557971607196148,0.5806075221637924,0.43000929483767875,0.673798648986093,0.3949792281977809,0.6166983428731387,0.44895911812638145,Medium
2020-11-26,12987.0,8767.75,29549.40625,16346.0,31701.30078125,21859.900390625,2925.050048828125,11801.25,1539.050048828125,254.4499969482422,2027.31,-3400.1,0.010001213639976747,0.08486725992190625,0.0033529749592458025,0.09173149379331558,0.012102513027663298,0.23770396784797776,-0.002562850866487665,0.10782785496441893,0.008256600913769674,0.05813499494599328,0.007094845052662002,-0.015499441701674277,0.03852230498980247,0.2988965617579469,0.014271331983990887,-0.004722848889919695,0.01933971832589232,0.18093232213936306,0.007722760191058109,0.1851420613181589,0.010639800963794285,0.010361537529226798,0.01007145678648343,0.27496036033289245,1.264291268587964,45.713776712466924,0.6268746590742312,0.8591636529804763,0.5504089594950606,0.5886807263909412,0.4443894568647615,0.6775831145216985,0.4100859768889953,0.6237020138457913,0.4474458203494372,Medium
2020-11-27,12968.9501953125,8891.599609375,29608.70703125,16251.849609375,31718.80078125,21764.900390625,2925.75,11839.150390625,1558.4000244140625,261.20001220703125,7712.98,-4968.9,-0.001389836350773832,0.11032209043667929,0.014125586310627103,0.12050501867601082,0.0020068349512099015,0.28331035851217967,-0.005759842813226501,0.12390211683537355,0.0005520278212163277,0.06996167777628592,-0.004345856948220206,0.009161999982250313,0.0002392954514249812,0.3055847135140246,0.003211557303251844,0.017292638125870008,0.012572674683757779,0.2307692975124147,0.026527865355652214,0.24618322805788395,0.010544505146652089,0.009061803946438856,0.010066136926629091,0.013108274034001539,4.443654986652986,23.495369368490103,0.5874748626924129,0.8358566698328908,0.4694530319542226,0.540184179588231,0.32273240067873904,0.705432492563842,0.3491764809564294,0.5484709209112907,0.33630500541121744,Low
2020-12-01,13109.0498046875,8987.150390625,29817.50390625,16475.349609375,31705.25,22170.900390625,2974.050048828125,12045.150390625,1603.25,269.8999938964844,,,0.010802694687318537,0.11448291699561364,0.010746185776207673,0.1291169829692176,0.007051874125392432,0.26705195269536985,0.013752280840149567,0.13135061032181294,-0.0004272160648018941,0.06855838149269289,0.018653887346752107,0.0293781029718978,0.016508604230752733,0.2764984544799334,0.017399897222618588,0.019557206125691673,0.02877950133682816,0.26195447409883954,0.0333077384489453,0.25476516149700434,0.009307154223739154,0.009137863619868992,0.010093690620010639,0.02843170987857872,,,0.595001603429232,0.824465492429598,0.4795333722055257,0.5280456051215917,0.3486345544572984,0.7268080050498489,0.36181495210386444,0.5660746363148617,0.3525697724406537,
2020-12-02,13113.75,9093.7001953125,29462.80859375,16701.05078125,31820.25,22319.0,3050.199951171875,12088.599609375,1596.25,277.8999938964844,48.81,339.19,0.0003585458429504751,0.10449717770262112,0.01185579411229698,0.15543782455377153,-0.011895540069859822,0.21413663014937012,0.013699325187404243,0.13279302604581766,0.003627159539823843,0.05824633843254645,0.0066799095555734045,0.04333881480587398,0.025604781726439096,0.2881727412520876,0.0036071960366570455,0.04062696240999708,-0.004366131295805431,0.20612796773052788,0.02964060830274895,0.27272720919795734,0.009273065687026722,0.009090935573599536,0.010087233834787223,0.018977305541937786,0.15793597252054373,49.28011183137999,0.6309377229914107,0.8205147512865643,0.4559165369389461,0.514557677809299,0.36037700880281226,0.6973571006253934,0.3966552118131261,0.5659210254126595,0.3259081697417528,Medium
2020-12-03,13133.900390625,9245.2998046875,29448.408203125,16941.25,31908.650390625,22202.19921875,3126.10009765625,12206.9501953125,1673.050048828125,280.20001220703125,-3475.29,3918.24,0.0015365849299400214,0.10398599675940301,0.016670838725598713,0.17078014563292299,-0.0004887650333530447,0.21129452772714075,0.01438228180347001,0.1660179394200103,0.0027781174134395847,0.06487824988797009,-0.005233244376988244,0.023409303275703452,0.024883662612090296,0.32274101105732256,0.00979026436161523,0.048310757601603305,0.04811279488057951,0.2824237928386475,0.008276424473055544,0.2346332495035599,0.009218914593331342,0.009093718381673006,0.010056579020844676,0.01953794666828668,-1.8127017322412429,61.1106657534669,0.6153440481300458,0.8204485563674644,0.45747608673995216,0.5144736520166889,0.3732435558814289,0.6818631428678931,0.3910647427953946,0.5099852173757602,0.3505986763909256,High
2020-12-04,13258.5498046875,9302.2001953125,30052.05078125,16923.55078125,32356.75,22309.80078125,3161.35009765625,12353.599609375,1697.949951171875,283.3999938964844,,,0.009490662358873525,0.11064986583120606,0.006154520872990066,0.1807744842864054,0.020498309245147617,0.21990416395022305,-0.0010447410167490068,0.15570001857286386,0.014043201573535002,0.09003643114648852,0.004846437122730141,0.0339309599224531,0.01127603048489334,0.3084787292339508,0.012013599770302585,0.06078633334107608,0.014882939312658827,0.2920518355040449,0.011420348144341785,0.1965378365775683,0.009156035980286486,0.009162777915731623,0.009990067972538274,0.03345109264801047,,,0.6157640075532396,0.8251122160573291,0.4404019568067463,0.5458761341946874,0.3780443928421494,0.6862480803239147,0.4003614497137902,0.5128678830306376,0.38084353538796456,
2020-12-07,13355.75,9311.099609375,30211.19921875,16998.599609375,32866.8984375,22440.900390625,3161.199951171875,12555.9501953125,1733.949951171875,282.45001220703125,,,0.007331133249439903,0.12266682756024982,0.0009566999070804716,0.1839931492913196,0.0052957596357881,0.2339227866821414,0.004434579308743469,0.14937332929135438,0.015766368300277334,0.10605794209234909,0.005876323623883684,0.04797909686062529,-4.749441844054125e-05,0.2995683252505139,0.016379888642654272,0.08753782125386356,0.02120203836111534,0.32009893503759046,-0.0033520878966571965,0.18826258238670968,0.005119432476389265,0.009090071150366053,0.009943733606258588,0.01880315367717858,,,0.6019486947690147,0.8182625073986385,0.457116224253685,0.541353089438333,0.36924098173576486,0.6774902772286925,0.39414954205688296,0.510427118889611,0.37073279522538655,
2020-12-08,13392.9501953125,9297.849609375,30261.548828125,16967.55078125,32849.8515625,22617.400390625,3122.35009765625,12407.2998046875,1857.550048828125,284.79998779296875,351.15,-939.67,0.002785331809333158,0.1225949476608943,-0.001423032784082623,0.14864841958865194,0.001666587579342238,0.23627459397558903,-0.0018265521183212785,0.13863187145499922,-0.0005186639388080616,0.10300288172871719,0.007865103312598709,0.05081867350726843,-0.012289590698374875,0.27808026920026596,-0.011839039524105144,0.07860958748796487,0.0712823905746045,0.4076080888589346,0.00831996985085981,0.21139932113642756,0.004763766846770017,0.009090335615477178,0.00987469594640238,0.018856434397180252,0.3270011533206569,48.26427029284222,0.6495224765603489,0.8189077399782183,0.45862831737413595,0.540845694488292,0.36729578247468486,0.6649205046526752,0.3915807808784513,0.42420630485728467,0.37257917907830346,Medium
2020-12-09,13529.099609375,9293.2998046875,30709.04296875,17087.75,33125.5,22803.44921875,3105.89990234375,12443.900390625,1838.550048828125,289.0,,,0.010165752285866914,0.14967598813494498,-0.0004893394579014165,0.18633075520863374,0.014787549149140045,0.2755483374946974,0.00708406418225227,0.16931660707210483,0.00839116234591053,0.11254035111794525,0.00822591566279729,0.07231128326333902,-0.00526853004883987,0.31742692117506044,0.0029499235541703417,0.09790723440472138,-0.010228526554095563,0.4099310190399732,0.014747234505095408,0.2529807398551376,0.004405044959300065,0.008528667985123736,0.009897659402304613,-0.0943004792674863,,,0.554843322010689,0.8094876323170983,0.3711277859672454,0.5561281031192625,0.3299042258057721,0.564463655342847,0.34278517047170715,0.3505246273856828,0.3078909231843523,
2020-12-10,13478.2998046875,9200.849609375,30509.994140625,16931.599609375,34054.80078125,22755.75,3113.050048828125,12440.599609375,1810.300048828125,290.25,615.17,-1028.77,-0.0037548548058806697,0.13363999544631167,-0.009948048298825896,0.1601633816486927,-0.006481765919164384,0.23177083887768002,-0.009138148125118817,0.14772998080801236,0.028053939751852885,0.1289994816047384,-0.0020917545539900217,0.08240101873089523,0.0023021174890340834,0.31931256144643494,-0.0002652529469366893,0.08071055982061415,-0.015365369040677646,0.40116102850474067,0.004325259515570945,0.267467248908297,0.005167221041570514,0.008595021223073155,0.009717189883882075,-0.0809325598570537,0.4746382143606974,46.18097999555117,0.5666791280856383,0.8120177470487671,0.3913340334491658,0.378943007091319,0.3718196998272716,0.5891819653171811,0.3311995867769212,0.40717074422185884,0.33922165993597675,Medium
2020-12-11,13513.849609375,9188.9501953125,30604.494140625,17204.05078125,34364.8515625,22664.0,3146.10009765625,12366.0,1828.449951171875,292.5,1514.12,-2239.43,0.002637558535026452,0.15211516670815595,-0.0012932951376984914,0.15981826957969147,0.0030973457275813576,0.2629670628334435,0.016091283644821486,0.17127187456576642,0.00910446615857774,0.1474802077839481,-0.004031947969194594,0.08907604163127592,0.01061661338871378,0.3529286272375447,-0.005996464134958801,0.09191092586623562,0.01002590833243322,0.4377998123590028,0.007751937984496138,0.3037664009023464,0.0049684280034355405,0.007931100309286357,0.009561063763066601,-0.21469003039930984,0.9773211021038397,41.55979302258524,0.5728524260906985,0.7911524813817976,0.3480889374857435,0.31499814049442,0.331446787939211,0.5385605212177401,0.27052383362283383,0.3532722794861428,0.2416248902071187,Medium
2020-12-14,13558.150390625,9093.099609375,30745.54296875,17351.349609375,34411.6484375,22746.69921875,3189.5,12459.900390625,1860.75,289.8999938964844,2264.38,-1721.11,0.0032781762806703973,0.1617156165406468,-0.01043107035082158,0.15883641117341574,0.004608761951002682,0.27618709130900365,0.008561868945744733,0.1785879880988217,0.0013617656667275213,0.16006901907242477,0.0036489242300565827,0.08956049949677225,0.01379482565608181,0.3821120888702785,0.007593432850153681,0.10991451902948501,0.017665262758449263,0.4717048569860358,-0.008888909755608965,0.2976723447486471,0.004848370057560402,0.007720409874104786,0.009560027652281781,-0.257136983179568,1.3968581879908972,38.533207073899796,0.5339572876220138,0.7866601900506793,0.34297257324728986,0.2664918491283607,0.34102574157506754,0.5101140967654821,0.24184172208074856,0.32667265114268607,0.21588705701200878,Low
2020-12-15,13567.849609375,9149.75,30690.693359375,17281.349609375,33967.8984375,22715.099609375,3214.14990234375,12432.599609375,1833.5999755859373,289.0,2484.09,-2666.79,0.0007153791977927426,0.1653824945155178,0.006230041796374097,0.1793346714747115,-0.0017839857123599367,0.2840959542846646,-0.0040342683177900795,0.15379760944371634,-0.012895342715300573,0.15425376937150137,-0.0013891953760460929,0.08597135962549629,0.0077284534703714325,0.37145834118973853,-0.0021910914529092995,0.1057342620900501,-0.01459090389040052,0.454660829500942,-0.0031044978110822408,0.26643297048574377,0.004482252606364862,0.0076362813996136095,0.009535352982281985,-0.27408600785230497,1.5197175875860314,37.59266238025616,0.506354449932215,0.7821434409183903,0.40419533351590664,0.2505371918243636,0.3482471248822551,0.5318180425264739,0.24715715019989593,0.32398945930182066,0.26296751937813984,Low
2020-12-16,13682.7001953125,9239.099609375,30698.04296875,17383.150390625,34195.8515625,22906.25,3271.75,12547.5,1803.75,303.8500061035156,1981.77,-1718.45,0.008464907059269056,0.17255324829005425,0.009765251441296252,0.19487854238740332,0.00023947355274578364,0.23323890536792535,0.005890788830217986,0.19012952502853908,0.006710839807161584,0.1614866954552674,0.008415124472802571,0.10485807830436689,0.01792078758188853,0.39884139407653385,0.00924186366770452,0.12278866959228485,-0.016279437163713162,0.3844648530532382,0.05138410416441386,0.29078170765429867,0.0046684612538859215,0.007640058027044249,0.009557752815259618,-0.27332514594569385,1.238825804760362,39.2871434200895,0.5058000780163727,0.8607655475589543,0.428163236064205,0.2474914778852388,0.3459345593366746,0.5319457226494543,0.24490149404682457,0.3142703666194159,0.29650496889180195,Low
2020-12-17,13740.7001953125,9185.2001953125,30846.69140625,17323.55078125,34013.55078125,22892.25,3227.699951171875,12602.400390625,1778.0999755859375,305.6499938964844,2355.25,-2494.36,0.004238929390550483,0.16313541247830865,-0.005833838397824809,0.17026062175085976,0.004842277328600986,0.2010781294809414,-0.003428585039863874,0.19238807638541644,-0.005331078856650406,0.15197277114304208,-0.0006111869031377726,0.1039858217592593,-0.013463757569534662,0.3498243631152842,0.0043754047120940776,0.10926858468664724,-0.014220387755544017,0.3414053865094697,0.005923935352351251,0.3292019915324502,0.004665241700174442,0.00752573939523764,0.009555627700474854,-0.2963564599301992,1.4476716859710064,37.757692365011565,0.4829616315729327,0.8606299472832001,0.48170165445760854,0.2582462258997191,0.360981770683284,0.5016673219012011,0.2223386027351551,0.30749726664697435,0.3915595820752657,Low
2020-12-18,13760.5498046875,9168.650390625,30714.29296875,17231.94921875,34102.69921875,23256.599609375,3216.60009765625,12762.349609375,1765.550048828125,303.79998779296875,2720.95,-2424.61,0.0014445849987885229,0.15552334926208178,-0.0018017903078417774,0.16033162155535163,-0.004292143872297927,0.19180220003083015,-0.005287689784656879,0.17797103043716023,0.002620968274477997,0.1516357596443476,0.015915849659819292,0.10197084270739154,-0.0034389359864739344,0.34935818095881377,0.012691964529946809,0.09938271719180314,-0.0070580546257962284,0.3284800969361361,-0.00605269471767822,0.3460345232642452,0.0037107541395147545,0.00753251659993153,0.009552569526048743,-0.29499108381630124,1.65216707731387,36.547104530321164,0.48771045821006653,0.8668294018857303,0.48712709758442624,0.26470000533081706,0.3295348756764044,0.5284030461673457,0.19777636791922712,0.3215757950893713,0.45144620655529627,Low
2020-12-21,13328.400390625,8745.0,29456.107421875,16377.4501953125,33151.1015625,22844.599609375,3038.25,12278.150390625,1643.25,287.8500061035156,-323.55,486.12,-0.0314049525779333,0.09967580054993941,-0.04620640689475797,0.09374022887874434,-0.04096417092052651,0.1194595517419268,-0.0495880653192573,0.09035079883163721,-0.027903880867201303,0.09844419423892514,-0.017715401516992135,0.06822094217857266,-0.0554467736869757,0.22084267342652342,-0.037939661078890685,0.048970750472911106,-0.06927022482840461,0.20199694926898437,-0.05250158765747748,0.28189713734792265,0.01341682693410505,0.009671492673026427,0.010183474302499397,0.13593980440611222,-0.050283617089597575,51.93297935541093,0.7200021710412561,0.8907770410382685,0.7071543164405297,0.49513077481798506,0.4120676574229537,0.6994621627875307,0.44102112703896984,0.5465527602619921,0.7383803436233946,Medium
2020-12-22,13466.2998046875,8818.599609375,29625.60546875,16569.0,33329.05078125,23611.599609375,3079.64990234375,12550.9501953125,1659.25,289.1499938964844,1153.0,-661.51,0.010346283876607965,0.09807519186168046,0.008416193181818077,0.10148505537129182,0.005754258172929072,0.1054891941149938,0.011695947928592965,0.09144805098562325,0.005367822194822347,0.10541730773453861,0.03357467467651465,0.09860735012483568,0.013626232977454134,0.23168747657798705,0.02221831432328747,0.07980492862309929,0.00973680206907046,0.20694671758501548,0.004516198594420873,0.2740691684716232,0.014113052732721006,0.009629977260825014,0.010218535499103442,0.12757586163933374,0.775386796055891,46.87858956333666,0.7356668719802014,0.8822149941422448,0.7079360765801126,0.5162676101816003,0.4291370580769819,0.7145242014242593,0.48283881348501917,0.553009267657508,0.7320764189183628,Medium
2020-12-23,13601.099609375,8935.9501953125,29882.953125,16628.19921875,33966.0,24167.75,3134.10009765625,12753.25,1693.4000244140625,300.54998779296875,536.13,-1326.92,0.010010159185716239,0.09148906573334181,0.01330716793318798,0.1076274136184936,0.008686663181330045,0.08531970140370904,0.003572890261934969,0.07337567173934101,0.01911093186933277,0.11533248411042019,0.023554117460308888,0.10758860811443549,0.017680644566468784,0.23135255776691888,0.016118285989458858,0.09241631668787753,0.020581602780812114,0.21919441588612965,0.03942588323403373,0.3050368380821207,0.014626814406947939,0.009409434732329426,0.010160871281471192,0.08314404732833543,0.4304399214109027,48.41508903947461,0.7507855199710407,0.8725239077675025,0.6835480763259364,0.5201093949117658,0.42527512488597985,0.7174752112875924,0.5048222256253146,0.5703692245572314,0.7428717582783362,Medium
2020-12-24,13749.25,8978.0498046875,30401.845703125,16860.69921875,34115.6484375,24009.25,3144.300048828125,12908.9501953125,1703.800048828125,299.25,1225.69,-1897.92,0.01089253037474136,0.0885235985151358,0.004711262759396817,0.10468483246947002,0.017364166652287683,0.06279097332518924,0.013982271738591567,0.07303797978926618,0.004405830462815841,0.11873842013789249,-0.00655832669569989,0.1444693376552184,0.00325450714848019,0.22982755461270332,0.012208668011095103,0.15579419135549544,0.00614150482114284,0.18339992972955366,-0.004325362987085635,0.2731333593478209,0.01514324581947191,0.009314593184914158,0.010193674232100654,0.06403670303302773,0.8160342393064044,45.87223500055791,0.7506472520666185,0.8860257178104567,0.6808586267397395,0.5365985691571318,0.6255901722310638,0.7238856682151965,0.7541140757191599,0.5428466943363981,0.7054861925591392,Medium
2020-12-28,13873.2001953125,9066.849609375,30880.58984375,17005.5,34181.1015625,24100.30078125,3224.85009765625,12874.349609375,1749.699951171875,307.0,1588.93,-1386.55,0.009015051389166695,0.08816664407018537,0.009890767663277789,0.09831977358021837,0.01574720644594918,0.07058240570382801,0.008588065024549785,0.078102279484761,0.0019185660539300375,0.10813542273015919,0.003792320928392101,0.12985165754436134,0.025617799693812948,0.2192019198597026,-0.0026803562965224126,0.11270186675633553,0.026939723575732932,0.22104749697709947,0.02589807852965742,0.2961789828530774,0.015183770048867385,0.009306855300103117,0.010163339504078585,0.06247778256798486,1.0191540258838772,44.634809235512556,0.7481524084247783,0.8876969796321132,0.687192902124206,0.5203235785852658,0.6115591616199371,0.727782279038504,0.7562259190000076,0.5674796826366969,0.7177545213309041,Medium
2020-12-29,13932.599609375,9043.900390625,31322.13671875,16899.349609375,34181.94921875,24274.05078125,3189.85009765625,12843.900390625,1765.3499755859375,306.1000061035156,2349.53,-2010.5,0.004281594241144937,0.09785039743742763,-0.002531112761181231,0.09172453134064229,0.014298524647169852,0.10763184064070375,-0.0062421211152273726,0.07343801766598523,2.4798974030959542e-05,0.09416553266518202,0.007209453590520276,0.13624741555498776,-0.010853217650469205,0.20969707451580644,-0.002365107339311945,0.10715645531915863,0.008944404669829709,0.26078420021973003,-0.0029315762100468046,0.2829002442301507,0.015184790804712805,0.009202623159088189,0.010165562133052081,0.04147855322929647,1.4444731252970082,41.83090388696951,0.7531380602186841,0.8846416282773883,0.6778552851705791,0.5573343298871142,0.6130366202195894,0.7067728231259952,0.7576583379654466,0.5541173051630346,0.7169657209500044,Medium
2020-12-30,13981.9501953125,9164.7998046875,31302.6875,16948.75,34313.69921875,24330.05078125,3230.89990234375,12823.900390625,1761.3499755859375,310.04998779296875,1824.52,-587.43,0.003542094606974411,0.0992142249475998,0.013368061217019278,0.10300995003240354,-0.0006209416338559537,0.09967614842295003,0.0029232125358005234,0.06802463884556609,0.003854373522026444,0.09901959343075983,0.0023069903126038405,0.1349639160881977,0.012868882057392339,0.20510999714425582,-0.0015571593824098562,0.0935875884887305,-0.002265839666535485,0.24741499687389346,0.012904219571029163,0.2822579978487505,0.015190773293554002,0.009201413700127194,0.010102013083024528,0.041234888407195025,1.1508933456718597,43.58945858685518,0.7469170651528677,0.884695556850469,0.6816747786647378,0.5574977473943868,0.6123883471235088,0.7118615319407217,0.7619892080173156,0.5521990094096675,0.7183217101653817,Medium
2020-12-31,13981.75,9193.5,31263.6875,16922.5,34177.1015625,24251.349609375,3254.64990234375,12915.900390625,1752.699951171875,313.8500061035156,1135.59,-257.64,-1.4318125132972703e-05,0.08602862996419458,0.003131568165604781,0.091145410461553,-0.001245899413588658,0.07137278881805154,-0.0015487867836860847,0.06261735776044741,-0.0039808490299804156,0.09221855860932449,-0.0032347310978755317,0.12857073779659922,0.007350893162233696,0.17864442654562263,0.007174104383036006,0.10479185397104218,-0.004911019691691276,0.20955101073928928,0.012256147267079687,0.263740682062632,0.004240592346966279,0.009061164070259255,0.010100609087405378,0.012979360759142427,0.7656513168016409,45.561844428299864,0.7389599990887041,0.883381364309343,0.6910648644886433,0.5723814890606929,0.6303252727650683,0.6972735418848222,0.789520419735528,0.5433335606367395,0.7047103293077085,Medium
2021-01-01,14018.5,,,,,,,13001.9501953125,,,506.21,69.4,0.0026284263414808606,0.08349274438196819,0.0,0.05835429436369188,0.0,0.05089777626281311,0.0,0.06356571295858604,0.0,0.10416656281457315,0.0,0.1377678029080922,0.0,0.17390438317177637,0.006662315602089963,0.11960784956786097,0.0,0.1678437461009159,0.0,0.23831134299681178,0.004188400481993699,0.009051817822633864,0.010080462839205977,0.011096409920459672,0.4137089886546038,47.650902987117895,0.7845787409616727,0.897348161445506,0.6941659633393634,0.6022031802711549,0.6508135300108977,0.6977144472023681,0.8056396648786884,0.546634460800212,0.703452256677972,Medium
2021-01-04,14132.900390625,9417.9501953125,31212.0859375,17176.150390625,34619.69921875,25110.05078125,3424.60009765625,13149.7998046875,1829.5999755859373,317.45001220703125,149.41,-296.84,0.00816067272711063,0.1065794040336221,0.02441400938842664,0.0915186547175848,-0.0016505270691437035,0.07990152849774201,0.014988943159994106,0.07677000673487155,0.012950122626420368,0.11370363030737973,0.035408386984906004,0.1892354150991462,0.05221765793921951,0.24411030067440342,0.011371341003006075,0.13687689111580204,0.043875179184347024,0.2580622389858469,0.011470466890251663,0.2698000488281249,0.003926102605699495,0.008606319873918201,0.01009755449357636,-0.0786562662109421,0.2141903787800244,47.770982532788544,0.7799132294933102,0.8726820084705044,0.7389365083815406,0.6476789280707037,0.6055405506645035,0.6653479292286744,0.8188943919522124,0.508798377991291,0.687671033158363,Medium
2021-01-05,14199.5,9416.0498046875,31721.880859375,17070.55078125,34720.25,25769.150390625,3376.25,13166.349609375,1831.4000244140625,316.3500061035156,,,0.004712380865514287,0.10424177646655242,-0.00020178388986868967,0.08420504962002351,0.016333253820197458,0.08504068968640999,-0.006148037073117285,0.06960013667194032,0.0029044383261291884,0.10382984964507402,0.026248437930964208,0.20364563871340668,-0.014118465303245231,0.21677628615190558,0.001258559440699747,0.14224300946710922,0.0009838483013473454,0.24648631915199082,-0.003465131709613045,0.25885396841145325,0.0031246603687768906,0.008585897559012623,0.010089944612267964,-0.08277066768205579,,,0.7768696622300818,0.8607606827976165,0.7340794765036487,0.6449711366609758,0.585408698749267,0.646178480480693,0.8331260645790707,0.5065653427313942,0.684135141549293,
2021-01-06,14146.25,9379.5498046875,31797.53125,17097.849609375,34327.3515625,25419.150390625,3419.800048828125,13118.099609375,1825.449951171875,318.6000061035156,-449.86,230.49,-0.0037501320469031096,0.09436463888050528,-0.003876360125222522,0.07334701484948125,0.002384801549452975,0.09556515897446172,0.0015991767620635589,0.042199060388526055,-0.011316117755488464,0.08740633700691847,-0.013582131917214135,0.1550457461697734,0.01289894078581999,0.21761729328497692,-0.0036646452077836456,0.11765151749000502,-0.0032489205869106197,0.24446942874488142,0.007112375396205239,0.25556652651631784,0.003785799607132103,0.008673966298401867,0.010109229679430759,-0.06502781372169192,-0.12091477071419997,49.94515485962489,0.7782478395938285,0.8694767797170585,0.7644410512544818,0.6548985348626393,0.6142182862092691,0.6282308945817957,0.8461146400560847,0.5161570054909155,0.6775210084947882,Medium
2021-01-07,14137.349609375,9429.650390625,31955.62890625,17042.75,34032.3515625,25251.19921875,3550.449951171875,13060.75,1838.25,322.8999938964844,-1245.29,880.6,-0.0006291696120880319,0.08289442759136167,0.0053414702177350115,0.060947708235155496,0.00497201040568207,0.07461182197126548,-0.0032226046335550596,0.03536936439655314,-0.008593730263836141,0.06911719572470054,-0.0066072692947654055,0.14443686519212928,0.038203959435733736,0.2505327556818817,-0.004371792491498883,0.09931572071831041,0.00701199658742091,0.23946465528984384,0.013496508821696729,0.25009682213106976,0.003917004681045957,0.008598184828394586,0.010097678864954985,-0.08029520104397606,-0.5657104205251213,52.430720110623014,0.765965319851212,0.8712787247653818,0.7702660172573008,0.6508076795202008,0.6286559676350206,0.5805693608152187,0.8436661843435435,0.5171291906241893,0.6663548560035881,Medium
2021-01-08,14347.25,9741.25,32083.826171875,17255.150390625,34276.75,26162.400390625,3529.199951171875,13271.5498046875,1829.949951171875,327.5,,,0.014847223590326086,0.11578808904259308,0.0330446619404674,0.11475716886564435,0.004011727198394377,0.09890942719356333,0.012462800347655234,0.05291374119020009,0.007181356159040808,0.09016849762239754,0.03608546128765244,0.20531283751420926,-0.005985156893420274,0.25302227547501266,0.016139946380376413,0.14063785598070244,-0.00451519044097648,0.21200780260417207,0.014245915733867465,0.29702970297029707,0.006249977103891831,0.008192095129258462,0.009839810762675068,-0.16210845596902954,,,0.7597838016332488,0.829277554655688,0.807328389191751,0.6160412506061337,0.6186593206718294,0.5170114817446623,0.8245287441292061,0.5534700080359132,0.61831996776793,
2021-01-11,14484.75,9995.599609375,31998.529296875,17108.55078125,34681.25,27027.75,3493.89990234375,13412.349609375,1802.5,329.54998779296875,-202.13,116.01,0.009583718134137165,0.11532686532686531,0.026110571987681297,0.1400415852841379,-0.0026585630573816577,0.0828823099237399,-0.008495991402929226,0.046650604505689364,0.01180100213701718,0.09400084997498004,0.03307607851170591,0.2364077382343115,-0.01000228077652654,0.19447525478872607,0.010609145635558592,0.13651940340006363,-0.015000383564750752,0.17117698763108646,0.006259504711354946,0.29514636174274633,0.006349329075332828,0.008181354290817016,0.009855127629851428,-0.16427236939847165,0.01761310267209369,47.92305295118578,0.7681258989257324,0.8020272525406178,0.7895600040795642,0.6195221121926026,0.6278224336747595,0.46917738722647734,0.8225243380043094,0.5148170141666778,0.6170770926756431,Medium
2021-01-12,14563.4501953125,10119.849609375,32338.625,17329.599609375,34488.6484375,26982.099609375,3509.89990234375,13244.7001953125,1910.1500244140625,338.6499938964844,-2765.84,3467.02,0.005433314024232416,0.12294749968091612,0.012430469892317886,0.13813599959055445,0.010628479201955532,0.09219983722587943,0.012920371278159815,0.06631552874931179,-0.005553478104162957,0.08732510649921377,-0.0016890192718594932,0.23970701106434888,0.004579409956555036,0.19965817391908058,-0.012499630485721558,0.1187204958390009,0.05972262103415393,0.2257122654578072,0.027613431772397723,0.2965159956733274,0.006256730984666604,0.00813030593050736,0.00985442853164194,-0.17455687679770998,-1.41598514654752,56.4012283577126,0.7942467396405867,0.8036441311033392,0.7818431249107609,0.606381315480247,0.6126862460968877,0.4654879161775897,0.7877917111226378,0.5008439699376075,0.6480368288659193,Medium
2021-01-13,14564.849609375,10208.5498046875,32574.271484375,17430.150390625,34617.6015625,27004.30078125,3523.25,13122.5498046875,1972.6500244140625,337.6000061035156,1879.06,-2370.17,9.609083312889233e-05,0.11105303789195609,0.00876497168795165,0.13590508236477383,0.007286843035998025,0.09245467316085976,0.005802256458112609,0.05795329409621064,0.0037390019859342427,0.09185707611515448,0.0008228111302088781,0.21800649975716868,0.003803555094928912,0.18466399090636632,-0.009222586304235891,0.08944673824089922,0.03271994304173664,0.23040700103793066,-0.0031005102964498654,0.25083369298999125,0.0064211227986351775,0.008051693118759605,0.00985192460897158,-0.19039468312861713,1.1813915098606478,40.62691474329271,0.7847686814685234,0.7945188184292847,0.7671065080146673,0.6216969032826681,0.6057727347845414,0.457665388812604,0.7797592806398315,0.46451653699867657,0.6391478691872768,Medium
2021-01-14,14595.599609375,10238.2998046875,32519.37109375,17669.400390625,34885.69921875,26965.55078125,3487.39990234375,13232.5498046875,1978.0999755859373,337.3999938964844,1076.62,-188.1,0.002111247340323086,0.11299968425316931,0.0029142239171267015,0.12586731306195942,-0.0016853912036477459,0.10374307969568086,0.013726215473659042,0.057981358302445773,0.007744547402163793,0.09633642786433172,-0.0014349566135370972,0.20818812586809443,-0.010175292033278938,0.14333484957401055,0.008382517242244036,0.0946304975164649,0.002762756243847031,0.2392168993490602,-0.0005924532091682311,0.21410579815328568,0.006470222588308741,0.008034090971427195,0.009631751401265057,-0.19394091680555686,0.7326759456572912,43.27665332438957,0.7987283454101085,0.8029903274569675,0.7758171915516657,0.6189379648892266,0.6074806417927114,0.482307671465644,0.7765363698483895,0.46186748524817106,0.6772606846893826,Medium
2021-01-15,14433.7001953125,10178.2998046875,32246.42578125,17341.05078125,34630.05078125,26362.80078125,3449.14990234375,13014.25,1937.300048828125,331.25,971.06,-942.07,-0.011092344158201595,0.09896525525770694,-0.005860348021116679,0.10091614330634857,-0.008393314609717595,0.09501422144196159,-0.01858295143672306,0.02359924924370982,-0.0073281729541082585,0.085287229554045,-0.022352593681086996,0.187395920625121,-0.0109680567388597,0.10333955874596024,-0.016497183680364458,0.06613443913267592,-0.020625816319383317,0.15794506577080103,-0.018227605239291234,0.18219124043167234,0.00827194386502816,0.008465565550584307,0.009742999679901448,-0.10701347241739453,0.673647962309868,44.67395055713206,0.8114891872923901,0.8081075597344637,0.8181632967401933,0.6343615560496708,0.6512786591442119,0.5175723654754106,0.8063862596472473,0.522228893989076,0.7031297025291554,Medium
2021-01-18,14281.2998046875,9961.099609375,31811.380859375,17200.75,34502.8515625,25916.25,3308.5,12653.5,1889.949951171875,324.54998779296875,650.6,-42.51,-0.010558650142566628,0.07713890395753631,-0.021339536020787198,0.0708326417651739,-0.01349126023535796,0.05854276271963044,-0.008090673571044538,0.016379495197728522,-0.0036730878494370955,0.06632623988812236,-0.016938669944644102,0.1616531341589118,-0.04077813557716825,0.04654653796580255,-0.027719615037362866,0.024276356698286428,-0.02444128243577559,0.11307753792594855,-0.020226451945754675,0.14520111073649122,0.009706421362028015,0.008737668904869999,0.0098229392139729,-0.05219390635232376,0.4944502781159002,46.406971455076715,0.8306019600748025,0.8243623249686786,0.8264512806931701,0.6257655124799237,0.6849381120987148,0.5637026583363544,0.8179073644734721,0.5443014592763007,0.723946927134062,Medium
2021-01-19,14521.150390625,10136.7998046875,32424.47265625,17518.55078125,34659.8515625,26043.5,3405.199951171875,12866.0498046875,1940.699951171875,338.1499938964844,257.55,-199.3,0.016794730817062842,0.0872583262358908,0.01763863450849712,0.0886791281323136,0.019272718766444763,0.07326003252881041,0.018475983968722298,0.030587882756426543,0.0045503485332394344,0.05455194162629917,0.004910046785318034,0.1605372131538909,0.02922773195462436,0.07718587997242876,0.016797708514442622,0.024697422700097116,0.026852562930850254,0.11923642886016972,0.041904195393749566,0.19720297143632615,0.010169975922621857,0.00908151998576991,0.00991319715820548,0.017080385011786187,0.27466106956432096,48.55699820275551,0.8415622560190503,0.8383051635941349,0.8380766332318285,0.6093050062710256,0.6574905368133122,0.597497209066338,0.829530459600775,0.5551654216596704,0.7637894326993662,Medium
2021-01-20,14644.7001953125,10369.25,32543.3203125,17596.30078125,34605.3515625,26619.69921875,3437.0,12881.2001953125,1980.800048828125,338.3999938964844,2289.05,-864.62,0.008508265623863087,0.09346335062442845,0.02293131952798455,0.11523098733977255,0.003665368979473227,0.07540167548378518,0.0044381525030721125,0.037056025828712924,-0.0015724245068310383,0.053440119711347656,0.022124492435732446,0.17695662450154837,0.009338672995452546,0.10077342146223045,0.001177547954110958,0.038195288103376024,0.020662698338316465,0.06635083672590936,0.0007393168845555298,0.18820227668857692,0.010039493170160684,0.009140406593214004,0.009844688841128924,0.028944032468847917,1.4106533788698374,41.88340811640715,0.8401784830254452,0.8349918437401982,0.8375905527158235,0.5977709315333951,0.6632066114214942,0.6041438150812253,0.8376217748688418,0.6363578781011233,0.7524374318523164,Medium
2021-01-21,14590.349609375,10367.75,32186.525390625,17564.150390625,34494.3984375,26450.150390625,3362.14990234375,12697.150390625,1916.050048828125,329.75,1614.66,-1039.48,-0.0037112802046228577,0.078442027233254,-0.00014465848542566384,0.11561557443466453,-0.010963691425731836,0.048112291333159085,-0.0018271107674664444,0.027879644226126876,-0.0032062418091494127,0.041324612081327095,-0.006369299169450282,0.1599188410881509,-0.021777741535132344,0.08250426866835947,-0.014288249689223487,0.020351336160709943,-0.03268881179516692,0.042152782323982896,-0.02556144814568284,0.14100346020761245,0.010054516335170485,0.009117603385610577,0.009867383769883284,0.024349962142176634,1.0335419570275792,44.090947803540644,0.8566399112035232,0.8332345785539053,0.8348908829911569,0.5945733718959806,0.671998574723885,0.6326001937082211,0.8449796374870512,0.667091936499621,0.7512200893365063,Medium
2021-01-22,14371.900390625,,31166.888671875,,,26489.75,,12542.099609375,,,-635.69,-1290.35,-0.014972171647596122,0.06629920679066093,0.0,0.1268252868122106,-0.03167899319281575,0.021530470580304772,0.0,0.037359186127916555,0.0,0.012908537009913568,0.0014971411803026413,0.16409039473539644,0.0,0.0800179404791117,-0.01221146292513653,0.008158770733487142,0.0,0.05841573062347094,0.0,0.13608957795004306,0.011601208796336355,0.009602650648415598,0.010029990929541491,0.12207047917815424,-0.2248288493941134,52.813818846502535,0.8203913239584308,0.8481491284417552,0.7892121953717189,0.720741658268765,0.6438931377300177,0.6081740723826535,0.8472925566362213,0.6281130005472246,0.726248715377602,Medium
2021-01-25,14238.900390625,10433.5,31198.037109375,16772.30078125,34178.6015625,26023.30078125,3236.35009765625,12756.75,1843.9000244140625,317.8999938964844,-765.3,-387.76,-0.009254169343308138,0.053652423418047324,0.006341781003592839,0.135439824815067,0.0009994079880071283,0.019393980701746694,-0.045083285656541405,-0.025095833852719518,-0.009155019055403724,-0.005419781885606656,-0.017608668211289258,0.14822188410033532,-0.03741647705826712,0.02868630914421111,0.017114390517561473,0.03159873847646777,-0.037655605321056274,0.008449820150825182,-0.03593633389997153,0.08683758597088675,0.011749482504574233,0.009826248983062785,0.010095024029275344,0.16711793443797276,-0.297305326484484,53.789247172162575,0.7985703450933184,0.8281611470617218,0.7750860988000374,0.7420260129065946,0.667012466307913,0.6318352392029715,0.7657516971113978,0.6494193431433719,0.7397546081272489,Medium
2021-01-27,13967.5,10210.25,30284.19921875,16482.900390625,34281.3984375,25865.30078125,3154.800048828125,12495.900390625,1815.9000244140625,311.0,-1688.22,-3.38,-0.019060488041877988,0.030192142554935186,-0.02139742176642545,0.12285693972528544,-0.029291518803610583,-0.01500522369921753,-0.017254662577272928,-0.05005081669732325,0.0030076384141120016,-0.003785055523758629,-0.006071481912618859,0.13710127928932003,-0.02519815420685889,-0.010879432880349538,-0.020447967497599362,0.0028892686836474724,-0.015185205070376573,-0.02410317107936988,-0.02170491987719625,0.07278374110987351,0.012937059217916495,0.010530778996383579,0.010331742619211664,0.3090567565868305,-0.8133919728562522,58.58903291617948,0.8380178742890128,0.85193167038942,0.7805436245116588,0.6669532523762588,0.6611059915457812,0.6518893513206464,0.7860842701803701,0.6432637646339495,0.7564100957132543,Medium
2021-01-28,13817.5498046875,10105.599609375,30357.947265625,16459.75,33625.8515625,25301.25,3138.10009765625,12395.9501953125,1783.8499755859375,304.1499938964844,-3712.51,1736.92,-0.010735650281904374,0.01840381508503497,-0.010249542432849368,0.10446729248066888,0.0024351988422179893,-0.010841921681393307,-0.0014045095266222996,-0.04754256050287231,-0.019122524309944877,-0.010069709659234816,-0.02180723843191823,0.11385159806024547,-0.0052935054245604185,-0.023660938972399737,-0.00799863892861108,-0.0029478480136095886,-0.01764967696306219,-0.02713241746423012,-0.022025743098120998,0.0524221242092886,0.01295079473531995,0.010748454445768186,0.010369854240908536,0.35291095202521017,-1.9453525299835293,65.9070466042037,0.8433524138271707,0.8268686589604094,0.7646575857847034,0.7022188447082697,0.6788459434990529,0.64776575875028,0.7871256115305767,0.6533782509995666,0.7668067527535055,High
2021-01-29,13634.599609375,9813.150390625,30565.14453125,16159.2001953125,33121.05078125,24645.75,3077.449951171875,12170.25,1814.050048828125,305.6499938964844,-5930.66,2443.2,-0.013240422354072856,-0.0035154308178131366,-0.028939323746677403,0.0621327624466248,0.006825140837490418,-0.004329215306502987,-0.01825968223621255,-0.07041014820723146,-0.015012282449166636,-0.03143073595595591,-0.025907810878909143,0.07593997271487041,-0.019327027372285754,-0.05938719303984874,-0.018207575196441783,-0.030065750149432136,0.016929715870454665,0.005710352780665229,0.004931777182644037,0.005923935352351251,0.00905913620243482,0.010934186393506936,0.010490371433911669,0.3903296189364915,-3.185717452890756,73.79826014458243,0.8486203293379178,0.7874736632867618,0.7724321613099454,0.7145007607017118,0.6990940940535703,0.6499345875026488,0.7945943804780468,0.629781111390202,0.7566958719065705,High
2021-02-01,14281.2001953125,10227.9501953125,33088.66796875,16587.55078125,33689.6484375,24922.69921875,3227.25,12103.5498046875,1956.1500244140625,324.95001220703125,,,0.047423511101338356,0.039335695584449715,0.04226978984076091,0.1135250160940584,0.08256213004063939,0.07268126532512786,0.026508155153728286,-0.04248551635249076,0.0171672589739178,-0.009522744209597533,0.011237199872188963,0.08869592192772657,0.04867668076001763,-0.00013940303580928237,-0.005480593686448487,-0.03958377535033708,0.07833299620246637,0.10013500437142309,0.0631441802582966,0.0631441802582966,0.02290269385002026,0.013947077509491215,0.01123312140097927,0.9973246485021741,,,0.8672768950130104,0.8753077546495911,0.773020572249425,0.7388100109991965,0.601541584851383,0.7127601077051735,0.5854293469332637,0.7431185858005918,0.8203927592898191,
2021-02-02,14647.849609375,10638.599609375,34267.5,16950.5,33730.8515625,25447.80078125,3289.10009765625,12361.5498046875,2023.949951171875,337.25,6181.56,-2035.2,0.02567357148195737,0.06448142096656939,0.04014972758184743,0.16032340160478054,0.03562645774569484,0.11568578299572718,0.021880820353554764,-0.0163329879386922,0.0012230203314955723,-0.010903760252665151,0.021069209153114166,0.09421846738900297,0.01916495395654194,0.022539326555646833,0.0213160605081395,-0.031404860151541314,0.034659880843301405,0.14635660003819306,0.0378519382394491,0.11010537706086576,0.025386774455520216,0.01463545570129553,0.011424360342418498,1.1360094282706348,3.587301876972134,42.10830187741482,0.8816563169933723,0.8872322942637941,0.7894457099147798,0.7134381434915651,0.624217908491931,0.7149466232272472,0.6291470974463864,0.7546498082028923,0.8359022748008135,Medium
2021-02-03,14789.9501953125,10749.150390625,34758.046875,17221.5,33682.3515625,25680.900390625,3344.39990234375,12706.650390625,2076.699951171875,335.79998779296875,2223.16,-854.04,0.009701122671723184,0.10965680515686893,0.010391478701067047,0.22917671705260156,0.014315222149266837,0.17999457216765924,0.015987728975546345,0.051537314699273695,-0.001437852818809926,0.01602510851708594,0.00915991174949582,0.1241562920667707,0.016813050088352544,0.10076521100757008,0.027917258870456374,0.034899393342435525,0.02606289743946366,0.26377602383804954,-0.004299517292902122,0.16657974873278114,0.02452475034932178,0.013239628528636012,0.011432512834862341,0.8547977537291679,1.3738084203366645,52.01472252273003,0.8514989264046157,0.8658489476471304,0.732991984938434,0.6278121321607607,0.6050353274227338,0.6526459338144716,0.5302618595645376,0.6947031402300724,0.7844289537824137,Medium
2021-02-04,14895.650390625,10867.099609375,35344.390625,17462.94921875,34507.6484375,25570.05078125,3409.550048828125,12739.0498046875,2198.75,339.0,,,0.0071467580293813615,0.10614278656115728,0.010972887573781787,0.2322931180390877,0.01686929510477575,0.19303521618426833,0.014020220001161432,0.05395311839881711,0.024502353212144445,0.03536247293646433,-0.004316422231654515,0.08294445121360594,0.01948036968866007,0.10712261359101438,0.002549799755756643,0.014986881984859757,0.05877115216343731,0.32514690372156085,0.00952951853293138,0.17240189229041425,0.023779655799690356,0.01319587576487354,0.010900123268497042,0.8459830607611131,,,0.8543987409098062,0.869532498898194,0.7282329085981969,0.5794285600504827,0.6008020146077462,0.6501617223075263,0.5270125892611593,0.6736515014136033,0.7891222680852594,
2021-02-05,14924.25,10723.9501953125,35654.0859375,17415.5,34644.5,25331.599609375,3443.14990234375,12950.650390625,2277.949951171875,341.29998779296875,,,0.0019199973566108586,0.09728260424715773,-0.013172734143248821,0.20009064071752825,0.00876221960609902,0.19312458137451904,-0.00271713661625117,0.04734732672448616,0.003965832755826959,0.01997585821115222,-0.009325408616311814,0.04815713541289535,0.00985462979995666,0.0986087856347071,0.01661039003549858,0.015478438094211233,0.03602044396674242,0.34519305440548465,0.006784624758019886,0.13558476677786557,0.02117051615353341,0.01313976599219147,0.010711198896633611,0.8346788510114189,,,0.8373360519300421,0.8704411634717315,0.7292953160620387,0.5831915929677561,0.5952870304028548,0.6443928303318617,0.5042815549452755,0.6581314298372932,0.7991638222214584,
2021-02-08,15115.7998046875,11061.150390625,35983.23046875,17664.05078125,34452.25,25915.599609375,3552.449951171875,12971.0,2254.300048828125,348.1499938964844,-1539.88,1505.82,0.01283480273296811,0.09939086166063604,0.03144365547873318,0.23202150035410796,0.009231607615098447,0.18358703679136457,0.014271814260285343,0.04764639663381387,-0.005549221377130542,0.00986648584788452,0.023054209327699526,0.07940063139727394,0.031744202816649025,0.12980628311724463,0.0015713194906203931,0.004806727406077682,-0.01038209919036348,0.32310129371027685,0.020070337968106866,0.16340850090721593,0.019157522177358496,0.013183779839752604,0.010673903890228592,0.8435461434800821,-0.7304418871253242,64.50520504451293,0.8433899224659924,0.8646750085535987,0.7312132265561854,0.553413062408909,0.621527851957233,0.65679890159467,0.4937032039872229,0.6348437551359106,0.8188073028295728,High
2021-02-09,15109.2998046875,10907.599609375,36056.08203125,17685.400390625,34231.30078125,25779.150390625,3513.64990234375,12812.7998046875,2245.300048828125,345.79998779296875,348.52,381.7,-0.0004300136336804483,0.08909981777619369,-0.013881990193365779,0.20301980062586344,0.002024597612581447,0.16759693431009648,0.0012086474183861107,0.039981205529093566,-0.0064132014237096024,0.0014686249551731922,-0.005265138403382275,0.06966094011080326,-0.010922053614105254,0.08955448964818347,-0.012196453265939433,-0.004780808860641805,-0.003992370050596716,0.28324862061310463,-0.006749981745552858,0.12638432505853014,0.016677052092734446,0.01315401720528961,0.010673789069352232,0.8375499854742473,0.3255304864373324,58.09741690706697,0.834256587513295,0.8637672527556454,0.7285038385446634,0.5538136820850311,0.6238349434531786,0.65504684774177,0.49967654058083943,0.6327626922291077,0.8201893983493492,Medium
2021-02-10,15106.5,11010.849609375,35782.6875,17706.400390625,34188.0,25885.30078125,3510.85009765625,12905.5498046875,2248.449951171875,351.45001220703125,,,-0.00018530340410816137,0.0842556610781453,0.009465877342184292,0.21748904054593088,-0.007582480287598892,0.1424088918742199,0.001187420105633219,0.047756321983082994,-0.0012649470006035335,0.0001770168579702247,0.004117683826523777,0.06637746680684131,-0.0007968365560929724,0.10063168806454437,0.0072388550054507395,0.004799898176374828,0.0014028870419318107,0.27365677189623083,0.0163389954121258,0.1481542149599937,0.00925851531806671,0.013163488159097306,0.010679725005200088,0.8394580603648459,,,0.8375265308829334,0.8637260699462551,0.7337579500440435,0.5543844651942461,0.6222520691394114,0.6623277623466113,0.4937807737615123,0.633586119428413,0.8136856498821289,
2021-02-11,15173.2998046875,10965.25,35751.6875,17945.900390625,34463.75,26043.44921875,3546.699951171875,12929.7998046875,2220.25,350.54998779296875,244.87,-6.0,0.004421924647502795,0.08520625468787646,-0.004141334319576528,0.19645275769053105,-0.0008663407408959767,0.1421283715655406,0.013526182324828051,0.05883327033704555,0.008065695565695474,0.004372911830153425,0.006109584695826786,0.07042313445644077,0.010211160408004183,0.0977436808237353,0.0018790365669807407,0.00825797228898617,-0.012541951915441718,0.2605388087403828,-0.0025608888399534235,0.13062409803106734,0.00507054129470156,0.013166218009723396,0.010607152879947882,0.840008032367718,0.2675705539443387,58.47467306474658,0.8312341953240798,0.8627816424634734,0.7288482755942158,0.551686261127666,0.6225455124156133,0.6636135304919204,0.4944750136661359,0.6266868544364385,0.8118890303559103,Medium
2021-02-12,15163.2998046875,10912.25,36108.48046875,17753.05078125,33928.30078125,26093.80078125,3486.25,12785.75,2226.0,350.6000061035156,-909.71,1372.65,-0.0006590524229219685,0.08450657497720249,-0.004833451129705235,0.18695273834774562,0.009979751829896077,0.15496550011095134,-0.010746165150662734,0.04907967388092782,-0.015536591890029428,-0.007279750765143644,0.0019333676609836203,0.07597313970364561,-0.017043999211690197,0.07115975745639158,-0.011140915316823152,-0.01007675707374378,0.00258979844612095,0.27004054431089086,0.0001426852440127302,0.11709415098076792,0.005001080715448201,0.013171515812399925,0.0106047203351427,0.8410753593199642,-0.3780577997243608,62.36125111018574,0.8303542129184646,0.8581829119276287,0.7261121675191704,0.5398278376657457,0.6213156062014162,0.6643397501416546,0.5020564578612025,0.6267171042113925,0.817780856142681,High
2021-02-15,15314.7001953125,,37305.81640625,,,26001.099609375,,12745.099609375,,,1234.15,-1048.55,0.00998465984153385,0.09246354426739667,0.0,0.18695273834774562,0.03315941080755902,0.1932634755976883,0.0,0.04907967388092782,0.0,-0.007279750765143644,-0.0035526128467114892,0.07215062370481795,0.0,0.07115975745639158,-0.003179351279745002,-0.01975477386693114,0.0,0.27004054431089086,0.0,0.11709415098076792,0.005434780819833403,0.013236704427996078,0.010568849774417468,0.8542086469589388,0.8207649776459194,55.32591389763175,0.8200302765788431,0.8523762833414591,0.7203343259991469,0.5375583187129134,0.6105518720072146,0.6589419524647371,0.49817753722113556,0.6179658458376176,0.8101698193981993,Medium
2021-02-16,15313.4501953125,10944.900390625,37097.96875,18129.30078125,33724.5,25613.94921875,3570.14990234375,12804.150390625,2315.199951171875,356.79998779296875,1144.09,-1559.53,-8.162092525865194e-05,0.0835320261275323,0.002992086015716211,0.16213190382685316,-0.005571454434520229,0.18857704109510864,0.021193540458825266,0.055492666805318835,-0.006006807784568635,-0.02585808770589093,-0.014889769911323625,0.020067599300765515,0.02406594545536045,0.04250125577789721,0.004633214573432021,-0.026285526714960872,0.04007185587236073,0.26541319526986884,0.017683917802393312,0.12395644691383612,0.005611258103589131,0.013212181014292137,0.010567531269255128,0.8492680136425529,0.7704044226983167,55.56878962752074,0.8236424916563376,0.8608699118359182,0.6885246467766687,0.538966799817212,0.6245227458560807,0.6687192355216196,0.4893145003675089,0.5964623314565196,0.7975488383905794,Medium
2021-02-17,15208.900390625,,36910.51953125,,,25282.94921875,,12584.349609375,,,1008.2,-1283.38,-0.006827318687430917,0.07108703761576107,0.0,0.16236645065071853,-0.005052816234042412,0.16356655189761748,0.0,0.0620220175416315,0.0,-0.02867922898020603,-0.0129226460618459,-0.018867567013458264,0.0,0.05743055234172534,-0.017166369852304686,-0.0442035960814523,0.0,0.26416944430947,0.0,0.1278646464644515,0.005179875395019315,0.013320947240924589,0.01060355739470912,0.8711807069358001,0.6944162391336962,56.28767104842743,0.8257836684512361,0.8636615126830396,0.6924509256542554,0.5314793276118062,0.6518644038774286,0.6759405104484272,0.501406593388039,0.5999276368697575,0.7991664079929528,Medium
2021-02-18,15118.9501953125,10827.0,36586.57421875,18770.650390625,33373.8984375,25618.55078125,3623.050048828125,12517.5,2588.199951171875,352.6499938964844,903.07,-1217.34,-0.005914312869584326,0.06876028596359451,-0.010772175754654612,0.1543197941748895,-0.008776503734273744,0.15061052793996388,0.035376411760916104,0.09783691045760401,-0.010396049237201388,-0.027775318560886997,0.013273829710147789,0.007844494704218885,0.014817346030665757,0.059433299344401336,-0.00531212271194359,-0.04578404092508759,0.11791638120146675,0.4178421870785014,-0.011631149210947767,0.10687378261350577,0.005791309064527361,0.013361069277521785,0.01063526048669745,0.8792639319356501,0.6356287070257519,56.73739494107329,0.8267010001276233,0.8668575765751625,0.595945729060605,0.5358602138378898,0.6186669961963284,0.6679787341313367,0.5028601560670438,0.41657344271644714,0.8076603536539207,Medium
2021-02-19,14981.75,10540.349609375,35841.18359375,18681.5,33336.80078125,25503.19921875,3552.10009765625,12347.400390625,2464.89990234375,348.04998779296875,118.75,-1174.98,-0.009074717063029758,0.05972833762737584,-0.026475514050521842,0.11778795318374291,-0.020373337512917478,0.12159218330201749,-0.0047494566661113735,0.09615525663405267,-0.0011115769504564943,-0.020437928891649748,-0.004502657604833149,0.009979724044665517,-0.01958293432761815,0.00046477108734643835,-0.013588944228080657,-0.054617813630534195,-0.04763930575468012,0.3408948197164423,-0.013044112244805284,0.07788787355798776,0.006759435152236418,0.013513117749371289,0.010706795637869556,0.9098965247220494,0.19704564621625026,59.73648441936709,0.8259477452417555,0.8703173854887324,0.599652647258141,0.5312998414960532,0.6185434663610371,0.7276600074883668,0.5142448132445707,0.4385658036804154,0.8191220171245995,Medium
2021-02-22,14675.7001953125,10300.0,35256.7890625,18336.849609375,32891.69921875,24766.44921875,3609.10009765625,12032.2998046875,2399.699951171875,338.29998779296875,-893.25,-919.88,-0.020428174591586412,0.022892902494380474,-0.022802811887873586,0.05735916848453737,-0.016305112517319476,0.09889602548110199,-0.018448753613200197,0.06268848397506321,-0.013351657989639554,-0.04040787942993429,-0.028888532520200072,-0.053357151906261,0.016046845086828965,0.022639733534464135,-0.02551958922274411,-0.09337643442081633,-0.026451358576419115,0.31134731287877027,-0.02801321747438079,0.03297706196326344,0.009361357978599988,0.013888257001413525,0.010976149465803066,0.9854743178180457,-0.3688535499526803,64.03881311353263,0.8345890348084617,0.884187982740868,0.619996487347139,0.5504914872543546,0.6467259891106932,0.6722184343051881,0.5365447554544326,0.48780678169783015,0.8309910869486186,High
2021-02-23,14707.7998046875,10379.5498046875,35116.54296875,18717.5,33025.94921875,24807.80078125,3749.550048828125,12029.5,2396.300048828125,347.45001220703125,-1569.04,216.67,0.0021872625461001327,0.01539894058837743,0.007723282008495147,0.038411922277517885,-0.003977846465297308,0.0974424056476717,0.02075876711288438,0.09404357150538534,0.004081576908117501,-0.047728982699585476,0.0016696605207617843,-0.08213592395778413,0.038915504522327726,0.07317042663783302,-0.000232690735183394,-0.10310271128098336,-0.0014168031057756325,0.32943137244278775,0.027047072847256715,0.05431656828131248,0.009624964663366068,0.013793137092109307,0.010975907204228728,0.9663108930749192,-0.7467478362955673,66.07621773467243,0.8361090388236984,0.8946481288004364,0.635095511851748,0.5407201466641267,0.6651907017705602,0.6634436652848135,0.5277415206332817,0.5083036504623583,0.8181400489133598,High
2021-02-24,14982.0,10405.5,36451.87890625,18782.400390625,33091.69921875,24779.400390625,3778.64990234375,12035.849609375,2462.800048828125,350.45001220703125,28739.17,230.44,0.01864318245786234,0.02873974223650788,0.0025001272502955807,0.028226742654394288,0.03802583695918771,0.12719322192115468,0.003467364264725603,0.08383348802034996,0.001990858750629654,-0.04050460896667318,-0.0011448169418736276,-0.08163557509011143,0.00776089214350395,0.07656913515412245,0.0005278365164802512,-0.09127051334580838,0.02775111573883282,0.28932283713347995,0.008634335572313745,0.034844289157595076,0.012024987306711374,0.014158751317336018,0.010735613452207722,1.0399697174093727,16.201267654138366,0.0,0.8159117707884311,0.9000530172065723,0.617036674254381,0.5486119779653494,0.6521561515360172,0.6550519152282174,0.5364443049187306,0.5161211407530202,0.8151959175578134,Low
2021-02-25,15097.349609375,10497.9501953125,36548.57421875,19355.69921875,33001.80078125,24872.44921875,3928.60009765625,12141.7001953125,2491.199951171875,356.3500061035156,188.08,-746.57,0.007699213013950157,0.03656062467388921,0.00888474319470478,0.02834882487345225,0.002652683905504327,0.12200741730421716,0.03052319278696425,0.11047230144156872,-0.0027166461566610067,-0.04667569988442932,0.003755087962507897,-0.07894489028874307,0.0396835375564939,0.11505005255268563,0.008794608554683947,-0.07474535238758484,0.011531550178937033,0.2628697033635441,0.016835479215218108,0.05553909852196748,0.012688652144129722,0.014209216652885335,0.010738793407778828,1.0501367651600488,0.23581421466525415,61.18675589392906,0.8209337707645398,0.8963863577270302,0.6137344788484815,0.5487767766388824,0.6562178669909072,0.6485441165501118,0.5420428108001234,0.521375301479427,0.8166587787029334,High
2021-02-26,14529.150390625,10169.900390625,34803.1953125,18793.349609375,32443.150390625,24301.44921875,3822.64990234375,11927.900390625,2392.35009765625,349.79998779296875,-8295.17,1499.7,-0.03763569324758598,-0.00455268851766244,-0.03124893894371683,-0.006680739514111855,-0.04775504772918315,0.0702296551850885,-0.02905343811244221,0.0636099241571515,-0.016927875976464835,-0.07001576241339047,-0.02295712798438654,-0.09879648237529914,-0.026968943816834012,0.0961317914170643,-0.017608720463221483,-0.09859395455291176,-0.03967961442401502,0.20941819280272056,-0.01838085645673926,0.036751612687606405,0.018616870258506082,0.01588466823355789,0.011530954289846487,1.3876832421471426,-4.507925267449449,93.69975051046241,0.8371310532611816,0.9142419340864282,0.6660099371678132,0.6075344040450131,0.6831382814828771,0.677428202090845,0.5642230013421522,0.5616382524590066,0.7954940797724295,High
2021-03-01,14761.5498046875,10411.7998046875,35295.58984375,19159.099609375,32797.6484375,24556.30078125,3896.949951171875,12092.7001953125,2383.800048828125,354.45001220703125,,,0.015995389118723446,0.022714176194505775,0.02378581940541835,0.022940963076413246,0.01414796908240068,0.09455820261087555,0.019461671687177384,0.10484075336949972,0.010926745479607813,-0.05291364876490823,0.01048709318551122,-0.0685245856458786,0.019436791421199695,0.12982910615854593,0.013816329721954013,-0.07081082695410801,-0.0035739120442703776,0.23047539810371065,0.013293380721369985,0.07003777270047173,0.02045538144795282,0.016003639391730717,0.011620727713420025,1.4116518818664665,,,0.8437501571706804,0.9114631815844517,0.6688039647565095,0.6187124555058698,0.6875020194306571,0.6786032152815047,0.5710923333588994,0.532974112300796,0.7918479975084475,
2021-03-02,14919.099609375,10744.0498046875,35419.2890625,19303.400390625,33250.8984375,25301.849609375,3927.60009765625,12257.2998046875,2379.800048828125,357.1000061035156,2520.92,-399.74,0.010672985341787733,0.04465978681283311,0.0319109093751897,0.07860077963437062,0.003504665010490182,0.1134156426303552,0.007531709954646804,0.12224178542360065,0.01381958834224739,-0.03628549723584895,0.030360795576110045,-0.02370714862779144,0.007865162978333284,0.18712410387071188,0.013611485170103244,-0.031311510278776655,-0.0016779930858573655,0.2591868093398535,0.007476354366540594,0.10029277317770413,0.020872540875911,0.01595007689547841,0.011652505798891133,1.4008608616321827,1.540312515841863,57.56845524453501,0.8337961109188047,0.9042848823351944,0.6630668653053493,0.621481339073542,0.6640895530870731,0.6802038288045212,0.5701439575383823,0.5129342469471979,0.7864353223401548,Medium
2021-03-03,15245.599609375,10673.099609375,36367.62890625,19670.05078125,33454.3984375,25772.650390625,4058.60009765625,12379.599609375,2454.949951171875,362.4500122070313,2088.7,392.91,0.021884698711632122,0.0498892442583414,-0.006603673344993788,0.05290622435292658,0.02677467190480831,0.12161049747219055,0.01899408307372985,0.12281267022970521,0.006120135381680214,-0.03477952358873437,0.018607366201226494,-0.010399892847543502,0.033353701177004424,0.19188304823612845,0.009977711782878096,-0.03780882265318697,0.03157824220600203,0.2649817142982225,0.014981814651565228,0.07186165532797784,0.020225747783961894,0.016143402433446523,0.011810924447847803,1.4398093785607207,1.2986198769405435,59.48599328108539,0.784515445356322,0.9061596631868024,0.6645560285226534,0.6248045994282304,0.6822574718940427,0.6867048959501785,0.566237254282756,0.5168221515172677,0.7832556717454541,Medium
2021-03-04,15080.75,10625.75,35802.08203125,19507.30078125,33443.80078125,25631.849609375,3976.85009765625,12351.75,2436.64990234375,362.8500061035156,,,-0.010812930524138231,0.02977526332885061,-0.004436350367554853,0.024736601007787407,-0.015550831660152808,0.10013611664260025,-0.008273999991659231,0.10860237181421084,-0.00031677916043826304,-0.03356564024937436,-0.005463185939976745,-0.03710972093475773,-0.020142413155513572,0.1570701477033023,-0.0022496373270352032,-0.04110255157009113,-0.007454347009962281,0.23013420955099106,0.0011035836198449722,0.07225181042559492,0.021169934501730284,0.016249526750007983,0.011898135255295162,1.4611898168802837,,,0.7860028047844688,0.9110999014886786,0.6719378239947628,0.6193262752900103,0.6893419338766927,0.6941676860560736,0.5620174103162228,0.5188252209680343,0.7812710814494811,
2021-03-05,14938.099609375,10524.400390625,35227.73828125,19428.19921875,33360.30078125,25229.599609375,3869.39990234375,12192.75,2341.0,357.70001220703125,-2289.46,552.92,-0.009459104528952489,0.023834247246313778,-0.009538113486106892,0.015109391201080236,-0.01604218853804873,0.09448714496877053,-0.004054972206920082,0.10612803845724028,-0.0024967257922076103,-0.03287773399802463,-0.01569336611014116,-0.046145324817609024,-0.027018920168961236,0.1508707269852534,-0.012872669864594122,-0.03972547974208662,-0.039254675959704666,0.2217843690626864,-0.014193175719597884,0.08476121973322592,0.020536272952849724,0.016341901935651822,0.011841909826778671,1.4798002732102662,-1.1495987245406472,74.65519562576708,0.7890690917568511,0.9131442696239883,0.6734292265704918,0.6170986169155702,0.693668305778942,0.7025411023371329,0.5700128360132043,0.5295464558219668,0.798135205764895,High
2021-03-08,14956.2001953125,10507.349609375,35275.33984375,19650.349609375,33190.3515625,25347.94921875,3900.800048828125,12239.849609375,2378.550048828125,353.95001220703125,2116.6,-298.54,0.0012117060677612201,0.04065570932210516,-0.0016201190202901339,0.013464793168720401,0.0013512523035104085,0.13182102375148097,0.011434430341367152,0.11877598246161258,-0.005094355109817261,-0.037804598255649746,0.004690903193367513,-0.04310349404014757,0.008114991284657647,0.16021003290450642,0.003862919306555135,-0.02409883587386541,0.016040174638242144,0.24138200371272633,-0.010483645155230148,0.07338896802738826,0.020263022037843477,0.0160641653222368,0.011815019603167838,1.4238457971334737,1.3142212480602207,59.20082207724036,0.8013550290515531,0.9120708194444365,0.6764020988536009,0.6301806209204506,0.7108710581244417,0.7072828324224442,0.5565244455069039,0.5312909101387049,0.801534333963271,Medium
2021-03-09,15098.400390625,10464.25,35865.23046875,19385.150390625,33215.8515625,25582.349609375,3802.699951171875,12133.849609375,2355.550048828125,350.1000061035156,768.58,668.6,0.00950777560179139,0.06036280726887466,-0.004101853557489377,0.00294723726458046,0.016722464690996253,0.1495989424915618,-0.013495903331077419,0.15578361272270658,0.0007682955678243175,-0.02816820922996177,0.009247311827957017,-0.01694447509105801,-0.025148712168859055,0.17499647331905566,-0.008660237125692305,-0.04882908190761759,-0.009669756586089817,0.2774825194639552,-0.010877259417252705,0.10128975409013785,0.012447715815280978,0.015998008809619324,0.011711649193506476,1.4105175111827584,0.5604233879617603,63.56366980642254,0.8085195695426947,0.9169540571763453,0.6778139019806425,0.6233698772568056,0.7082842121495319,0.6630023267646497,0.5980153823797818,0.5069923066048467,0.7930547171912298,High
2021-03-10,15174.7998046875,10559.2998046875,35937.8828125,19331.25,33402.75,26010.099609375,3873.64990234375,12313.25,2351.89990234375,352.25,,,0.005060099883821945,0.08643635616162526,0.009083288786821742,0.03418621529223076,0.002025704081653812,0.1866875710634477,-0.002780498966418521,0.17280633516386823,0.005626784463084622,-0.02563047242958616,0.01672051263982599,0.005598188451377606,0.018657783175874965,0.22785908532702326,0.014785117370038181,-0.01461682511186091,-0.001549594111231456,0.295170367709334,0.006141085001434288,0.132636655948553,0.011577240358039961,0.0154972499272265,0.011683499622107804,1.3096316374747035,,,0.7977418471714224,0.9095067507642508,0.6493264467614767,0.6627142088360954,0.7045686067829192,0.6381730222106832,0.5601748044732288,0.49180687977676935,0.7795220617009958,
2021-03-12,15030.9501953125,10383.900390625,35496.234375,19318.30078125,33068.5,25888.25,3840.199951171875,12184.25,2311.89990234375,349.3500061035156,-3356.17,1648.79,-0.009479506235763657,0.08781588688128794,-0.016610894406524634,0.02753926456692568,-0.012289216919211032,0.16925673743406233,-0.00066985935984476,0.1736691493643585,-0.010006661128200478,-0.0165750913836058,-0.004684703680684188,0.02320043476112832,-0.008635254092435152,0.22373405298320526,-0.01047651919680015,-0.017078174079188657,-0.017007526536371165,0.29601700478447746,-0.008232771884980505,0.14861092590524527,0.012136181094475229,0.01546084008257552,0.011743694918641176,1.3022962928241273,-1.7460911470162992,76.10410239598733,0.8000572284124337,0.9195705409967345,0.6487635646242823,0.6634968259694622,0.6962377721792085,0.6401049502456087,0.5626242554817855,0.4905263728356881,0.7782557402573876,High
2021-03-15,14929.5,10335.099609375,35182.140625,19322.900390625,33058.8515625,26032.05078125,3880.050048828125,12024.5,2315.64990234375,347.95001220703125,-1101.35,-749.71,-0.006749419963093084,0.09497164769947775,-0.0046996580681820666,0.05318875162135939,-0.008848649878794412,0.1510542863302855,0.0002380959602545918,0.19578321680984145,-0.00029177124756185613,-0.0018779361548882934,0.005554673693664025,0.05624908072385715,0.010377089256534466,0.26080037381294363,-0.013111188624658876,-0.011975924898831147,0.0016220425444017916,0.2765082770674703,-0.0040074248519392786,0.1383936501070986,0.008143925185447553,0.015271071260238623,0.011787638689454339,1.2640643330583334,-0.4852207660818843,68.08009659319131,0.7926600577444782,0.9410702037693061,0.6330817255375036,0.6420228616498054,0.6706956264245618,0.6155866494094583,0.5496113687737603,0.5097699865694705,0.795968050424511,High
2021-03-16,14910.4501953125,10350.7998046875,34804.1953125,19293.19921875,33351.75,26363.849609375,3847.25,12013.0,2285.14990234375,346.0,1692.31,-1168.59,-0.001275984104457617,0.04406142280720471,0.0015191140778418877,0.012011166170060372,-0.010742533165575385,0.05184637064780606,-0.0015370969820560632,0.1631131969499906,0.008859909635585916,-0.01002974068212259,0.012745781379774446,0.05782481174995624,-0.008453511788599544,0.1921140289720351,-0.0009563807226912191,-0.007481260138445633,-0.013171248369250432,0.16818744668023866,-0.005604288370799071,0.06477915680014634,0.0073724591154001535,0.012788035917173772,0.011750993802334535,0.7638172104589823,1.0769629773660352,52.70402866131158,0.7401902314617509,0.9139439262542816,0.6095138492050742,0.5530046463691681,0.7078501484633254,0.5300442505844598,0.708940922913323,0.3924228934542021,0.6964938830243569,Medium
2021-03-17,14721.2998046875,10159.099609375,34228.8515625,18693.94921875,33194.6015625,26183.5,3752.699951171875,11787.5,2199.050048828125,335.75,2625.82,-562.15,-0.012685759862868795,0.0050144012446367014,-0.018520326827853983,-0.04507172161808337,-0.016530873500568033,-0.0011278452615451906,-0.031060167533937144,0.10285532690776078,-0.004711849827970016,-0.015897908744058276,-0.0068407919195103695,0.028910129605072443,-0.024576008532880667,0.14095036324555088,-0.018771331058020424,-0.046438336111368494,-0.03767798927646593,0.08651404524843431,-0.02962427745664742,-0.004447739065974843,0.00801846296512766,0.01219336841807895,0.011847027724605498,0.6440119462462095,1.5989714344961325,48.13431474797771,0.7077180582548009,0.9051134345115315,0.6030418474066164,0.5837977295308926,0.6853381855560826,0.5475783101686703,0.6878416084228532,0.39059184201365665,0.6560182278363392,Medium
2021-03-18,14557.849609375,10143.9501953125,33856.40625,18404.400390625,33222.6015625,25373.349609375,3754.35009765625,11514.4501953125,2155.89990234375,330.79998779296875,1258.47,-1116.17,-0.011102973071742905,-0.01569312829809677,-0.0014912162145275243,-0.05630214233864772,-0.010881034434355286,-0.02594048590366893,-0.015488906315984985,0.06868741925064592,0.0008435106517932223,-0.013649581417939372,-0.030941256540378492,-0.011975856631657456,0.0004397224680485756,0.1225781028833326,-0.023164352465535498,-0.09382489945517891,-0.019622175724181345,0.03813740696010637,-0.01474314879234917,-0.01488981590756533,0.008516774342838927,0.01222822348714743,0.011817574720526617,0.6510340565267612,0.8343644523997024,52.80622196392292,0.6909970437668693,0.9033816800790115,0.6074864649716056,0.5805262549119351,0.680237328711361,0.5380356270979397,0.709732333979107,0.3909479309830553,0.6828636804506227,Medium
2021-03-19,14744.0,10186.5,34161.203125,18985.400390625,34028.3515625,25562.75,3832.5,11667.099609375,2187.5,329.04998779296875,1418.43,559.62,0.012786942826028547,-0.010180850560271293,0.004194599132314458,-0.06262937065450747,0.009002635210286103,-0.03347596263728203,0.03156853728828657,0.08718179001748116,0.02425306755355039,-0.013889583808299744,0.007464540296840516,-0.00028552079588961554,0.020815827056868574,0.12404861202059325,0.013257203902331538,-0.08414679365788036,0.0146574976054763,-0.005116543490619629,-0.005290205757490063,-0.029351068457319274,0.009414741548572319,0.012391388823741545,0.011826949155808241,0.6839063192463133,0.9238123134858507,52.66400195004066,0.6857415518096522,0.9022561798314765,0.6217543193380782,0.6180384826031868,0.6944372120875806,0.544578894633462,0.7204134081271091,0.3841554558407134,0.6514871354892466,Medium
2021-03-22,14736.400390625,10140.4501953125,33603.05859375,18991.75,34608.0,26035.349609375,3867.449951171875,11850.75,2163.800048828125,337.95001220703125,-786.98,542.7,-0.000515437423697751,-0.012586870990166976,-0.004520669973739788,-0.05441092035797135,-0.01633855017364816,-0.05752573063702593,0.00033444695631157373,0.09050845511182559,0.017034279090344828,-0.001053558284864864,0.018487823468719133,0.027781506531452838,0.00911936103636668,0.1232301993413949,0.015740877919429908,-0.08493012763445607,-0.01083426339285709,-0.05011080348144892,0.027047636359926575,-0.009815340479793933,0.008800507425858358,0.01238454694764904,0.011735505524103936,0.6825279140463969,-0.30942854246565243,60.046906223350675,0.6976043693944239,0.8933173920165987,0.6253231527193978,0.5790228638991043,0.6856699815217422,0.5431207699298485,0.71271981818567,0.38582276764060675,0.6108693502367197,High
2021-03-23,14814.75,10187.650390625,34184.0,19005.55078125,34473.75,26105.69921875,3841.949951171875,11907.2001953125,2226.75,341.5,-108.24,-529.69,0.00531673999743143,-0.01991623391268671,0.004654644951988196,-0.07897008621637991,0.017288349053977248,-0.05000191604009985,0.0007266724367158695,0.07594520739398991,-0.0038791608876560524,0.0006240521301221769,0.002702080457166911,0.007335335174194935,-0.0065934919189512,0.0814930552095463,0.004763428079446408,-0.08201370786273221,0.029092314331893743,-0.012221109981542466,0.01050447600159865,-0.019100945032506922,0.009078507314844254,0.012183027644640134,0.011674779695895985,0.64192863230037,0.07011535121784555,57.28245148029737,0.6937411257450251,0.8898922983519754,0.6124041020796145,0.606229627312183,0.6689878059676913,0.5059008632043981,0.7178193017144358,0.414280274172943,0.5952763530630759,Medium
2021-03-24,14549.400390625,9925.25,33292.86328125,18676.75,33987.1015625,25802.94921875,3717.550048828125,11916.2998046875,2153.199951171875,331.45001220703125,-1951.9,612.8,-0.017911176994211853,-0.03705660892960749,-0.025756713330727266,-0.09006102575773667,-0.026068825144804575,-0.07663668913347554,-0.017300250070857226,0.05605468847063899,-0.014116492621197296,-0.007133798984459205,-0.011597084508755628,0.0009231812439269849,-0.0323793656671153,0.05803086595177431,0.0007642106646179592,-0.06996909447317046,-0.03303022289351076,-0.041019060104826144,-0.029428954005765062,-0.04149790657172858,0.010852082115188443,0.012586096183786886,0.011830400047853695,0.7231332262992645,-0.9608389096604258,64.44263217355373,0.7249616033085795,0.8972524144791889,0.6332127455812768,0.6385217328886132,0.680830125425414,0.5491089414448383,0.6896904437570094,0.4421148479064697,0.6293600486454428,High
2021-03-25,14324.900390625,9651.349609375,33006.06640625,18133.349609375,33213.1484375,25237.099609375,3718.300048828125,11816.7998046875,2097.699951171875,323.1499938964844,-3383.6,2267.69,-0.015430189146808937,-0.05173929165425484,-0.027596321566207394,-0.1234691280173763,-0.008614364963962728,-0.07759677340473659,-0.029095018706413067,0.024112705537600698,-0.022771966111224673,-0.02851443671756171,-0.021929648606362373,-0.025041284138545672,0.00020174577077614053,0.05908823942963637,-0.008349907406732027,-0.08436293040413889,-0.025775590404316207,-0.0670461888295224,-0.025041538708293953,-0.0805235946154299,0.0116317049732685,0.012849513546640857,0.0119481608540391,0.7762028606798036,-1.7614296993393366,69.88301252419366,0.7454935036972942,0.8919734063919535,0.6523910056534832,0.6546660143053971,0.6968242647748755,0.5419700670159479,0.6961570486190232,0.4572525788485145,0.6592626037333619,High
2021-03-26,14507.2998046875,9771.5,33317.8125,18217.650390625,33818.44921875,25385.099609375,3855.300048828125,11883.2001953125,2114.550048828125,328.6000061035156,-50.13,1703.14,0.012733031929623273,-0.04389289136659991,0.01244907660461192,-0.10886664690727521,0.009445115025611406,-0.06807720614586377,0.004648935969690626,0.015142734222572729,0.018224733568666274,-0.018724044285662433,0.005864382289992642,-0.0252788946596606,0.03684479418038822,0.0870104891602923,0.005619151692716429,-0.0809447652078551,0.00803265388209451,-0.04760722944347484,0.01686527095766266,-0.06261583926346204,0.012960529871861977,0.013073452322509815,0.012007288775672217,0.8213189032604111,0.1026098198832374,59.2401679198255,0.7590910447499327,0.8935838535465174,0.6433079674880787,0.6693633021671764,0.6946501732143233,0.5646326344420389,0.7005359432849521,0.46647027071566416,0.6770503506666907,Medium
2021-03-30,14845.099609375,9865.0,33874.70703125,18418.900390625,34578.8515625,26121.099609375,3963.0,12206.599609375,2129.60009765625,328.5,769.47,2181.01,0.02328481586755049,-0.020984891112825754,0.009568643504068053,-0.09597012531787674,0.016714618681823668,-0.06186284796540287,0.011046978928938467,0.037506207669852465,0.0224848377532465,0.019174281242210656,0.028993386329994486,0.0010461805987502792,0.027935556197399514,0.13675152384367162,0.02721484185632672,-0.04529655206968697,0.007117376501192707,-0.04330633528470351,-0.00030433993200873477,-0.06303481380143083,0.015256624040290304,0.013829995510748132,0.012174343153177562,0.9737366101188322,0.5609210661085887,58.31931292477445,0.7614686788487601,0.8971192465300607,0.6446458244098151,0.7317740517225595,0.7291603404159431,0.6005588494162225,0.7445705739216945,0.45608922349196224,0.6464949309988034,Medium
2021-03-31,14690.7001953125,9862.4501953125,33303.51171875,18185.099609375,34931.69921875,25855.0,3977.199951171875,12272.599609375,2157.800048828125,334.1499938964844,-1685.91,2081.52,-0.010400699094332388,-0.04074516588911048,-0.00025846981120125623,-0.09620378974890609,-0.01686200007495453,-0.1072836644001035,-0.012693525470662825,0.02433659619682449,0.010204146184908502,0.02957408459590516,-0.010187151894612279,-0.005618978103615335,0.003583131761765168,0.1408246543339906,0.0054069111883796594,-0.03707307235578139,0.013241899830353399,-0.030637893608209787,0.01719937259203763,-0.046919600458233734,0.015268165148074712,0.013792046656815507,0.012234993035170937,0.9660912074713182,-0.8121002464302145,66.4656959682371,0.7528743691237386,0.917041849985736,0.6598831085315354,0.7080638032547149,0.748050041991692,0.6096371291213281,0.7352295583439107,0.4447437139052155,0.6032417201844504,High
2021-04-01,14867.349609375,10022.599609375,33857.60546875,18516.19921875,34874.55078125,25980.400390625,4189.14990234375,12377.099609375,2214.64990234375,335.79998779296875,1843.22,-715.21,0.012024574166918489,-0.029131291789100122,0.016238298890332237,-0.08426762677895261,0.01663769738997356,-0.08734611059399311,0.01820719250854741,0.021341056788033663,-0.0016360050835810824,0.034101344163738556,0.004850140809321113,0.014306703302384483,0.05329124856029033,0.17338207552395368,0.008514903388535,-0.03335252775246067,0.0263462101349472,-0.0434303951920999,0.004937883964156287,-0.05885650425578248,0.015974113174954868,0.014004198887652225,0.012188060652863127,1.008832662330396,1.1613501786445464,55.13789087609747,0.7626537993913141,0.9201500308358632,0.6827855013523014,0.6951003988415393,0.7595350498727825,0.626099253051247,0.7423034480690088,0.46985315981670134,0.617347007539209,Medium
2021-04-05,14637.7998046875,9768.0498046875,32678.470703125,18232.19921875,34304.55078125,26491.400390625,4226.39990234375,12331.5,2123.85009765625,324.45001220703125,-1772.37,987.34,-0.015439860548026041,-0.03755041924592628,-0.02539758292343608,-0.10752501566350914,-0.03482628937575993,-0.11465698347979003,-0.015337920954772044,0.005675808391155446,-0.016344296549518744,0.0171996851324705,0.019668673011844495,0.047797081005834796,0.008892018874559593,0.18381581108658263,-0.0036841918392949147,-0.020092385957446224,-0.04099962011666369,-0.08264938560437096,-0.03379980940599414,-0.09066697503562804,0.01701294132306012,0.01421677863748563,0.012309445942118677,1.051660247718605,-0.8604477212333426,67.78260930002331,0.7777809339165836,0.9185501498323438,0.6939986866660356,0.7090651748524398,0.6867324418528333,0.6088128128071397,0.7406745459374019,0.4942134536429761,0.638110349419723,High
2021-04-06,14683.5,9781.349609375,32500.97265625,18217.150390625,34619.8515625,26532.19921875,4286.9501953125,12548.599609375,2123.25,328.25,1499.37,-1175.01,0.003122067245233451,-0.028801615832262484,0.0013615619241742483,-0.09657803552461441,-0.005431650963336754,-0.11166942108524058,-0.0008253984033655959,-0.02948752379280606,0.009191223148805605,0.03733316104300255,0.0015400781960714927,0.03566354885962908,0.014326683316259636,0.18324343785952202,0.017605288032680466,0.0024844904633514187,-0.0002825517944567979,-0.179642206917343,0.011712090152562471,-0.06919039931600468,0.015434384146473329,0.014208670896604192,0.012304263846173502,1.0500268138417783,0.9690730654007846,56.78588337369663,0.7774349779974948,0.9160522615792366,0.7727106110732009,0.7104938321562673,0.7029206476962835,0.6177458887327649,0.7284441408843517,0.7630208428217272,0.6360188750492112,Medium
2021-04-07,14819.0498046875,9937.0,32990.81640625,18333.349609375,34835.30078125,26831.0,4325.4501953125,12616.349609375,2164.699951171875,331.3999938964844,,,0.009231436965811968,-0.01085989255677744,0.015912976924556066,-0.05724189725532036,0.015071664321584688,-0.07952770811946763,0.006378561754081913,-0.018636104735968773,0.006223285456930627,0.04495032411276911,0.011261817340751712,0.052064086935171616,0.008980743476352249,0.21771630201708625,0.005399008822417395,0.021781849639718853,0.01952193626368781,-0.12178991564177921,0.009596325655702564,-0.04783793845839268,0.013661697037718504,0.014237473055649383,0.012298896741984481,1.055829468736421,,,0.7852032534262718,0.9167430949353368,0.7745811829797337,0.7128756981324595,0.7054140057736986,0.6094423923952162,0.72644816892757,0.7802891965309081,0.6369243100817724,
2021-04-08,14873.7998046875,9959.349609375,32782.46875,18275.55078125,34983.05078125,27148.400390625,4494.9501953125,12611.7001953125,2146.300048828125,334.1000061035156,2828.57,-411.36,0.0036945688638336804,0.013498477533513187,0.002249130459394122,-0.033072853458737894,-0.006315322836646375,-0.07017996755500766,-0.003152660553390807,-0.0033429312794091004,0.004241387233249405,0.06358295898886923,0.01182961464816823,0.09617653103343082,0.03918667244942209,0.2454490243236871,-0.00036852292512923324,0.048153752817834405,-0.008499978176554679,-0.10559649435338947,0.008147291058413941,-0.01241496258055852,0.013222061040233506,0.013731684124986394,0.01217351951870642,0.9539302114771757,1.712346989855076,51.173080598595654,0.769866598295782,0.9182987854029518,0.7604679401049583,0.6939350066114467,0.6774140065467422,0.6443679934157732,0.6986746159277573,0.7673251977956538,0.6073154745365931,Medium
2021-04-09,14834.849609375,9922.9501953125,32447.673828125,18077.150390625,35253.1015625,27367.05078125,4467.2998046875,12995.349609375,2191.25,332.04998779296875,,,-0.0026187118170183377,0.008638260404320253,-0.0036547983041218535,-0.04399030959597072,-0.010212620789122218,-0.07600033815971041,-0.010856055338619441,-0.034211278716441806,0.00771947486623259,0.06743643699680746,0.0080538959010088,0.1031631148027563,-0.0061514342592349225,0.19142290315172583,0.030420118471028434,0.08029008764911261,0.020942994991039354,-0.08556943815462581,-0.006135942152337814,-0.04432299287094643,0.010054908322605223,0.013739818621568886,0.012149395665756272,0.955569035717254,,,0.772491534356076,0.9186804642016952,0.7768929329221946,0.6865730176228404,0.6738595099029411,0.6612170863639075,0.6242123712039687,0.7421047234664,0.6326141101529656,
2021-04-12,14310.7998046875,9415.650390625,30791.642578125,17279.44921875,34561.3515625,26727.80078125,4196.0,12961.849609375,1988.300048828125,307.1499938964844,,,-0.03532558930400764,-0.04480044021575891,-0.05112388903525322,-0.09512753922204609,-0.05103697906888427,-0.1552796864787812,-0.044127595037805056,-0.08001912112496434,-0.019622386948666137,0.044411510392228015,-0.023358381036730824,0.07862984414110974,-0.060730153907026185,0.11044952785845119,-0.002577845229791431,0.07693682042011529,-0.092618346227895,-0.19266687940248395,-0.07498869089556892,-0.12355547667941591,0.01660736021542739,0.014761062518804052,0.012753325044778446,1.1613149275310448,,,0.830639944340011,0.939123273913381,0.8301512302379969,0.7473410517786269,0.7467946265420257,0.7453434675993036,0.6189467407162804,0.7816555630087174,0.7112874157457502,
2021-04-13,14504.7998046875,9818.2998046875,31771.23046875,17672.80078125,34720.3515625,25851.30078125,4337.89990234375,12807.5,2077.64990234375,315.6499938964844,-730.81,243.8,0.013556195506029933,-0.039248597934007146,0.04276384501950181,-0.06474124738451081,0.03181343405567194,-0.13071217830295412,0.022764126189460443,-0.08694588702172867,0.0046005145288507965,0.05207445474388761,-0.03279356978052905,0.03935485218569057,0.033817898556661063,0.10418464453322263,-0.011907992611128737,0.05483579679759698,0.04493781186007939,-0.1660043581140842,0.02767377557840578,-0.11421358638958001,0.016855997361317945,0.014923678915705825,0.012779955618867392,1.1940765975833028,-0.27801890032256066,65.99703257293498,0.8126449906146606,0.9310563764818285,0.8530980585086689,0.7560227445607541,0.607369745681456,0.7563411577926208,0.5561267268289997,0.7827140739230474,0.7188783124530759,High
2021-04-15,14581.4501953125,9691.4501953125,32112.4765625,17781.650390625,34658.6015625,26010.849609375,4397.4501953125,12987.0498046875,2050.800048828125,314.45001220703125,979.7,-526.63,0.005284484560774683,0.003599646454292893,-0.01291971236348266,-0.047045711062573825,0.010740726396657685,-0.07731240553747643,0.006159160097050531,-0.05383283128225935,-0.0017784958164621667,0.0682871775767866,0.006171791101541757,0.07034150001663675,0.013727908506274034,0.15036697255909504,0.014019114166504032,0.08879596403194001,-0.012923184741248428,-0.14276758621689045,-0.003801621139415068,-0.10105768101644308,0.016195338468818803,0.013279525722549167,0.012786833277205773,0.8628356805797013,0.6784793546566067,56.28315203901677,0.7842070041559372,0.9161038027410674,0.8489808290316619,0.7238598529565782,0.5642271888953526,0.7541881886923644,0.5066009520862905,0.776652432988913,0.7463361165493834,Medium
2021-04-16,14617.849609375,9808.9501953125,31977.078125,17841.05078125,34853.1484375,26324.900390625,4434.0,13234.25,2038.699951171875,313.04998779296875,437.51,657.55,0.002496282165007191,-0.009734763437025284,0.01212408851431035,-0.05790061475284902,-0.004216381045431872,-0.09402057688908771,0.0033405442869531843,-0.06879492538783227,0.005613234990141658,0.06267217614448817,0.012073837877898841,0.07202223271045027,0.008311590368086597,0.13781291922074224,0.019034361077392425,0.09439990955287225,-0.005900184010217968,-0.14476889444897068,-0.004452295626373615,-0.11680074196155221,0.016174134632571387,0.012950671451957867,0.012787466344517466,0.7965827361432558,0.3752927092308829,57.30723657833378,0.7684243586659522,0.9130071591308532,0.8406217092948535,0.718027960981946,0.560125448782952,0.7531916930849152,0.48531596427157514,0.7942181474251826,0.7388672546496875,Medium
2021-04-19,14359.4501953125,9532.150390625,31208.037109375,17357.75,34519.0,26236.900390625,4366.10009765625,13256.25,1950.8499755859373,300.29998779296875,-1633.7,2355.56,-0.017676978554819645,-0.037512278134454013,-0.028219105936512667,-0.11279726323809136,-0.024049758787178077,-0.11889713386663203,-0.027089255401813173,-0.10079314272370044,-0.00958732431588516,0.038137362359804694,-0.003342842658251355,0.036955827170181976,-0.015313464669316601,0.11164578600088881,0.001662353363431901,0.08149838963149758,-0.04309117461617651,-0.18024626625813112,-0.04072831974819313,-0.15905913564751317,0.016658990850245078,0.013159208838609358,0.012911314508637237,0.8385959229141022,-0.7829049924460446,64.7605810296455,0.7849115135680175,0.9194070599938471,0.8483516986679349,0.7206661139363904,0.5419063573311667,0.7642808145814106,0.46273802263048525,0.8127180793986258,0.7528566242643334,High
2021-04-20,14296.400390625,9630.7001953125,31112.337890625,17342.0,34296.5,25877.599609375,4384.39990234375,13426.900390625,1946.699951171875,301.25,-1082.33,1323.01,-0.004390823034999047,-0.06226053701202461,0.010338674973532136,-0.09766604381232247,-0.0030664927247620044,-0.14450463705435157,-0.000907375667929311,-0.1183550976629485,-0.006445725542454928,0.02517162471395884,-0.0136944828047747,0.004072115873196225,0.0041913387870615715,0.08027393604894506,0.012873202498821401,0.08459892196003538,-0.0021272903944424826,-0.20703069720724288,0.00316354394155427,-0.16885090397534286,0.016282692856886476,0.012424375507299459,0.012905538502420861,0.6905520134286497,-0.47458499265191095,61.13413411705526,0.8281541671062482,0.9087514971259082,0.8350399984044196,0.7366992216227758,0.5090279848237736,0.7490957265944336,0.4455923589936936,0.7963292447875614,0.7412849492361058,High
2021-04-22,14406.150390625,9644.5498046875,31782.23046875,17370.94921875,34043.05078125,25826.69921875,4460.89990234375,13378.9501953125,1961.25,305.1499938964844,-909.56,849.98,0.007676757575422188,-0.04473249734761198,0.001438068789820779,-0.09234173543632218,0.021531412408800632,-0.11227982660313596,0.0016693125792872632,-0.1095154878912522,-0.0073899441269517085,0.017918118933897054,-0.0019669672378175296,0.007601855205319641,0.017448225915502213,0.12171688467030073,-0.0035712036223922716,0.08316232074908414,0.007474212355820908,-0.19510390142074785,0.012946037830653623,-0.15901890929159945,0.01703650218916494,0.012434082480593188,0.012924113748573798,0.6925076382138139,-0.3779739213850076,60.57793518687581,0.8316174827030341,0.903607617919629,0.8359480002964508,0.709157827221928,0.49617067784148633,0.7471860434500505,0.4222796321423103,0.8053607391648718,0.7629805735701067,High
2021-04-23,14341.349609375,9596.9501953125,31721.931640625,17537.69921875,33726.1015625,25609.099609375,4446.85009765625,13319.75,1967.199951171875,301.79998779296875,-1360.76,1695.59,-0.004498133053794207,-0.03994818722627114,-0.004935389451964367,-0.08812380381676288,-0.0018972497284068801,-0.0995183571717112,0.00959936028251196,-0.09730701125277186,-0.009310247215698064,0.010965152372235165,-0.008425374358989823,0.015041855831076312,-0.003149544933774062,0.14923507776043787,-0.004424875976684728,0.09243197801972491,0.0030337545809433486,-0.159675373271305,-0.01097822766023726,-0.15627627203352856,0.010230610877789348,0.012356629430980603,0.012898310694602249,0.6769034844858143,-0.6302799661591396,61.90452161078461,0.8312372417964042,0.9001797232674063,0.8240401984057114,0.7071973824977368,0.4869983885602496,0.7463845210162755,0.41075825348326944,0.7989634897193942,0.7621519715355527,High
2021-04-26,14485.0,9641.4501953125,32274.775390625,17675.0,33865.69921875,25680.30078125,4536.2998046875,13203.849609375,2001.949951171875,312.04998779296875,-1111.89,1022.57,0.010016518287169873,-0.031505341541241294,0.004636889750843531,-0.0824089276795279,0.01742780850369141,-0.0850612486347635,0.007828893604424847,-0.10052490915645484,0.004139157797153015,0.02034771023676174,0.0027803075063574934,0.01311157599503776,0.02011529623595698,0.16291523479915138,-0.008701393841851424,0.07875913763365472,0.017664701536465266,-0.15833179454928648,0.033962890704393844,-0.11837836691344561,0.009532735070870041,0.012521413083197411,0.012926160135802674,0.7101017827311878,-0.4911146173937624,61.467909097136825,0.8303206768197512,0.9026907009042784,0.833400468813449,0.7120758147225595,0.4838115326355183,0.7504807282569409,0.3721736643870616,0.8082480484435143,0.7683391314008711,High
2021-04-27,14653.0498046875,9708.2001953125,32734.96875,17879.19921875,34009.3515625,25815.75,4659.25,13296.75,2047.9000244140625,314.29998779296875,-1454.75,1463.44,0.011601643402658013,-0.029496540985496034,0.006923232361087495,-0.07225073987027264,0.014258607652732902,-0.08727844984789523,0.011552996817538963,-0.07768581318839318,0.0042418242370281245,0.023889196352739228,0.005274440510015133,0.009123493118844195,0.027103630845882742,0.22524786594434376,0.00703585646409044,0.09583936080157995,0.022952658339580267,-0.1306064477666764,0.007210383233511752,-0.1022565486615894,0.010393751415397102,0.012587608959359554,0.012974274985460691,0.7234379990965906,-0.6828381335977936,62.77828479074584,0.8428113637379201,0.9035886775691194,0.8726610163859085,0.717453665356384,0.47747099632630524,0.8309039984099718,0.4114902713262193,0.8300017789289815,0.7882085003913857,High
2021-04-28,14864.5498046875,9871.5,33722.41015625,17990.599609375,34129.1484375,25962.099609375,4645.0498046875,13252.9501953125,2100.699951171875,312.45001220703125,766.02,436.2,0.014433855260107098,-0.02044508026419989,0.016820811417377568,-0.06513687625217068,0.030164727322368412,-0.06164727810508108,0.006230725954894822,-0.06935145893954087,0.003522468659240552,0.02174666569369288,0.0056690047500072005,-0.0018454369925864356,-0.003047742729516578,0.1991403254788242,-0.00329402332806894,0.07631617934440538,0.025782472839668724,-0.10680724588726986,-0.005886018637570212,-0.11298790005101134,0.011634039227848399,0.01285469037270749,0.01304951968684516,0.7772458149620547,0.5589918643034673,55.97299859372385,0.8481868539105734,0.9062908601325618,0.8722579669433549,0.706945419727897,0.4742738951461825,0.7892875701823425,0.37311614448046637,0.8388877688859006,0.7632037688930938,Medium
2021-04-29,14894.900390625,9773.7001953125,33714.109375,18063.099609375,34009.0,25874.30078125,4855.2998046875,13298.650390625,2076.800048828125,312.20001220703125,809.37,-942.35,0.0020418099664161193,-0.009051310989635741,-0.009907289134123531,-0.058764064788546455,-0.0002461502962433082,-0.05020602977692612,0.004029882359352754,-0.06497471936523924,-0.0035204053719659623,0.028440963454647195,-0.0033818076906728667,-0.0005388243218448219,0.045263239112706355,0.2643351560915095,0.0034483035580006316,0.09146237073475993,-0.011377113771253944,-0.10169119055599518,-0.0008001279892232427,-0.10634032702858032,0.007654595517673014,0.01275220477426487,0.013049821542242606,0.7565984545159035,0.583232704376514,55.57978522793176,0.838959911284625,0.9052701626246712,0.8819961051251094,0.6960533184499348,0.4689018691348049,0.7599511096518099,0.3576878519535364,0.8339286370541217,0.7655061398403454,Medium
2021-04-30,14631.099609375,9640.849609375,32781.41796875,18031.099609375,33623.44921875,25664.44921875,4847.9501953125,13469.25,2055.25,309.6000061035156,-3465.07,1419.31,-0.017710812045177438,-0.01998729968351254,-0.013592660229256426,-0.06717400182289912,-0.027664720306733614,-0.06823696948513913,-0.001771567487973691,-0.0668533581985834,-0.011336727961716031,0.017078562308269873,-0.008110424481579392,-0.014121114221426256,-0.0015137292588820461,0.24945558286721226,0.012828340046841635,0.12015052600939757,-0.010376564099314756,-0.11245218980649463,-0.00832801409947248,-0.11021699887366943,0.011261774139231963,0.01309796704741468,0.013175408521493995,0.8262577860794678,-1.8069868213866516,70.75701436127352,0.8380590195922406,0.9106123612986439,0.8604112648406432,0.7106775981033029,0.48687772419283176,0.7578736519466089,0.297978970754732,0.8259066591937172,0.7539969536579413,High
2021-05-03,14634.150390625,9662.9501953125,32465.373046875,17983.400390625,33994.19921875,25676.05078125,4952.4501953125,13507.4501953125,2042.9000244140625,307.6499938964844,-2014.16,-1191.19,0.00020851346320172048,-0.018530614506486298,0.002292389865309108,-0.06645376418771987,-0.009640977769060477,-0.06719943514352733,-0.0026453860154596054,-0.06788914649531419,0.011026530847205729,0.01926283384679972,0.0004520479828387103,-0.02608871004484936,0.021555501972986724,0.2872701787802976,0.0028361041121443,0.12440274663385509,-0.006008989459159508,-0.10601049746505709,-0.006298488916628986,-0.11083816792923595,0.011138400928465611,0.013098087822850223,0.013170543074346185,0.8262821182196767,-0.9956540123812535,65.88930949292364,0.8386537708469168,0.9097292558654235,0.8604334439022383,0.7102218888822985,0.49592241521887886,0.760040213210579,0.2978263217633442,0.8266713355699115,0.7535079780852294,High
2021-05-04,14496.5,9577.7001953125,32269.974609375,17947.849609375,33822.75,25489.0,4921.64990234375,13234.75,2113.14990234375,306.25,-931.66,75.48,-0.00940610742344028,-0.015270377457832884,-0.008822357383292179,-0.057229423513671884,-0.0060186721778269225,-0.05722882491538461,-0.0019768664700661187,-0.039911288976149706,-0.005043484555901423,0.018923210640660937,-0.007285029261065112,-0.026524337846353663,-0.006219202971067261,0.31149571412093335,-0.020188872908606825,0.12277836691410382,0.034387330309928466,-0.03906238811169904,-0.0045506059621617245,-0.08786299329858527,0.011773924257968695,0.013006585067192775,0.013214038812900779,0.8078474268426903,-0.3903319967163647,62.036161102410475,0.833951496060827,0.904993150839634,0.8575540415562461,0.7115803554080037,0.49623926483308467,0.7558834063463169,0.284271175968035,0.7589331052163463,0.7399763439122611,High
2021-05-05,14617.849609375,,32783.31640625,,,25786.94921875,,13779.7001953125,,,-1110.5,-240.61,0.0083709591539336,0.0041214878302742175,0.0,-0.05582144914923415,0.01590772236696658,-0.03169532630918259,0.0,-0.024806609917189304,0.0,0.018064462422395566,0.011689325542390883,0.01630055218338944,0.0,0.31091927346259407,0.04117570753603195,0.19673106067384594,0.0,-0.019829306524632773,0.0,-0.0742139924392421,0.011592858218475773,0.012941369366074554,0.012787654837008324,0.7947086823927538,-0.4903373447824236,62.47852825740759,0.8407502788011182,0.9067701145184934,0.8487381269030937,0.7142410350112521,0.4888079112318029,0.7389757030616296,0.2695965249934814,0.7493015631850135,0.7338772198408497,High
2021-05-06,14724.7998046875,9815.099609375,32827.41796875,18178.19921875,34048.5,26258.69921875,5095.0,13747.75,2119.25,305.3500061035156,,,0.0073164109749706,-0.001302237880663304,0.024786682525173243,-0.03646005896284299,0.0013452440855432624,-0.03904385777542785,0.012834384864395032,-0.0425169422433459,0.006674501629820195,0.0005921073626793394,0.018294137705013425,0.02722513105006308,0.035221948146636484,0.32941943900848014,-0.002318642267947757,0.17833484415896406,0.0028867321004932833,-0.031200000000000006,-0.0029387555803571663,-0.07202547506053902,0.011063112455805808,0.012795890815495963,0.012767030639220377,0.7653997051644891,,,0.8387710565477043,0.9058871944012372,0.8603734238333559,0.7119681378532757,0.490437257480238,0.7395539025260589,0.240712061894184,0.7451716234818812,0.7465316016440005,
2021-05-07,14823.150390625,9819.4501953125,32904.1171875,18295.599609375,34123.5,26269.44921875,5335.85009765625,13747.099609375,2116.25,307.6499938964844,-338.43,645.59,0.006679247748155426,0.005886783590325573,0.0004432543846366599,-0.031655399298581854,0.0023364377552634874,-0.020799934157779254,0.006458306964966409,-0.03665541040846687,0.002202740208819831,-0.013999653259362033,0.0004093881387818854,0.008991606138859076,0.04727185429955849,0.3796817450835881,-4.73088778163433e-05,0.1600193750922938,-0.0014155951397900601,-0.021975250834233573,0.007532299810038445,-0.08965828440918888,0.009778228551332905,0.01285249216454109,0.012745644044220681,0.7768029508227311,-0.058604348353425324,59.67326149999332,0.836531629845306,0.9127418953614796,0.8620922992726683,0.7467604368041115,0.5053050563720207,0.733048072147296,0.2358369748038171,0.7424336861931176,0.7754579061361174,Medium
2021-05-10,14942.349609375,9973.0498046875,33142.01171875,18590.05078125,34204.25,26273.44921875,5503.35009765625,14131.849609375,2145.39990234375,310.04998779296875,-1915.08,1868.23,0.008041422748121585,0.008613011314736907,0.01564238387280814,-0.021064777226256437,0.007229932044503284,-0.030481754073543144,0.01609409793402561,-0.021862034138464104,0.0023664043840754267,-0.007817542332934524,0.0001522681334766851,0.0064257999218622075,0.03139143659106414,0.4324366968855524,0.027987721841894242,0.18683228446417455,0.013774318886591752,-0.03653310773829577,0.007801052963101629,-0.09209373999130677,0.010273925088893219,0.01289888421629498,0.012724397988201288,0.786149370504667,-0.9402495732938841,65.0752898858193,0.8378582469062664,0.9164622247315851,0.8615260697339782,0.7544566959780811,0.501086375458283,0.7559873838646425,0.25849634944664585,0.7477843364680763,0.7765617109814732,High
2021-05-11,14850.75,,32871.81640625,,,26106.69921875,,14066.650390625,,,,,-0.006130201191218876,0.020712166913021246,0.0,0.0048159799186417995,-0.008152652735535004,-0.012646760701928828,0.0,-0.004642093445058726,0.0,0.006389142572239548,-0.006346711412409389,0.011771910157435617,0.0,0.480370143070719,-0.004613636611781269,0.1804545556240218,0.0,-0.0036225380851786504,0.0,-0.06456486235002934,0.0073766486536466745,0.012496281127861369,0.01271742182718952,0.7050385489849326,,,0.8219038221548495,0.911202185942414,0.8497319679615309,0.7335872386472931,0.4851964876252122,0.7368637058669574,0.26025617178088356,0.7285914622634776,0.7559276747996286,
2021-05-12,14696.5,10013.650390625,32451.923828125,18717.400390625,34057.3984375,25855.44921875,5290.4501953125,14065.0498046875,2239.699951171875,310.3500061035156,,,-0.0103866808073666,0.025940816287853163,0.004071030099380035,0.037538872376778665,-0.012773634804225886,-0.01678911298621355,0.006850417509533857,0.032208653879812976,-0.004293371803211543,0.0254191499366192,-0.009623966549534124,0.024501611474612384,-0.03868550947438709,0.4228142231232417,-0.00011378586181165495,0.19025878724865608,0.04395453207819511,0.06769318935278235,0.0009676449680984245,-0.0396100511673505,0.00879340045642171,0.012303401730716979,0.012766674416417488,0.6661799142499623,,,0.7914823702698799,0.922295721156069,0.8143823561563963,0.7207874534526878,0.45788061745085773,0.7364108693993395,0.23434080980434677,0.625581043555894,0.7283673730754936,
2021-05-14,14677.7998046875,9810.4501953125,32169.177734375,18652.94921875,34781.5,25588.19921875,5091.35009765625,13885.5,2194.199951171875,300.45001220703125,-2607.85,613.26,-0.0012724250884564858,0.01175270396941186,-0.0202923197221605,0.0039861019610603066,-0.008712768316834096,-0.034475095435062,-0.003443382656241223,0.023894345252613247,0.02126121182828533,0.02847708287924844,-0.01033631238579269,0.00800074108434834,-0.037633866742126876,0.32061059662628355,-0.012765671446656413,0.1684983650681351,-0.02031522123139451,0.037667541795897375,-0.03189944804828615,-0.08566644362026143,0.0077159330455346745,0.012104106536719984,0.012764607437387155,0.6260287147822098,-1.3276388876515421,65.47817790329577,0.7744928739286717,0.9230767276513785,0.819748395427555,0.6422758555430197,0.45144563004225147,0.6917553127180694,0.23826622855888216,0.6261147964029274,0.7010223175494382,High
2021-05-17,14923.150390625,10001.7001953125,33458.859375,18847.05078125,34807.3984375,25703.55078125,5207.75,13858.7001953125,2277.699951171875,304.6499938964844,-2255.84,1948.48,0.01671576048197254,0.0052576798609493824,0.019494518211955247,0.013857090249619786,0.04009060011648624,-0.012276051741683669,0.010405944937913025,0.02324516564750656,0.0007446038123715137,0.00660944087708959,0.0045079984532665485,-0.01598511679711756,0.022862286055978176,0.3140928589452434,-0.0019300568713765953,0.13534486579445448,0.03805487278194697,0.06954350428449807,0.013978969941126351,-0.07260275830598362,0.009367706226092141,0.011730629400051441,0.012876589535818442,0.5507857813713325,-1.130798792746972,63.39422213293783,0.80385239669732,0.9342590910066302,0.8297645130988124,0.5622224448421259,0.36229606271295706,0.6935522517193333,0.11858805960790082,0.6774519599344524,0.7464416554054228,High
2021-05-18,15108.099609375,10324.0,33922.00390625,19201.55078125,34741.44921875,25958.25,5294.39990234375,13832.400390625,2248.699951171875,307.20001220703125,618.49,449.52,0.012393443335275034,0.028412492836501047,0.03222450167408053,0.04679869561286787,0.013842209205614964,0.018571380481529953,0.018809308900078703,0.055894726655826954,-0.0018946896841032235,-0.0054463425557574885,0.00990910636890674,0.0039934248694644126,0.016638644778215195,0.3311877620796422,-0.0018977107749539313,0.12709620055220183,-0.012732142346088882,0.04212619347798996,0.008370321226440991,-0.08065234829183299,0.00993729898517255,0.011755703838836729,0.012933133016093723,0.5558374274899299,0.476494721605046,53.81108080024889,0.8180950534497872,0.9324034468509591,0.8305102922628923,0.605462677389758,0.3634341631669084,0.6935259059991606,0.10505450061456637,0.6688878854568284,0.8014792700802835,Medium
2021-05-19,15030.150390625,10249.099609375,33684.80859375,19308.099609375,34729.69921875,25982.80078125,5245.9501953125,14001.349609375,2254.0,313.79998779296875,-697.75,-852.52,-0.005159432408138875,0.010950222166521195,-0.007254977782351846,0.022598927307056593,-0.006992373244090633,-0.005103635434569931,0.005548969942003046,0.042767977448800565,-0.0003382127189345274,-0.00415350332133535,0.0009457795209615316,9.239236458680189e-05,-0.009151123437011632,0.2522708228649184,0.012214020269721626,0.1312302600174371,0.0023569390951261315,0.017768089491077665,0.021484294673431048,-0.06551518999328754,0.010348643295302112,0.011617928822996495,0.012925494137977535,0.5280804503560138,-0.2595321143291369,57.89415809024698,0.815033598247045,0.9310536287838475,0.8143980267873056,0.619446779591897,0.35376182831535724,0.6860599757257592,0.08437878647151105,0.655376067271682,0.7636498881729691,Medium
2021-05-20,14906.0498046875,,33334.1640625,,,25894.5,,13970.2001953125,,,71.04,-876.06,-0.00825677606093067,0.01832584155947381,0.0,0.04924727190238665,-0.010409574698164059,0.02006499524814953,0.0,0.05901100452646135,0.0,0.012393353879228686,-0.0033984319855817624,-0.02253185493494092,0.0,0.24123374894158944,-0.0022247436805408194,0.1328873369267729,0.0,0.0612801734394417,0.0,-0.032824854410135496,0.010600801552617651,0.011350552182898915,0.012953275353473504,0.4742131563472214,0.1703667424126735,54.668357421690615,0.7951228790201224,0.9284863843029302,0.7972585386694213,0.5790510875481389,0.47880460008917186,0.711765714680535,0.07071171802568209,0.6236798813946388,0.7357295880390903,Medium
2021-05-21,15175.2998046875,10312.400390625,34606.49609375,19326.30078125,34690.55078125,26105.30078125,5099.14990234375,13993.7001953125,2348.14990234375,320.6499938964844,510.16,649.1,0.01806313567497475,0.0334933636181769,0.006176228513975701,0.054292178733802876,0.03816900969421155,0.06478339770841002,0.0009426702908743589,0.060884955486550485,-0.001127232264622191,0.002042158344392808,0.008140755034852898,-0.016089824819282783,-0.02798354683197768,0.1894586291017184,0.0016821519857592726,0.11516030719936854,0.04177014300964954,0.10592247843812541,0.02182921086674794,-0.02315310313333019,0.012205416692949158,0.01178153794341246,0.013074049231406948,0.5610421204134661,0.41591778492423553,54.23699873541618,0.7775581435333924,0.9372462250204805,0.7658454844689461,0.5538078472812598,0.4951357006164713,0.5942173679397784,0.05384778195291562,0.6514787557210041,0.7496419048951586,Medium
2021-05-24,15197.7001953125,10315.75,34943.1953125,19583.55078125,34572.5,26144.19921875,5068.60009765625,14034.650390625,2398.14990234375,325.0,585.36,-707.69,0.001476108604989923,0.025551597141216575,0.0003248137434661569,0.038115125289322815,0.009729364620962189,0.059179466255346425,0.013310876349889922,0.06819273065276032,-0.0034029664733316034,-0.007544093932194573,0.001490058966412633,-0.02559728602176592,-0.005991156422653576,0.1718086832092307,0.002926330758909357,0.11241768222688475,0.021293359487013053,0.10784402293051998,0.013566212962161872,-0.019311991594313294,0.010748102915756511,0.011683143713307795,0.013073229233442792,0.5412190314559477,0.4579687923865909,53.746815623151825,0.7731849587794167,0.9343938026921043,0.7568235476975618,0.5425882042376061,0.48291481472105807,0.5936237849606893,0.051077295659326546,0.6431152088796254,0.7420795139347275,Medium
2021-05-25,15208.4501953125,,34661.59765625,,,26393.900390625,,14090.099609375,,,959.77,-563.59,0.0007073438653115716,0.022499320618765806,0.0,0.03578550855263796,-0.008058726562686913,0.05732115297905982,0.0,0.07157103037036538,0.0,-0.011735705493988613,0.009550920637719118,-0.027791692664903667,0.0,0.12762096962541958,0.0039508799440446385,0.11722443375334834,0.0,0.11734140045010699,0.0,-0.027237371856545622,0.010584913246305831,0.011671297396023204,0.01298827960984918,0.5388324016596515,0.6673347193012245,52.461980504108475,0.7735409036277967,0.9377966532983137,0.7632299590747849,0.5414441331554142,0.4768570521001566,0.601495817309045,0.05381316392306908,0.6496523359884329,0.741554462569688,Medium
2021-05-26,15301.4501953125,10437.7998046875,34683.796875,19321.0,34815.69921875,26857.349609375,5004.75,14127.25,2359.85009765625,335.45001220703125,241.6,-438.59,0.006115021504864648,0.0314530041236567,0.011831403890895098,0.05188473178251063,0.0006404557276948886,0.06891474127605335,-0.013406699539971867,0.06880783655039302,0.007034470135223181,-0.012407485422936015,0.017558951571803982,-0.01862462915529839,-0.012597185894735463,0.12030761731025041,0.002636630801408968,0.08710041858423212,-0.015970563245470637,0.07694242905019966,0.032153883713942344,0.01023949567551985,0.009336475845531149,0.011691776684861696,0.012966844668256173,0.5429582814393936,0.26574200614644106,54.92104734039408,0.7745845002326217,0.9346095746088103,0.726664360228111,0.5686035037268079,0.4919750869043318,0.5829211382706743,0.08087972283119628,0.6434027901914945,0.7317658442969542,Medium
2021-05-27,15337.849609375,10486.0,35094.64453125,19295.349609375,34812.30078125,27164.80078125,5043.2998046875,14100.0498046875,2427.0,331.45001220703125,-660.9,112.38,0.002378821196545866,0.07176746364316333,0.004617850142216051,0.11367771369683921,0.011845521346197874,0.13974577491952123,-0.0013275912543346813,0.11666462079344164,-9.76122144968894e-05,0.007260978156371722,0.011447561890756353,0.016350017106778303,0.007702643426245048,0.20193036336689696,-0.0019253708480064802,0.08781155696246201,0.028455155863688963,0.22064071840185195,-0.011924280382888508,0.07911450038555579,0.008497598440853727,0.009453523151206972,0.01295829195468667,0.09202636337955387,-0.23892600229472474,52.537872374322994,0.6642099384550474,0.9081561715237143,0.5479989604189783,0.4015230585551725,0.34727585399634003,0.4178112637026204,0.038347959135859665,0.41508286010345813,0.5551895343705808,Medium
2021-05-28,15435.650390625,10510.25,35141.0390625,19566.80078125,34890.5,27122.80078125,5055.75,13934.099609375,2443.199951171875,331.6000061035156,913.59,1275.22,0.006376433707514062,0.06417534874467412,0.0023126072859049884,0.07047556186684645,0.0013219832219326655,0.1060647807476176,0.014068217335803546,0.10717033612518523,0.002246309982249617,0.004900539016539529,-0.0015461184618364987,0.04918514587560807,0.0024686605584953725,0.16548332460792792,-0.011769475825349929,0.0879640530450907,0.006674887174237698,0.17594400693579626,0.000452538515493206,0.05053069068729954,0.007934894476721346,0.009248872579936054,0.01297213052012727,0.05079623763747476,0.6415113745590495,46.7604866042954,0.6516759784017347,0.899001439263444,0.5181571219320694,0.389423630434697,0.610771704597564,0.3812874664785319,0.07211724155161338,0.369510787519746,0.5221026778431336,Medium
2021-05-31,15582.7998046875,,35526.234375,,,27115.05078125,,14051.75,,,2412.39,179.78,0.009533088035724946,0.06867284090144232,0.0,0.08448681963856464,0.010961409303091862,0.10630627649835289,0.0,0.100392840451198,0.0,0.0066909346322532315,-0.0002857374525037093,0.042451561116135794,0.0,0.14970034348296202,0.008443343590413432,0.08198168262419459,0.0,0.19133991271746686,0.0,0.05453965091657542,0.006037996984574868,0.009331209473132816,0.01300456922255908,0.06738431964786219,1.4796237413752482,41.930869387522854,0.6709682552762055,0.8983379527811591,0.49963773346835516,0.3892024359924255,0.5958167023353027,0.3673913156481078,0.07437092961670771,0.3742236474740011,0.5195093856366703,Medium
2021-06-01,15574.849609375,10457.849609375,35336.7890625,19976.80078125,35241.19921875,27144.400390625,5121.64990234375,14058.0498046875,2412.449951171875,334.3999938964844,-483.64,-380.41,-0.0005101904286871628,0.06546790571618955,-0.0049856464522727295,0.06615380862802178,-0.005332546942642291,0.10506622663792853,0.020953859784420326,0.11970987730411942,0.010051424277382148,0.011133880256065432,0.0010824102677062797,0.03113022225496609,0.013034644186075361,0.1550856793738724,0.0004483288335972446,0.06224756255076791,-0.01258595310025723,0.1833276151231391,0.00844387135534208,0.06819999021253809,0.0036603503052701327,0.009344702147030055,0.012943431923965807,0.07010263427520609,-0.1398041727365186,51.680056647721585,0.6779418392557448,0.9019456013101224,0.45147879708146754,0.36316382965870136,0.6119855156035825,0.3620962426410271,0.07699056437487074,0.3803310597236019,0.515202049545208,Medium
2021-06-02,15576.2001953125,10647.75,35373.33984375,20223.5,35058.6015625,26939.650390625,5233.2998046875,14151.849609375,2485.550048828125,339.25,,,8.67158252806366e-05,0.08473513842453362,0.018158646157500957,0.11703546037966506,0.0010343549094218307,0.13346891122235083,0.012349285626432671,0.16509916319799522,-0.005181368974323974,0.015632016063617193,-0.007542992184521258,0.02678479506104714,0.02179959670665066,0.19862112357359107,0.006672319844550856,0.06756055516265902,0.030301187231155158,0.2740856959447078,0.014503607033608201,0.12970367562546814,0.003836088673228748,0.008575660580830473,0.012885789983479817,-0.08483307041588559,,,0.5737767927198973,0.8910014620388645,0.2701790261740547,0.29020084956138514,0.6245924343263396,0.3092200627399049,0.07648361135441212,0.21919012175393313,0.37724386409466865,
2021-06-03,15690.349609375,10647.650390625,35648.5859375,20328.400390625,35266.5,26987.900390625,5268.0498046875,14114.400390625,2495.75,352.1000061035156,,,0.0073284506253876724,0.09750351002089275,-9.354969359720577e-06,0.10559462704565092,0.007781173476007819,0.1458022236330203,0.0051870542005587605,0.17220622711480793,0.0059300265336987845,0.028282769378799477,0.0017910403179095535,0.042905864454590104,0.0066401699304279305,0.20154409315431776,-0.0026462419954768057,0.051203180182972874,0.004103699773289282,0.28204143555744565,0.037877689325027664,0.16879670075855802,0.0038413244952097718,0.008505780101036664,0.012794111466053665,-0.09891160902402564,,,0.593135279136524,0.8904915082885044,0.25140618357662436,0.27672727576519474,0.6129269151829665,0.3090917514162831,0.09918400070650114,0.2005578993527741,0.3822747501766029,
2021-06-04,15670.25,10735.75,35291.23828125,20368.05078125,35138.0,26996.75,5339.14990234375,14101.5498046875,2491.64990234375,353.79998779296875,-1092.75,416.59,-0.001281017305247989,0.08774721734111779,0.00827408922559747,0.11314164138404359,-0.01002417478428208,0.11040785246177887,0.001950492407817972,0.1725352785710157,-0.0036436845164674603,0.03216366317419084,0.0003279102578159776,0.0453039225547085,0.013496474082873133,0.19687731606319359,-0.0009104592176678583,0.05401018755777809,-0.0016428318766903427,0.2704397207616316,0.004828121726738521,0.1594297718157185,0.00430362288254466,0.008498290688929343,0.012770651695230182,-0.10042047069492878,-0.48041174129230646,51.677424799414695,0.5884567727674512,0.8925235228043231,0.26860431182748096,0.3207518102141108,0.6264421806187898,0.2941463894266416,0.11252688675978186,0.21010746335702712,0.3747740944818138,Medium
2021-06-07,15751.650390625,10806.5498046875,35443.23828125,20743.94921875,35375.3515625,27295.650390625,5315.5,14069.0,2500.64990234375,352.79998779296875,-543.3,521.3,0.0051945814919991395,0.09833807972494313,0.006594770247770221,0.12604000070416244,0.004307018041947108,0.11731021561938149,0.0184552975410901,0.1828204463999541,0.006754839845751093,0.048901293763338405,0.011071717544704374,0.06585748062116892,-0.004429525818963831,0.19534049569190093,-0.0023082430752880967,0.056251055763058666,0.0036120644363135668,0.2711722063911679,-0.0028264557221668873,0.1689860903340572,0.004322070208834264,0.008393192034064186,0.012769548713378048,-0.12159427308650582,-0.17316538424189248,49.57986102841328,0.5795952200056589,0.8946950898689225,0.29107157461530503,0.29133457214609865,0.6074518257374688,0.27922733493425284,0.09398077444996533,0.201787539697779,0.3459608800304063,Medium
2021-06-08,15740.099609375,10873.900390625,35084.89453125,20745.0,35672.44921875,27623.80078125,5258.89990234375,14189.849609375,2464.5,355.79998779296875,-69.37,-631.0,-0.0007333060957773752,0.08664822984984477,0.0062323856508101905,0.1278283007582921,-0.010110355807685045,0.08706858859941957,5.0654831388108335e-05,0.17369165487977378,0.008398436852990576,0.05335044135157507,0.012022076262293568,0.07568057775316284,-0.010648122971733565,0.15929284411704114,0.008589779612978798,0.07467519164258896,-0.014456202889444159,0.23104975654229687,0.008503401654765597,0.14020189620717494,0.00445409059231058,0.008319767162576465,0.01265800958064265,-0.13638688600341362,0.09185102488887947,47.81225121862576,0.5798533933120636,0.8902483452583844,0.29379801930837224,0.2604745104212959,0.5755437077848836,0.2729912754893775,0.1151585799235819,0.20219367253882964,0.3084080237692303,Medium
2021-06-09,15635.349609375,10734.400390625,34800.09375,20669.19921875,35588.94921875,27539.0,5209.4501953125,14118.900390625,2429.25,349.8999938964844,-589.36,547.31,-0.006654976944212576,0.06703722554558311,-0.012828883380269995,0.1057044740185713,-0.00811747576998778,0.06308620655090746,-0.003653930163894925,0.1560472572549063,-0.002340741996378237,0.046445979816672756,-0.0030698448023691594,0.06675188596108961,-0.00940305157913568,0.11808771697429843,-0.004999997935363987,0.0618309279053153,-0.014303104077906248,0.1862151330825088,-0.016582333049200204,0.11326760256499147,0.004577921446342087,0.008322005395961582,0.01263709122634223,-0.13593595814459852,-0.19892162631258517,49.56229826014033,0.6035897126960559,0.8890983277852633,0.3021858329433427,0.267885468796554,0.5839886580635274,0.2608487488994865,0.12312292578228927,0.20956334119747994,0.3445949649355744,Medium
2021-06-10,15737.75,10722.7001953125,35130.7890625,20712.80078125,35731.30078125,27798.0,5265.2001953125,14313.900390625,2487.64990234375,361.6000061035156,-802.81,-998.69,0.0065492869160790335,0.058743803666165384,-0.0010899719487562631,0.08622804997340827,0.009502713264960772,0.04176388638072992,0.0021094945207382754,0.15131242042963633,0.003999881019948859,0.04694381246235868,0.00940484403936237,0.07071463472707928,0.010701705153101315,0.1335078022197269,0.013811273867296414,0.08005388835519445,0.024040301469074876,0.18420048563147495,0.03343816064910432,0.15730514314692146,0.0050717976249197005,0.008042072261625916,0.012464755163346906,-0.19233295843811263,-0.3182805032120498,49.60168751801495,0.5676645422471441,0.8815454760550251,0.2965954875146336,0.26767592528035006,0.5922902543098914,0.2945165412356806,0.1710600179288383,0.17949400649035704,0.409600795068314,Medium
2021-06-11,15799.349609375,10765.5,35046.9921875,20797.19921875,35646.94921875,28217.5,5406.7998046875,14464.0498046875,2474.300048828125,357.8500061035156,,,0.003914130633349666,0.060722072322099585,0.003991513695982052,0.1014763891737922,-0.0023852830305325368,0.039534866476062636,0.004074699428210593,0.15136381177657698,-0.0023607190518030174,0.04816222819694782,0.015091013741995729,0.09056087113465172,0.026893490109087148,0.11358721854159448,0.010489762396337587,0.08763290859078898,-0.005366451888204726,0.1914002266247523,-0.010370575046191988,0.14622034628945557,0.00510045648413074,0.008050184157577786,0.01239993639234522,-0.19069868745599305,,,0.5812017271184373,0.8775454144128301,0.2956457678193713,0.2636370701052548,0.5862504663638499,0.31809848204565494,0.175139898667046,0.17606334100611706,0.3945293404741353,
2021-06-14,15811.849609375,10753.099609375,34950.1953125,20902.69921875,35659.94921875,28314.099609375,5371.60009765625,14449.599609375,2488.75,352.3999938964844,-503.51,544.26,0.0007911718082738162,0.08070138482574651,-0.0011518638823092564,0.11536846284983238,-0.0027619167568543324,0.06615874108366704,0.005072798451864813,0.1592581523914356,0.0003646875899596669,0.06056784914452962,0.0034233936165499745,0.10324205160378863,-0.006510266387287578,0.10801470337918673,-0.0009990421429423302,0.07278427598975434,0.0058400157162501465,0.21092324534728135,-0.015229878759467463,0.13824285190310515,0.004539530854756007,0.0071461547248001,0.012299480965791854,-0.3728298535528703,-0.15091525675615955,46.43153329790251,0.5298539159398178,0.8543338179172323,0.25697960807044473,0.10257121206570807,0.5460534192894266,0.3354873460098826,0.2882261266280938,0.11272809789034792,0.36476735646873026,Medium
2021-06-15,15869.25,10754.400390625,35247.33984375,20900.099609375,35921.5,28377.849609375,5368.9501953125,14322.650390625,2482.39990234375,357.04998779296875,633.69,-649.29,0.003630213545097627,0.08439844995485601,0.00012096802756911273,0.11295206673443925,0.008501941937466784,0.085690276617437,-0.0001243671617620068,0.16218841572756815,0.0073345808667746315,0.056694989896598935,0.0022515284215109954,0.10522641706636571,-0.0004933171300123274,0.084099785676637,-0.008785656501349326,0.06035189347545389,-0.0025515209065796185,0.21513528448644625,0.013195215598812648,0.16057206200727592,0.004487370485751876,0.00713371729210626,0.011296512263112514,-0.3753355729881551,0.48499439332616046,42.58600676418518,0.5268725543145532,0.8566550343708234,0.24522928582964953,0.12986635704197141,0.5431062025039624,0.3511918022666947,0.2804736475978088,0.10271285699755596,0.36069702122786157,Medium
2021-06-16,15767.5498046875,10669.4501953125,35003.09375,20773.349609375,36131.25,28448.849609375,5216.2001953125,14215.7001953125,2457.25,352.54998779296875,-870.29,-874.2,-0.006408632752808119,0.08767977130255589,-0.007899110338736692,0.1139887423636754,-0.006929490135503369,0.08469542271753072,-0.006064564397728733,0.15742833049615634,0.005839121417535509,0.06825287713151651,0.0025019513802957416,0.11612262581407662,-0.028450627113911775,0.05984787597924868,-0.007467207003984733,0.0741192841052909,-0.010131285583763083,0.16283752386643258,-0.012603277282869585,0.1511836336096939,0.0051274740282271,0.006977163804745136,0.011019482549618787,-0.406875773092045,-0.3560145721423655,47.25357815574965,0.519291887677982,0.8674047809908281,0.2560146057726483,0.025331407166692063,0.4950811038409849,0.3889243857345003,0.22015308178901966,0.24740796247427113,0.37749912446135203,Medium
2021-06-17,15691.400390625,10523.0,34604.99609375,20564.5,36183.55078125,28611.349609375,5095.10009765625,14081.599609375,2422.25,346.75,-879.73,45.24,-0.0048295020472909345,0.07344108811746763,-0.013726123898759157,0.09869799486416864,-0.011373213439169194,0.05556727894535718,-0.01005372813254668,0.14579186072844075,0.001447522055007866,0.06979919673148993,0.0057120060118862614,0.10952828761036004,-0.023216152203106688,0.03524228637837501,-0.009433273359388816,0.0219089972774007,-0.014243564960830235,0.14627457205635008,-0.016451533098264415,0.1322448979591837,0.005468219040329655,0.00703163516606564,0.010995196161273554,-0.39590164747568635,-0.36129331563232076,47.416940124085684,0.5595192544814322,0.8693903013843358,0.3210018258776612,0.042221303845050184,0.4597056293214067,0.4223959170380693,0.20011102515041254,0.2878661819422374,0.4199587690368048,Medium
2021-06-18,15683.349609375,10443.75,34557.59765625,20164.19921875,36287.1484375,28445.599609375,5048.64990234375,14030.599609375,2379.449951171875,343.8500061035156,2680.57,446.2,-0.000513069646403852,0.06509764597155021,-0.007531122303525595,0.06404931336861197,-0.0013696992587888257,0.0527053236153705,-0.0194656218848015,0.10925174579182362,0.002863114703040237,0.06574881235590402,-0.005793155592551558,0.08328289122042443,-0.009116640384330688,-0.009097173239695833,-0.003621747629157568,0.020574247376843546,-0.01766954229667661,0.122779262084169,-0.00836335658683307,0.12608481817730266,0.004748212087086361,0.006987602180362604,0.010974498634607251,-0.4047727956286616,1.629587028360015,35.36520428229597,0.5566640049626927,0.8783104607274755,0.30258721485093204,0.02047065806171103,0.44963394215244834,0.40828799014512723,0.21703145831108417,0.3008634921324824,0.4413846976187224,Low
2021-06-21,15746.5,10401.150390625,34870.89453125,20439.5,36377.6015625,28367.0,5105.2001953125,14082.9501953125,2477.25,351.8500061035156,-1244.71,138.09,0.004026588209654625,0.062291050488091804,-0.004078957211250733,0.05923958915644634,0.00906593328958838,0.05977298623581251,0.013652948885468641,0.11718120402713805,0.0024927041361708646,0.06605716185326838,-0.002763155301851894,0.07984753558338253,0.011201072378280275,-0.04322645841288941,0.0037311723942661246,0.024430650499430717,0.041101956685392294,0.1705847607796811,0.023265958580764412,0.14366979711985084,0.00428063127380035,0.006944675078030701,0.010979520621815831,-0.4134211459161596,-0.5653860909462894,48.431262794683825,0.55495349198079,0.8836705723419432,0.3024845634713233,0.020971895403662937,0.44863238171064695,0.4013137916649544,0.22355406116415372,0.30974525909837514,0.4407792062462652,Medium
2021-06-22,15772.75,10540.4501953125,34744.59765625,20491.0,36299.6484375,28523.55078125,5119.39990234375,14095.0,2478.64990234375,349.45001220703125,-1027.94,302.45,0.0016670371193598932,0.05557361541748418,0.01339273055921364,0.05689336779991927,-0.003621842132177533,0.04835511951114735,0.00251963110643616,0.1022562682113437,-0.0021428879764398,0.061261347274096156,0.005518764100891804,0.08564165076940933,0.0027814202162508295,-0.0697666309610242,0.0008556307109224282,-0.002607557424794127,0.0005651033782418935,0.1553323460283278,-0.006821071066795081,0.12707636176515913,0.004022277250517901,0.006851600083444001,0.010903175402647167,-0.43217258993325375,-0.4441707068024761,47.47895316161581,0.5258152751919766,0.8834004299601845,0.2746654793883305,0.020413314757519882,0.46466464783057126,0.37171490230392096,0.15853509577733296,0.301508697005835,0.4380539255734416,Medium
2021-06-23,15686.9501953125,10588.5,34573.59765625,20353.55078125,36188.75,28258.5,5061.7998046875,14018.0498046875,2477.5,348.20001220703125,3156.53,1317.2,-0.005439749231269109,0.0563069336775921,0.004558610286766296,0.06171133277838714,-0.0049216284411122135,0.051770222520360454,-0.006707784820164986,0.09486257034750412,-0.0030550829628817056,0.05801910581287406,-0.009292348743068501,0.08242331836820505,-0.011251337804237482,-0.08023300083285567,-0.005459396616708023,-0.0034550219553256545,-0.00046392285681917667,0.15479636094578275,-0.003577049524495224,0.12304475380123736,0.00442677477603049,0.006825057631584027,0.010920915079420184,-0.4375199907291259,1.895738591016699,33.3753285651503,0.5109929138650288,0.8798432429684239,0.2959117723862838,0.039487881606139356,0.4676207595084425,0.3965250760674851,0.1609156714055804,0.30259530204888896,0.4456919001890867,Low
2021-06-24,15790.4501953125,10618.4501953125,34826.59375,20078.94921875,36242.55078125,29048.0,5090.89990234375,13967.9501953125,2442.699951171875,345.54998779296875,-2890.94,1138.76,0.006597840798329813,0.07443610351529273,0.002828558843320561,0.06039753547354998,0.0073176097051117495,0.07317501219502276,-0.013491580189190722,0.07274241078942567,0.0014866714448551477,0.06416087088272615,0.027938496381619604,0.12347690246026777,0.005748962578350447,-0.03771896258385676,-0.0035739357523359994,-0.006903609352498674,-0.014046437468466233,0.09063714087852914,-0.007610638486959198,0.11342027065310378,0.005055416598490285,0.006470220889764952,0.010939688289178132,-0.5090075189204977,-1.4859396815680073,52.80754786236207,0.5541152628872946,0.8786580649815204,0.28715744247720165,-0.037879002617804226,0.40340531503999194,0.30905594068187475,0.15729104032607538,0.46133095900620347,0.4385350528714996,Medium
2021-06-25,15860.349609375,10706.7998046875,35364.23828125,19961.05078125,36006.55078125,29210.55078125,5223.9501953125,14069.599609375,2507.25,346.54998779296875,-678.84,1832.76,0.0044266891189239654,0.08056723898835583,0.008320386473536612,0.09136681717249662,0.015437758142798463,0.09932055376910842,-0.005871743397304119,0.07012840420886857,-0.006511682950364861,0.035221332640915426,0.005595937112709892,0.14156336409346415,0.02613492614684798,0.026044191641288128,0.007277332224209454,0.01325840692628999,0.026425697023147343,0.14267161416211493,0.0028939373037950578,0.1534364244065045,0.004659475297646032,0.006441788154783274,0.010939707240060317,-0.514735747438042,-0.2489578516813558,45.31691814083163,0.5628321400067631,0.8718713627698569,0.26649860618237914,0.026216932073284193,0.3925117766439914,0.29436478545559425,0.1362350803714899,0.45100288972762925,0.4322869249682105,Medium
2021-06-28,15814.7001953125,10709.900390625,35359.0390625,19858.5,36054.44921875,29068.55078125,5290.7998046875,14247.599609375,2567.35009765625,346.70001220703125,-1658.72,1277.08,-0.0028782098242977616,0.05974273403071706,0.0002895903532391664,0.07080798079154715,-0.00014701910751335756,0.05679152616062533,-0.0051375442292010964,0.053666179949822146,0.0013302700886568264,0.03582717575084504,-0.004861257189684665,0.13091576446529984,0.012796754730737048,0.015947348603043476,0.012651390582671063,0.028061752442991583,0.023970524541330196,0.12716782398636406,0.0004329084384562254,0.138027307247657,0.004308345164614444,0.005935291789541304,0.01094496642155936,-0.6167775286905725,-0.796895899450142,47.38004505241398,0.4981185985601881,0.8422523113873066,0.24133365287011166,0.03587203888920172,0.44821744681407594,0.17408056262412053,0.11999678325337432,0.3150362196294232,0.42838870613966323,Medium
2021-06-29,15748.4501953125,10612.25,35009.89453125,19849.150390625,36234.55078125,28986.25,5226.0498046875,14330.2001953125,2529.25,345.45001220703125,116.63,1810.05,-0.0041891404314852165,0.04238458856467586,-0.00911776833241873,0.027920379697791597,-0.009874265265887416,0.03207035256544977,-0.00047081145982830197,0.033726422243320675,0.004995265949211625,0.04297752673179134,-0.002831265372303493,0.11664884959502286,-0.012238225294904037,-0.012909885712636182,0.005797508927970485,0.03598795513646991,-0.014840242353791888,0.12476099742961289,-0.003605422428579419,0.12451171380234904,0.004743593606067976,0.005696827013917426,0.010909266528090676,-0.6648200658942119,0.1958601656867264,40.8469982151491,0.4225133283300107,0.8430831487484397,0.15339336123688913,0.05519318479192019,0.44753970626905415,0.13871266047783543,0.12805431610695728,0.42714525236126516,0.44547888616281855,Medium
2021-06-30,15721.5,10600.349609375,34771.796875,19822.400390625,36093.19921875,29168.0,5215.7998046875,14308.900390625,2518.800048828125,343.95001220703125,-1646.66,1520.18,-0.0017112919035373597,0.045997517749804206,-0.0011213824236142589,0.03427130317659377,-0.006800867567237967,0.0322693916524639,-0.0013476647349417448,0.026636530350210297,-0.003901016004126734,0.03926034577529158,0.006270214325757806,0.1225887557529417,-0.0019613284188004787,-0.005747365015386641,-0.0014863577896467861,0.02196579542903998,-0.004131640277503235,0.11748005715533494,-0.004342162243436309,0.09608038746628034,0.004544693719478511,0.005593768005360519,0.010911376040762678,-0.6855829489649375,-0.7901520809661527,46.51391709821767,0.3985166064231739,0.8423704565970199,0.18124855743449855,0.06269831830343169,0.43572432487310775,0.11872850209801368,0.21423198600051913,0.4387376495395249,0.5218875132834006,Medium
2021-07-01,15680.0,10687.7001953125,34683.59765625,19708.55078125,36234.8984375,29003.099609375,5207.39990234375,14442.4501953125,2522.199951171875,342.79998779296875,382.3,-989.5,-0.002639697229908089,0.051921884433065335,0.008240349531514202,0.04279406022518373,-0.002536515989296273,0.040481998925183005,-0.00574348248100387,0.02074006142378515,0.0039259257094723665,0.04334040468560607,-0.005653469234263575,0.12004864389638725,-0.0016104725369637807,-0.007348581578833224,0.00933333806523673,0.033804096820205576,0.0013498103373992265,0.11898844328832081,-0.0033435800937557936,0.09241555490159192,0.004538464782867921,0.00534382212451535,0.01088932628231645,-0.7359385381624814,0.3444198884596511,39.10221821129232,0.3741205499262198,0.8372290767696918,0.20165424394126738,0.029205138823572792,0.427106748487492,0.12771267410762505,0.15440538454465716,0.44941399912473873,0.5435337489677429,Low
2021-07-02,15722.2001953125,10685.5,34809.4921875,19684.099609375,36216.69921875,29007.94921875,5130.0498046875,14529.650390625,2521.85009765625,344.6000061035156,,,0.002691338986766656,0.03603885245522909,-0.00020586237191277945,0.03617970552367078,0.003629800244419279,0.005865837824207354,-0.001240637738735284,0.018513570298571036,-0.0005022566513162019,0.043993202850064694,0.00016721003755870711,0.1111900016714158,-0.014853880843957556,0.006059814466240265,0.006037770193647818,0.03829939099967494,-0.00013870966711515553,0.07397321403506885,0.005250928747506212,0.07469207130177913,0.004190183058721305,0.004369038627829056,0.010871043482237506,-0.9323242403380937,,,0.37192046112600763,0.7439087013612522,0.24098576105432407,0.10901948165700956,0.4477240247493624,0.42883242707280766,0.18491663021029023,0.2856830932936374,0.5137830550563572,
2021-07-05,15834.349609375,,35211.58984375,,,28950.599609375,,14528.5,,,-1142.75,1468.09,0.007133188273225066,0.04189116812942961,0.0,0.035843249400189015,0.011551379551419938,0.007680881180147425,0.0,0.005134351234264978,0.0,0.047558007628895727,-0.00197703081119327,0.10734313822900776,0.0,0.012123605304680707,-7.917538234381016e-05,0.035187881110660735,0.0,0.051581510893712545,0.0,0.06030771108774036,0.004326359359113188,0.004501871452609691,0.010844973447399599,-0.9055629465172667,-0.5083711877433406,42.18347176825284,0.35369147819617053,0.7772579591677738,0.23751777257126627,0.09382724273918588,0.40221670369050827,0.4172173683436601,0.17050043673153314,0.27623263023715044,0.4954226534770351,Medium
2021-07-06,15818.25,10559.7001953125,35578.734375,19726.05078125,36238.5,28649.400390625,5172.7001953125,14406.9501953125,2513.39990234375,352.79998779296875,-186.46,983.97,-0.0010167521731027085,0.0400961174121115,-0.01177294508329041,0.023648323710103503,0.010426809265903225,0.026459735868078926,0.0021312212754207582,0.0072765149482714175,0.0006019538422958881,0.04818858919661584,-0.01040390260699342,0.08545535016117367,0.008313835586163165,0.020538234552058388,-0.008366301041917601,0.022487462453897766,-0.0033507920714056505,0.04805787990457322,0.023795651608287782,0.08553842397836542,0.0039563324401077,0.004521697604011696,0.010611092707581551,-0.9015686517043582,0.026375593189847776,39.02292262040862,0.36443813620754356,0.7410954421474548,0.23246617719670368,0.09585693424872362,0.41913946063980523,0.4024407835347255,0.19131631458717396,0.2798676536558738,0.4491729761890052,Low
2021-07-07,15879.650390625,10552.5,35770.88671875,19693.80078125,36447.05078125,28734.650390625,5286.4501953125,14453.2001953125,2524.39990234375,359.70001220703125,532.94,-231.8,0.0038816171589777237,0.03778728080882354,-0.0006818560356188774,0.01098892462576151,0.005400763886784565,0.03134287309050565,-0.0016348938952673864,0.019295107978365422,0.005754950708500628,0.0468567801051496,0.0029756294665035377,0.06989895907653887,0.021990449031451753,0.056286566824017115,0.003210256117567978,0.023072444765435574,0.004376541906340625,0.06972892254932939,0.019557893006820537,0.07229094982126139,0.004066373348615219,0.004457985200243377,0.010614923729404676,-0.9144045328963069,0.4286561087273267,36.455208952880355,0.32382296997158144,0.7604954754336357,0.29954036846768284,0.06965328214478357,0.38128600515050404,0.46776192896390334,0.19090641134732142,0.33698081371635646,0.4241294942358524,Low
2021-07-08,15727.900390625,10456.0,35273.69140625,19597.44921875,36179.1015625,28749.0,5170.5,14269.2998046875,2475.0,357.6499938964844,,,-0.0095562557277451,0.025430604105779464,-0.009144752428334568,-0.0028609574670990234,-0.013899440525733109,0.005101828993895774,-0.004892481830715667,0.01565660200467267,-0.007351739386492251,0.039262006548735906,0.0004993834683884035,0.058318087127053886,-0.021933469725168964,0.02522162081149215,-0.012723852720496032,0.01200350369994685,-0.01956896856868251,0.01977750309023496,-0.005699244484225763,0.0790465552105275,0.005404212577530955,0.0048672367167094666,0.010501126337617545,-0.8319542793776096,,,0.37719629940125476,0.8027017680186764,0.3215150272517426,0.20970812913164708,0.3614871871457208,0.5282743322337761,0.3043761962131041,0.4032625964168013,0.446864093870815,
2021-07-09,15689.7998046875,10420.2998046875,35071.54296875,19501.19921875,36184.3984375,28662.19921875,5273.60009765625,14360.2001953125,2468.949951171875,366.1499938964844,-145.45,-136.57,-0.0024224839292732447,0.016465092667352632,-0.0034143262540646813,-0.008558330706928907,-0.005730855757959619,-0.0019776334338434953,-0.0049113534585875085,-0.00335269742015587,0.0001464070353114355,0.037084548444418886,-0.003019262626526187,0.05675661779605701,0.019940063370321948,0.04308957081664433,0.006370346959501116,0.03057970000808763,-0.002444464172979832,0.010539456661190938,0.023766252327855897,0.10419175861590091,0.005444466131326574,0.004787113390918546,0.010478361277989833,-0.8480964028846094,0.04930793116898597,39.526995578370766,0.37931465636688755,0.8191165964644601,0.2867576106335089,0.2097573190440882,0.39811604039786896,0.4899067382162831,0.37684930425235774,0.3989908812853687,0.4136141313170964,Low
2021-07-12,15692.599609375,10438.2001953125,35198.48828125,19467.30078125,36176.6484375,28532.349609375,5262.5498046875,14372.2001953125,2473.39990234375,379.3500061035156,-2584.97,2605.81,0.00017844744498685117,0.007046218013688987,0.0017178383501930128,-0.006855194185438007,0.003619610138428042,-0.009225466743546518,-0.001738274509159754,-0.0050851440208532495,-0.00021418070590251137,0.03686242494375258,-0.0045303435505414935,0.05226982016589332,-0.0020953983548470667,0.04090388264599709,0.0008356429462534898,0.022805002601989033,0.0018023658882848625,0.012360818506643279,0.03605083279275734,0.1439987910769034,0.005343778067927647,0.004476786677019485,0.009658824153517381,-0.9106166751502881,-1.3148446449555489,46.96166776792984,0.4025934867103805,0.8022204397407836,0.30589710320821234,0.24387975560016453,0.4413322833998742,0.530892092312105,0.33448530703156243,0.4287294469944908,0.4244204064797385,Medium
2021-07-13,15812.349609375,10497.7998046875,35672.984375,19570.599609375,36110.30078125,28439.75,5295.60009765625,14460.0498046875,2492.64990234375,380.7999877929688,113.83,344.19,0.007630985495128417,0.015248943389927883,0.005709759178767593,0.003820115683886627,0.013480581607897113,0.009514031167500159,0.00530627380168136,-0.020333644827466912,-0.0018339912378733114,0.024661520656697578,-0.0032454253029541302,0.04772069342973517,0.006280281269606558,0.03396370283585726,0.0061124676932660105,0.028595716019298667,0.0077828093959892986,0.03324419274808865,0.003822279336032297,0.1387559651416974,0.006021958115458819,0.004672000962091067,0.009551614352813707,-0.8712876399554805,0.19429443668546847,38.37878170042142,0.42078806830932025,0.821506116069181,0.3860599230390901,0.2276823487880582,0.38702168253657,0.5367294761458791,0.35716712764719677,0.43391575495480045,0.40630924031279986,Low
2021-07-14,15853.9501953125,10467.900390625,35667.8359375,19524.75,36073.19921875,29339.849609375,5299.9501953125,14507.0,2480.14990234375,377.2000122070313,-1303.95,1335.91,0.0026308921169333477,0.017831691716673426,-0.0028481600543714958,-0.016890855755910872,-0.0001443231507035625,0.008325368626509011,-0.00234278000113175,-0.034551388236457536,-0.0010274509405157062,0.028940049261270362,0.031649350271187426,0.0890954108144355,0.0008214550902692075,0.012735825026745307,0.0032468902906046537,0.025095687166554415,-0.005014743541901567,-0.002172616273376171,-0.009453717703096998,0.1118644427620672,0.0054501561472101836,0.004687022787310267,0.009495758314699069,-0.8682612533746034,-0.5985124431014747,43.171939618113605,0.4710223835959711,0.8183506786573033,0.4095243141018429,0.222317610373861,0.36815763399445295,0.5601423872332801,0.36761140739420284,0.4653162548330786,0.3921795446982446,Medium
2021-07-15,15924.2001953125,10426.0,35907.23046875,19436.5,36182.94921875,29718.05078125,5335.39990234375,14467.4501953125,2471.949951171875,393.0499877929688,-264.77,439.41,0.004431072328003882,0.0149041029524144,-0.00400275022319907,-0.02081683587396499,0.006711776169136874,0.007255393852184211,-0.004519904224125737,-0.04387459777879643,0.0030424249131459913,0.025986395552436425,0.012890358229857846,0.1011620152404813,0.006688686822491796,0.01278463571022459,-0.002726256613186706,0.02501344689938101,-0.003306232080619864,-0.009536231124161021,0.042020082378041,0.1163021328588505,0.005635029628856447,0.004572037282027294,0.009233262925029373,-0.8914269196705331,-0.017414491841761845,39.40736391500417,0.46197097800666237,0.81835978859486,0.3647996034815345,0.1840509127169604,0.4071800555974801,0.5647961002841946,0.3874769522069964,0.45513978255543025,0.35516270362649965,Low
2021-07-16,15923.400390625,10428.4501953125,35751.38671875,19567.900390625,36253.55078125,29400.25,5391.2998046875,14635.0498046875,2462.64990234375,397.5499877929688,-466.3,666.07,-5.0225736783704455e-05,0.016154840581675378,0.00023500818266830592,-0.028623971747432697,-0.004340177395068978,0.013038602778199238,0.006760496520721304,-0.03928458344976171,0.0019512384707274233,0.03174770280750194,-0.010693863591164976,0.0890292350005093,0.010477171977154809,0.009767454238521767,0.011584599021415842,0.03783272104053825,-0.00376223184604374,-0.01163887429478816,0.011448925428717338,0.1236574378448001,0.005490272460864312,0.004560982071013861,0.009154109373707402,-0.893654168474963,-0.13010783670729997,40.05679699854424,0.4954592574091554,0.823865840845894,0.36046740163203,0.1714131503937515,0.3974232164275795,0.5792265169318731,0.3641659800761467,0.455560944596567,0.35345910799608876,Medium
2021-07-19,15752.400390625,10310.900390625,35078.79296875,19517.30078125,36180.3984375,29264.0,5317.85009765625,14669.900390625,2435.050048828125,399.25,-2198.71,1047.66,-0.010738912280361723,4.7614058298783846e-05,-0.011272030118179788,-0.045865648428095374,-0.01881308144188021,-0.010282506062455288,-0.0025858476568718647,-0.05913283071437814,-0.002017798041118568,0.022757282668347978,-0.0046343143340618065,0.07211220766701532,-0.013623747462047753,0.0004421216548302631,0.002381309691637412,0.042710952493069776,-0.011207380102773778,-0.026233121819308258,0.004276222510957606,0.13166103688838326,0.005854078574779225,0.00491479240796831,0.00917096146680365,-0.822373425934704,-1.0988523292320205,46.724632864175675,0.5276249196885332,0.8540773632222244,0.2900417728565496,0.1703632156808467,0.3970813889597948,0.6166400243921725,0.3457053040230579,0.4676773681597862,0.3432970072391799,Medium
2021-07-20,15632.099609375,10222.2001953125,34415.05078125,19309.94921875,36230.25,29252.5,5193.64990234375,14479.2001953125,2388.050048828125,389.1499938964844,-2834.96,873.14,-0.0076369809214345,-0.006861455942481665,-0.008602565435812837,-0.05993251472805172,-0.01892146597208455,-0.01909208389962158,-0.010623987651981026,-0.06917574264883108,0.0013778610698860216,0.015636739093227492,-0.0003929743028977528,0.05895999727363721,-0.02335533966390646,-0.012407537928402101,-0.012999419916604804,0.02039137791469825,-0.019301451328533892,-0.031020471159210805,-0.025297447973739784,0.09373245432183985,0.006540449350985531,0.0051087508079036585,0.009212013209221603,-0.7832974088564008,-1.4546362853214294,49.32824880565177,0.567755050807061,0.8766953856337579,0.3393289654084987,0.17601120013084218,0.4056297850930625,0.6499147907046362,0.4176529925618008,0.5057364031369007,0.40177000626462883,Medium
2021-07-22,15824.0498046875,10235.7998046875,34676.8984375,19600.05078125,36263.6015625,29779.94921875,5348.9501953125,14575.400390625,2410.14990234375,395.9500122070313,-247.59,942.55,0.012279233123449584,0.012068818416401506,0.0013303994360467364,-0.04644885301399393,0.007608521571401017,-0.0035400856499129274,0.015023424412649922,-0.051726650180531686,0.0009205446415634366,0.018956793009065942,0.018030910819587964,0.08137365985511447,0.029901956406162,0.026778257737356537,0.006644026880962883,0.032332546258568184,0.009254351066247501,-0.007862549205001512,0.017474029081844922,0.1316090857782939,0.00815254700998303,0.005444494309985875,0.009246916150231014,-0.7156565187187884,-0.007807626041186535,41.45896753162165,0.521242473863685,0.8526599585368633,0.46001567877643224,0.13853517904077073,0.4628799193205071,0.6946683955689855,0.4176936154449457,0.49032471329102195,0.3937624475417817,Medium
2021-07-23,15856.0498046875,10201.349609375,35033.9921875,19503.80078125,36558.6484375,29894.30078125,5353.7998046875,14597.849609375,2428.050048828125,401.0499877929688,-163.31,2187.8,0.002022238326785386,0.007516945223268845,-0.0033656573955973546,-0.048621203282864456,0.010297741899945478,-0.0027553288036824553,-0.004910701562675368,-0.05836970155646126,0.008136171320200836,0.02315470296799682,0.00383988440208638,0.07541192824124043,0.0009066469490124351,0.016827396127098604,0.0015402128345263222,0.019837305765797675,0.007426984714505869,-0.02395829632597124,0.012880352137155215,0.1090983988483667,0.007679438989596914,0.005330126611535206,0.00923585810325694,-0.7386977179623077,0.039320816896676575,40.89970248307225,0.5256062726338302,0.838747353955696,0.4439853337147383,0.11900713601542935,0.45063955487294716,0.6889769793799225,0.3781239758115506,0.4591065295781926,0.3549230820807922,Medium
2021-07-26,15824.4501953125,10137.9501953125,34949.29296875,19300.099609375,36486.75,29940.400390625,5387.39990234375,14652.5498046875,2408.550048828125,397.2000122070313,-2376.79,1551.27,-0.0019929055322251976,0.0015887100771923013,-0.006214806519740934,-0.05829267611234967,-0.0024176296636904127,-0.002787663438486021,-0.010444178248109948,-0.07198563583625572,-0.0019666601631325165,0.023558840227714928,0.0015420868918236685,0.061057868011872074,0.006275934641192915,-0.003588056344703383,0.003747140625244505,0.013032311319815193,-0.008031135935361533,-0.02657317168592399,-0.009599739940460816,0.10996228987664969,0.007656359109031123,0.0052996328198455945,0.009178224044401922,-0.7448411792676323,-1.1984326937120233,48.25250201106056,0.5193342583350669,0.8533138402712865,0.4371202877401707,0.15165596447212124,0.4354906787287993,0.6792636156269638,0.3506408164184222,0.47624736502737597,0.3905674896539887,Medium
2021-07-27,15746.4501953125,10094.349609375,34797.04296875,19116.150390625,36360.80078125,29892.55078125,5465.89990234375,14018.650390625,2417.60009765625,394.2999877929688,-1459.08,729.96,-0.004929081202650898,-0.004136101447848595,-0.0043007299402259,-0.06126140591366547,-0.004356311303239657,-0.004382016820810852,-0.00953099841311944,-0.08546976681951401,-0.003451916620416995,0.019653745388159116,-0.0015981619734779517,0.05574788510500128,0.014571036385446101,0.017555254109226315,-0.04326205489912127,-0.02982430173846462,0.003757467623530797,-0.028588609681064803,-0.007301168995309415,0.11889896317305926,0.007520573730677979,0.005375028493254491,0.009163810370899316,-0.7296515168310571,-0.6852594216604531,45.35573832799003,0.5215197271831938,0.8555220574702426,0.4571239475004179,0.18201892840158343,0.4390789494174502,0.6339826943617063,0.35416875995558117,0.45725122288848047,0.42008783590817306,Medium
2021-07-28,15709.400390625,10000.400390625,34532.49609375,19011.75,36360.3515625,29954.150390625,5532.7998046875,13964.75,2372.10009765625,391.2000122070313,-2274.77,921.45,-0.002352898858342667,-0.010072915189753728,-0.009307109658927004,-0.0701108358079442,-0.007602567702019392,-0.020280785817280766,-0.005461371065389797,-0.09035122533712503,-1.2354479008935826e-05,0.012216960942611044,0.0020607010029281003,0.05554687204802322,0.012239503748516123,0.030517997637238947,-0.0038449058306672113,-0.02498841910288241,-0.01882031691019126,-0.044432730030065204,-0.007861972310192367,0.09564493931271056,0.007492915101211721,0.005341817548421695,0.009167034634389698,-0.7363423920285505,-1.1413842391733335,48.0121967306974,0.5211174920570523,0.8522764007998115,0.4549166738807732,0.14844415533143357,0.44052472812204396,0.6236931965801676,0.3821509676551701,0.46712844317057717,0.4162492167122787,Medium
2021-07-29,15778.4501953125,9956.650390625,34691.09765625,18975.349609375,35990.05078125,30371.400390625,5810.75,13920.349609375,2449.300048828125,397.5,-866.26,2046.96,0.004395444954646832,0.0006913179764784783,-0.004374824836114954,-0.06680754787164767,0.0045928206889367384,-0.008913386227467401,-0.0019146259878759508,-0.08655320561247204,-0.010184191443074697,-0.003907952776336265,0.013929622257975671,0.06757920997327238,0.05023680688338206,0.11398140071805285,-0.0031794619040799166,-0.020776365699868182,0.032544980394441314,-0.0032353041700580176,0.016104262771941436,0.1274996844799996,0.006656586643442463,0.005281283475512763,0.009064673274757589,-0.748537947712641,-0.35376104075841214,43.14011087199878,0.4883060432850484,0.8523601646019369,0.4488883399128196,0.11757678298110305,0.4715540869658187,0.5845131466907318,0.35533835105364847,0.4742726200700902,0.40527348232365823,Medium
2021-07-30,15763.0498046875,10048.5,34583.94921875,18934.150390625,36051.8984375,30480.05078125,5770.35009765625,14425.2998046875,2441.35009765625,398.6499938964844,-3848.31,2956.68,-0.000976039499086867,0.0045661580406366475,0.009224950738602189,-0.045091703886724344,-0.0030886436215342705,-0.0006082033629762895,-0.0021711968210401666,-0.07927980789102584,0.0017184653788324677,-0.003638458385300858,0.003577391533731822,0.06531328292401439,-0.006952614093490461,0.13252929030984406,0.036274246659180776,0.024407752304196784,-0.0032458053376018814,0.007885270990298343,0.002893066406250089,0.14967554115784965,0.005755498372310381,0.005205166100323965,0.008977548416653186,-0.7638730084979667,-2.0212903865445377,52.96126621729162,0.4261114307573087,0.8477858941206973,0.42943909229232996,0.12904244139114476,0.48969926405412684,0.5666533897340822,0.25929637917384,0.4584407039744288,0.3799712515854307,Medium
2021-08-02,15885.150390625,10183.4501953125,34709.59765625,19229.150390625,36199.94921875,30803.05078125,5781.2998046875,14474.9501953125,2461.89990234375,417.75,1876.6,-504.86,0.007746000136419795,0.012867199053534506,0.01342988459098371,-0.024923978904847433,0.0036331431296423577,0.0043984538946244545,0.015580313555873415,-0.046371731303642805,0.004106601529088927,-0.0024030330986241077,0.010597095205585827,0.08287577707091254,0.0018975810559045403,0.1451179853060578,0.003441896618943563,0.03167010664609027,0.008417393600052892,0.034650844885923515,0.0479117180382429,0.21491927463929406,0.004396572634845321,0.0053834276619460315,0.008918234594785511,-0.7279593701679397,1.1800159050952568,34.18439212741318,0.4817029100310979,0.8358171024565301,0.5198118088317741,0.17890135223093867,0.5078796361354584,0.5423625930225419,0.25873321330155347,0.4718165179246022,0.4454032873008903,Low
2021-08-03,16130.75,10342.599609375,35207.0390625,19385.30078125,36826.05078125,31165.849609375,5778.2001953125,14647.849609375,2490.10009765625,418.8500061035156,-1494.49,483.62,0.015460955882416139,0.024402248118629455,0.015628241019508105,-0.005629260134799585,0.014331523262714363,0.009639687646921802,0.008120503893980224,-0.051576565901807814,0.017295647535762404,0.012327619180157345,0.011778016103062061,0.09866568933531927,-0.0005361440298402576,0.13182636806641512,0.011944732916489897,0.04011229225610169,0.011454647398804862,0.005187242973559325,0.0026331684105700415,0.19042205154968328,0.007189197690680359,0.006013945747481727,0.00904843823807238,-0.6009314328020696,-0.7050603016370754,47.01918461619762,0.5900887116337942,0.8409791086807724,0.5684115665281451,0.4061878587778964,0.5359573119053843,0.4506737748418498,0.2984115572203598,0.4970676713255154,0.3666394466899748,Medium
2021-08-04,16258.7998046875,10246.7998046875,36027.6328125,19405.19921875,36482.44921875,30977.150390625,5759.89990234375,14594.349609375,2497.699951171875,411.8500061035156,110.85,552.78,0.007938242467802281,0.03081579335800666,-0.009262642691945877,-0.027859378412090074,0.023307661531640544,0.03692761588273008,0.0010264704027314053,-0.05298915529988779,-0.0093303939795506,0.005035882966325289,-0.0060546791156059765,0.08602013221256732,-0.0031671268474906533,0.12511232023635577,-0.0036524132501850604,0.0354274288311458,0.00305202731519838,0.00768565532797183,-0.0167124266395976,0.1785662947967379,0.00713941434311306,0.0061517645959677045,0.009066543093253866,-0.5731656248816847,0.19262805367698685,41.96624417935786,0.5433700491814291,0.8406852453559025,0.5716455588601186,0.30579693108028044,0.48188854305405976,0.4209938579233583,0.275342192687875,0.4940685430755478,0.30139309975598494,Medium
2021-08-05,16294.599609375,10224.900390625,35834.33203125,19432.44921875,36701.44921875,31211.19921875,5834.39990234375,14579.849609375,2442.050048828125,407.3500061035156,,,0.0022018725316477195,0.03873598159596847,-0.0021371954639419766,-0.0343391046300231,-0.0053653478222119855,0.036465235337523216,0.0014042628314616667,-0.0452550796860729,0.0060028864478607336,0.014167364685157668,0.007555531260093895,0.1044888871932339,0.01293425255006353,0.15263347573343,-0.0009935351960245198,0.04007688747828819,-0.02228045939530887,-0.014308759302472218,-0.010926307959963855,0.16987361235735743,0.006103679628636467,0.0060316528964833235,0.008838313600875693,-0.5973640448620523,,,0.5885914438697388,0.8295759960327652,0.5608197157656052,0.2904966317914993,0.4587810002393562,0.39975694267689693,0.260306466915635,0.46751943474866375,0.2780954931006539,
2021-08-06,16238.2001953125,10249.5,35808.83203125,19411.80078125,36669.80078125,31303.30078125,5841.35009765625,14517.5,2443.0,403.4500122070313,1422.71,-1626.98,-0.003461233501561467,0.02835574631893123,0.002405853204942243,-0.03474614360157502,-0.0007116080740046105,0.028203685043128868,-0.0010625751426164287,-0.033226262501675485,-0.0008623211936773512,0.011788629409082318,0.002950913928506438,0.07764048406947133,0.0011912442459949268,0.14741012585358582,-0.004276423354525494,0.03934362572912975,0.0003889974213799885,0.00012283490978126643,-0.009574061220200991,0.16755904054250026,0.006333713939887928,0.006005673645548973,0.008672263124940878,-0.6025979798374417,0.9262056421020592,37.21159038933834,0.5609753853143217,0.8234709893824907,0.6588584193962356,0.2919286161638222,0.43118754652501073,0.4052782493723247,0.28583939084733867,0.511237976332275,0.325199711352373,Low
2021-08-09,16258.25,10239.0,36028.53125,19272.75,36691.8984375,31441.0,5732.0,14533.4501953125,2404.89990234375,400.5,-802.51,0.6,0.0012347307242392969,0.02508774399208713,-0.0010244402165959787,-0.04369184193419717,0.006135336068997521,0.018784314353582632,-0.007163208752085981,-0.034482191784038774,0.0006026118435118466,0.01903397135742546,0.00439887217364876,0.07635765704841502,-0.01872000407921537,0.09725395260149639,0.0010986874677114677,0.03296828614997849,-0.015595619179799458,-0.04082165625934786,-0.007311964599761911,0.15567743213790375,0.006474948275386892,0.0059701227929094755,0.008588183942365409,-0.6097602668296643,-0.31811274653334365,44.59155327724409,0.554613053481114,0.82642246914791,0.6722380837199727,0.3303508590592046,0.4276848743767868,0.3750631751399293,0.2787235418782817,0.49597035782996435,0.32552892696282726,Medium
2021-08-10,16280.099609375,10158.75,36033.68359375,19135.75,36537.25,31713.400390625,5573.2998046875,14502.900390625,2342.25,392.3999938964844,-64.01,-168.19,0.0013439090538649445,0.02942827927907521,-0.007837679460884872,-0.05146176626511434,0.00014300732145433592,0.019079832176929656,-0.007108482183393661,-0.036394994586700924,-0.004214784300774821,0.01339087939801109,0.00866385899382971,0.09098663463749279,-0.027686705392969246,0.053394573680469515,-0.002102033878875753,0.01791886270316101,-0.026050939701354303,-0.0876779905715801,-0.020224734340863026,0.13181419117505966,0.006213603573013292,0.005928987624337028,0.008262435863275042,-0.6180476034451015,0.09484827754843034,42.0143390933682,0.5551305637096897,0.8302185854125627,0.6552088574617828,0.32907058330673084,0.41558196225185756,0.36674855678100365,0.3056150122003939,0.5483585012091269,0.3082665640697127,Medium
2021-08-11,16282.25,10140.400390625,35805.98046875,19400.75,36425.8515625,31670.0,5748.2998046875,14291.150390625,2353.75,393.4500122070313,-860.65,1911.77,0.00013208706805212245,0.033895386407380323,-0.001806286144948932,-0.04446273027633163,-0.006319174236172009,0.02273888419713499,0.013848425068262227,-0.02259040723661332,-0.003048900437225055,0.00527951298209528,-0.0013685189885166427,0.09258700245806195,0.03139971042878642,0.09993207480180688,-0.014600527776973515,-0.0027250006388797043,0.004909808944391081,-0.06938815854502323,0.0026758876831785017,0.13894919178996368,0.00624515575893594,0.005850947660026927,0.008172388004111608,-0.6337700005116279,-0.350623990866606,44.4985039390601,0.5402740374281396,0.8209332112772321,0.5999518413115336,0.36668306018098273,0.4049122980403243,0.32178279232079543,0.32312989992794033,0.526913370327134,0.3000340977609624,Medium
2021-08-12,16364.400390625,10180.5498046875,35936.6328125,19599.05078125,36521.8515625,32245.099609375,5769.25,14133.0498046875,2383.449951171875,398.2000122070313,-579.27,1735.5,0.005045395484346349,0.0408930694033649,0.003959351950206802,-0.03960244899057164,0.003648897252346739,0.03349944616573697,0.01022129460201282,-0.011267535968077502,0.00263549089127757,0.011876263479778215,0.018159128808809655,0.10549573537352575,0.0036445898829799983,0.10611032172191659,-0.01106283130581387,-0.012289594667436177,0.012618141761816304,-0.05373594371622381,0.012072689929160774,0.1577264081251022,0.003625859430001442,0.0058678943467984305,0.008101099272257583,-0.6303558198320355,-0.19327941001876645,43.59540662212817,0.5512083076002592,0.8189724903298075,0.6063468450763257,0.36449088416510605,0.4278366641905606,0.3162267137944251,0.29684888222368083,0.5363358060302507,0.2999447399654236,Medium
2021-08-13,16529.099609375,10178.2998046875,36168.9296875,19677.05078125,36842.05078125,32678.80078125,5799.2998046875,14049.0498046875,2388.199951171875,394.5499877929688,819.77,149.5,0.010064482340847336,0.054151760801977034,-0.00022100967464100396,-0.04766230164731011,0.0064640690242743215,0.042825200717963696,0.003979784575823597,-0.0015982910336547196,0.008767332570804642,0.016756010639777275,0.01345014210310902,0.12673477046870052,0.005208615450448484,0.11366515217649154,-0.0059435154592138995,-0.027239172391446687,0.0019929094788269097,-0.05312822242254833,-0.009166309146582341,0.15096266581915407,0.0042376130388801034,0.006026063348108566,0.007960918678487316,-0.5984901486442283,0.589048269238329,39.283828600839286,0.6000329452985279,0.8124050691384641,0.6027258202869742,0.43283984206065723,0.4427950198050214,0.3055234262234175,0.2895582790825374,0.5428607280897637,0.2404450153515149,Low
2021-08-16,16563.05078125,10088.7998046875,36094.08203125,19786.05078125,36954.25,32577.94921875,5884.89990234375,13965.400390625,2364.449951171875,393.0,-1088.32,506.21,0.002054024277023725,0.05348173763797992,-0.008793217110659501,-0.05584204719596653,-0.0020693909633678897,0.036903435328231815,0.00553944802052686,0.005179366793411466,0.0030454118696101595,0.020364936539223777,-0.003086146372845655,0.12306971351468188,0.01476041945392459,0.14714284001034805,-0.0059540976240678445,-0.03883438244075521,-0.009944728450541174,-0.06241455296278675,-0.003928495351473993,0.1404526785816287,0.00423893504613794,0.006023851623184453,0.007959092355127944,-0.5989357359502484,-0.4779345343367448,45.68037837461748,0.5865605157517421,0.8098410763459887,0.599583377437855,0.4336719674809915,0.44076587598473105,0.3174521071913794,0.286836443093343,0.5374849673155467,0.23862222098858343,Medium
2021-08-17,16614.599609375,10088.2998046875,35867.03125,19722.44921875,37478.55078125,33414.75,5749.39990234375,14041.25,2322.14990234375,390.25,-343.73,266.43,0.0031122785775283823,0.04927578456004533,-4.955990897625995e-05,-0.055888839578166705,-0.006290526548186515,0.01861436558696994,-0.003214464735947775,0.0019482531655516944,0.014187834450706038,0.034841705338147344,0.025686109817139258,0.15419889228060701,-0.023025030544025937,0.12072984108074913,0.005431252041002477,-0.033537529683036804,-0.017890016579610868,-0.07918797215508444,-0.006997455470737934,0.13247241174676994,0.0033792946935909695,0.005944284063514649,0.007917213717309801,-0.6149658914968633,-0.06156804967723495,42.989817600101055,0.5878710676220639,0.7882491130006187,0.6021848853311657,0.42341799100617683,0.451493296008883,0.30302906479780045,0.29095485862500864,0.5149130459753769,0.2429127084430772,Medium
2021-08-18,16568.849609375,10067.9501953125,35554.0859375,19685.0,37738.30078125,33448.8984375,5702.60009765625,14071.349609375,2328.60009765625,387.25,-595.32,-729.49,-0.00275360231817956,0.04745149491094147,-0.0020171495464027522,-0.04656855695754414,-0.008725152363983302,-0.0006927856747293015,-0.0018988117720387665,-0.002081044082529626,0.006930630843120733,0.04138694430646961,0.0010219569950395968,0.1675252529349811,-0.008139945991306297,0.10244164214735374,0.0021436559690197754,-0.023294353168978987,0.0027776825716503417,-0.07352582631803795,-0.0076873798846892605,0.0976474302693211,0.004051692814516473,0.00597922282978588,0.00792449833362492,-0.6079269190782182,-0.20225439232954845,43.918403325038675,0.585826656373724,0.8270990927500121,0.609804222191749,0.389352602829104,0.4532091285576835,0.3200928819941317,0.2755789098733732,0.498970714307182,0.27808864783162296,Medium
2021-08-20,16450.5,9904.7001953125,35033.4453125,19348.69921875,38596.05078125,33351.3515625,5335.9501953125,13711.150390625,2248.5,373.3999938964844,-2287.03,119.3,-0.007142898400624986,0.035948499830450675,-0.01621481998152985,-0.06138827810352998,-0.014643622843102388,-0.020615687054340137,-0.017084113855727723,-0.017523360083370187,0.022728898287496913,0.05896224670956207,-0.002916295589891149,0.16066669018465762,-0.06429521552711404,0.009363561212378801,-0.025598057666765595,-0.05134155720946587,-0.034398391435640385,-0.10929326296027575,-0.0357650254448435,0.038087242770422414,0.0055300778094572265,0.0061676702447013305,0.007963447393263332,-0.5699611779396402,-1.148239895443127,50.04990523738308,0.6208399847718304,0.8382110608810466,0.6471311412711401,0.16980275572088027,0.47677444796953483,0.39429178651847885,0.334947344612938,0.5417715685945657,0.33749486817201396,Medium
2021-08-23,16496.44921875,9759.150390625,35123.98828125,19332.150390625,38489.5,33919.80078125,5291.25,13700.599609375,2236.699951171875,369.7000122070313,-1363.36,1452.51,0.0027931806783987323,0.048865316351005994,-0.014695023758153014,-0.06664590755307953,0.002584472293328588,-0.004244044754938114,-0.0008552940917579965,-0.013537416281256265,-0.0027606653813856408,0.06386002796417567,0.017044263339215382,0.17986019622421656,-0.008377176262208796,0.023353640847113333,-0.0007695037213809597,-0.03985480739045655,-0.005247964789026005,-0.09628284801136366,-0.009908895955897612,0.03369220890867575,0.005511671192660486,0.005828034715752745,0.006949098183356362,-0.6383861790430582,-0.6317338573745933,46.12976899573086,0.5574646842634178,0.8259019347366559,0.6518382538683306,0.0912590441689065,0.4729793849971466,0.34996339357500394,0.30340687432022856,0.5093647384203437,0.3268404842052846,Medium
2021-08-24,16624.599609375,9832.7998046875,35711.6875,19562.5,38232.80078125,33838.3984375,5444.7998046875,13876.0498046875,2277.550048828125,376.4500122070313,-1644.91,2380.05,0.007768362083601765,0.05958009766372019,0.007546703464396787,-0.05638033559607536,0.016732132297849756,0.018252534022252576,0.011915364029378983,0.0031434364913855983,-0.006669331083802077,0.05661009805892259,-0.0023998473421164013,0.18059323289344364,0.02901957093078189,0.03246353607800789,0.012806023116860077,-0.03371473823763527,0.018263557270990827,-0.0775227955726292,0.01825804646233009,0.028130598067028556,0.00585740228261418,0.0058817613141723575,0.006863503040613336,-0.6275620978065473,-0.7891735003403665,47.204295828363634,0.5774914739421482,0.8269695249329108,0.66252359950583,0.0395459172098503,0.42013770835225006,0.4093416006496082,0.347700643956697,0.5382247240455816,0.38894031416692537,Medium
2021-08-25,16634.650390625,9808.650390625,35585.8359375,19757.25,38448.1015625,34083.94921875,5474.0498046875,13830.5,2276.949951171875,373.5,-1071.83,-151.39,0.0006045728309951315,0.06003153108470349,-0.0024560058724054645,-0.060312102939950596,-0.003524100128284302,0.011004667392387368,0.009955271565495138,0.014894166479888504,0.005631310729283134,0.06278782648769243,0.00725657219574205,0.19457211499857996,0.005372098341396958,0.04018964339522468,-0.0032826204379947654,-0.037690832854469725,-0.0002634838503587922,-0.07942506627647328,-0.007836398223860175,-0.015421130906530967,0.004745280849320741,0.005877854719429887,0.006852534784996458,-0.6283491437036347,-0.46871350889719376,45.272091328939545,0.5859228313539775,0.833054632817389,0.6364237825618879,0.032253541251420624,0.41606831748468703,0.4063442680489671,0.3507455859148616,0.5411641384920352,0.43930765168173525,Medium
2021-08-26,16636.900390625,9763.099609375,35617.13671875,19865.05078125,38670.69921875,34041.1015625,5404.7001953125,13758.599609375,2258.449951171875,374.5,-1974.48,1055.21,0.00013525983096518424,0.0521459999063727,-0.004643939730336055,-0.06998611223129247,0.0008795853863030612,-0.0015655448297490215,0.005456264472535333,0.015045587654552328,0.005789561700157098,0.07090493244602025,-0.0012571212324899994,0.19695502114118435,-0.01266879400980514,0.020602027276292345,-0.005198683389971426,-0.04850952830640398,-0.008124904102735586,-0.09395621541222665,0.0026773761713521083,-0.016544086121121238,0.00472418880390072,0.005787174937999875,0.006853150835013583,-0.6466180337800483,-0.9734653956777127,48.08137596870569,0.5719187499474189,0.8250999239718744,0.6203197624731778,0.04702963644752438,0.46555373850815335,0.40846896033013325,0.34098123702234184,0.5312997537584812,0.43637072967601365,Medium
2021-08-27,16705.19921875,9793.849609375,35627.38671875,19942.44921875,38819.5,34309.80078125,5492.7001953125,13948.7001953125,2272.89990234375,377.25,-778.75,1646.19,0.004105261588480014,0.053693181380700006,0.003149614490307151,-0.06439216615527565,0.0002877828187295428,-0.0011340530673314975,0.0038962114092884192,0.021393319696795032,0.003847894769325899,0.07613133408534889,0.00789337613698149,0.1693925237533238,0.016282124228892858,0.036368266284931616,0.01381685573639091,-0.038484855910077886,0.006398171969397515,-0.08356349743382363,0.00734312416555416,0.00013252330686897018,0.004824455678822151,0.005801490153417706,0.0065474660099244615,-0.6437340050278355,-0.3048264175798122,44.104150445144846,0.5759744676511624,0.8235632725405365,0.6259382020451933,0.05247208110798334,0.5214672692645314,0.41396638891052917,0.3473564845606707,0.5362342040958333,0.4448606503843806,Medium
2021-08-30,16931.05078125,9957.900390625,36347.2265625,20243.650390625,39150.19921875,34109.25,5628.10009765625,14222.5,2319.35009765625,384.5499877929688,1202.81,688.85,0.013519836521704187,0.06322770208791262,0.016750388028520025,-0.04489733448829847,0.020204677077007238,0.012253690635732228,0.015103519561268763,0.04152755849175516,0.008518894337897098,0.08200685859134915,-0.005845291336101233,0.14776202016319795,0.024650881630004395,0.05486002936423229,0.01962905509858981,-0.016931124144589416,0.020436533639075716,-0.06173258218406974,0.019350530929009402,-0.021625748032021885,0.006473073683630492,0.006171252772545895,0.00663179096964998,-0.5692394204943099,0.8032399966104111,38.34968697440581,0.6428166822907845,0.8452073144304875,0.6797878127004426,0.10118857583887955,0.3893327280115514,0.44694625423642326,0.4113897330339629,0.5839812441584832,0.49722785162557676,Low
2021-08-31,17132.19921875,10034.4501953125,36424.1796875,20289.69921875,39529.69921875,34570.25,5714.60009765625,14344.75,2335.10009765625,386.7999877929688,3881.16,-1872.4,0.011880446175423387,0.07591336011601446,0.007687343886224163,-0.037781261129012256,0.002117166350166455,0.018818653778180483,0.0022747294700526943,0.036886881766365454,0.009693437263998517,0.09036765687498938,0.01351539538395019,0.1758488448227482,0.015369307314918146,0.05996704035781031,0.008595535243452357,-0.019835928716451567,0.0067906953831229355,-0.051793722106462825,0.005850994854825764,-0.027040624651202938,0.005345260825184801,0.0064101007840522365,0.006687483075046146,-0.5211196743020772,2.300943664652956,29.940901920457335,0.6651974060602717,0.8186184501762606,0.6724503031812781,0.14317630794993796,0.42083539986167406,0.46473146980830127,0.44319040762981643,0.5875201477792815,0.5126318523260646,Low
2021-09-01,17076.25,10043.900390625,36573.875,20356.55078125,39644.69921875,34110.5,5612.4501953125,14319.849609375,2355.14990234375,408.3500061035156,,,-0.00326573477436376,0.0840411350998218,0.0009417750976445927,-0.025894925747005026,0.004109778553266219,0.04262068060842039,0.0032948523178806255,0.04300031082198896,0.0029092050350196796,0.09575076369693458,-0.013299007094250137,0.1656130399125204,-0.017875249465950427,0.05539834561829604,-0.001735853927395059,-0.02386183763549643,0.0085862720435943,-0.0328125274151253,0.055713596149546074,0.022792751668166966,0.006320486742296725,0.006012277595129895,0.006675383256106387,-0.6012675087328422,,,0.623155671091676,0.763663019210421,0.6762482332734481,0.10171623923245093,0.40726512331639103,0.46869592823882616,0.49217539990936143,0.5532471957022002,0.37852395904678066,
2021-09-02,17234.150390625,10022.4501953125,36830.87109375,20466.0,40296.3984375,34680.30078125,5653.2998046875,14458.5,2344.449951171875,413.4500122070313,1300.65,-1756.24,0.009246783727399066,0.10248468352192464,-0.0021356439707945762,-0.0195408029762123,0.007026766886199409,0.07019662204933286,0.005376609226490858,0.05986814196939849,0.016438495728119396,0.11223075848220754,0.016704556698084128,0.18554997970258946,0.007278391425035169,0.08850228856133002,0.009682391533932577,-0.0014296504664119691,-0.004543214494001746,-0.01825761469180498,0.012489300911686207,0.0624438357745698,0.006453124006976711,0.005796594397041051,0.006665435004141544,-0.6447203333325089,0.8579510414257948,37.11564975145512,0.5879322610370517,0.7331782230471227,0.6478162267501467,0.14764880453247595,0.4194189845398476,0.42983668237962724,0.4821994399389566,0.498517575019735,0.33453312432464644,Low
2021-09-03,17323.599609375,10124.75,36760.72265625,20934.0,40226.25,34891.19921875,5719.35009765625,14485.650390625,2361.10009765625,417.8500061035156,2801.87,1250.22,0.005190230833697296,0.09476397149883176,0.010207065407553229,-0.010849157545719579,-0.0019046097856725286,0.060092577844174544,0.022867194371152255,0.0680584572783911,-0.0017408115916066613,0.1092734385654004,0.006081217081427948,0.17163393941524463,0.011683493755980212,0.06924721465313821,0.0018778151692775413,-0.006157635302953879,0.0071019415347519654,-0.020351350196019524,0.010642142378946229,0.0553099967705859,0.006136806701159532,0.005556334214764877,0.006595063006049071,-0.6931245838779319,1.6974166454502235,31.498005120763477,0.599718403909275,0.7253283707287834,0.5818844239936382,0.16364216602187073,0.3716332508378084,0.391969661563134,0.47915183145757045,0.4899494368756225,0.31026667569666344,Low
2021-09-06,17377.80078125,10167.25,36591.92578125,21008.55078125,40169.05078125,35415.1015625,5742.7001953125,14481.5498046875,2356.64990234375,431.0499877929688,-846.37,-271.7,0.0031287476677577253,0.09597289333139125,0.004197634509494064,-0.003342656675903166,-0.004591772489850654,0.04446919966791185,0.003561229638387342,0.07715162889925509,-0.001421937634007664,0.09875645019870682,0.015015314906931199,0.18467736782499689,0.0040826487725971194,0.07264006963512148,-0.00028307917331438226,-0.007966913470105252,-0.001884797394620219,-0.02940637344721775,0.0315902393122931,0.07480364272068418,0.005766962757504438,0.005553034849709955,0.006459606471259326,-0.6937892936573312,-0.3426387729601907,43.730361113873165,0.5964254293029772,0.7375777637760196,0.58370992543013,0.16747615006994085,0.36374800976288757,0.39174970839937034,0.4803431762054063,0.496522330674644,0.3034826174286245,Medium
2021-09-07,17362.099609375,10152.7001953125,36468.375,20934.5,40289.8515625,34951.30078125,5708.35009765625,14387.349609375,2327.300048828125,421.0,-1124.65,106.55,-0.0009035189246697772,0.0971692156810593,-0.001431046220708665,0.001454929222952872,-0.0033764492743180163,0.043465315095452484,-0.003524792453370451,0.08468352100271503,0.003007309829347271,0.10423240114562127,-0.013096130203989143,0.16736250435027666,-0.005981523758507912,0.05957422896578968,-0.006504842132435851,-0.018099252269912713,-0.012454057552815034,-0.03373398864579624,-0.023315132995191612,0.059919403478173816,0.006358925895527051,0.005522233092561468,0.006465609637045318,-0.6999947995223891,-0.4982498681280663,44.58956161449973,0.5856064183846604,0.7399281042179443,0.5745713644791879,0.1489130827383282,0.3775023001473598,0.4089081670227858,0.5027089384560346,0.5002128923174928,0.31133105754045265,Medium
2021-09-08,17353.5,10100.400390625,36767.7734375,21004.69921875,40263.44921875,34678.19921875,5720.75,14349.4501953125,2343.75,420.7000122070313,211.91,-716.15,-0.0004953092983268625,0.10205791049756074,-0.005151319716073854,0.0005994225962195898,0.008209810212272961,0.05663499828188967,0.0033532789772863225,0.09879336527145077,-0.0006553100278625656,0.10733120155902776,-0.007813773919582045,0.16009501740151877,0.002172239286591937,0.046625460072361014,-0.0026342179130619536,0.023597122081646438,0.007068255414748981,-0.030546862455806623,-0.0007125600783104424,0.06695415985638853,0.005588223036007303,0.0053564907078964925,0.006130095395430833,-0.7333862497298875,0.24913968684381704,39.70452688217845,0.5896923092073109,0.706772164157448,0.5345777868940101,0.1204803084794545,0.375612776220879,0.45548762733320586,0.4416417437068227,0.5178248581286294,0.30011987873448803,Low
2021-09-09,17369.25,10112.599609375,36682.7734375,21148.349609375,40577.94921875,34802.30078125,5765.14990234375,14329.849609375,2350.0,417.6000061035156,423.44,704.21,0.0009075978909154347,0.10565964124038496,0.001207795560394187,0.011219472657832963,-0.002311807108594355,0.062268228103533385,0.006838964420722071,0.11238311093797249,0.007811054594238254,0.11599441355786544,0.00357866225166914,0.16185237529362095,0.007761203049206911,0.041995030700261005,-0.0013659468251893125,0.026144371318856496,0.002666666666666595,-0.009316680049921144,-0.0073686855563724896,0.06748464486885775,0.004233607436039078,0.005271109509720246,0.00612834966156611,-0.7505876555943052,0.367424920999562,38.78839860687096,0.5674788731458353,0.6967699026211261,0.5050432692485943,0.09602401925625179,0.37308575648463604,0.47843812227784926,0.4373169581808898,0.48919202195084077,0.29349691810809164,Low
2021-09-13,17355.30078125,10120.150390625,36471.375,20988.599609375,40592.3515625,35129.6015625,5839.2998046875,14377.0498046875,2340.35009765625,420.2999877929688,1419.31,-559.59,-0.000803098507419775,0.09993697520469746,0.0007466706427297076,0.01642118519637381,-0.005762880439238893,0.05131798830324019,-0.007553780930932952,0.10609817692135315,0.0003549303014886984,0.12787702938301204,0.009404573085763701,0.1566671641964772,0.012861747500026999,0.004913273620014591,0.0032938374511355395,0.032808098081453574,-0.004106341422872362,-0.0444820761033351,0.006465473299787083,0.05735845985652532,0.0038065328535639856,0.005321345876335794,0.0060156952145009445,-0.7404667372918478,0.9243043997433888,35.56857275403749,0.569294994657985,0.7032100369804454,0.5286646012892552,0.12796822473661812,0.3546749748908379,0.48822552479019604,0.4312882810913534,0.5264568388792789,0.28200264141843895,Low
2021-09-14,17380.0,10209.599609375,36612.625,21034.900390625,40469.55078125,35431.5,5810.35009765625,14410.9501953125,2344.60009765625,422.0499877929688,1649.6,-310.31,0.001423151293159064,0.1025785121120193,0.008838724257780095,0.016032204744489187,0.0038729003225133063,0.05865945986729981,0.002205996689236933,0.1109503176355966,-0.0030252196909785756,0.12253591447919154,0.008593847469715366,0.16244885070191284,-0.004957736029927884,0.00693198841024345,0.0023579518110834474,-0.0009947529388842913,0.0018159676213640452,-0.03962971148336414,0.004163692721452117,0.05869809169634799,0.0022762633071259017,0.0052743389493007395,0.005977735806480464,-0.7499370334184017,1.0530800182075617,34.68227548973381,0.5931019386863223,0.6940432932546594,0.5202999813128207,0.13012775996391382,0.3485109018015336,0.4858300932086821,0.6496232515866589,0.5237374853504554,0.28436497852931536,Low
2021-09-15,17519.44921875,10297.0,36851.8203125,21350.650390625,40504.5,36075.19921875,5859.0498046875,14487.900390625,2411.0,422.7000122070313,232.84,167.67,0.00802354538262362,0.10288217536105426,0.008560609031596611,0.011150425691654808,0.006533137476485207,0.06171845255786934,0.015010767540440728,0.11032728731656904,0.0008635929501394912,0.11891040938312791,0.018167427818466697,0.1711566972680898,0.008381544349779224,0.01344853279135605,0.005339703091717718,0.0008946625126691199,0.028320352971974216,-0.020675049499491394,0.0015401597745843265,0.011849221321439396,0.0031765172594513877,0.005282690881016019,0.005985338396968364,-0.7482544033985011,0.2608435111282199,39.455886092448665,0.5929966459559982,0.7008817059834217,0.5218211311739059,0.11585663869928638,0.36411896264428417,0.49441523795722764,0.6535408841191217,0.5308790804690519,0.23923384379572807,Low
2021-09-16,17629.5,10351.4501953125,37668.1640625,21665.25,41007.6015625,35852.44921875,5822.5,14491.349609375,2541.949951171875,423.5,1621.88,-795.13,0.006281634763507293,0.0929126048075879,0.005287966913906983,0.0008557409424878593,0.022152060415943753,0.06990434485646402,0.014734895828425909,0.1176122694446522,0.012420880704613113,0.11354871599153493,-0.006174602076326918,0.15037612220156582,-0.00623817955229844,0.007666713369231859,0.00023807581892487661,-0.010684162124373286,0.05431354258476784,0.020822397286128114,0.0018925662878308547,0.011101811695653163,0.0036200606712979344,0.004796471878874849,0.005981954486927018,-0.8462109860357929,1.0375793010951087,33.61999236099984,0.5240190892539333,0.659978521167456,0.5421710234687835,-0.010911132736890275,0.30925125340310733,0.5402431204397672,0.620961027584226,0.4882726972883033,0.25445043280224294,Low
2021-09-17,17585.150390625,10351.4501953125,37811.5078125,21444.650390625,40798.8984375,35646.5,5683.85009765625,14355.150390625,2466.60009765625,413.5499877929688,1552.59,-1398.55,-0.002515647600612625,0.08157739820101018,0.0,0.010212982845348995,0.0038054350024110395,0.049514077410633295,-0.010182186191020182,0.1050981826511943,-0.0050893765313709816,0.11831577405531157,-0.0057443556364426,0.15073528554092386,-0.023812778418849323,-0.01320332053974671,-0.009398656606965594,-0.016389851219977936,-0.029642540161299302,-0.012451396934621162,-0.023494715955209466,0.004127671881170025,0.003881973553175317,0.004803342065321349,0.00596456737844545,-0.844826877262963,0.9988331002032654,33.86907887162486,0.5905819030723937,0.6273940381034745,0.5895020944611645,0.10848810918064233,0.3898508817270059,0.5785990741633241,0.6627942579533354,0.5218786920954368,0.33834078896960107,Low
2021-09-20,17396.900390625,10202.650390625,37145.265625,21213.44921875,41169.69921875,35400.05078125,5309.0,14097.25,2363.39990234375,404.7000122070313,92.54,-1626.58,-0.010705054879733056,0.06764822749101485,-0.014374778594296034,-0.0021760603184359795,-0.017620090444521952,0.036583173717505746,-0.010781298256840488,0.0916508248626502,0.009088499823543872,0.12174587366749723,-0.006913700328222916,0.13420988835262593,-0.06595003232242536,-0.09005208952726917,-0.01796570454555657,-0.033100451808822706,-0.041839046147188697,-0.03220660711770307,-0.021400014138962975,-0.0065054470523584484,0.006154703004746025,0.005385615036633792,0.006052010393600187,-0.727518688605893,0.18238930438661818,40.17543991040958,0.6548685995759407,0.7000805954351033,0.633299877287654,0.03174796118718817,0.43586336987499397,0.682142245366934,0.7097715944719892,0.6185111541854309,0.3967062066567475,Medium
2021-09-21,17562.0,10155.9501953125,37235.41796875,21324.5,41619.94921875,36086.05078125,5444.4501953125,14278.9501953125,2362.199951171875,419.1499938964844,1041.92,2167.62,0.00949017386246398,0.08152380120733094,-0.0045772611551417874,-0.009127255445387616,0.0024270211084269633,0.03983894074665817,0.0052349233783182125,0.09853280694068789,0.01093644132806637,0.13499250969563792,0.019378503275010672,0.15278740198748508,0.02551331612591823,-0.06794660407411635,0.012889052496940945,-0.01643187908989152,-0.0005077224428607918,-0.033074109221500225,0.03570541451345677,0.03891431705149273,0.007066276336494681,0.005435166697189269,0.005965163138195164,-0.7175357152736243,0.7132720898202736,37.10993887779487,0.6327002547371399,0.691446580139464,0.6228588946830564,0.04933355058224786,0.47488938216468213,0.7190608705220973,0.7303056020031085,0.6165305196559139,0.43417974804550996,Low
2021-09-22,17546.650390625,10284.599609375,36944.21875,21499.25,41507.25,36422.44921875,5524.64990234375,14334.25,2373.449951171875,454.5499877929688,-1943.26,1850.02,-0.0008740239935656202,0.07924594532775675,0.01266739316247123,0.004453521767262325,-0.007820490131046465,0.025415621126659182,0.00819479940913026,0.11552580716296323,-0.002707817305534488,0.13123746024486427,0.009322118386941636,0.1584380019321905,0.014730542874705543,-0.03617412729522851,0.0038728200554725145,-0.0137063252452434,0.00476250962346314,-0.013077447065977577,0.08445662510310581,0.13495627413974742,0.007070344804421844,0.005467374613410992,0.005962855776984905,-0.711046916207659,-0.956007517313687,47.20348210939021,0.5638242612201935,0.7060408218388847,0.609238780628791,0.06560010473291676,0.46100385459336185,0.6938859635736653,0.7154482376926912,0.6056305643272426,0.2601556516776957,Medium
2021-09-23,17822.94921875,10372.9501953125,37771.26171875,21893.25,41548.80078125,36816.8984375,5616.0498046875,14380.5,2401.64990234375,493.8999938964844,357.93,1173.09,0.015746528367181822,0.0947690521799105,0.008590571270947978,0.021085290543866098,0.02238626222810569,0.048220940844953875,0.018326220682116867,0.14410200802163486,0.0010010487625655706,0.13716277993691373,0.010829837839321899,0.1609256019226395,0.01654401707970221,0.007670500690460713,0.0032265378376963305,-0.008439718079021108,0.01188141808423282,0.025360188854200105,0.08656915006108878,0.2586646319540358,0.008860352918730338,0.005966492989549136,0.0059368037232206145,-0.6104915486826121,0.33079245425941706,40.68934669025216,0.5855214334479527,0.7540309488861554,0.6567817732926946,0.015842669791293663,0.465424388588921,0.6904503726168248,0.6802459758059066,0.6061317450358966,0.4130938287350043,Medium
2021-09-24,17853.19921875,10429.0498046875,37829.859375,21716.44921875,41090.8984375,37103.25,5498.2001953125,14289.150390625,2357.60009765625,501.2999877929688,442.49,-515.85,0.0016972499684944076,0.09648231778470429,0.005408259783253433,0.028465287655639493,0.0015513820185919514,0.05652348796917761,-0.008075584084135556,0.11936132462662519,-0.011020831772276862,0.12806967235880928,0.007777720955666867,0.17155825702557626,-0.020984430956548006,-0.043508449084554424,-0.006352324980007595,-0.00013994674643635907,-0.018341476267840773,0.0016357292219861819,0.014982777865827135,0.27411353981401687,0.008658494229875602,0.0059470016648053275,0.005832392231874914,-0.6144183873182251,0.37807747009740594,40.35851453159687,0.5749079076054472,0.7515369946084051,0.6799130282380907,0.014619124450018662,0.45699121726350667,0.7378339483990339,0.6838859959733109,0.6096973231808899,0.40900608708465513,Medium
2021-09-27,17855.099609375,10765.150390625,38170.8046875,22006.05078125,40720.6015625,36034.3984375,5504.4501953125,14156.7001953125,2369.0,516.2999877929688,-594.63,1397.69,0.00010644538279747096,0.09109403236088065,0.03222734498654267,0.05742328235242544,0.009012597935410538,0.062169761052929706,0.013335585370464642,0.12281207017957851,-0.009011651949232258,0.11496541988882081,-0.0288074915944021,0.1175154945721828,0.0011367356185627564,-0.04589847981756723,-0.009269284155578594,0.0016734102654301086,0.00483538423462182,-0.006062619928213886,0.02992220300271531,0.296584560435762,0.008550415766013711,0.005959410589027844,0.005787284827040867,-0.6119184113697534,-0.20186855196852413,43.868190375374105,0.4091759210599065,0.7291028361045889,0.6462123658579721,0.043928493347058284,0.4348201781369921,0.7323681749470978,0.7181653540412323,0.6002296808487605,0.39028754068978555,Medium
2021-09-28,17748.599609375,10695.9501953125,37944.55859375,22449.349609375,40682.94921875,35239.94921875,5534.60009765625,14171.599609375,2398.300048828125,500.7000122070313,-1957.7,161.45,-0.0059646824901542495,0.07377897337543549,-0.006428168005229495,0.050858237678025775,-0.005927202625206629,0.049092658300686765,0.020144406305865115,0.14088995647491487,-0.0009246509703990657,0.10425311175822882,-0.02204696770858916,0.07837339119768139,0.005477368542534,-0.045643390744740664,0.001052463770295331,0.008722995959955293,0.012368108412040835,0.004229167516435872,-0.03021494471193531,0.26904074945697976,0.008934617789518092,0.006015750042279918,0.005746845945749123,-0.6005679288013567,-0.9640822054487457,48.577678087076194,0.4507688251081558,0.7365124836065957,0.5285989193150344,0.043002688047761,0.4695253741561404,0.6980914065839938,0.7404025444802358,0.5533725213889201,0.46979349315461105,Medium
2021-09-29,17711.30078125,10655.5,37742.5625,22864.55078125,40472.1484375,35282.6484375,5661.25,14404.9501953125,2463.449951171875,506.3500061035156,-1446.02,3262.16,-0.0021015082285871234,0.0693259964704005,-0.0037818234540982765,0.05617122019303,-0.00532345351312824,0.045671766006481596,0.01849502008296966,0.1555894116534513,-0.00518155112394969,0.09519604477157562,0.0012116708365539353,0.08302239040858139,0.02288329781900278,-0.03800402828511629,0.01646607245262066,0.03147419997944145,0.027165033989631215,0.04187020323730395,0.011284189651962873,0.28842240738808056,0.0074706521508004645,0.006071410605315954,0.005499643379995663,-0.5893542195084924,-0.6779564142474429,46.99548785138275,0.4659339739907992,0.742421023556839,0.4716618204552093,0.06870830494955094,0.46898625136856376,0.6584973085120213,0.6633186967709226,0.49781527551682236,0.46394635409847834,Medium
2021-09-30,17618.150390625,10598.4501953125,37424.66796875,22858.55078125,40426.55078125,35028.0,5611.25,14466.5,2483.050048828125,513.7999877929688,-2225.6,97.18,-0.005259376020738893,0.06040174333685022,-0.005354024183520267,0.05056852001840384,-0.00842270662597433,0.0434280916057137,-0.00026241495218526367,0.15901177017702905,-0.0011266428398387651,0.07865832425609276,-0.007217384430510787,0.048279577132853024,-0.008831971737690458,-0.024028577710768273,0.004272823151275418,0.030285765156236044,0.007956361218918184,0.06928930226338026,0.014713106743658333,0.31659189697109236,0.00727621755682076,0.006221170321834998,0.0055487927852319,-0.5591827330336059,-1.1138889195333865,49.97314072079705,0.4816191540718768,0.7652627321460166,0.48934808338655134,0.08230254866787504,0.5039292280177631,0.6723244265546052,0.6322751390613054,0.487125091943265,0.4503097961110795,Medium
2021-10-01,17532.05078125,10596.9501953125,37225.46484375,23000.19921875,40399.0,34780.6015625,5638.7998046875,14587.650390625,2500.800048828125,506.0499877929688,,,-0.004886983449795879,0.058133255753012536,-0.00014153012679751775,0.05254296949604442,-0.0053227760141074665,0.04700947478126971,0.006196737442173639,0.16841245713741437,-0.0006815021493937756,0.07050394860576104,-0.007062876484526637,0.039813063724305264,0.004909744653597725,-0.011187930395991086,0.008374547445823,0.036691631974378414,0.007148466463000602,0.073949988813105,-0.01508369051017322,0.3067785352949486,0.007553364515810636,0.006288915649557459,0.005590744799083536,-0.5455343549074689,,,0.4746274315583581,0.7642143665821892,0.4657551214278453,0.11253148799855324,0.5197237857207706,0.6480303567420164,0.5944324203163881,0.472458859598271,0.459150057596352,
2021-10-04,17691.25,10641.150390625,37579.2109375,23334.599609375,40445.44921875,35126.1484375,5807.35009765625,14812.400390625,2553.39990234375,517.0499877929688,,,0.009080467581137563,0.07542323941521545,0.004171029824415973,0.07435360796291768,0.009502798561006998,0.07266672182229428,0.014539021486057013,0.206003532617967,0.0011497615968216746,0.04791677905031766,0.009935045958853195,0.053215140971844876,0.02989116457524088,0.08834413461314972,0.015406867725897833,0.08031784121870467,0.02103321036812722,0.13560146868745826,0.02173698303595284,0.38470807778402816,0.005310557362571269,0.006180707806570808,0.005626300024261503,-0.567334552898183,,,0.41961171253408364,0.7491712550230869,0.42245456658773595,0.2957735427663808,0.5329690429280228,0.638428096525904,0.5750020641436766,0.4366394648896413,0.41703309116502835,
2021-10-05,17822.30078125,10692.0,37740.5625,24006.150390625,40427.5,35544.30078125,5800.2998046875,14738.25,2542.050048828125,510.0,583.69,-476.26,0.007407660919946268,0.08037193610083238,0.004778581967960882,0.09558717429655861,0.004293638915632059,0.07449536191044648,0.02877918595098561,0.24177341400502583,-0.00044378833952174457,0.05035139453617221,0.011904303840599484,0.04789238033785814,-0.0012140292646719564,0.0962059635601229,-0.005005967207849071,0.0757375896099437,-0.004444996455591266,0.13651813131943236,-0.013635021679551107,0.3794968438205,0.0061712114104730655,0.006246734090962511,0.005658704357496798,-0.5540325035032247,0.4570349468751263,40.609400276710545,0.45274902641813525,0.746142927094612,0.44648003818547005,0.28682378547818216,0.5567271541889167,0.6298134200164273,0.5402661594124258,0.4196892035529528,0.38804784073457327,Medium
2021-10-06,17646.0,10567.5498046875,37521.11328125,23898.0,40167.44921875,35075.80078125,5627.35009765625,14461.9501953125,2492.800048828125,501.75,1329.7,-575.19,-0.009892144870289554,0.06143909715870732,-0.011639561851150337,0.07472439331569936,-0.005814678007250107,0.0506676079434778,-0.0045051117678257535,0.22162300319488826,-0.006432521952878578,0.05060179735638881,-0.01318073473672432,0.03656799378479736,-0.02981737373152349,0.033527457301844255,-0.018747124298169715,0.04222386045537796,-0.019374126808677117,0.09450944891891755,-0.016176470588235348,0.3328462843137301,0.007158240899862904,0.006566733579803308,0.005765990774951026,-0.48956349625652007,0.8741954798138456,38.88006516603868,0.5009336563905328,0.7415087048615164,0.47639850899505004,0.39138729935537914,0.6029700905535946,0.656369861341095,0.5899574283987642,0.45160264966786373,0.4168212489068924,Low
2021-10-07,17790.349609375,11031.7998046875,37752.76171875,23804.400390625,40226.3984375,35703.8515625,5659.9501953125,14562.2001953125,2508.64990234375,532.6500244140625,,,0.008180302016037588,0.06947541376651545,0.043931659521876165,0.12470109192917844,0.0061738156798176735,0.06089292900287102,-0.003916629398903693,0.204843811290792,0.0014675868121216684,0.046251877276938025,0.017905529375275897,0.04752683831775206,0.0057931525656858,0.033960303113393486,0.0069319834908914135,0.05290482595079715,0.006358253050851914,0.10175891264216252,0.06158450306738916,0.4261044830363119,0.007715211297180167,0.006655870507781291,0.005746556952452621,-0.47160543864655746,,,0.4845172491959661,0.7434090320631445,0.4329485019728192,0.3931921598101577,0.6239778610836244,0.6563199563762785,0.5952640936428044,0.44941819790547344,0.4414836342526243,
2021-10-08,17895.19921875,11079.349609375,37774.8125,23902.30078125,39993.3515625,36402.0,5681.4501953125,14514.7998046875,2550.0,520.9000244140625,-178.51,689.0,0.005893622760496431,0.07563300846797527,0.004310249055398563,0.13481886415827127,0.000584083925151635,0.0605797090958784,0.004112701392115614,0.20323381220905978,-0.005793381561664979,0.03420295910006965,0.019553869035050297,0.06935434898207848,0.0037986199980710733,0.051205430458478585,-0.0032550294590962814,0.05496200316762123,0.016483008496968043,0.12909298639841205,-0.022059512740894904,0.390921293495494,0.007879910210807792,0.006675402137314705,0.005761146344785512,-0.4676704799674326,0.030821145175562212,44.20302736933744,0.47942637080958456,0.7368104949323916,0.4266427452597268,0.3747446604740053,0.6246818072819681,0.653964537817202,0.5777349695904199,0.4529100687485117,0.4070202519531664,Medium
2021-10-11,17945.94921875,11375.5498046875,38293.35546875,24161.55078125,40318.05078125,35179.94921875,5766.39990234375,14615.349609375,2569.949951171875,529.9000244140625,-469.5,766.95,0.0028359561343596074,0.07427328364976193,0.026734438911636627,0.16149933462307242,0.01372721489352191,0.07482919729829507,0.010846236200130477,0.21156386140039296,0.008118829907080238,0.03860304180244456,-0.03357097910142304,0.025361512386732565,0.014952116820690975,0.04982971895404509,0.006927398657956552,0.04779294161663383,0.007823510263480493,0.13069209450086894,0.01727778763328658,0.40463889838055,0.007294255720488614,0.006668599219584666,0.005760532045408461,-0.4690410363830862,-0.13189724128016617,45.162891011083964,0.45730139349625276,0.7227226762690482,0.4290713045604571,0.36767388298876946,0.5513098568669853,0.6506940706835732,0.5822580764737882,0.45255183694494167,0.4089597319319468,Medium
2021-10-12,17991.94921875,11476.099609375,38521.05078125,24265.94921875,40808.75,34869.75,5829.35009765625,14629.2001953125,2649.0,533.75,-1092.4,386.63,0.0025632525445875576,0.06265992886128924,0.008839116035171068,0.1524617800133179,0.005946078887910877,0.05980715516250057,0.004320850033393331,0.19869434368357597,0.012170707889931132,0.04236378905718774,-0.00881750046940577,0.02229600474944471,0.010916723844788034,0.03575807048702062,0.0009476739392273448,0.028595548976094287,0.030759372878868207,0.1421302901519128,0.007265475388861464,0.38798600167257424,0.006511046393308692,0.006330776636765664,0.005729019560415327,-0.537100790536925,-0.4802160251671493,46.43608666455979,0.42920713959422535,0.6868011387412916,0.40344276605233675,0.31487717166518486,0.6056967106761479,0.6259840468286854,0.5275259976182904,0.4152268053417481,0.4150368096152658,Medium
2021-10-13,18161.75,11870.0,38635.30078125,24604.400390625,41149.3984375,35285.6015625,5914.64990234375,14679.400390625,2670.14990234375,532.4500122070312,937.31,-431.72,0.00943759784921161,0.06009449038645487,0.03432354232122714,0.18292480095670416,0.00296591078599584,0.06070476020929605,0.013947576038504383,0.21265476266339745,0.008347436211596726,0.04097423584699911,0.011925854429699179,0.020692692777749544,0.014632815538355715,0.035006789848610165,0.0034315064830807707,0.023329119756356764,0.007984108095035802,0.14348412944857958,-0.002435574319379352,0.3765512642467308,0.006561217772836348,0.0062145815775126335,0.005780929133883263,-0.5605101407960493,0.6547753359554199,39.34522629471489,0.4799848757768186,0.7033193802178186,0.460878856537565,0.2981304293412128,0.6025207748394228,0.6266660964529164,0.5062341219645865,0.4239239773755884,0.41263458854954815,Low
2021-10-14,18338.55078125,11800.2998046875,39340.44140625,24766.349609375,41377.19921875,35744.8515625,6019.2001953125,14728.650390625,2716.550048828125,539.25,1681.6,-1750.59,0.009734787740718787,0.07392142778713118,-0.005871962536857622,0.17487224541791835,0.018251200605178486,0.075643240051813,0.006582124180181559,0.21662799732196159,0.005535944385578251,0.04370067207321915,0.013015223764473616,0.04791344490699334,0.017676497289775384,0.07247280347177365,0.003355041669920844,0.028547840403460922,0.01737735639622584,0.15345101648295256,0.012771129001917902,0.3205583248192767,0.006829419711406232,0.006290014653161491,0.005831730160239698,-0.5453129430809402,1.0709740639362235,37.030400299411376,0.4233222466982406,0.7362568681950233,0.44668243429749827,0.32503569195232096,0.6026277381970405,0.6267144883636517,0.5031319700561081,0.44997234669422403,0.47452697413014866,Low
2021-10-18,18477.05078125,11814.7998046875,39684.33984375,25148.69921875,41564.1484375,36306.3515625,6253.10009765625,14598.2001953125,2824.550048828125,541.7999877929688,512.44,-1703.87,0.007552396132719963,0.07211846029271696,0.0012287823394316888,0.1788334762903867,0.008741600887207213,0.07747491887272306,0.015438270694130285,0.22880383165982598,0.00451816996509713,0.03146062797563132,0.015708555930585177,0.0468868707773471,0.03885896709763892,0.10609737917515338,-0.008856900792182154,0.009662149968011846,0.039756307838535676,0.2047815511763309,0.004728767349037932,0.3104365021077018,0.0029508640828726017,0.006233763442067309,0.005858102856824007,-0.5566456478574499,0.41719273568240267,40.817095811616184,0.44144658843858,0.7408419503626045,0.4746798318266116,0.28058720490633565,0.5977209573152438,0.6400770925617547,0.4324871636608945,0.501702444653019,0.4700438339131379,Medium
2021-10-19,18418.75,11626.849609375,39540.0390625,24785.650390625,40237.30078125,37106.3515625,6099.35009765625,14384.349609375,2719.199951171875,516.0999755859375,-505.79,-2578.22,-0.003155307734996393,0.06321725364931297,-0.01590803047191125,0.14835918016494243,-0.003636214734027532,0.07560559764396979,-0.014436087726331537,0.18399017820889463,-0.03192288802079468,0.0002747156707374465,0.022034711987593436,0.06348742357240655,-0.024587804064999275,0.06644111542598541,-0.014649106264905676,-0.006993181425637651,-0.03729801059816895,0.1516665277643643,-0.047434501266271134,0.23513214801313653,0.004592583459621802,0.006288281092163826,0.00581279041335956,-0.5456621966279567,-0.15219020751432674,44.36519488555048,0.4595613417714591,0.759025886847249,0.49113260993616986,0.31399756333848267,0.5296288510114076,0.6490219863399903,0.45367978538052245,0.5191955701256548,0.49093022336767667,Medium
2021-10-20,18266.599609375,11493.2998046875,39517.73828125,24381.849609375,39696.3515625,36846.80078125,5974.0,14177.349609375,2761.14990234375,504.9500122070313,-1843.09,-1680.73,-0.008260625212080042,0.05114564491290419,-0.011486327696181409,0.13042364500602432,-0.0005640050384054796,0.07995787151216871,-0.016291716169882453,0.1605678974837068,-0.013443973831417488,-0.011767746799001944,-0.0069947804168466465,0.04042623501229725,-0.020551385909855724,0.040277186135591725,-0.014390640218108097,-0.02100605248852816,0.015427313888335403,0.17164195648989455,-0.021604270308766105,0.17144188958788775,0.006738191139077558,0.006559760155990458,0.005887092695415732,-0.4909684038454463,-0.8999935622936852,49.50834052761675,0.49090483201036517,0.7569096529354421,0.5435398278988013,0.3696073454482042,0.5375618269871626,0.6663220668118229,0.498363901491116,0.4731754149478067,0.5125093762682051,Medium
2021-10-21,18178.099609375,11557.400390625,40029.734375,24306.400390625,39354.44921875,35913.6015625,5868.39990234375,14169.9501953125,2836.60009765625,497.8500061035156,-2818.9,428.45,-0.004844908296702255,0.04699892399876493,0.005577213422324201,0.13835730084505493,0.012956108219202678,0.09765610271913672,-0.003094482984629221,0.16106906735890525,-0.008612941247552519,-0.02321682278473891,-0.02532646522801707,0.027532617091213796,-0.017676614940785096,0.028037839647083507,-0.0005219180076935226,-0.01511045605792738,0.027325642569588693,0.2188372956398874,-0.014060809846271782,0.18254158219362382,0.007358287427961104,0.006652205517873713,0.00592194352150148,-0.47234380939135673,-1.4456557111213573,53.00580855403186,0.47706365601342227,0.6918484458472538,0.5508027692504149,0.3954817641211983,0.5561165504495882,0.6747920173523856,0.48632626666394835,0.41993319681230745,0.5189565180445898,Medium
2021-10-22,18114.900390625,11433.9501953125,40323.1796875,24280.5,38874.80078125,35394.6484375,5690.10009765625,13949.650390625,2823.25,510.6000061035156,-2697.7,1029.97,-0.003476668084567369,0.04387589769354894,-0.010681484688601639,0.1320294001340061,0.007330683480209821,0.09669898167871627,-0.0010655790330430515,0.155955614842884,-0.01218790878850562,-0.03448905805251601,-0.014450044061909861,0.020659931452341018,-0.030383035862346364,-0.005357672043656891,-0.015546970995026999,-0.02786168105716702,-0.004706372839541451,0.2045866666666667,0.025610123217210345,0.21369144589480893,0.007611972128454184,0.006705920541616033,0.005945346799620846,-0.46152206005842766,-1.3778820129240503,52.72902735684316,0.4878859611409813,0.6814678278778635,0.5561081933207067,0.41362230626276464,0.5649088557351346,0.6829364897277211,0.49993087576305806,0.42836475436898064,0.49354834768704225,Medium
2021-10-25,18125.400390625,11228.2001953125,41191.91796875,24160.19921875,38491.0,35005.3984375,5679.64990234375,13943.849609375,2854.300048828125,496.4500122070313,-2459.1,2390.23,0.000579633328010587,0.04353385382932484,-0.01799465595751415,0.1103178835344445,0.021544389306166423,0.12292267210745855,-0.004954625368093768,0.1424153498975569,-0.009872739500574212,-0.051430623255491525,-0.010997425237528224,0.005835753720036196,-0.0018365573774008492,-0.014830490351212089,-0.00041583703444625364,-0.026936779556113954,0.010997980635127913,0.21459576545877668,-0.02771248281892036,0.18881706166443446,0.006650752847901098,0.006707109369263306,0.005941930205709603,-0.4612825517439464,-1.2444595344597156,51.931366585830936,0.47549207411428135,0.6348859953252487,0.5537479798424824,0.42156497599066595,0.5636580310042073,0.685607417546564,0.49948161294458554,0.4267859073556018,0.488536301175965,Medium
2021-10-26,18268.400390625,11452.25,41237.8203125,24372.44921875,38826.8515625,35162.3515625,5830.64990234375,13970.650390625,2879.25,514.4000244140625,-2368.66,1385.41,0.007889480889700096,0.05261214546978521,0.01995420466238529,0.13162844008810537,0.0011143531550248387,0.13069003602140028,0.008785109678867142,0.16122321985996302,0.00872545692499549,-0.04349341518886041,0.004483683431863561,0.0009322622103109524,0.026586145730159938,-0.0014813252672531974,0.0019220503663479604,-0.028267232817820287,0.008741180235104729,0.23026465266176754,0.03615673635948191,0.2238877928957863,0.006210208798990992,0.006793924998876274,0.005919323780540312,-0.44379215675950257,-1.1938864877190851,51.83781304520048,0.491950596351151,0.6148453025669401,0.554837140603991,0.4452549773275158,0.575017165110766,0.7091614493871996,0.508900478247842,0.4196490482900746,0.5045986863803305,Medium
2021-10-27,18210.94921875,11395.150390625,40873.875,24184.849609375,38946.1015625,35503.8984375,5741.89990234375,14094.25,2938.199951171875,515.9500122070312,-1913.36,472.48,-0.0031448386638428527,0.04781065700517839,-0.004985885688401859,0.11612118267217486,-0.008825522535915398,0.11638744831871528,-0.007697199722983883,0.14974871096389375,0.003071328093859016,-0.03764433232740083,0.009713425292188216,0.0020433353795350495,-0.015221287761476687,-0.011780735095482608,0.008847090573388172,-0.021976357632234045,0.02047406483350689,0.2531774412655743,0.003013195410972891,0.2224855517828468,0.005107948335764814,0.006852047052735622,0.005901225608689659,-0.4320825408315974,-0.9392877683359686,50.45073612003664,0.5003542209752517,0.6230620679491018,0.5653665616329995,0.42860223798965347,0.5551180489003534,0.7142694422980347,0.4727652142711196,0.39887812369573705,0.503325909511446,Medium
2021-10-28,17857.25,11260.900390625,39508.48828125,23580.849609375,38208.55078125,34913.6015625,5544.5498046875,13780.599609375,2784.85009765625,496.5,-3818.51,836.6,-0.0194223384240636,0.01928147266687308,-0.011781327617268689,0.09360982719481403,-0.03340487582227036,0.07209054929232006,-0.024974312834505574,0.10445579773669444,-0.018937730649790208,-0.05668380596600375,-0.01662625517136207,-0.03219934141475955,-0.034370173812276805,-0.0536776457760072,-0.022253783679514694,-0.04882010244270374,-0.05219176913213919,0.1550601815247823,-0.037697474070853776,0.17459187523472952,0.008356903677875815,0.007737214910528757,0.006302882287514171,-0.25375134022456597,-2.004626556459722,58.982743256063536,0.5166082720708707,0.7258455241244449,0.6448041113809114,0.5114309898268886,0.5537121510880506,0.7309139729440827,0.5584917424594695,0.5181073888333022,0.5597577805635207,Medium
2021-10-29,17671.650390625,11297.4501953125,39115.1484375,23236.099609375,38222.1015625,34408.75,5563.39990234375,13879.349609375,2825.14990234375,498.7000122070313,-5142.63,4342.51,-0.010393515763905459,0.0023909010819933574,0.0032457266665752993,0.09138816128665539,-0.00995583128744193,0.038413987275810024,-0.014619914282602342,0.07250549194562717,0.0003546531070381942,-0.06792643056079728,-0.01446002531695989,-0.04026779899865196,0.003399752607563089,-0.044499802087805906,0.00716587106506017,-0.04223209131633088,0.014471085794318661,0.11141051421618897,0.004431041706004724,0.17756791548295459,0.008558308987101344,0.007916746761506532,0.006419193202877421,-0.2175817818179936,-2.7450598011545875,63.8593774251116,0.5008293956607669,0.736621791927032,0.6596738801300617,0.46785811216983797,0.5837285440486523,0.7099581695002518,0.4961929896981752,0.46808205741860054,0.5524879659791853,High
2021-11-01,17929.650390625,11421.0,39763.2890625,23504.5,38663.6484375,35290.0,5733.75,14049.4501953125,2860.10009765625,518.7999877929688,3138.9,-2610.13,0.014599655057507821,0.01959039259531492,0.0109360787214412,0.1033236681341354,0.01657006686388085,0.05161870982978267,0.01155100878103954,0.09605424065460677,0.01155213494155971,-0.052335971846666385,0.025611218076797337,-0.010000981863577119,0.030619782982791666,0.008779243204236842,0.01225565971928555,-0.02129550628129573,0.012371094108494907,0.15953133236875394,0.0403047425184202,0.2545036950954769,0.011235569425255162,0.00832707566484723,0.00657040814949494,-0.13491447150811742,1.8858800901980644,37.065745800714204,0.5013017059762316,0.757762697350916,0.6619078064047689,0.5076359169976109,0.6215661175827351,0.7316228122317766,0.528193768496459,0.4665126867168887,0.5720447683933574,Low
2021-11-02,17888.94921875,11521.25,39937.984375,23421.69921875,38616.19921875,35177.3515625,5643.14990234375,13993.2001953125,2927.89990234375,536.3499755859375,944.36,-707.68,-0.002270048271341696,0.028283706699278488,0.008777690219770706,0.12924088926801147,0.004393381850918088,0.07518370653729844,-0.003522762928375389,0.10409669720510073,-0.0012272307624228151,-0.062023771085435886,-0.0031920781382828167,-0.006290929358439112,-0.015801194271855223,0.06294027167898841,-0.004003715392276841,-0.007380858301264448,0.02370539574578512,0.2388508180271114,0.03382804203143541,0.3253025930514635,0.011216764477111181,0.008067751274505422,0.006541513267891775,-0.18715951121351193,0.6587176179050158,43.801780158007766,0.46567907640889444,0.7330564506933466,0.6460844577815033,0.5901571012842355,0.6250798327625139,0.7269170540069612,0.49082872982562487,0.3893497407029238,0.5376342901551837,Medium
2021-11-03,17829.19921875,11401.2001953125,39401.59375,23489.44921875,38370.1015625,35177.1015625,5695.4501953125,13888.2998046875,2913.5,546.75,,,-0.0033400508475575075,0.015214623548001294,-0.010419859363133388,0.12261285020625134,-0.013430588283162459,0.05817514343649832,0.002892616772474099,0.10152403192337456,-0.006372912436460321,-0.07808389287476414,-7.106845424598163e-06,-0.02518838163422088,0.009267925515682007,0.04610199211962729,-0.007496526109884383,-0.027358481210561503,-0.004918167568578102,0.23338415892974163,0.019390369884329628,0.3044256422798097,0.011179591819925706,0.007939100936474264,0.00653805732370938,-0.21307817628659292,,,0.5067990095528749,0.7447126906333104,0.6516410451522616,0.5721128017689988,0.6042362020843691,0.7031052245073685,0.47115857464964384,0.42060125255963987,0.5157659854410899,
2021-11-04,17916.80078125,11569.7998046875,39573.23828125,23584.05078125,38710.1015625,35334.25,5697.9501953125,13948.2001953125,2952.949951171875,548.0499877929688,,,0.004913376165984751,0.02109521660172642,0.014787882546288156,0.12496356145366772,0.00435628397011234,0.07116186565049509,0.004027406586634141,0.09697086090212448,0.008861065938180701,-0.06738939432267854,0.004467350364861344,-0.02987715659137502,0.00043894686359613466,0.03136855656595183,0.004313011057320626,-0.0269319849093953,0.01354039854878164,0.24415935112256149,0.002377664001771862,0.2056979485446293,0.010776959979912846,0.007973946994393468,0.006540813541438054,-0.20605788144596612,,,0.5197512956249978,0.7483422218614929,0.6543557731743371,0.5775108841723309,0.6150445063541896,0.7089183353212628,0.48157476982125197,0.4232249366795958,0.5840274785632354,
2021-11-08,18068.55078125,11645.75,39437.79296875,23938.80078125,39094.75,35782.3515625,5780.4501953125,13851.25,3016.449951171875,555.5999755859375,238.14,206.28,0.008469704042186388,0.01378007418893512,0.0065645211321399,0.1227037420137882,-0.0034226492039236556,0.044121672778876686,0.015041945223508213,0.0934329430874814,0.00993664242598169,-0.05906429873079411,0.012681790684675676,-0.02809978349361064,0.014478891034861885,0.029273314223065006,-0.006950731560698475,-0.036803310037898496,0.021503920164579915,0.2559907038191316,0.013776093351216101,0.12492403816952602,0.01156628749903803,0.007603372724747803,0.00656719415333076,-0.28071598593785946,0.2638072124520295,45.04856489403351,0.5310757136157839,0.6821332741186136,0.6426090442608237,0.6127777500919387,0.6227907339726969,0.7158289865995611,0.45273852075357107,0.45078419717980683,0.5032232596257825,Medium
2021-11-09,18044.25,11766.25,39368.34375,24004.30078125,38964.25,35815.1015625,5761.60009765625,13878.7001953125,3040.60009765625,556.1500244140625,,,-0.001344921435271762,0.01070120704469324,0.010347122340768067,0.12821879465102137,-0.0017609813714735134,0.040668519535039804,0.0027361437441471015,0.10535108845163643,-0.00333804411078209,-0.05175473202988423,0.0009152556657099353,-0.03471794081381008,-0.0032610085753417284,0.047906568147211503,0.001981784699034428,-0.028724604619025706,0.00800614857706905,0.28970137924535533,0.000990008733432468,0.10941559536551626,0.008356783198105499,0.007606923466448359,0.006546306169214175,-0.28000063231884725,,,0.5255587689344328,0.6831100908543973,0.6576962442375934,0.628107410409903,0.621506758828187,0.7401180604887734,0.45460387724277596,0.4740364129008506,0.5029880634240149,
2021-11-10,18017.19921875,11829.150390625,39022.796875,24041.30078125,38917.3515625,35722.94921875,5660.4501953125,13911.2998046875,2969.14990234375,548.5999755859375,-1303.22,-373.28,-0.0014991358050348014,0.009078616917369997,0.005345831562732384,0.098837448748194,-0.008777277428644648,0.02232051942512503,0.001541390450702007,0.09248592672221356,-0.0012036273635447348,-0.0442834813535915,-0.0025730024411403374,-0.008643108592202409,-0.017555870006475516,0.02834070515032483,0.0023488949913343937,-0.017334575659535112,-0.02349871506206136,0.25333469917422957,-0.013575561443298412,0.062560504661334,0.006768943661677266,0.00761457969502189,0.006545162387979698,-0.27845816280685703,-0.5981042351832895,50.24712745741745,0.5605244704204095,0.687387995237998,0.6670964591447412,0.6325946655020468,0.6569223607582787,0.7353585831479723,0.4556877263289672,0.465491010155139,0.5156671263008266,Medium
2021-11-11,17873.599609375,11690.150390625,38559.75,23894.75,38542.55078125,35583.6484375,5681.0,13717.7998046875,2914.449951171875,535.7999877929688,-1637.46,445.76,-0.007970140510272006,0.0070428091652916525,-0.011750632582215093,0.09295108682800413,-0.01186606066405893,0.016212901903445376,-0.006095792510707132,0.06438495616912632,-0.009630685701931263,-0.05261168323838061,-0.003899475947436226,0.009753113337834574,0.003630418779148936,0.026451757988033453,-0.013909555736466794,-0.032021777159671916,-0.018422765091347104,0.21521489881800027,-0.0233320969059424,0.070101806930702,0.005453504787007883,0.007680260356359812,0.0066072030609932095,-0.2652257446954972,-0.7850075428191624,51.527336320569006,0.5692949500042602,0.695745757967843,0.7515762383567414,0.6523324560620909,0.6437250847055185,0.7309815439542546,0.4921537267509667,0.5032336651363154,0.5187472095494691,Medium
2021-11-12,18102.75,11706.5,38732.90234375,24209.30078125,38912.75,36332.30078125,5728.7001953125,13774.650390625,2912.0,544.6500244140625,,,0.012820606684330382,0.02210166399321767,0.0013985799009148536,0.09863450800056306,0.004490494459896688,0.026239337717199218,0.013164012230720168,0.058813751158529604,0.009604948589186035,-0.0385301620423768,0.021039223818348773,0.029749817268093226,0.008396443462858727,0.011914364374034037,0.004144293308470104,-0.043755778127758105,-0.0008406221458323593,0.18208206284635398,0.016517425947597086,0.07563941512566519,0.007282846609822238,0.00799849207127802,0.006713527602543721,-0.20111288373589684,,,0.5368538851955944,0.681738407752656,0.8040766852309448,0.66931040975552,0.6708221358392488,0.7500732850428861,0.548046207283955,0.4842042548177932,0.5304691471071892,
2021-11-15,18109.44921875,11687.650390625,38701.90234375,24268.849609375,39278.30078125,36465.30078125,5624.2998046875,13974.349609375,2870.300048828125,545.8499755859375,424.74,1524.67,0.0003700663573213969,0.02788594814052847,-0.0016101831781488718,0.10276976116698955,-0.000800353139686738,0.03412814179317514,0.0024597500218230817,0.061696773414078976,0.009394113272642057,-0.028403363082179278,0.003660654490360127,0.041032910278919754,-0.01822409745066178,0.002325650200490026,0.01449758891056252,-0.03402000419071649,-0.014320038177154881,0.15595738804490167,0.0022031600442244947,0.0623783350611582,0.0069818921213586635,0.007918037315809371,0.006688589228007257,-0.21732177904422859,0.3681518666072888,45.18322745182553,0.5293517235345306,0.6745444462355202,0.8073576583990211,0.66130614948832,0.6655252423826308,0.7377946306303468,0.543672473292509,0.48657696587043103,0.5515060127567044,Medium
2021-11-16,17999.19921875,11977.2998046875,38306.65625,23944.650390625,39014.6484375,36643.8984375,5586.35009765625,13798.7998046875,2808.89990234375,545.0999755859375,-560.67,577.34,-0.006087981951756416,0.026645396099331364,0.024782518674141496,0.13025913908565778,-0.010212575346798869,0.029044403093102744,-0.01335865621849508,0.041062738756848294,-0.00671241725089744,-0.034266975977128133,0.004897742577838038,0.053572876583278584,-0.0067474545008466835,-0.009301572825417326,-0.012562288020168677,-0.054076603484031094,-0.021391542849132916,0.12320051483524264,-0.0013740039086653777,0.07716626565544837,0.007501659020395358,0.007951519086252124,0.006731380458091585,-0.21057634170267003,-0.18287849593898176,48.57035487520185,0.46021216626440614,0.6799199798853518,0.8315190032738327,0.67278326564991,0.6444571029526791,0.7509272540166466,0.5974996591171486,0.5125643048221236,0.5404875229748409,Medium
2021-11-17,17898.650390625,12061.7998046875,38041.109375,23837.900390625,39013.44921875,36660.8984375,5568.10009765625,13621.900390625,2810.199951171875,536.1500244140625,-344.35,-61.14,-0.005586294529162039,0.011723331625803635,0.007055012513498937,0.1335052472629381,-0.006932134020441905,0.012291328795280165,-0.004458198313966433,0.02156886296209648,-3.0737653625712014e-05,-0.035405713811089146,0.00046392443830711727,0.04369252161906623,-0.003266891562642482,-0.04119779175988669,-0.012819913076962397,-0.08037184849212464,0.00046283202439512117,0.10057180960663858,-0.016418916845950204,0.036940406289578176,0.006928258617590982,0.007882270462433318,0.00676697593193319,-0.22452758283424587,-0.06191474681322777,47.67715748686842,0.4590219894437903,0.6774852981958794,0.8252253682317954,0.6679684558639943,0.6350829678929736,0.7351027292578338,0.5872362746328672,0.496519967321518,0.5369837464079273,Medium
2021-11-18,17764.80078125,11747.4501953125,37975.80859375,23794.349609375,38866.5,36007.0,5423.89990234375,13481.400390625,2812.10009765625,526.9000244140625,-3930.62,1885.66,-0.007478195643460861,-0.0032262950056646256,-0.026061584047584407,0.09871401003670965,-0.0017165845666139434,0.006233242913377346,-0.0018269554170604607,-0.00882277157326794,-0.0037666297569858287,-0.038612330715478316,-0.017836399689297733,0.013017536105087268,-0.025897558015021582,-0.06489318052828286,-0.010314273043480537,-0.08527807639136264,0.0006761605997405162,0.10623317544539179,-0.017252633738306655,0.03313730277267157,0.0073081256599096065,0.007895661682956866,0.00673279196850348,-0.22182970760918763,-2.06731722729223,59.74194687244313,0.4902472634934583,0.6724900252010162,0.8470709653680154,0.6721943310030866,0.6414152089824321,0.7548694711167675,0.6134913148482276,0.5135999514425977,0.5795387947517392,Medium
2021-11-22,17416.55078125,11379.75,37128.37109375,23118.30078125,38351.6484375,35478.94921875,5421.60009765625,13245.349609375,2685.35009765625,505.1000061035156,-3438.76,2051.18,-0.019603372100156835,-0.013002902569987485,-0.031300425981735214,0.07685794818324188,-0.02231519305001628,-0.010467231730468374,-0.02841215831588173,-0.03262612849401625,-0.013246666473698432,-0.04520577772716505,-0.01466522568528339,0.011493634600510783,-0.00042401311397843866,-0.036562502142117204,-0.01750936656507507,-0.08412424116436468,-0.0450730754945885,0.07724247635450876,-0.04137410761138138,0.006676643953195116,0.009796719460752432,0.008488715576225717,0.00707651174950076,-0.10234953005847407,-1.7922745606641175,59.52545300328302,0.5540383415455655,0.7176682703471853,0.8827567186634884,0.6843122292915088,0.6386786791528715,0.6649266349478695,0.6292127351629204,0.5779960295453835,0.6219279759272419,Medium
2021-11-23,17503.349609375,11455.7001953125,37272.3671875,23586.94921875,38560.1015625,35504.3984375,5600.39990234375,13489.9501953125,2749.5,516.0,-4477.06,1412.05,0.004983697932798847,-0.016132341764029112,0.006674153238208191,0.03842531573541441,0.003878330492506743,-0.012724752028178354,0.02027175102246681,-0.009134914902567348,0.005435310697001983,-0.04142296948579516,0.0007173047486015438,-0.005586319578179233,0.03297915771485882,-0.010521345756375866,0.01846690296225728,-0.07363241719099234,0.02388884130964497,0.09600785563231895,0.021579872826710034,-0.031258844740274294,0.010306261086660455,0.008396847531267333,0.007086947762645148,-0.12085781479860767,-2.3728804256662923,62.78698877641446,0.5378362671019049,0.7161605068348282,0.8940844579276858,0.6924196749911418,0.6195691794820075,0.6645823985499086,0.6108757676615235,0.5912408310263445,0.6199297327516771,High
2021-11-24,17415.05078125,11308.849609375,37441.515625,23650.05078125,38178.19921875,34966.25,5602.60009765625,13408.099609375,2758.949951171875,515.6500244140625,-5122.65,3809.62,-0.0050446817378146935,-0.02683113116711866,-0.012818996956431294,0.020714212304105306,0.004538172653459238,-0.008823256899024967,0.0026752744458296007,-0.010553377363482719,-0.009904080338870358,-0.04538635230191579,-0.015157232939668752,-0.03944151420251629,0.00039286396522841827,-0.013878516038265287,-0.006067523211904957,-0.07624632858905123,0.0034369707844608133,0.08194115732230389,-0.0006782472595687761,-0.010078709452750578,0.007612971860835668,0.008346630332857641,0.007084442711103818,-0.13097487135988947,-2.733887206352754,64.83162478179786,0.5443441786521542,0.7091172554722854,0.8862337493566557,0.7165748025186754,0.6134300733054384,0.6628156134181106,0.6214023948786954,0.5818143057174889,0.6597328117806824,High
2021-11-25,17536.25,11247.75,37364.31640625,24218.25,38259.75,35300.25,5624.0,13566.5,2744.25,525.7000122070312,-2300.65,1367.8,0.006959452503032093,-0.02282962097774932,-0.005402813856888566,-0.011234604646083834,-0.0020618614781302558,-0.024261103555110464,0.02402528535796944,0.002346671340069717,0.0021360562551087092,-0.0510515945430382,0.009552068065634689,0.003419583709515006,0.0038196376630026396,-0.02469476705662954,0.011813783850042725,-0.07176356621002189,-0.005328096352610889,0.06782235146199866,0.019489939527082667,-0.00792604644937589,0.008777065109241542,0.00844319835956852,0.0071096137113608425,-0.11151970023953524,-1.1558560486563887,55.59689988906391,0.5273038882668457,0.6962557334647966,0.8787988736722799,0.714848132754269,0.72646796583963,0.6571128344947692,0.6329353538790722,0.5595695876324855,0.6664064421049928,Medium
2021-11-26,17026.44921875,10759.599609375,36025.08203125,23349.400390625,37547.1484375,34606.1484375,5323.75,13797.099609375,2628.75,492.7999877929688,-5785.83,2294.11,-0.029071254187753914,-0.05366289045512762,-0.043399825798493,-0.06243410430270924,-0.0358426034197693,-0.06479492899022643,-0.03587582130727862,-0.03777098599616269,-0.01862535856873082,-0.07992407418752101,-0.019662794526950966,-0.007559605747101683,-0.05338726884779521,-0.0867335276122001,0.016997723021781486,-0.0568794311943398,-0.04208800218638975,-0.007644394110985275,-0.06258326735801134,-0.07672133434572592,0.012816901434649778,0.009871674142231172,0.007781049339224037,0.17626955816780446,-3.1047301203006903,70.74361541981779,0.6413743375908664,0.7709597129475427,0.9055666250366204,0.7386185742697106,0.7535649986934065,0.7335237382166435,0.3413679031331312,0.6285495520936255,0.7414671844005961,High
2021-11-29,17053.94921875,10704.150390625,35976.03125,23052.150390625,37324.8515625,34870.75,5304.7001953125,13648.7998046875,2575.050048828125,484.6000061035156,-3332.21,4611.41,0.0016151341742889347,-0.06099636770960948,-0.005153464883738468,-0.09821816422704299,-0.0013615730619974675,-0.06883004603242437,-0.012730519629075676,-0.06308830840646917,-0.005920472905419971,-0.09294295956255438,0.007646085289666926,-0.011756964431092087,-0.0035782680793613464,-0.1031252427619681,-0.010748621731101471,-0.07020726722568948,-0.02042794148240612,-0.0356159230731391,-0.01663957364564317,-0.08986760260399851,0.013307069082229705,0.009666068065513157,0.0077810475414924205,0.13484693059449976,-1.7326929802769637,62.01432104879578,0.6182930600353498,0.7742088902680297,0.8795009005073199,0.7207481326449291,0.7464885424910142,0.7237675032177138,0.31650521769184475,0.6095886075790607,0.7460169673084148,High
2021-11-30,16983.19921875,10603.5498046875,35694.88671875,22823.44921875,37386.94921875,35043.75,5201.7001953125,13662.7998046875,2560.14990234375,487.6000061035156,-5445.25,5350.23,-0.004148599194972014,-0.07390723392852616,-0.00939827844960106,-0.10141691480792792,-0.007814773377761042,-0.09266684757941812,-0.009921034176837984,-0.0784492031029691,0.0016637080564410045,-0.09643596172144553,0.004961178064710303,-0.019614057181748912,-0.019416742927529818,-0.1358153863426298,0.0010257312144905661,-0.07236580118813396,-0.005786352188050015,-0.05757307749652674,0.006190672641797734,-0.095781166242901,0.013338491089203744,0.009411375018087361,0.007701916729234754,0.08353494887959148,-2.9142815548548264,68.48810871568406,0.6436173588028083,0.7596080159500771,0.8807057710720003,0.7056013462274812,0.7303528809044605,0.7093827196725649,0.30108222633989173,0.5982778913328479,0.7397729874579391,High
2021-12-01,17166.900390625,10758.150390625,36364.4765625,23110.80078125,37457.8515625,35429.0,5322.2001953125,13442.099609375,2628.25,494.6499938964844,571.47,-1334.5,0.01081664117042136,-0.07090689992336352,0.014580078255411744,-0.08943439004724196,0.01875870482587283,-0.08365675967702546,0.012590190016675162,-0.08103395009713321,0.0018964463598019066,-0.09879420195928323,0.010993401105760636,-0.02416523623944067,0.023165502715552178,-0.1488701424582447,-0.016153365230220262,-0.07919473431448931,0.026600043065410306,-0.0694978121947486,0.014458547384579079,-0.08702472306902531,0.013248376880283597,0.009549611473239489,0.007718633564831491,0.1113848903318264,0.4502016581624936,48.635408735006955,0.6655414645936757,0.7701118744996749,0.8808380059035033,0.6961459499228356,0.7268932010756882,0.7208948911400205,0.2534136612901008,0.6020064921575242,0.7461859503961706,Medium
2021-12-02,17401.650390625,10873.150390625,36507.82421875,23491.599609375,37892.6015625,36157.8515625,5405.0498046875,13557.0,2640.800048828125,497.3500061035156,-37.33,-597.62,0.013674571102433752,-0.05522088140481851,0.010689569844665403,-0.0648240274942814,0.003941969465822703,-0.0766871989923189,0.016477093620829608,-0.05220967619794503,0.01160637841907719,-0.058271781984009174,0.020572174278133737,-0.025561661550109416,0.015566796876218536,-0.11383184795959544,0.008547800861768984,-0.05751734571549727,0.004775059004328064,-0.02883197401866766,0.005458429678250942,-0.03633011115944096,0.014369950058322813,0.009988230804039943,0.007742763732683344,0.19975175903638093,0.10976743817470215,51.738416479388356,0.6806237234947031,0.7605699066077222,0.8965436709938085,0.8266699960496696,0.7961445649183723,0.7408118557644708,0.2920396523515652,0.6122060167593493,0.7650919207414164,Medium
2021-12-03,17196.69921875,10788.75,36196.7265625,23258.349609375,37498.1015625,35848.05078125,5392.39990234375,13443.849609375,2633.64990234375,496.2999877929688,-942.6,-163.87,-0.01177768586739425,-0.058571404284566086,-0.007762275660030515,-0.061300915895376895,-0.00852139679390218,-0.0840385068374655,-0.009929081198323919,-0.04607935894937221,-0.010411003302301935,-0.05537662564628798,-0.008568008547590211,-0.02710547398481955,-0.00234038589853125,-0.09735522223907767,-0.008346270607435313,-0.051737455886321726,-0.002707568294520457,-0.04617641363541114,-0.002111226093618024,-0.017130456886722434,0.014920683504048238,0.010086310845532421,0.007859777273833057,0.21951154968055128,-0.396449523599851,55.01283573776572,0.6760179104681,0.7695173738390947,0.8965625954459487,0.8334622708711986,0.7964818977470759,0.7221195370421203,0.2890860265052708,0.6322112018265399,0.7506379297692056,Medium
2021-12-06,16912.25,10589.7998046875,35735.484375,22900.5,36821.8515625,34879.3984375,5327.89990234375,13192.25,2594.35009765625,489.5,,,-0.01654091957599968,-0.06963597056769144,-0.018440523259181996,-0.08372130005311462,-0.012742649164796283,-0.10727650500428787,-0.01538585563400241,-0.05784074844612763,-0.018034246317053082,-0.06435352816584128,-0.027021060354462723,-0.028796976076047143,-0.011961279053500085,-0.09210347096218385,-0.01871484855048866,-0.0689981391491361,-0.01492218257731448,-0.08540153411126228,-0.013701366029058692,-0.016772132170627008,0.01528571817826793,0.010422103706244709,0.008067478725012208,0.2871623839024222,,,0.699069290985489,0.8043913012723749,0.8988498065874319,0.8472543234522849,0.8428918917310405,0.718032894964048,0.33973206072102025,0.6717871168906274,0.7484072294470485,
2021-12-07,17176.69921875,10759.0,36617.97265625,23172.5,37175.8515625,35272.30078125,5494.4501953125,13234.349609375,2654.300048828125,500.4500122070313,-745.97,447.42,0.015636548581649423,-0.051791682628326674,0.015977657598173378,-0.05903035991788774,0.024695013840847047,-0.09188776926732778,0.011877469924237438,-0.04563332715553636,0.009613856581848879,-0.04370309775502268,0.011264596333392607,-0.003456671040709458,0.03126002665618488,-0.03438426371872405,0.003191237990107787,-0.0512773267587211,0.023107887877597655,-0.05984236294053835,0.022369790004149737,-0.019878562035164915,0.012703933160514439,0.010923034017957143,0.008194461708438768,0.38808279478454644,-0.28649620448651425,56.375970764333644,0.7170815813663027,0.8363290039565854,0.8971273905597673,0.8678576532322638,0.8545759968084414,0.7633538391759692,0.3511875543463904,0.6916745966958864,0.7762464333861357,Medium
2021-12-08,17469.75,11007.7001953125,37284.265625,23362.80078125,37659.94921875,35959.05078125,5594.89990234375,13433.849609375,2722.550048828125,509.0499877929688,-212.11,307.75,0.017060948527881648,-0.03617301557454822,0.02311554933660198,-0.019638053843398118,0.01819579076659439,-0.09486453985256327,0.00821235435322043,-0.033004630064522145,0.013021830997902883,-0.02159078177366136,0.019469951910964234,0.027243007830711763,0.01828203067832823,-0.014921694375040095,0.015074409086085927,-0.03657526538848399,0.02571299353670753,-0.04615842684587135,0.017184484716087356,0.02538014961450541,0.01403442478902309,0.011444354052058353,0.008359085081262695,0.4931110408547897,0.01203239716046727,55.84513810729467,0.7608365984182803,0.8866381871265181,0.8888391874918454,0.8969169565803166,0.8822138389920395,0.7703242303001518,0.401736879775569,0.7127897637462484,0.8004541028670007,Medium
2021-12-09,17516.849609375,11058.75,37082.01953125,23408.30078125,38201.6484375,35946.3515625,5629.7998046875,13449.400390625,2725.14990234375,507.6499938964844,,,0.002696066593683266,-0.04113938632720582,0.004637644901451798,-0.03436006025016913,-0.005424435492015989,-0.10077644137729302,0.001947540469399378,-0.039558947434723546,0.014383960413847374,-0.01610233897007085,-0.0003531577857061041,0.022296574750026776,0.006237806386693467,-0.03444729164334048,0.0011575819070617221,-0.037310360321505476,0.0009549332313447678,-0.05352091609143006,-0.0027502090758398934,-0.013122142685095817,0.013643128654204471,0.011341503796018114,0.00835373886264055,0.4723902143122122,,,0.756443170993167,0.8849771716722429,0.8869277426080692,0.8744264427894306,0.8825462239344276,0.7668704793638159,0.4006014027200883,0.7100153998298347,0.7961918093087166,
2021-12-10,17511.30078125,11080.0498046875,37105.21875,23429.94921875,38189.55078125,35939.6015625,5658.89990234375,13446.099609375,2796.449951171875,519.4000244140625,-278.32,-741.22,-0.00031677089480919296,-0.038419108696412296,0.0019260589747938095,-0.027652165626242065,0.0006256190747768731,-0.0922020789563015,0.0009248188368009558,-0.031213772374766857,-0.0003166789064035225,-0.019425584356264847,-0.00018777983596651726,0.0122719798155968,0.005168940045082948,-0.014455145755174259,-0.0002454221864270911,-0.04598686631959836,0.026163716266324855,-0.048243823550355835,0.023145928609966893,0.006686717948263032,0.01343263450084423,0.011337711044143538,0.008352101223051061,0.47162610387887144,-0.0249915018299921,55.80946225752641,0.7562155580993695,0.8851014705806391,0.8879743643592685,0.8789311584316385,0.8936845647576324,0.7700850870924634,0.4113307207482496,0.7123428401366869,0.7861350864127676,Medium
2021-12-13,17368.25,11047.150390625,36924.8203125,23177.349609375,37823.55078125,36050.55078125,5642.7998046875,13432.900390625,2758.89990234375,512.4000244140625,-2743.44,1351.03,-0.008169055116863166,-0.02738383569698577,-0.0029692478501840425,-0.018981608271568806,-0.004861807680354935,-0.0653952626675458,-0.010781056630411068,-0.01711134274990589,-0.009583773375509197,-0.010076278532629712,0.0030871020803349136,0.03256465010390608,-0.002845093204349114,0.01772010414929226,-0.0009816392212949054,-0.025231066035287686,-0.013427756435401061,-0.009318345477316692,-0.013477088315305252,0.03202421835662128,0.013049340579983453,0.01089292686843841,0.008380464860608632,0.38201722871901306,-1.4034593145374565,63.00496263185289,0.7553814220153962,0.8740965538429389,0.8783212168176813,0.8673256785915655,0.8756568143227814,0.7428931181053865,0.34166137341876834,0.6819513576194094,0.7673037060241592,High
2021-12-14,17324.900390625,10972.150390625,36893.51953125,23361.400390625,37642.6015625,36102.55078125,5666.7998046875,13575.900390625,2739.64990234375,509.2000122070313,-763.18,425.43,-0.002495911181322197,-0.019621823221670054,-0.006789081106712169,-0.028794090619002843,-0.0008476894670060853,-0.05679714880284348,0.007940976183728576,0.00539250491074017,-0.004784035739968107,-0.01516138507068776,0.001442419016439711,0.04922587368765208,0.004253207774634005,0.018585739684143343,0.010645504384131588,-0.02186336012063783,-0.006977418783351563,-0.03026388084011722,-0.006245144524905988,0.021054741814686473,0.012115153195113802,0.010749255146047167,0.008245636684589096,0.3530722658831637,-0.2961198459549601,56.01358626632772,0.7743622950555243,0.8713498179257538,0.8656395891715238,0.8807432808704556,0.8724175044803831,0.7560270320027433,0.35936970811254265,0.7225524848042044,0.7829972782503711,Medium
2021-12-15,17221.400390625,11026.0,36789.125,23185.69921875,37424.6484375,35737.19921875,5604.10009765625,13512.0498046875,2702.64990234375,499.6000061035156,-3407.04,1553.01,-0.005974060321640162,-0.03950160681160453,0.004907844630074543,-0.034585412836003804,-0.002829617032378162,-0.0747967316744147,-0.007521003404637905,-0.013563393445935934,-0.005790065403373346,-0.03204560485291108,-0.010119826843086877,0.012672122945593722,-0.011064394224653107,-0.022611711766950093,-0.004703230290463267,-0.03825063494686076,-0.013505375255556062,-0.05505058911802596,-0.018853114441035213,-0.03700844668700154,0.01002525731722486,0.010396308254946323,0.008241240551558327,0.2819654782988791,-1.7745370878355813,64.03080826660003,0.7606742183797829,0.8581619522128219,0.8665185853696347,0.873767995570827,0.8624486236324339,0.737070237802246,0.32252842590528397,0.7225447139719277,0.7647108139082421,High
2021-12-16,17248.400390625,10945.75,36548.22265625,23175.150390625,37244.3515625,36160.30078125,5597.14990234375,13393.650390625,2676.89990234375,495.3999938964844,-1468.71,1533.15,0.0015678167505297491,-0.03580695659047539,-0.00727825140576821,-0.04995117717261577,-0.006548194439253474,-0.08487563335499448,-0.0004549713176849046,-0.010526513291043704,-0.004817597025690179,-0.03552518590653797,0.011839247947500464,0.027942672631382726,-0.0012401982818627255,-0.008151475823971133,-0.008762505746642946,-0.0428457962666996,-0.009527686134141677,-0.0857269744088851,-0.008406749711210026,-0.07634936804969028,0.008234365394842494,0.010407440578732736,0.008240189822580717,0.28420826270287536,-0.6906444110469222,57.554365618716034,0.7622532145694724,0.8602047641216453,0.865518075210379,0.8665502328710663,0.857597595795771,0.7428497771972292,0.3126042561946163,0.7444961671280671,0.80769666504295,Medium
2021-12-17,16985.19921875,10678.650390625,35618.234375,22755.75,36438.0,36647.8984375,5476.7998046875,13230.7001953125,2579.35009765625,475.9500122070313,-2069.9,1478.52,-0.01525945397337003,-0.047338076693450803,-0.024402129536578165,-0.06337488968789173,-0.025445513178490087,-0.09602046554271682,-0.018096986796454995,-0.031235267030626623,-0.02165030477566121,-0.05035435101345387,0.013484336294647958,0.041811201311932944,-0.02150203224070424,-0.03839036127555906,-0.012166227321160905,-0.04734918014608602,-0.03644133447130038,-0.11469020159387333,-0.03926116659080381,-0.12949243309184943,0.006320855053502369,0.010716382608264925,0.008398904714828558,0.346449568190183,-1.0268232032848663,60.3183340379914,0.7780869089017093,0.8730251254432123,0.8762002371794116,0.8705551921556423,0.7720279936645619,0.7645170599093151,0.34050933486121987,0.7616518677835219,0.8450777493050444,High
2021-12-20,16614.19921875,10405.2998046875,34439.453125,22070.44921875,36084.6484375,35916.44921875,5269.60009765625,13184.4501953125,2463.89990234375,452.6499938964844,-3565.36,2764.02,-0.021842546279377872,-0.07270279880899144,-0.025597858899611525,-0.10064996971928619,-0.03309488161567531,-0.12972871008846432,-0.030115499653933675,-0.06417903253937007,-0.00969733691475927,-0.06782346258536764,-0.019958831200032612,0.016476908912740562,-0.03783225869492457,-0.0751761744089372,-0.0034956577745134387,-0.05475616848807985,-0.04475941262002581,-0.16561406624384067,-0.048954759350676835,-0.1740717015261073,0.008441552562141571,0.011258756222490045,0.008723301082480539,0.4557193941907391,-1.8630678790781359,66.64704000475768,0.7932858920613105,0.8849287487783283,0.8900577610533481,0.8618270970339958,0.7950581711336171,0.7942129142691403,0.32405760078647805,0.7855517452775596,0.8627581000696222,High
2021-12-21,16770.849609375,10483.900390625,34607.44921875,22325.69921875,36336.80078125,36627.1484375,5424.60009765625,13282.849609375,2463.949951171875,459.9500122070313,-1209.82,1404.89,0.00942870544420904,-0.07182098816810722,0.007553899206449666,-0.09976597551681943,0.004878012816877497,-0.12248007270152017,0.011565238091445496,-0.06738439311310274,0.006987801036408614,-0.07054525783513133,0.019787569044519726,0.02360931683107581,0.02941399672224443,-0.06156096595120164,0.00746329294015502,-0.04103603578196913,2.0312849591475057e-05,-0.1831623295408421,0.016127291304496083,-0.17215616915395549,0.010399883733974552,0.011292145193401075,0.00877586615040566,0.46244613558467323,-0.5458759892127577,58.82460956229263,0.7938934222250794,0.8977715760543782,0.8899085166936797,0.8620366759386303,0.7971653627780074,0.7956700552245117,0.36700980151449997,0.7723919992601957,0.8636883966092688,Medium
2021-12-22,16955.44921875,10652.5498046875,35029.09375,22580.30078125,36505.55078125,36989.1484375,5521.10009765625,13547.7001953125,2506.800048828125,473.5,-827.26,1593.41,0.011007170994593363,-0.06034059499563571,0.016086514348544467,-0.09465209351428872,0.012183635048767405,-0.11022180733727205,0.011403968135796472,-0.0593227027513461,0.0046440522107569215,-0.0631014126731555,0.009883379281292237,0.03278077748715025,0.01778932976860248,-0.04174187654881367,0.019939289664965276,-0.023849495654628683,0.017390814953798017,-0.175557466185569,0.029459696561263682,-0.14861102361928202,0.012145171310474077,0.011554809711923448,0.008847157446790379,0.515364097452093,-0.33195267252660554,58.17608520458475,0.8110177320774791,0.9026126362952718,0.8938262691757826,0.863577786586727,0.7996209580570128,0.8036123793796556,0.4090131116102623,0.7875267770568116,0.8700999294844302,Medium
2021-12-23,17072.599609375,10731.0498046875,35190.73828125,22869.650390625,36995.1015625,37362.8515625,5519.89990234375,13644.5,2546.0,484.4500122070313,-271.59,1196.48,0.006909306212627531,-0.0524276608093438,0.0073691277148928425,-0.09283004693285346,0.004614579309520472,-0.09820051099937976,0.012814249561071689,-0.04873490004911796,0.013410310782146606,-0.04939313501107412,0.010103047536534682,0.04590612980210662,-0.0002173833640526368,-0.024830232246393025,0.007145109744973066,-0.019178639554414567,0.015637446309369585,-0.14251550654607548,0.023125685759305847,-0.11693395230357095,0.012762157461999117,0.01166898556866812,0.008860115160611155,0.5383666471203301,-0.021228160337682895,56.587768727470056,0.8172396175788221,0.9064025453239734,0.8962749771763723,0.8599612385469069,0.804532149385456,0.8075436392827912,0.4194233393609525,0.8033621835427732,0.8739459190591816,Medium
2021-12-24,17003.75,10620.75,34856.64453125,22588.849609375,36913.75,37727.80078125,5492.7001953125,13491.25,2496.60009765625,477.2999877929688,-715.0,-43.24,-0.004032754879180422,-0.048666727933121545,-0.010278566095119568,-0.09147875389889026,-0.009493797695571793,-0.09603551549867417,-0.01227831542912916,-0.054652188896096465,-0.002198982002051375,-0.04225980762130488,0.009767702503635789,0.06025667512751087,-0.004927572512628542,-0.03314553858255587,-0.011231631793030106,-0.016515024851877946,-0.01940294671789078,-0.14337177186645844,-0.014759055080809658,-0.10918253328255789,0.012682842595353683,0.011618381856495347,0.008813791921407231,0.5281717211890589,-0.26917812335474367,57.95312939439717,0.8151889414849398,0.9047456174215064,0.8933178324916606,0.8586752571121531,0.7932371345479546,0.8169015914869463,0.40958807688877685,0.7986694881266054,0.872639678569074,Medium
2021-12-27,17086.25,10641.650390625,35057.4921875,22561.44921875,36883.3984375,37988.5,5489.4501953125,13710.150390625,2501.800048828125,479.6000061035156,-1038.25,955.79,0.004851870910828504,-0.05615168966041073,0.001967882741331861,-0.09096225254132317,0.005762105301614362,-0.09489116316745805,-0.0012130051374386053,-0.06806687964223457,-0.0008222291828925421,-0.052151327328446295,0.006910003057468472,0.0455847602033701,-0.0005916944097501542,-0.04176340039504356,0.016225360187158255,-0.004682514486458289,0.002082813013087881,-0.1408653678474846,0.004818810746637814,-0.11943452748492589,0.012884981902270307,0.011365761381159656,0.008824785755764966,0.4772772922195638,-0.44993594466067927,58.42694317459884,0.8271018039351292,0.9112329061676693,0.8854228617441309,0.8483110259570114,0.7813266556679823,0.8174106459251413,0.4168876144970621,0.8134551703206581,0.8702434891275035,Medium
2021-12-28,17233.25,10783.849609375,35183.390625,22816.599609375,37162.69921875,38357.80078125,5538.7001953125,13836.150390625,2527.699951171875,483.3999938964844,207.31,567.47,0.008603409174043453,-0.04838353768610526,0.013362515543197562,-0.07732955307894596,0.0035911991886541372,-0.09091314652955829,0.011309131259748861,-0.05984008403261931,0.007572533797916892,-0.05386184026346452,0.009721383609513357,0.05189865322523546,0.008971754592482784,-0.015219602856813896,0.009190271179385423,-0.009889492005931033,0.010352506930312755,-0.11936037760098472,0.00792324383780052,-0.11440869191652303,0.011668284160286445,0.01151986866705826,0.008862759185703223,0.5083246659743073,0.24656741777032187,54.620491485069756,0.8323203638070384,0.9098564054326521,0.8885716491013066,0.8651359453285317,0.7843766666120742,0.8357043990915253,0.4346397185259145,0.8236548949727559,0.8699648639797247,Medium
2021-12-29,17213.599609375,10829.5498046875,35044.9921875,22745.349609375,37028.69921875,38274.6484375,5480.5498046875,14072.900390625,2508.89990234375,483.0499877929688,-975.23,1006.93,-0.0011402602889762914,-0.04364636447585013,0.0042378368549178536,-0.09582710783868087,-0.003933629904380509,-0.08514614382454744,-0.003122726489477645,-0.050086376776649844,-0.00360576607235219,-0.050902655753297776,-0.0021678079049476384,0.04450263398643073,-0.01049892367783578,-0.018939073119162098,0.017110973306593724,0.019864088893034593,-0.007437610947220619,-0.10680337869985312,-0.000724050699079104,-0.11383230704839065,0.005650791994886394,0.011488586979054694,0.008857846627235181,0.5020224703742561,-0.4146958583537959,58.51244479461385,0.8994547683754015,0.9092948463981765,0.8892964579881015,0.8636025162182838,0.7893364255901951,0.830462037160599,0.4161490591617193,0.8238586328085915,0.8738166317407086,Medium
2021-12-30,17203.94921875,10755.650390625,35063.1953125,22485.400390625,37075.6484375,38658.80078125,5416.64990234375,14135.5,2490.199951171875,478.3500061035156,-986.32,577.74,-0.0005606259494814747,-0.03881304772782601,-0.0068238676025583755,-0.10828810253963095,0.0005194215739185992,-0.07828147263384067,-0.011428675452975101,-0.05673737946031154,0.0012679143405132098,-0.04967007070778773,0.010036730823989037,0.05449681892428382,-0.011659396341786143,-0.027199617940821375,0.004448237935138266,0.03770396160938572,-0.0074534464903944775,-0.11387090084695128,-0.009729803971069706,-0.10780568064640916,0.005633698844316341,0.011462387527595031,0.00882143906207165,0.4967441724865586,-0.4208972635766352,58.486313651298516,0.9158300604233138,0.9085956577994162,0.8815642202594729,0.8675048872015062,0.7858544827254454,0.8248399365826322,0.4120213355403106,0.8279910410202576,0.87168907706906,Medium
2021-12-31,17354.05078125,10936.900390625,35481.28515625,22631.94921875,37579.94921875,38701.05078125,5521.75,14223.0,2530.39990234375,484.1499938964844,575.39,1165.62,0.008724831757606522,-0.02312156522653097,0.016851607612495823,-0.06899793497408724,0.011923894557349435,-0.06568717111952538,0.006517510276850658,-0.04885195055581648,0.01360194096402978,-0.033101791549277615,0.0010928947392618849,0.07482019555225383,0.019403155003755,0.01804054267556965,0.006190088783559089,0.055009093112516005,0.016143262372548373,-0.10017431297957125,0.012124987392001074,-0.08113499437605487,0.005186049161331285,0.0115405066311217,0.008860561783588319,0.5124825134120734,0.4523936787642547,53.43542808835935,0.9268721618089917,0.916656172697798,0.886730339815812,0.8675626959856965,0.7809466755988073,0.8337488222539617,0.4071789337703378,0.841571547491088,0.872176059964406,Medium
2022-01-03,17625.69921875,11114.5498046875,36421.4765625,22849.25,37606.05078125,39123.80078125,5628.10009765625,14156.400390625,2584.699951171875,489.6499938964844,,,0.015653315812207858,0.012008602629009824,0.01624312261404337,-0.023304571305388988,0.02649823426940845,-0.01903920130148118,0.009601505338743488,-0.011637999859756665,0.0006945608773460954,-0.019441084976179468,0.010923476015922917,0.10273279346654829,0.0192602159924391,0.03808838650590807,-0.0046825289583772856,0.06878269038705942,0.021459077981243357,-0.03748120089526563,0.011360115809845306,-0.03058802617370171,0.006944859273187726,0.011344165868498962,0.008970514346348818,0.4729265313253448,,,0.9227267659569266,0.9124540756685839,0.8713089191209982,0.8388703978619904,0.7627634412753267,0.8756046662710235,0.29859184699825664,0.8321349244008293,0.8523237742756555,
2022-01-04,17805.25,11139.400390625,36839.71875,23370.349609375,37800.3515625,39370.69921875,5606.85009765625,14040.650390625,2616.75,487.0499877929688,1909.78,-183.79,0.01018687423526421,0.017248149489244025,0.002235860774767451,-0.027610691559205147,0.011483394605989794,-0.011607753146548161,0.02280598310119597,-0.009183027756841877,0.005166742511204525,-0.019703008270571143,0.006310696623788248,0.10889638893772635,-0.003775696883722701,0.001151738344578046,-0.008176513577325406,0.04082299692283953,0.01239991079567826,-0.048281505728314245,-0.005309927776829926,-0.05610467481982795,0.006022137823301233,0.011454939473028078,0.009026183845949342,0.4952436429526203,1.198569793760163,48.75150495287046,0.916270050959453,0.9143181033020275,0.8822842545359247,0.8400914291468718,0.7652579721843883,0.8799813447897786,0.25549205861260205,0.843929624030452,0.8402337100241504,Medium
2022-01-05,17925.25,11256.849609375,37695.4609375,23518.0,37910.94921875,38609.1484375,5684.14990234375,13999.849609375,2658.35009765625,492.8999938964844,,,0.0067395852346920915,0.029296453117398258,0.010543585348529616,-0.004598168849720308,0.0232287926329513,0.006782452800346617,0.006317851170089872,-0.005583530558618932,0.002925836709934737,-0.007000068244935709,-0.01934308499370818,0.10418327494369573,0.013786672256462129,0.014555706862179107,-0.0029059039371311934,0.04413377117113937,0.015897620199197382,-0.03646309476288068,0.012011099990012264,-0.044119130108505655,0.005971975099771643,0.011455546460103121,0.009047569945047577,0.4953659301921449,,,0.9169854092231706,0.9103076117698182,0.8911449467317546,0.8409717800892788,0.6900995365778047,0.8848220386102207,0.23714925914246432,0.8533152198094737,0.8463126398049297,
2022-01-06,17745.900390625,11316.599609375,37489.8125,23370.599609375,37622.5,38009.0,5656.0,13912.25,2671.050048828125,485.6499938964844,-1930.16,984.11,-0.010005417462796928,0.011955257858721202,0.005307879386630354,0.006121189515680969,-0.005455522558563963,0.003358715100940657,-0.006267556366400195,-0.03500048065508454,-0.007608599222499568,-0.01665588510118332,-0.015544202910134475,0.07673458403269096,-0.004952350452992582,0.005689900426742556,-0.006257182171181208,0.02548557107581173,0.004777380971404677,-0.026673936839528123,-0.014708866077857152,-0.07618416850021748,0.008630516677603083,0.011570734229685131,0.009112896870623331,0.5185723458611677,-0.9486821423435161,61.91496100439511,0.9038478133537171,0.9144005174053093,0.9069797965687063,0.8446692316358845,0.6980942188680394,0.8812777576587092,0.24085962889245963,0.8393191630239548,0.8478690724417824,High
2022-01-07,17812.69921875,11290.900390625,37739.1640625,23577.69921875,37864.44921875,38139.8515625,5684.85009765625,13857.9501953125,2673.550048828125,485.7999877929688,-2324.74,1310.71,0.003764183651131514,0.04617815434671835,-0.0022709311663470233,0.04937923347882478,0.006651181904417269,0.0475802395054401,0.008861544540428534,0.00977750281830203,0.006430971326998547,0.008450729135347501,0.0034426468073351923,0.1021120027668494,0.005100795200892794,0.06782814701220952,-0.0039030210560836442,0.004410389694958328,0.0009359614961528262,0.01704233906918695,0.0003088518446814348,-0.014204545806402846,0.008315370946563786,0.010146133235707283,0.009016358721035364,0.23156372551267312,-1.1693269099564967,59.794726165891056,0.868366918826352,0.8913125480838038,0.8765010125170997,0.8213757353275795,0.6511187308034179,0.8422448200683919,0.4483786347297343,0.8049429833686755,0.7966692846381822,Medium
2022-01-10,18003.30078125,11501.7001953125,38347.453125,23712.349609375,37984.05078125,38212.19921875,5718.7998046875,13858.9501953125,2759.85009765625,495.1499938964844,,,0.010700318921871732,0.05566754951141961,0.01866988436657624,0.0745084640613809,0.016118244206273724,0.0659167171198185,0.0057109215524269175,0.028639376698604835,0.0031586769375420154,0.017661134369045817,0.0018969045050278854,0.09582384143587386,0.005971961696095818,0.07806277341383394,7.216074425908658e-05,0.015396986814388391,0.03227919704213211,0.0717656143857186,0.01924661658801896,0.021770506933743494,0.008164248810271254,0.01028263446894342,0.009000620223641764,0.25906407879937077,,,0.8753653832954247,0.8951150502130424,0.8928721877484311,0.8247241164594881,0.6406327859565891,0.8391255971799249,0.45068711390743954,0.8254809572422599,0.8144060056206716,
2022-01-11,18055.75,11479.7001953125,38441.75390625,24003.30078125,37849.8984375,38605.44921875,5610.35009765625,13854.25,2753.75,497.9500122070313,,,0.002913311252602302,0.06315363598077961,-0.0019127606898470262,0.08262802615758735,0.002459114584288269,0.07695408054221708,0.012270027081583201,0.05169470885806016,-0.0035318071925130035,0.01238264229694952,0.010291216104804546,0.10163579008382384,-0.018963718041389965,0.07856083338136322,-0.000339145118949169,0.014012515593386343,-0.0022103003570485003,0.07562061013654486,0.005654889114534267,0.02122642734610314,0.008200175107818406,0.010221019837519073,0.008994432254319826,0.2466508273464115,,,0.8716139371869553,0.8937158888953691,0.8826928988755219,0.8282252719759519,0.6457338361809986,0.8118070148976922,0.4541104733893442,0.8222672826818349,0.8264760753405856,
2022-01-12,18212.349609375,11645.900390625,38727.1015625,24515.80078125,37992.94921875,38604.75,5685.0,13833.7001953125,2770.60009765625,507.4500122070313,,,0.008673115731830494,0.06089912534943864,0.01447774702168303,0.08251883156175377,0.007422857368732272,0.06497068632183756,0.0213512301774903,0.060794085557601685,0.003779423120149561,0.014285326945598253,-1.8111918502428104e-05,0.08963702051991307,0.013305747599411832,0.06816726003787577,-0.001483285250915789,0.029132397268086363,0.006118964196550225,0.05416155147198709,0.019078220237195742,0.025876919980768465,0.00714576499605768,0.010165281157367954,0.0089884800198677,0.23542138011322541,,,0.8695020048671528,0.8915372099522898,0.8704622491241989,0.83473610087658,0.627882478336611,0.8104658427580544,0.5291545745070022,0.8165685174379163,0.8249510977875624,
2022-01-13,18257.80078125,11686.150390625,38469.50390625,24817.55078125,38087.25,38607.0,5882.75,14051.150390625,2786.89990234375,503.7999877929688,-1390.85,1065.32,0.0024956237305924223,0.04919937887536485,0.003456151834546173,0.07477133772572309,-0.006651612071568946,0.05373313062279128,0.012308388483511568,0.05644363065620439,0.002482060045063905,0.005136845438784343,5.8282983311563896e-05,0.06773489938323829,0.034784520668425634,0.08838035033427771,0.0157188743606127,0.036449833342553584,0.00588313149244768,0.055324087706094094,-0.007192874817733452,0.012968697316373845,0.006743300695429503,0.009925487663323731,0.008977680552479347,0.18711115136488898,-0.6471059610333718,56.1279695825789,0.8701934553954018,0.8994245513692506,0.8553048102893834,0.8259299462547989,0.6042601315101312,0.7532061799338776,0.4978330415134759,0.8299163600541478,0.8315288216416115,Medium
2022-01-14,18255.75,11643.0498046875,38369.953125,24867.849609375,37816.0,38826.8515625,5871.39990234375,13964.150390625,2783.35009765625,509.6000061035156,-1598.2,371.41,-0.00011232356375068253,0.06158453827553667,-0.003688176559158096,0.07918431743135201,-0.0025877843783118637,0.06003931208385782,0.002026744241136136,0.06920095479823907,-0.007121805853664953,0.008477720851284731,0.005694603634055939,0.0830951953127681,-0.0019293863679826773,0.08882872351358939,-0.0061916638553699554,0.038701770427956195,-0.0012737467479598807,0.05684134219179171,0.011512541586107039,0.026798345028561377,0.006710787987527775,0.009604619544182609,0.00897401904095263,0.12246714467262497,-0.7630537854658104,56.047928448866365,0.8685838633747606,0.9014438639127728,0.850166932249976,0.8114497952392876,0.584009184620451,0.7647091164472719,0.47449050710133783,0.8466145780737513,0.8427290795108517,Medium
2022-01-17,18308.099609375,11881.25,38215.703125,25184.5,37988.8984375,38804.94921875,5888.39990234375,13862.4501953125,2791.050048828125,516.0999755859375,-855.47,-115.31,0.0028675682661627455,0.08253482590282202,0.02045857393967343,0.12195227663707575,-0.004020072672423991,0.06940492883692717,0.012733324175550065,0.09973581362852335,0.004572097458747537,0.03169441039701937,-0.0005641030078048503,0.11254640151790896,0.0028953912666065396,0.10520092536900605,-0.00728294901355242,0.05080256933521565,0.0027664328602998722,0.07581858414158327,0.012755042002690953,0.05434111457801327,0.003804999578866667,0.008940683386502769,0.008975781668045421,-0.011293396995321238,-0.347727392214279,51.95084358934182,0.8232816600363573,0.9020598789707004,0.8280756003891235,0.7780447382881508,0.49634028611989495,0.7648448640857501,0.3788163106178305,0.8529870436219444,0.8506693421553164,Medium
2022-01-18,18113.05078125,11598.75,38209.85546875,25054.94921875,37503.1484375,38091.75,5755.14990234375,13697.599609375,2741.199951171875,502.6499938964844,-1254.95,-220.2,-0.010653690567923424,0.05451289276101923,-0.02377695949500258,0.0780509341016824,-0.0001530171047977591,0.04347271836821087,-0.005144068027953752,0.08123634561441362,-0.01278663030461824,0.008804018233442346,-0.018379078780121016,0.07993380517578141,-0.022629237519510625,0.047447824216090284,-0.011891879401899952,0.03500360906831723,-0.01786069643472732,0.032739291242569246,-0.02606080667642563,0.004396006865402979,0.006897440691709087,0.008915919681409458,0.00905362031373941,-0.016282440849419946,-0.5711121855794612,53.231283823283725,0.8283725662363693,0.8685409812013275,0.8269009355113354,0.7855383243960796,0.5278656854450499,0.7624300194981533,0.428088304011498,0.8518054766350653,0.8544363546127663,Medium
2022-01-19,17938.400390625,11681.400390625,38040.91015625,25293.94921875,37106.3984375,37281.69921875,5801.10009765625,13682.7001953125,2801.64990234375,501.8999938964844,-2704.77,-195.07,-0.00964224043394124,0.02682639365903916,0.007125801541114418,0.061202629373880324,-0.004421511424929969,0.020293936827406656,0.009539033502456329,0.0826591150428273,-0.010579111795405494,-0.014698659789333934,-0.021265780155808045,0.03678207318502591,0.007984187396020248,0.036855028492309705,-0.0010877390555570354,0.018524145585479435,0.022052368396560107,0.02905359023598919,-0.0014920919309797664,-0.014045759882018394,0.007105620596740083,0.008670352258485448,0.009116580422649687,-0.06575591977712836,-1.3818354786522267,57.50194183458782,0.7677024868613928,0.8519803046540415,0.7936620380677737,0.7768644868116902,0.5170599282445025,0.711438358904031,0.3695657888707432,0.7430778969892644,0.8366546745875936,Medium
2022-01-20,17757.0,11583.2001953125,37850.41015625,25270.099609375,36681.3984375,36662.19921875,5831.14990234375,13454.900390625,2794.949951171875,503.0499877929688,-4679.84,769.26,-0.010112406160797005,0.013709679307657652,-0.00840654305380295,0.04742400319317275,-0.005007766618031373,0.020721380192156413,-0.0009428978119921938,0.07953583839867173,-0.011453550274242996,-0.039795403135213236,-0.016616731881374025,0.019914334143351198,0.005180018303707623,0.035765054645211514,-0.01664874633192215,0.0004089401638927015,-0.0023914305517866996,0.025613287829815867,0.0022912809533159884,-0.009061373306060827,0.007741685783587942,0.0088923590426093,0.009182948971398508,-0.0210291077864413,-2.486272756693106,64.66528724672133,0.7733256341933532,0.8553097296631889,0.7860101066735509,0.8226989928873704,0.5488591311380712,0.6811860593075983,0.4143478888336865,0.7323886231311446,0.8110492668155034,High
2022-01-21,17617.150390625,11561.75,37573.86328125,25055.849609375,36812.8984375,36054.6015625,5719.5498046875,13243.0498046875,2709.60009765625,491.2000122070313,-3148.58,269.36,-0.007875745304668613,0.006044645723197073,-0.0018518367075430753,0.04347455145090717,-0.007306311182848191,0.012630151419064095,-0.008478399504231238,0.06939410646796706,0.0035849233017670734,-0.03604787999826109,-0.01657286439977823,0.0031998128805077464,-0.019138608940818647,0.010717613562775785,-0.015745236292132758,-0.015101018926405141,-0.030537167035795898,-0.03105718143792624,-0.02355625856970378,-0.0542934364295492,0.0061825156807212385,0.009022219051419002,0.009222353850374863,0.005133264782769108,-1.6300091172408957,59.8416538808386,0.7699703124295746,0.8573894831751535,0.792166036552353,0.7872895742635692,0.5665173829933573,0.694002795240077,0.44005673161463754,0.7702289637790961,0.8448446722516473,Medium
2022-01-24,17149.099609375,11261.2001953125,36947.12109375,24425.25,35941.3515625,34821.6015625,5420.4501953125,12998.599609375,2654.60009765625,462.2000122070313,-3751.58,74.88,-0.02656790518738339,-0.012617874030198761,-0.025995182795640837,0.019376019798657884,-0.01668027008052575,0.0006039509755568773,-0.025167759992423155,0.05384137581116,-0.023675040868615382,-0.04976262619116789,-0.03419813134982552,-0.03408961006468669,-0.052294257343448725,-0.03940412863669085,-0.018458753755194235,-0.03233112497082935,-0.020298198264597778,-0.03780485279617973,-0.059039086480675906,-0.09797035483055583,0.009433921680904307,0.01016636308189447,0.009605200603934723,0.23563935108684486,-1.9672000414403672,64.63087246168433,0.808313025637656,0.8496074838662566,0.8230776986425224,0.8296294546674471,0.6791618565956508,0.7741902761919445,0.5223598632902953,0.7535867825732636,0.881143484425653,High
2022-01-25,17277.94921875,11522.75,37706.3125,24716.400390625,36382.8515625,34707.44921875,5485.14990234375,13092.099609375,2767.10009765625,470.6000061035156,-7094.48,4534.53,0.007513491221694313,-0.0027100399319124335,0.02322574860150084,0.05018155874398622,0.0205480531033424,0.022030778821780395,0.011920057752735413,0.058001659889522994,0.012283900877579912,-0.03346607162388526,-0.0032782048678924314,-0.03864274219716768,0.011936223874393415,-0.03205511198639688,0.007193082548105023,-0.03563673622591501,0.0423792646204324,0.010019599690097802,0.018173936985362404,-0.07580519477250447,0.010934824115155497,0.010258121234130491,0.009615400761018794,0.2541254961831308,-3.8365127122636062,76.06858222777922,0.8070484954317779,0.8460491756325015,0.8341570423306113,0.828148300728882,0.6705781175830517,0.7821125489593509,0.5529854612995021,0.7379877709420867,0.8832339377457691,High
2022-01-27,17110.150390625,11561.599609375,37981.66015625,24557.0,35966.80078125,33475.05078125,5445.89990234375,12847.900390625,2907.300048828125,462.1000061035156,-6266.75,2881.32,-0.00971173291462768,-0.006459985685052794,0.0033715570827277386,0.04857605744376925,0.007302428638440883,0.03241542592410118,-0.006449174965034943,0.05914424957868181,-0.011435353837928042,-0.038954211117965154,-0.03550818240005438,-0.06329954464683218,-0.007155684110516036,-0.028229366455938654,-0.018652410693173582,-0.04915238055384452,0.05066674360303236,0.07572203351492224,-0.01806204821453039,-0.07506004712143677,0.009875376198896493,0.010354927876909642,0.009664851001325369,0.27362874032100876,-3.373655260045317,73.525476444124,0.8007097993332468,0.8147107192833091,0.834597323877303,0.8321866521314778,0.6669696913180185,0.7773829746078812,0.5692140945813826,0.5801242453604033,0.8842900797875094,High
2022-01-28,17101.94921875,11493.400390625,37688.9609375,24677.0,36188.30078125,33851.94921875,5466.0498046875,12983.0498046875,2896.949951171875,465.6499938964844,-5045.34,3358.67,-0.0004793161771092791,-0.008490710359124076,-0.005898770157608535,0.05003315356416871,-0.007706330306413323,0.03121186745465243,0.004886590381561362,0.06480430910094714,0.006158457110132298,-0.028354656127596578,0.011259084861825253,-0.06383662504535736,0.0037000133504250243,-0.02342265258991061,0.010519182897862134,-0.030656361332598525,-0.003560037657764914,0.0822033160954061,0.007682293326292555,-0.06005248358201709,0.010424260896940344,0.010349866591711934,0.009600546925823938,0.27260906359192805,-2.6906563102501653,69.41524662460412,0.8070892729404814,0.8176242008949826,0.8358465489340693,0.8279472123531619,0.6616984039286707,0.7769782776070735,0.5655571837341636,0.5865579847181345,0.8841371422953169,High
2022-01-31,17339.849609375,11703.5,37974.91015625,24983.94921875,36467.25,34824.55078125,5473.4501953125,13179.900390625,2982.25,480.25,-3624.48,3648.65,0.0139107178709299,0.020879966496565983,0.018280021772005384,0.09597182901265655,0.007587081512387517,0.06616486815259215,0.012438676449730623,0.09791807427792976,0.007708270704285924,0.0008027334101761152,0.028731035728994048,-0.04975313002898574,0.0013538827653296615,-0.0006115997470151902,0.015162122066760375,-0.0038395401556674535,0.029444778220493406,0.15620210017626102,0.03135403477909482,0.009034536574606289,0.01326661884462389,0.010259240545141489,0.009661505472634294,0.25435099926109106,-1.8961271285618386,64.42897476250413,0.8002320885932241,0.7959102699377323,0.8232742660031065,0.8209134758816363,0.7754419339905987,0.7451453635781013,0.5718471351514114,0.5694515146356488,0.8821844124398845,High
2022-02-01,17576.849609375,11616.099609375,38505.05078125,24888.44921875,37183.80078125,35371.6484375,5719.39990234375,13477.5,2964.949951171875,488.6499938964844,,,0.013667938611870323,0.0579414257618025,-0.0074678848741829285,0.11636375956625922,0.013960286484384188,0.11805058696761761,-0.00382245413500637,0.1276820409077113,0.01964915866290995,0.03046038665594253,0.015710113812711812,-0.015168559061389364,0.04493504065166842,0.08535748374673746,0.022579807172646404,0.022226926443370987,-0.0058010055589320375,0.20335649526651145,0.01749087745233613,0.0795316480402577,0.01464122606720738,0.009590620947830825,0.009769329558948913,0.11964690388750357,,,0.68738674691985,0.7570741364348305,0.7205345487122755,0.8300399542844465,0.7797087190910107,0.7107418805036808,0.6306100242800915,0.4226315950698869,0.8577243700658842,
2022-02-02,17780.0,11632.400390625,39330.04296875,24998.94921875,37581.5,35788.75,5779.7001953125,13643.650390625,3066.10009765625,495.5,-183.6,425.96,0.011557838585399605,0.06017288414898658,0.0014032921374782514,0.10954892332123078,0.021425557706360232,0.13646176926097575,0.004439810573523051,0.11973869099494538,0.010695496705397156,0.034254507606301665,0.011791974107087544,-0.02289008217308075,0.010543115361463018,0.06546106464321211,0.012327982980893992,0.027162904938361043,0.03411529643001088,0.24438408182681925,0.014018226110869003,0.07729098130117462,0.015037629542101983,0.009655728810685958,0.009703546558572895,0.13276392259722183,0.027974873526846935,51.42531783000558,0.6687452082835227,0.7707618160598386,0.7044147067126894,0.8334375856997653,0.7817175707391031,0.705640788317685,0.637828074934651,0.46460413970271974,0.855682476392192,Medium
2022-02-03,17560.19921875,11683.400390625,39009.546875,24728.94921875,37467.19921875,35056.80078125,5761.60009765625,13617.599609375,3050.75,486.8999938964844,-4338.94,3061.7,-0.012362248664229525,0.03566699957033537,0.0043843057569701305,0.09677031366554978,-0.008148887454932474,0.11363277489872248,-0.010800453956580358,0.09515588203697334,-0.0030414108337879497,0.02634252646295976,-0.020451935838776136,-0.05224093383807038,-0.0031316672222773123,0.04356015934253654,-0.00190937033009142,0.005159504052701491,-0.005006391561705237,0.21698976407239168,-0.017356218170566318,0.028299881513166536,0.011066311008536032,0.009844411604984211,0.009789034965757644,0.17077708467134747,-2.295645250789955,65.8231965207959,0.6292826609163304,0.7768761219860009,0.7167845436786625,0.8255181861616431,0.7903518910077048,0.6851283446447067,0.6102883908260136,0.4682392640219283,0.8574479488433638,High
2022-02-04,17516.30078125,11560.599609375,38788.90234375,24699.150390625,37508.3984375,35080.1015625,5829.5,13580.2998046875,2992.300048828125,473.4500122070313,,,-0.0024998826581151823,0.025989080867998116,-0.01051070554327127,0.07730369533138681,-0.005656167500663889,0.10224747300675818,-0.001205017967459976,0.07999685035631199,0.0010996076463964943,0.013874725391220588,0.0006646579474092196,-0.061096782085314105,0.011784903706067773,0.05608799129215991,-0.002739088074070084,-0.004705206882809954,-0.019159207136564826,0.1752945989112824,-0.027623704781381764,-0.022706161054443563,0.011099490271003671,0.009806580474947639,0.00979216351309333,0.16315539938268067,,,0.6261526013787768,0.7789780252873866,0.7140571815996348,0.8269532618209373,0.7832186519870229,0.6794477540920522,0.6063652213009824,0.46431968232230825,0.843431726724261,
2022-02-07,17213.599609375,11407.25,37995.0078125,24825.0,36764.94921875,34621.25,5829.0,13381.7001953125,3019.949951171875,468.2000122070313,,,-0.017281112927623465,0.012341372307579146,-0.01326484910442205,0.07405315067203344,-0.020467053287933967,0.09003629934706892,0.005095301149417919,0.09899354899848167,-0.01982087345021688,-0.00403103941620675,-0.013080109294509645,-0.08234115736727221,-8.577064928383393e-05,0.06122668136420417,-0.014624096097381356,-0.008120063351246154,0.009240350864739844,0.2096250232493917,-0.011088815850963107,-0.019065526542365374,0.012687157831576503,0.010321272525981005,0.009939023128773145,0.26684833241858186,,,0.6495290147617614,0.806301326511002,0.6669503843642886,0.8465934975891366,0.8010048974228324,0.6481588510759345,0.6299907376153526,0.42320662501988476,0.8269579132710574,
2022-02-08,17266.75,11429.7998046875,38028.0078125,24500.900390625,36765.94921875,34521.55078125,5875.60009765625,13444.7001953125,3044.85009765625,464.25,825.18,117.79,0.0030876976246183574,0.010564050040237083,0.0019767958699510313,0.07406270504402568,0.0008685351550090648,0.08473269020820484,-0.013055371978851982,0.08596305818259187,2.719981997123533e-05,-0.003184338312778312,-0.0028797117016283735,-0.09126312486015509,0.007994526961099702,0.07034400324343726,0.0047079219441836795,-0.01936158158367207,0.008245218260889642,0.2170637294065514,-0.008436591422566364,-0.03200585051744664,0.01269272537508287,0.010300395198408314,0.009943452678697676,0.2626422613793709,0.5920734813443309,49.599266248486465,0.6510870758324235,0.8031741821544587,0.6362985307649665,0.8496187204155763,0.7988620697122074,0.6538486070247588,0.6349256100538214,0.4287784427572013,0.8193570403493299,Medium
2022-02-09,17463.80078125,11680.150390625,38609.80078125,24514.349609375,36852.8515625,34983.30078125,5985.0,13570.2998046875,3026.0,467.0,,,0.01141215233034587,0.013378253158864428,0.021903322036736617,0.0831151039486675,0.01529906514215984,0.09738715045318358,0.0005489275306447272,0.0744085459299737,0.002363663813844452,-0.008337598257493362,0.013375702700204162,-0.08797428244764016,0.018619358112440088,0.08057843698873812,0.00934194199576055,-0.019214201814229614,-0.0061908130291076224,0.19713575916995474,0.005923532579429125,-0.033926342787658936,0.012313038663780014,0.010389889685249636,0.010003874554360317,0.2806723549323757,,,0.6598795675490372,0.8177424512057757,0.6083671835850845,0.8383739436009211,0.8022321191487822,0.6635118150205406,0.63789804812456,0.3922761219955027,0.8141007785632303,
2022-02-10,17605.849609375,11674.0498046875,39010.49609375,24685.55078125,36982.55078125,35341.8515625,6059.4501953125,13613.0498046875,3024.550048828125,471.2000122070313,,,0.008133901085124018,0.022787215277527917,-0.0005223037147189524,0.07798108095264156,0.010378072520244475,0.11315465231190536,0.0069837125847926895,0.0853010046095446,0.003519380814535955,-0.0012462883783028733,0.010249198138620796,-0.07662505064648906,0.012439464546783574,0.10562815981160645,0.0031502620144938653,-0.03267631924999914,-0.0004791643000248147,0.20552838556957487,0.008993602156383895,-0.02453157206375156,0.011522638283121278,0.010477147068564757,0.010027234919193006,0.2982517482546873,,,0.6484023330834159,0.8223143932758832,0.6115501999485429,0.8383586299842332,0.8067521966640027,0.6697854354043732,0.680631700367051,0.3785277129278083,0.8164274429834938,
2022-02-11,17374.75,11552.900390625,38516.80078125,24549.69921875,36671.6484375,34379.05078125,6023.7998046875,13510.2998046875,2963.64990234375,461.8500061035156,,,-0.01312629691281364,0.009927998454206666,-0.010377668083431879,0.0741238298982747,-0.012655448198186203,0.09849659844089542,-0.005503282616776239,0.09180618500285553,-0.008406730665739381,-0.010896640167495364,-0.027242511036733363,-0.11070571030428167,-0.005883436529039998,0.11208955965218292,-0.007547904508850012,-0.044229082474090076,-0.020135274834672034,0.19012527526115797,-0.019842966598667133,-0.03449357121243435,0.011274939653087885,0.010780394723916504,0.010076783643635462,0.3593458311272519,,,0.6664056322337946,0.8326573625679734,0.6374523380016021,0.8425516888130318,0.83174284667107,0.6762331927581704,0.6887321805807094,0.4164575170739241,0.8249104397637431,
2022-02-14,16842.80078125,11107.150390625,36908.12109375,23899.80078125,35661.25,33880.6484375,5719.0,13252.150390625,2787.39990234375,437.3999938964844,-4253.7,2170.29,-0.03061622289529342,-0.029459980637625782,-0.03858338468508904,0.015566567667191666,-0.04176566212329624,0.040213761458092634,-0.026472765784585905,0.056020431569792306,-0.027552577551075652,-0.05105646118842255,-0.014497268901380589,-0.12455481818817704,-0.050599258702175964,0.03572237062525474,-0.019107600704237004,-0.06825913023799479,-0.05947058721767906,0.1015649738849409,-0.05293929172656808,-0.09656098438368577,0.015174634731252785,0.012049153490526598,0.01054268802107514,0.6149575460559609,-2.247979986480232,70.86737047155292,0.737628847747791,0.8687953706557322,0.714014590419776,0.8765571037891964,0.7887449649648295,0.7434549267671224,0.7126614275799903,0.55232582413577,0.8585414499054942,High
2022-02-15,17352.44921875,11552.2998046875,38169.65625,24363.80078125,36438.69921875,34913.30078125,5845.5,13356.900390625,2898.550048828125,450.7000122070313,-2298.76,4411.6,0.03025912638397754,-0.01550293106722933,0.04007773356865951,0.03938531093858444,0.03418042205523242,0.047998594579220066,0.01941438777029547,0.06628448554110089,0.02180095253952108,-0.031041588740342574,0.030479119833108914,-0.1076199120719854,0.02211925161741557,0.038627582767101654,0.007904377547216956,-0.0564762212101223,0.03987592393574957,0.12142612434141675,0.030406992446585512,-0.0795465785254097,0.020495493992594205,0.012999731428492424,0.010984170446852948,0.8064666518775808,-1.1547991815805396,66.60639491201421,0.7803801203452432,0.8836674359735608,0.7336142573897254,0.9117107662302368,0.8162585665004137,0.7317281372835306,0.7356068300602401,0.5897933151966608,0.8662527627419303,High
2022-02-16,17322.19921875,11509.7001953125,37953.359375,24392.94921875,36460.75,34801.94921875,5812.14990234375,13425.099609375,2864.5,455.7999877929688,-1890.96,1180.14,-0.0017432697608654735,-0.0271296826076578,-0.0036875436142779217,0.03324234623967248,-0.0056667231578748645,0.030229346552760994,0.0011963830176460188,0.04375628206112858,0.0006051473220167747,-0.03543886517259165,-0.003189373677317864,-0.11604442112179114,-0.005705260055812178,0.036615889690597925,0.005105916549162037,-0.043840617359221845,-0.01174726958462946,0.09467851342313938,0.011315676609289227,-0.06416179197869831,0.019263091168616277,0.012845032083878152,0.010949600879030479,0.7752999984397067,-0.9267619363259054,64.86417159923191,0.7877522740925994,0.8797384801624692,0.7313321765085704,0.9107775748459969,0.813612586142594,0.7483287398477418,0.7593328657467633,0.5850008254261981,0.8733854684805825,High
2022-02-17,17304.599609375,11492.849609375,37531.2109375,24757.94921875,36571.69921875,34634.1015625,5793.39990234375,13324.400390625,2830.300048828125,454.7000122070313,-1242.1,901.1,-0.001016014719190439,-0.03462436454861162,-0.0014640334371491814,0.020965013142171918,-0.011122821390563642,-0.004357288541247173,0.014963340296688665,0.0527234126520113,0.0030429768655335643,-0.03532620595365188,-0.00482293837034764,-0.10295608776336407,-0.003226000759622316,0.019220112396218347,-0.00750081725126861,-0.04824689104500701,-0.011939239368781607,0.06468295930000934,-0.002413285685380795,-0.07750047101334634,0.01925347349200115,0.012765094807149765,0.010930341010241573,0.7591953574874577,-0.5639266078415454,62.49390393689877,0.7848046766794908,0.879773979216663,0.712494383527209,0.9088975146821319,0.8507603119230016,0.7444615214662836,0.7631844535396641,0.5762898301229008,0.8716990312017114,High
2022-02-18,17276.30078125,11420.4501953125,37598.7109375,24540.69921875,36498.69921875,34483.1015625,5778.39990234375,13208.7998046875,2825.5,449.0,-2529.96,1929.08,-0.0016353356196504576,-0.026462427886898565,-0.006299518093705991,0.009176836640174768,0.001798503120840067,0.0029047474563923537,-0.008774959431432583,0.05006716254321608,-0.001996078977992144,-0.029870444049438505,-0.004359864791858681,-0.09276483036912309,-0.0025891532179457277,0.02164071823616509,-0.008675856515002023,-0.05056336648008053,-0.0016959505159576116,0.05782368295181772,-0.012535764358933,-0.07546585886356727,0.018639606077419345,0.012654619190005543,0.010926025608876438,0.7369382801775674,-1.2840836619701212,66.54776133395154,0.7983067828276234,0.8798562141805137,0.699211476454495,0.9078813828447452,0.8480422606959822,0.7448307532983355,0.7578876414059574,0.584120412822664,0.867771743697867,High
2022-02-21,17206.650390625,11361.599609375,37685.1640625,24174.400390625,36200.30078125,34472.05078125,5658.9501953125,13029.900390625,2786.550048828125,442.8999938964844,-2261.9,2392.85,-0.004031556958107085,-0.03402341333463155,-0.005153088094693059,0.006261610350287272,0.0022993640697870354,-0.00143087430104627,-0.01492617732118795,0.02530786258399953,-0.00817559101795906,-0.043950155669395974,-0.00032046946908093066,-0.09616714882173971,-0.020671761915058928,-0.004555951678378967,-0.013543956809687785,-0.05975269018989482,-0.013785153485002644,0.04226590037075617,-0.013585759696025934,-0.08830793531177883,0.018164484315828833,0.01263735404689766,0.01092829245777512,0.7334599413834347,-1.1341874776568373,65.60664416254224,0.803167855086833,0.8767455380827747,0.6858539599414701,0.9068024552299715,0.8444837960788891,0.7384215021107264,0.7564805401382343,0.5865900754694074,0.8679369543458378,High
2022-02-22,17092.19921875,11343.0498046875,37371.21484375,24166.349609375,35879.8515625,34129.55078125,5595.89990234375,12954.5,2745.39990234375,430.0,-3245.52,4108.58,-0.006651566067580439,-0.05060747323895687,-0.0016326754440627589,-0.013793646846199104,-0.008330843889370443,-0.025457708444620475,-0.0003330292011346492,0.019146141461262145,-0.008852114812150313,-0.055396914638411676,-0.00993558527090277,-0.106841493579797,-0.01114169427060463,-0.021490506144840604,-0.00578672041723749,-0.0652610899502627,-0.014767416971993907,-0.005235862384254664,-0.029126200212816866,-0.1315762793084161,0.01773027893515192,0.012475844453955335,0.010896503472474724,0.7009212546638716,-1.6842168920201608,68.51635640808742,0.7948769343159926,0.8732521503984327,0.6843173087585507,0.9101826446037775,0.8496031935767646,0.7431889665465835,0.7638041434046338,0.5728131239593027,0.8573398877740513,High
2022-02-23,17063.25,11318.7001953125,37391.6171875,24164.75,35933.1015625,34114.30078125,5608.89990234375,12976.2998046875,2773.89990234375,443.5499877929688,-3417.16,3024.37,-0.0016937094155936583,-0.054968638799274494,-0.002146654541262616,-0.014024756505900848,0.000545937396879026,-0.027317606821765317,-6.619160116672074e-05,0.006726125720014187,0.001484119852258603,-0.05064206125057713,-0.00044682685974228864,-0.11633457266749603,0.0023231294745917896,-0.000258485707176459,0.001682797845343309,-0.06337045998971436,0.010381001316299932,0.007317259135270149,0.03151159951853222,-0.10924796280845306,0.012647381609641392,0.012446001914649629,0.010840982979771877,0.694908998551435,-1.7801960797972707,69.02008446140084,0.7980149601286425,0.8730723090638798,0.684827713029305,0.9135200948360614,0.850901882967969,0.7677923043218428,0.7624973977659704,0.5738585928566192,0.8200660833326263,High
2022-02-24,16247.9501953125,10609.7998046875,35227.69140625,22928.099609375,34735.1484375,32547.900390625,5313.64990234375,12500.099609375,2544.699951171875,411.75,-6448.24,7667.75,-0.04778103847083648,-0.10786084476718505,-0.06263090093318158,-0.0889669798971976,-0.057871949490684194,-0.09036075551903755,-0.05117579907199532,-0.06476236228389054,-0.033338428159794375,-0.08574750968904077,-0.04591623907724729,-0.15689389542413823,-0.05263955590946201,-0.06532103740655237,-0.036697687513391086,-0.09640230503111424,-0.08262733308372705,-0.08153473562477387,-0.07169425919996142,-0.1885900283868498,0.017116510124263802,0.014843600184959187,0.011884141570777065,1.1779434584601327,-3.4751424587732807,84.98617625416128,0.8606565771399272,0.9137976315833622,0.7913986857224363,0.9289032068479134,0.8797893970456128,0.8120933354784902,0.8293157013891742,0.7050496746486901,0.861305688944145,High
2022-02-25,16658.400390625,10895.2998046875,36430.328125,23590.599609375,35292.55078125,33476.94921875,5618.7001953125,12899.849609375,2664.14990234375,433.75,-4470.7,4318.24,0.025261660109649586,-0.08760093341951225,0.026909084549725737,-0.06767417494232708,0.034138959175071815,-0.05300759235729846,0.028894675585285468,-0.0494388500577575,0.016047213523585402,-0.07337624057263259,0.02854404791015641,-0.1328787727937939,0.057408805355090964,-0.04488543702987546,0.03197974516140567,-0.08193640728649187,0.046940681991551214,-0.04404535659740372,0.05343047965998782,-0.13904325027843212,0.021551675834438656,0.015726414101608875,0.01220888966445268,1.3558004200326428,-2.3693239840777203,80.48554894485804,0.8714018201270484,0.9299055955339907,0.8189699039582622,0.9321973800657729,0.8928801666862013,0.850231859660399,0.8595201257122121,0.7348909727230669,0.8808891973864185,High
2022-02-28,16793.900390625,10820.5498046875,36204.87890625,24212.099609375,35515.3984375,33847.8515625,5896.85009765625,12927.599609375,2667.60009765625,436.3999938964844,-3948.47,4142.82,0.008134034290366632,-0.08007611899675449,-0.006860756595962636,-0.07064300280403002,-0.006188503654878885,-0.05642629303446667,0.026345239641683893,-0.026369389002287802,0.006314297247349776,-0.060836724204040626,0.011079335256220402,-0.12823599647231887,0.04950431464127614,0.004334604308308343,0.002151187869650295,-0.07422941978238085,0.0012950454887934448,-0.04158657586678316,0.006109496014949478,-0.14364209444723208,0.022129086096364225,0.015848965542185248,0.012222264798584003,1.3804903648173452,-2.0772987496752493,79.02967687585965,0.8587619486378626,0.9164496365817618,0.8106629477003673,0.9380356950038623,0.896430249135495,0.8331261091922545,0.8615896512606205,0.7310866249311244,0.8827960227740754,High
2022-03-02,16605.94921875,10500.4501953125,35372.390625,24520.650390625,35364.44921875,33720.0,6136.7001953125,12689.5498046875,2639.199951171875,431.25,-1597.54,-370.58,-0.011191633122935585,-0.09297253275557793,-0.02958256420910621,-0.11621671159915836,-0.02299381482273899,-0.07440167961059851,0.0127436606584308,-0.02635945162202946,-0.004250247086926007,-0.0690846359514159,-0.003777243062648261,-0.1310386773111154,0.04067427417759539,0.042167702106971294,-0.018414076230738763,-0.08460989032239108,-0.010646328326846088,-0.05440608194038199,-0.011801086087333879,-0.16440608331671747,0.022249251617365545,0.015887822930799485,0.012263758856415476,1.3883188062852803,-0.7626847207726567,71.2359340000593,0.8603324214090267,0.9163706039275186,0.78306075402756,0.9360260235086535,0.8916824146522321,0.7711626016724276,0.8668996490348367,0.7323339745020436,0.8823774816124941,High
2022-03-03,16498.05078125,10261.099609375,34943.89453125,24968.25,35019.6015625,34130.30078125,6210.25,12643.75,2620.550048828125,429.0,-6644.65,4799.24,-0.00649757722841704,-0.08916223001327817,-0.02279431657552633,-0.11532711633796744,-0.012113857338416745,-0.08547430754275087,0.018253986017684465,-0.003460362980305609,-0.009751252002170752,-0.06622235674796473,0.012167876075029671,-0.10399756426916584,0.011985236747214856,0.07907701890977914,-0.0036092537081640064,-0.07693680932633751,-0.007066498442252933,-0.04401353585759826,-0.00521739130434784,-0.14652341547954306,0.02224308920013903,0.01583794831163726,0.012274937213677072,1.3782707677842065,-3.5849727563222324,88.04908575134387,0.8550664674798605,0.9214331530225643,0.7558038302559852,0.9351117926331398,0.8733671689713677,0.7652580661792501,0.865571141946029,0.7303037151639463,0.8813684469731482,High
2022-03-04,16245.349609375,9896.650390625,34407.40234375,24491.349609375,34627.8515625,34177.69921875,6010.14990234375,12600.150390625,2579.0,416.4500122070313,,,-0.015317032007332254,-0.09438136870525116,-0.03551755977663673,-0.15278561990156292,-0.015352959213524975,-0.09551579595692261,-0.019100272971674048,-0.031730893520575454,-0.011186592151850694,-0.06679567350560123,0.001388749481107343,-0.08325800768326874,-0.03222094080854232,0.03603623470864781,-0.0034483131487889063,-0.07911814110042159,-0.015855468529099692,-0.07947099391593859,-0.029254050799460862,-0.17025300404183097,0.022539216654563297,0.01595365445903718,0.0123665170379658,1.4015816189428627,,,0.8679089551334346,0.9242100413822879,0.7767742159865647,0.9364145894011536,0.86002778130198,0.7754852295078469,0.8624538259812959,0.755229828827039,0.8887844956946017,
2022-03-07,15863.150390625,9480.4501953125,32870.8671875,24207.599609375,33657.44921875,34135.8984375,6136.14990234375,12546.849609375,2460.949951171875,393.6499938964844,,,-0.02352668473994779,-0.10665369202990371,-0.04205465272439679,-0.1815344606450765,-0.04465711014447182,-0.13155849429884603,-0.011585723307440121,-0.04204573849822979,-0.028023752556479486,-0.08243822066659723,-0.0012230425747051799,-0.0689075078714314,0.020964535335610268,0.05230529228504466,-0.00423017024381378,-0.06748848039653299,-0.04577357457468978,-0.1195012454015355,-0.054748511567367375,-0.21747340532986592,0.02318204501038732,0.01633814689620293,0.012550799911097884,1.4790437605473263,,,0.8751964492355161,0.9230921452066004,0.7800137632246857,0.9352209467555795,0.8344464631507722,0.7228067846433209,0.8476082061509742,0.7720673635187146,0.9021391943453908,
2022-03-08,16013.4501953125,9560.0,33157.71484375,24229.0,34006.8984375,35055.55078125,6045.2998046875,12844.849609375,2524.10009765625,406.4500122070313,765.17,-518.42,0.009474776509483585,-0.09103062412215723,0.008390931131818213,-0.1731355547386858,0.008726501026388611,-0.11753245612366225,0.00088403604530507,-0.03300026230464048,0.010382522349772438,-0.07622328366140352,0.02694091516102337,-0.027709383489321393,-0.014805716793448775,0.05695378327382161,0.023750982061451875,-0.030068617213200644,0.025660882072918056,-0.06846028687423422,0.03251624160805355,-0.17253664066335472,0.01694602608331468,0.01648878539078053,0.012602479365554841,1.5093922908957218,0.5585165537137997,64.76160816846587,0.8809452867661494,0.9241042376598267,0.7743168532074567,0.9451209786404045,0.8362079248233352,0.6948047064165609,0.8467572086581653,0.7810892154473139,0.9016148427981128,High
2022-03-09,16345.349609375,9832.349609375,33815.0546875,24459.099609375,34486.94921875,35440.55078125,6024.60009765625,13059.25,2572.64990234375,418.8500061035156,,,0.020726290088294297,-0.04686834984389554,0.028488452863493663,-0.12688262007208273,0.01982464252580729,-0.08477159555416136,0.00949686777725045,0.0013858449504098314,0.014116276499965608,-0.040465989188550044,0.010982568849151386,0.01777486361846603,-0.0034240993333696235,0.11145751378108915,0.016691545416656073,0.004665917287063559,0.01923450053846154,-0.0308710134475072,0.030508041638754424,-0.09379057758245601,0.015778634466477225,0.016422866447213608,0.012665951146535164,1.496111867024091,,,0.8880001790687885,0.9355714702324158,0.7547620805496421,0.9429712386746526,0.8174642497781538,0.6281560143670688,0.845697885060886,0.7839384059011488,0.8996623637782639,
2022-03-10,16594.900390625,10019.349609375,34475.19921875,24816.650390625,35530.30078125,35399.1015625,6161.9501953125,13077.0498046875,2632.64990234375,428.2000122070313,,,0.01526738719047449,-0.03953298041782394,0.01901885179323748,-0.13047236038489074,0.0195222080032309,-0.08569157435508978,0.0146183133050799,0.0040560113291425726,0.030253518682735292,-0.023432764190719158,-0.0011695421723504351,0.019928066144842216,0.02279820991100867,0.1233877478315697,0.001363003594195611,-0.0011495333167739208,0.023322256147382703,-0.04858884412109998,0.022323041583542258,-0.09009773341812877,0.016785619787968147,0.01662880616519214,0.012738519239118107,1.5376017119573986,,,0.8969832979245671,0.9416123300149652,0.7592483341798372,0.9263882873506428,0.808278823611586,0.6353136882598064,0.8324550704372092,0.7955819443297024,0.9016659308061716,
2022-03-11,16630.44921875,9979.7001953125,34545.84765625,25004.30078125,35613.6484375,35348.69921875,6190.0498046875,13399.0,2656.949951171875,430.2000122070313,,,0.0021421537513466316,-0.028036058183207868,-0.003957284215873713,-0.13682357697111214,0.002049253930390016,-0.09045977679400163,0.007561471337642178,0.01821479746100918,0.0023458190450778016,-0.009818842267842243,-0.0014238311574380491,0.055971489027567545,0.004560181190100376,0.1366440653864185,0.024619482231924783,0.04289413776722095,0.009230262180509374,-0.08611085662010054,0.004670714486185057,-0.06903266278974762,0.016261568271115644,0.01656049262594807,0.012638601414677425,1.5238388585462013,,,0.9092767050779655,0.9585772327286329,0.757421731239972,0.9263010242471998,0.8351854313545792,0.6319890226386105,0.8100443619033628,0.8827738840484856,0.9008089893391686,
2022-03-14,16871.30078125,10074.2998046875,35311.73828125,24889.80078125,35589.3984375,36028.0,6161.0498046875,13351.900390625,2709.699951171875,422.9500122070313,-176.52,1098.62,0.014482565042708062,-0.013486675381255697,0.00947920353553644,-0.12347090832187835,0.0221702658050551,-0.0630747730135669,-0.0045792122323956574,0.008623446174575555,-0.0006809187225665925,-0.016549612190144725,0.019217136592389217,0.06428140273957172,-0.004684938072394673,0.12714849385455507,-0.0035151585472796842,0.028410164906270907,0.019853591888975508,-0.06463694684274868,-0.01685262620706518,-0.09169973638815387,0.01672161216366422,0.016794553058558943,0.01273901761398007,1.5709940705148817,0.03193393114431336,68.6603252593127,0.9099035981184316,0.9600632226512483,0.7366680555113736,0.9157337367011722,0.8442166471649455,0.6106455853982065,0.7925630428057506,0.8855267420437204,0.8706263589214233,High
2022-03-15,16663.0,10131.2998046875,35022.2421875,24347.94921875,35649.94921875,35097.8515625,5910.10009765625,13318.849609375,2682.89990234375,421.7000122070313,-1249.74,98.25,-0.012346456503312231,-0.039034341394117544,0.005657961456882354,-0.13433589911671717,-0.008198296312807662,-0.07775312585602112,-0.021770024085857154,-0.025456343768209932,0.0017013713046130086,-0.022411911543919527,-0.025817376415565696,0.007847934147571234,-0.040731647200826115,0.0797759889580616,-0.0024753615802292073,0.010542509019934254,-0.009890411968504043,-0.1003772647015676,-0.002955431998872049,-0.12191564350435957,0.016199301090677732,0.01671160220482917,0.01279627006782246,1.5542822963504996,-0.5681988112592634,72.06058042376158,0.8857245940448651,0.9598853474015998,0.7341150801244158,0.9040173984952915,0.8385930031890659,0.6260599404559917,0.78452303262033,0.8806860971888532,0.8599744302674114,High
2022-03-16,16975.349609375,10350.099609375,35747.8359375,24783.80078125,36273.6015625,35729.6484375,6065.7001953125,13374.5,2720.60009765625,437.0499877929688,311.99,772.55,0.018745100484606647,-0.03422114960118772,0.021596419897303543,-0.10898666872469398,0.020718083842700796,-0.07160657596360376,0.017900955788274553,-0.0042046989983274274,0.017493779301710477,-0.024478380359895024,0.018001012793473548,0.010121100254419035,0.026327827800743275,0.060548361520732286,0.004178318117341595,-0.007642366907809284,0.014052032011915738,-0.08241280882972324,0.036400225614414916,-0.10559706691502901,0.011550105475940273,0.01689199551597017,0.012946261189271715,1.5906254096640091,0.30510331486020686,67.25688502680687,0.9075120476386193,0.9607382464999782,0.7619348483185141,0.9091913225797577,0.8406393624525049,0.6265817426012902,0.7722673618064974,0.893973436475218,0.8642650172365475,High
2022-03-17,17287.05078125,10576.0,36428.12890625,25304.80078125,36782.69921875,35643.6015625,6183.7998046875,13546.0498046875,2745.14990234375,450.75,2800.14,-678.45,0.018361988356508263,-0.027724927938695187,0.021825914643408995,-0.09081533949574105,0.01903032591789322,-0.07378364841365004,0.02102179583343644,0.012234576734553304,0.014034935443970609,-0.021255159619759767,-0.002408276564783929,-0.004055700115259686,0.019470070325313227,0.06991705377776114,0.012826633121798992,-0.00715355371496218,0.009023672648049041,-0.1046770115423944,0.031346556663264025,-0.09031281533804236,0.011990433505342056,0.017110973536538364,0.013064858578096089,1.6347420288686838,1.6964492486030178,59.4382088548061,0.9152479019446166,0.9628661268704346,0.7745736869733431,0.9108468770325546,0.8129705540510236,0.6326434692212458,0.7752159466597306,0.8909953772178361,0.8687411881979705,Medium
2022-03-21,17117.599609375,10448.400390625,36018.08203125,24936.650390625,36149.3515625,35377.75,6276.35009765625,13549.5498046875,2711.800048828125,447.6000061035156,-2962.12,252.91,-0.009802202470463706,-0.02520470319621504,-0.012065016015034069,-0.10570552739003869,-0.011256325463634975,-0.0766854548025303,-0.014548638173740858,0.008399110291249956,-0.017218629130054453,-0.03517336987362796,-0.007458605495683113,0.009155120022294128,0.014966573286960827,0.08934150084616155,0.0002583779072471426,-0.004997195294290435,-0.012148645684941117,-0.11110381092251909,-0.006988339204624272,-0.0807147017572647,0.013359881889655962,0.01705759353794767,0.013102047634181402,1.6239877757027208,-1.5257427495356992,78.64230980564685,0.9322772031395806,0.9655137447492311,0.7732332582100452,0.9112548790573293,0.8133519822721957,0.6189226412721841,0.7743356260938254,0.8967923360619525,0.865838603720098,High
2022-03-22,17315.5,10572.900390625,36348.12890625,25359.5,35887.05078125,36070.44921875,6323.7001953125,13513.150390625,2716.35009765625,443.1000061035156,384.48,-602.05,0.011561223252155806,-0.011463652272113545,0.011915699566003468,-0.08543667734578675,0.009163366186840438,-0.06292452969846096,0.016956953029023225,0.02673572163136617,-0.00725603005067732,-0.043226256619611214,0.01958008123043431,0.028231037315714635,0.007544209121465695,0.08477574325628279,-0.002686392875570487,-0.004944619414022244,0.0016778703245805549,-0.09222001359119891,-0.010053619165857008,-0.06410392928714126,0.013032877778966567,0.01719928114651098,0.013163044390912869,1.6525330071227027,0.34563892032491617,67.75656256352293,0.9338744159850767,0.9654024732986057,0.7775084634377754,0.892335242671155,0.8160865031192401,0.6201642876013681,0.7626621083388768,0.89642264877779,0.8588977149167648,High
2022-03-23,17245.650390625,10463.4501953125,36146.9296875,25569.75,35789.8515625,36082.0,6399.9501953125,13569.650390625,2702.89990234375,441.5499877929688,481.33,-294.23,-0.0040339354552280104,0.001861945320985825,-0.01035195559106461,-0.08273683882508931,-0.005535339089088653,-0.0486400248716885,0.008290778603678994,0.030000000000000027,-0.002708476083545519,-0.02652248070433083,0.0003202283725369792,0.042192295194425355,0.012057813881898083,0.09794993915122663,0.004181112351062,0.014045315062306996,-0.004951569138346823,-0.10498519973984854,-0.0034981229726832597,-0.056920170267484416,0.01354930812142556,0.016914383260896303,0.013143983802588311,1.5951357783996238,0.39979636810056923,66.74285113219207,0.937788998403709,0.9646986976965718,0.7936785156786609,0.8884319916688926,0.8105246087461297,0.6222654212718567,0.7494290729136807,0.9318899134712975,0.8638983810949084,High
2022-03-24,17222.75,10412.400390625,35526.6875,25789.099609375,35797.1484375,36516.75,6498.2001953125,13724.5,2690.64990234375,443.75,-1740.71,2091.07,-0.0013278937068936791,-0.0025482502497574666,-0.004878869181254353,-0.08901288136693808,-0.017158917586145295,-0.06577573889310617,0.008578480797622134,0.05257762768763041,0.00020388111940783382,-0.026350490109362634,0.01204894407183632,0.05779575869557019,0.015351681966519148,0.10596366112537203,0.011411466391350933,0.020811159834196458,-0.004532169315400014,-0.1163276299168694,0.004982475977471257,-0.0441572428648358,0.013069091322629088,0.01690761086871267,0.01306955619071592,1.5937713718427706,-0.8427437997405478,74.18171926055653,0.9377424486795429,0.9583051388811582,0.8049130649062589,0.8882138346475127,0.8065282384050173,0.6182712162504255,0.7388602955618843,0.9328691643173873,0.8652828650750994,High
2022-03-25,17153.0,10354.150390625,35409.69140625,25833.55078125,35522.75,36152.30078125,6500.2001953125,13607.0498046875,2703.85009765625,449.1499938964844,-1507.37,1373.02,-0.004049875890900112,-0.01779685792016661,-0.005594291211894475,-0.11352593551058265,-0.0032931889231159195,-0.08288334335446923,0.0017236418699488887,0.05381342735564565,-0.00766537139065937,-0.036092229124908726,-0.009980330088247169,0.03341594343283205,0.00030777752914445955,0.08608190397869664,-0.008557703035629749,0.00270811997737197,0.004905950529276115,-0.10646064188491411,0.012169000330105595,-0.0382227111424317,0.01175291790296633,0.016784661446549685,0.013074672682252235,1.569001247311893,-0.7122626550428618,73.10159089799988,0.9387030294265059,0.9572015514629633,0.8127636564407914,0.8903725688374278,0.8013848747406541,0.6132710139890546,0.733895105219323,0.9379909409972526,0.8599785511671726,High
2022-03-28,17222.0,10421.599609375,35710.0859375,25989.30078125,35659.44921875,36026.05078125,6559.39990234375,13562.25,2736.89990234375,451.0,-801.41,1161.7,0.004022619949862971,-0.021802390562884466,0.006514220501478318,-0.10728497961432382,0.008483398734081549,-0.08460313214983106,0.00602898151008513,0.052814296571833674,0.0038482161079871346,-0.035776373845224474,-0.0034921705471503417,0.019359461615643836,0.009107366735249256,0.08250743729488907,-0.0032923966128254323,-0.003731699025299018,0.012223238527959923,-0.09510510384704207,0.004118904884015118,-0.04286929474474632,0.009887048339199438,0.01672875474028561,0.013069709129448569,1.5577379485349652,-0.3174976387114208,70.5978412146881,0.940622753011503,0.9560637694252269,0.8129143129445876,0.8906014723275215,0.7949053495452737,0.6118518299933787,0.7299442328293202,0.9394288328000039,0.8596414480863356,High
2022-03-29,17325.30078125,10416.25,35846.98046875,25889.94921875,35640.1484375,36146.75,6571.85009765625,13771.400390625,2714.199951171875,455.3999938964844,35.47,1713.31,0.005998187274997013,-0.0028460391516424988,-0.0005133194111763828,-0.09838658277945289,0.00383349767036667,-0.06931573387059886,-0.0038227870513422024,0.05459333689010637,-0.0005412529265833577,-0.028127996530016963,0.0033503316664622584,0.05141791813851038,0.0018980692590568893,0.09098082783931116,0.015421511226013429,0.01932603937085897,-0.008294037773334706,-0.08416984441198738,0.009756084027681577,-0.013965599484230817,0.007251908554880934,0.01659877198158406,0.013075155072982587,1.5315508460397922,0.1504763922074078,67.47575179923307,0.9426610488519802,0.9569938126755753,0.8048017534052613,0.8882858102039201,0.79802238587348,0.6080260138441046,0.7238805381098854,0.9328246092705668,0.857912479166722,High
2022-03-30,17498.25,10542.150390625,36333.87890625,25856.19921875,35858.25,36463.55078125,6428.9501953125,13745.599609375,2746.89990234375,462.3500061035156,1357.47,1216.0,0.009982465582194733,0.03891569028588582,0.012086920976839055,-0.05086813270097512,0.013582690400505637,-0.015558694685144592,-0.0013035946774108131,0.0818583575405718,0.006119546973337497,0.005524203442111464,0.008764295026523872,0.07623532791926069,-0.021744242522316992,0.1241388696122574,-0.0018735045469714384,0.037235407402189,0.012047731103140169,-0.01452966973484715,0.015261335749185534,0.057041638214873736,0.006452416381377799,0.015640610179499935,0.013096620571438428,1.33851384968131,0.8897241563727499,60.72382125793922,0.9383755912331699,0.9513614226307521,0.7726666554272472,0.8735535554799904,0.7957430886292374,0.5114357299717528,0.6891245967638129,0.9245956062879557,0.839656633328389,High
2022-03-31,17464.75,10552.099609375,36373.1796875,25822.0,36287.75,36317.19921875,6423.7001953125,13584.099609375,2725.64990234375,463.5499877929688,3088.73,1145.28,-0.001914477162001882,0.006471753919824463,0.0009437561011127471,-0.08658017989687694,0.0010816566365348113,-0.0470655682810871,-0.0013226699895318994,0.05985105656717593,0.011977717819469769,-0.004142552340955286,-0.004013639905175004,0.0402109914011326,-0.0008166185520970259,0.09891372770721074,-0.011749214627920002,0.017009875952168407,-0.007735993576565625,-0.059650564444894805,0.0025953967202598793,0.028511149851122797,0.005464369581791796,0.014665674939641387,0.012932074313566126,1.1420975764203907,1.8578255816290965,52.55821742727011,0.9276357783326176,0.944246541229331,0.7684146745702075,0.8413729172427589,0.7684405636936842,0.49916124970219583,0.6980852259459934,0.9160127294209129,0.8381056783784834,Medium
2022-04-01,17670.44921875,10676.849609375,37148.06640625,26454.5,36712.1484375,36343.3984375,6477.2001953125,13579.900390625,2834.5,474.5499877929688,1273.86,532.97,0.011777965258592316,0.020104260180950018,0.011822291735112733,-0.07236075412952037,0.021303793768030044,-0.021217962836787785,0.02449461699326161,0.08451420788698072,0.011695363793566615,0.006895042957152597,0.0007213997586155152,0.04429203689313832,0.008328533146525041,0.11442414668289413,-0.00030912749985301247,0.011530698896409008,0.0399354655059152,-0.010473031942747402,0.023729911098418155,0.0411364644628216,0.006146636876612485,0.014807165328891274,0.012980561535277579,1.1706030748601965,0.8429703700173306,58.98941467821837,0.9290509905816534,0.9435484358747147,0.772253643036155,0.8453582044697191,0.7593336515802634,0.49836907686207255,0.6927990980873304,0.9064296423192554,0.8458508337671343,Medium
2022-04-04,18053.400390625,10803.849609375,38634.75,26841.0,37191.75,36442.8984375,6606.10009765625,13789.25,2861.60009765625,476.1499938964844,1152.21,1675.01,0.021671841339984343,0.04327177733972687,0.011894894528483801,-0.05995031897380487,0.040020483905990556,0.029403236264817112,0.014609990738815748,0.08413664487494943,0.013063838073015255,0.01695438807864047,0.002737773688696432,0.052225892787658434,0.019900558645235877,0.14028035506123415,0.015416137331870639,0.034887094034044885,0.009560803547803864,0.011058915411136239,0.00337162816283465,0.04717391931735104,0.008737818033802342,0.015284451147900915,0.01316371490900419,1.2667599250975117,0.7749450368019647,60.55144888035835,0.9244089557957003,0.9455535557373983,0.7841530737221046,0.8513167317006676,0.7392175752797978,0.5085473269864165,0.7083930811031713,0.8951307888067519,0.8217287088683659,High
2022-04-05,17957.400390625,10936.5,38067.45703125,27150.650390625,37656.80078125,36466.55078125,6640.4501953125,13809.25,2875.050048828125,474.8999938964844,-3288.18,1338.0,-0.005317557796472028,0.039423926336950466,0.012278067116918479,-0.04237575463628718,-0.014683490089880236,0.012467078845580515,0.011536469975969688,0.10635194819065719,0.012504138182527047,0.03172994071813551,0.0006490247692718665,0.05751945529479219,0.005199754340452278,0.14918494869472387,0.001450405206954608,0.04545834626847878,0.004700150514703738,0.01753673644598308,-0.0026252231776185964,0.057683728054530814,0.009008720843326698,0.015325451481477792,0.013159492203924726,1.2750200970498489,-1.7080718917321829,75.5486725149913,0.9039537313161528,0.9456859230215817,0.7729961738992541,0.8244048615028617,0.7377727021122515,0.5056119118489187,0.7079001515036839,0.8892743855694092,0.8222224341607111,High
2022-04-06,17807.650390625,10906.7998046875,37632.36328125,27472.05078125,37588.8984375,35871.5,6730.0,13758.4501953125,2932.300048828125,473.7000122070313,,,-0.008339180323571727,0.03492835539492645,-0.0027156947206601334,-0.040029557485217415,-0.01142954596738166,-0.0014011025973624802,0.011837668195822548,0.13641084524701808,-0.0018031893931841347,0.03835873255973676,-0.016317714960745855,0.0405966337085808,0.01348550204483323,0.1892665190046534,-0.0036786794856707994,0.05591368950231512,0.019912696832298682,0.05230482045757423,-0.0025268092332606518,0.06954169955971046,0.010659286009784115,0.01539814388819094,0.01281565552501747,1.2896651432408506,,,0.8994665528207197,0.949458028724614,0.7594615975280583,0.8231642629135129,0.7404327907045433,0.49215939399599234,0.7132958081030321,0.8580512978184275,0.8197963789782912,
2022-04-07,17639.55078125,10820.7001953125,37556.9140625,27005.150390625,37561.69921875,35423.25,6618.35009765625,13815.0,2921.800048828125,473.8500061035156,-2149.56,1688.39,-0.00943974110495216,0.032023471964892636,-0.007894122099682876,-0.04605019094239893,-0.0020049024874181365,0.004969044210267448,-0.016995469116694584,0.11746915968428784,-0.0007235971225713067,0.04687443183315154,-0.012495992640397025,0.037905544876398745,-0.016589881477526047,0.18271416807942975,0.004110187112990937,0.06642479447296301,-0.0035808068155223083,0.06425298781929079,0.0003166432185328638,0.10197675838026887,0.011903453537736223,0.015455852909195834,0.012858530839362128,1.3012915471043132,-1.0713681933706538,72.04370772547568,0.9018080321841928,0.9438445992865596,0.7620707050210802,0.81847492274324,0.7427562206832072,0.49699631539452926,0.7006017022265979,0.8546387778932821,0.8190183875468651,High
2022-04-08,17784.349609375,10894.2998046875,37751.61328125,27512.69921875,38322.6484375,35394.44921875,6755.5498046875,13838.599609375,2945.14990234375,474.5,1474.77,-46.79,0.008208759390795572,0.04226039056891273,0.006801741850946286,-0.037495505959311504,0.005184111197900743,0.009627721955560276,0.01879451959286982,0.13854681793728463,0.020258647360930526,0.066499878137259,-0.0008130473982482789,0.03752527263298333,0.020730197860012956,0.20443401064522604,0.0017082598172275532,0.06645190213438257,0.00799159871497368,0.06173618588590957,0.0013717292141226523,0.0697779575218418,0.011738635242332878,0.015498318413319199,0.012874761489569574,1.309846901061226,0.9553170177468759,59.98626070625345,0.9026520550701801,0.9438984828628936,0.7626046561680282,0.8110822843918257,0.7376518205671301,0.5008982843122362,0.6978045858962079,0.8590234667529256,0.8412456056917232,Medium
2022-04-11,17674.94921875,10882.099609375,37613.36328125,28235.25,38236.25,34895.8984375,6774.89990234375,13837.849609375,2932.10009765625,479.8500061035156,,,-0.006151497975913078,0.08782640310217027,-0.0011198696135800157,0.025664933335235673,-0.003662095152597522,0.067721493511685,0.0262624461346046,0.23146926614253616,-0.002254500694045314,0.10079420183851062,-0.014085564043355592,0.07213976996044003,0.0028643261045642188,0.274999299324457,-5.419623525282358e-05,0.10701914719117078,-0.004430947530757234,0.15223804531688345,0.01127503920656614,0.16539163595267903,0.012100534750098412,0.012509416632525408,0.012847601551582105,0.7076849061664477,,,0.8502670054008487,0.9222791390194167,0.5633663523796547,0.7444480921133423,0.6031523898045396,0.3157523682189927,0.5515135350456231,0.7718989064701185,0.7468630429164076,
2022-04-12,17530.30078125,10788.7998046875,37746.9609375,28059.05078125,37931.3984375,34379.5,6589.25,13744.650390625,2896.14990234375,466.6000061035156,,,-0.008183810641252287,0.05233998284227148,-0.008573695154115435,-0.009774857223679212,0.0035518667993350572,0.03614111868502423,-0.006240398748018849,0.18941660008078887,-0.007972841544345965,0.07477066966924784,-0.014798255973403007,0.0269603653353363,-0.02740260446940701,0.17273564542511055,-0.006735094063087588,0.06548919614039828,-0.01226090314625905,0.08708218700302894,-0.027612795314087446,0.07573488438850862,0.011695080219344935,0.011923066928402518,0.012800475794601009,0.5895553945814829,,,0.8367666180600735,0.8968327768041805,0.5288980438313304,0.7409256420569938,0.5590546573978753,0.2354088775697735,0.485238536446668,0.744584763751422,0.7145851894897504,
2022-04-13,17475.650390625,10698.2998046875,37462.96484375,28193.69921875,38191.3984375,34354.80078125,6627.0,13772.75,2900.699951171875,464.1000061035156,-2061.04,1410.85,-0.0031174816283502382,0.040595096085039195,-0.00838832878896123,-0.01129794716596022,-0.007523681024817597,0.034749071824206945,0.004798752407903173,0.16444668878833268,0.006854479684644588,0.07534759900580101,-0.0007184286784275296,0.014977293841351269,0.005729028341616926,0.12382032614903227,0.002044403355225821,0.06537566262588324,0.0015710681358180878,0.08738185821796396,-0.005357908202524464,0.06347390603676728,0.006047446496128922,0.01189292202519301,0.012742121488912059,0.5834822224320365,-1.021868789373743,63.1329994054269,0.851943403029575,0.9133697957278805,0.5233701089013812,0.7313858418907896,0.5527589201982328,0.21204191883194906,0.4866498092960919,0.74953848482816,0.7167330272107688,High
2022-04-18,17173.650390625,10745.75,36728.57421875,28423.19921875,38422.1015625,32780.05078125,6648.9501953125,13717.2998046875,2828.39990234375,458.2000122070313,-6387.45,3341.96,-0.017281188010147552,0.03418661374888465,0.00443530244793755,0.023360884545407856,-0.019603110113227462,0.03834017350219732,0.008140116634548278,0.15915356101716882,0.006040709019271562,0.08646118945149173,-0.04583784403312452,-0.02787512511120993,0.0033122371076657053,0.08347319955295851,-0.004026080144669764,0.08099184098874423,-0.024925035351869407,0.07168837324654587,-0.012712764100176188,0.06249278192934793,0.007733046887856699,0.012164041725749029,0.012753322226974615,0.6381036157448438,-3.441149363778113,78.30413957160681,0.8013334235149623,0.9156121939715861,0.5227018385258713,0.682860974241328,0.5960113545102744,0.30217648314323153,0.4691555092068742,0.7646096669604808,0.7146960924429537,High
2022-04-19,16958.650390625,10615.150390625,36341.1796875,28440.849609375,37337.3984375,31804.19921875,6578.0,13522.4501953125,2820.199951171875,446.8999938964844,-5871.69,3980.81,-0.012519178806467801,0.027918425969355676,-0.012153605786008437,0.034504175451773644,-0.010547497132416206,0.039986531982015405,0.0006209853609073779,0.13908061675828298,-0.028231228404712483,0.06618570090991449,-0.029769678180553094,-0.06815356176930853,-0.010670886866097962,0.05921661768849895,-0.01420466215285432,0.06949680239742961,-0.002899148442580546,0.07618625808464552,-0.02466175907791368,0.04172492749763257,0.008068252150402983,0.012343668359649956,0.012716958607517967,0.6742922696849173,-3.152742081746406,77.00795972669744,0.8120287839170032,0.9144768394621162,0.5584964670825274,0.6860166354708633,0.6497311136068107,0.33754250987505197,0.4935859562989072,0.7565142465752925,0.7270615252536462,High
2022-04-20,17136.55078125,10848.7001953125,36314.4765625,28690.69921875,37722.80078125,32173.400390625,6556.10009765625,13660.650390625,2814.89990234375,449.3500061035156,-3009.26,2645.82,0.010490244596548015,0.05485884842765709,0.022001554014134728,0.09619919539538024,-0.0007347897132019554,0.0554262771626064,0.008784885571514023,0.17146256438916452,0.010322153119348476,0.08937745424846555,0.011608566822752797,-0.05864346851719715,-0.0033292645703481005,0.09083803302470006,0.010220055782524273,0.08416566208519649,-0.001879316686720256,0.09146952397974029,0.005482238175189558,0.07900106359014503,0.010253906094348758,0.012063993586714842,0.012636158463570432,0.617947320421437,-1.5521029156497343,66.72798533895565,0.8104375369424074,0.8991942481851986,0.5213982264260035,0.67574399833241,0.690027830409495,0.25732989718583277,0.4939464644097338,0.7283261325093582,0.7034372359822538,High
2022-04-21,17392.599609375,11090.5498046875,36815.671875,29026.0,38005.8984375,32611.599609375,6570.2001953125,13821.2998046875,2846.449951171875,454.3999938964844,-713.69,2823.43,0.014941678252146096,0.09641522529181179,0.022292957222608045,0.16983366572307879,0.013801529305741411,0.12000914563641674,0.011686741361495834,0.19904494738747047,0.00750468285458572,0.12919723032152874,0.013619922464822354,-0.044653836515124,0.00215068370620064,0.07073658562398566,0.011760012112801643,0.10157531452040613,0.011208231170797944,0.15664682648927064,0.011238428228273811,0.15432491030591766,0.011798155940508991,0.011293249431855444,0.012732541485788394,0.4626686020554001,-0.2684455858577266,57.16269673981116,0.7896600497624147,0.886365093716216,0.4767225808283597,0.6039289595513897,0.7641694922130667,0.37419604862457667,0.5003305746876991,0.6667933121540214,0.6330537495277458,Medium
2022-04-22,17171.94921875,11028.150390625,36044.33203125,28877.650390625,37775.44921875,32426.69921875,6440.64990234375,13569.849609375,2786.75,448.1000061035156,-2461.72,1602.35,-0.012686452605167986,0.07234537275275121,-0.005626358941747567,0.15357221659257325,-0.020951399348867694,0.08705718114480088,-0.005110921566009785,0.19186307278983872,-0.006063511934311205,0.11081724457101183,-0.0056697737259059355,-0.07499102150481918,-0.01971786081361382,0.06539793069480138,-0.01819294848283526,0.056442856245731976,-0.020973476504407396,0.10405684884986655,-0.013864409941880318,0.10247261076540282,0.012325043411939083,0.011585236612889106,0.01280258475769467,0.5214940825528682,-1.2459246094537497,63.733476647356916,0.795870485072614,0.8931983343538457,0.5111623538577562,0.612602539255623,0.7644509707678796,0.446516525852096,0.544267457588323,0.6922955842718828,0.6546773084420527,High
2022-04-25,16953.94921875,10916.5,36081.93359375,28155.099609375,37167.3984375,31744.0,6256.7998046875,13296.75,2750.35009765625,431.25,-3302.85,1870.45,-0.012695122564301942,0.03723380801998455,-0.010124126591519289,0.11026361283891672,0.0010432031995322166,0.06703756439843844,-0.025021107031774736,0.15110940545756435,-0.016096454015117057,0.07772358180330663,-0.021053614311605462,-0.104302859288679,-0.028545271120752447,0.03854192863715267,-0.020125470601112916,0.018186343013572692,-0.013061775309500367,0.06907282454196761,-0.037603226677089374,0.029604855475207525,0.012689723716204655,0.011366617222692397,0.012843318555301764,0.4774497151636633,-1.7162751933209164,66.02704774188946,0.7850494745126849,0.8685698343453327,0.5553055640093829,0.6233242822579822,0.7707870204053574,0.5276537080322555,0.5394530262019219,0.6895367302570594,0.641045771620289,High
2022-04-26,17200.80078125,11221.75,36404.37890625,28902.599609375,37866.69921875,31840.05078125,6336.85009765625,13444.099609375,2814.14990234375,446.6499938964844,-1174.05,1643.84,0.014560121616207233,0.036511239981126486,0.027962258965785747,0.12000782860196102,0.008936475415382228,0.055958478303753445,0.02654936442672362,0.1646454760991254,0.018814897212295678,0.06575791327758651,0.0030257932601436277,-0.10054070934445059,0.012794127264352806,0.02838385524063458,0.011081625914227233,0.02806824246826145,0.023196975811140552,0.06894194318751512,0.035710130774456506,0.04308729837338876,0.014661831289539759,0.011337304688417834,0.012934368792942956,0.471544237028646,-0.5258738012216879,58.81377365167388,0.7796067386924266,0.8569987960248199,0.5709905339857885,0.6205068548317654,0.7815898817872559,0.512599752565623,0.5696682895727637,0.6880273518437717,0.6430963845071203,Medium
2022-04-27,17038.400390625,11158.849609375,36028.43359375,28527.599609375,37634.5,31594.349609375,6321.5498046875,13358.150390625,2790.89990234375,445.2999877929688,-4064.54,1917.51,-0.009441443610115341,0.02453037596934271,-0.005605221166484764,0.11815479332899703,-0.010326925600575354,0.04291647297969181,-0.012974611456000762,0.14090771259506774,-0.0061320163505306224,0.05674373873955885,-0.007716733040504131,-0.1062089890816571,-0.0024144950145512656,0.021243770914479487,-0.006393081072537221,-0.0030487058269274003,-0.008261820019124233,0.05041493202113001,-0.003022514545983457,0.03509989576353312,0.013574247754873646,0.01150221001814709,0.012957516242478106,0.5047670491520266,-2.14220380866668,68.9104274418244,0.7929644748680152,0.8607713457784562,0.5867294662875675,0.6288026494840927,0.7779893512696381,0.5111107393247247,0.6336508731330203,0.6964629136940093,0.6410714194185761,High
2022-04-28,17245.05078125,11192.0498046875,36421.77734375,29046.099609375,38460.25,31914.349609375,6362.39990234375,13480.0,2805.35009765625,449.1000061035156,743.22,780.94,0.012128508890934642,0.022153004373875573,0.0029752345873186314,0.11095063891983026,0.010917592322643666,0.03143541260016125,0.018175381283380254,0.16698803114792415,0.02194130385683346,0.08066591986772753,0.010128393334770447,-0.114179260314894,0.006462038411207294,0.03268113455324717,0.009121742592486104,0.009594110623005081,0.005177611457997777,0.035299165297991264,0.008533614225728625,0.06182762298558364,0.013297282900618167,0.011413846078296257,0.013019864517924404,0.486964722344483,0.5462423567217958,52.56612252780302,0.7800443220971031,0.8552962011442442,0.6468022793935465,0.6704921974996277,0.7725875136496078,0.5411025615203504,0.6787580499721639,0.6762717189145722,0.7167376130486692,Medium
2022-04-29,17102.55078125,11078.099609375,36087.73046875,28594.150390625,38204.1484375,31622.400390625,6327.2998046875,13462.849609375,2758.550048828125,443.75,-3648.3,3490.3,-0.008263240381694681,0.026378850222048777,-0.010181351700630836,0.09345294512451785,-0.009171624763043673,0.030423188656672817,-0.015559721436888774,0.17439666617199379,-0.006658863696933803,0.07164664395669385,-0.009147898118664455,-0.09902176393008388,-0.005516801552087336,0.07059097141124515,-0.0012722841709941202,0.010811744574294124,-0.016682427219057105,0.028197155778449945,-0.01191272774617258,0.052288326190854884,0.013301522511187545,0.011275257331394324,0.012947924899975856,0.4590438060933401,-1.9094470088511113,66.96520772622675,0.8119999058516479,0.8579303061044972,0.6350777555394508,0.6905184918301926,0.7601955292987558,0.517839862235859,0.6804628380750292,0.6761002950791896,0.729284533021909,High
2022-05-02,17069.099609375,10938.2998046875,36163.328125,28573.650390625,38285.30078125,31138.80078125,6363.10009765625,13460.25,2745.89990234375,444.7000122070313,,,-0.0019559171203674675,0.005522713944473123,-0.012619475326724139,0.05683038980414401,0.0020948298845078206,0.011622862660174205,-0.0007169298517336609,0.15291640062900203,0.0021241762235000294,0.05545904272239999,-0.015292944349612703,-0.12848846425904603,0.005658068065974575,0.049029772782633874,-0.0001930950319157798,0.006411454633818092,-0.004585795530426928,0.009299347121723311,0.0021408725792255723,0.017503774459973975,0.01150605558522311,0.010769463504644732,0.012736181345688631,0.3571435624392611,,,0.7808850251815759,0.8444271382929293,0.6215761852946992,0.6675004120555098,0.7344810352707606,0.4642505073501518,0.6910261678077744,0.6638349021741381,0.6962554518837788,
2022-05-04,16677.599609375,10661.0,35264.140625,28201.400390625,37621.80078125,30794.599609375,6158.5498046875,13108.7998046875,2668.800048828125,430.1499938964844,374.89,105.42,-0.022936183451936376,-0.03525477998456661,-0.02535127118829439,0.008037065052949988,-0.024864622439945805,-0.03195300763993658,-0.013027736915341204,0.11446838228109191,-0.017330411057523865,0.02281239768484067,-0.0110537709622478,-0.13604130167997808,-0.03214632644928739,-0.004083249910655229,-0.026110227916457673,-0.032278782841082765,-0.02807817337034635,-0.027812635459520507,-0.032718727032040484,-0.04570162197119387,0.013482716860906767,0.011009864729924396,0.012933231544880228,0.4055762283501182,0.34027629849560787,52.82525694922777,0.7922051902213268,0.8516290236051155,0.6240566677445982,0.6855374877989396,0.7396716433469569,0.510192704600426,0.7203051880917747,0.7092633709246192,0.7050801205155458,Medium
2022-05-05,16682.650390625,10705.7001953125,35232.44140625,28284.900390625,37408.05078125,31432.44921875,6196.60009765625,13008.5,2649.75,423.2000122070313,-2074.74,2229.31,0.00030284821366977077,-0.025409474965858325,0.004192870773145119,0.024625760410020847,-0.00089890801783854,-0.02181239479432473,0.002960845874439455,0.13427023868685994,-0.005681546219513445,0.03481941347063411,0.020713034670560182,-0.11151926793676814,0.006178450150681414,-0.012706429494712346,-0.007651333926972814,-0.03993120158872898,-0.007138057733658165,-0.022881498528971256,-0.01615711214243465,-0.05451294361877501,0.012985352911383308,0.010889542716584735,0.012880177414488927,0.3813354372850051,-1.0295296777013263,60.75320331362802,0.7866685346525113,0.8482359661488041,0.612406247473286,0.6719491819571556,0.7091339689038675,0.5557103896286893,0.7248828833319192,0.6984344889331214,0.6909196238402426,High
2022-05-06,16411.25,10518.4501953125,34590.796875,28339.0,37279.30078125,30719.44921875,6066.0,12820.900390625,2635.89990234375,408.1499938964844,,,-0.0162684216398562,-0.05222199763217927,-0.017490682214507336,-0.005149977139743189,-0.01821175330575242,-0.048347248789134545,0.0019126674878773287,0.11749048679981855,-0.0034417724877697786,0.03879533061901563,-0.022683564842114867,-0.1483485821745315,-0.02107608940354999,-0.04075148842500831,-0.014421309864703802,-0.05122787654907335,-0.005226945053778631,-0.029617020052722598,-0.035562424093656175,-0.07887612666578558,0.011482998225417249,0.01098513680318129,0.012969900314990174,0.4005943926160292,,,0.7937763406093121,0.8549144733013695,0.5846392709420845,0.7201748810254133,0.7100160524170247,0.5778137811031712,0.7620587403584954,0.6992128280694597,0.7515242876737084,
2022-05-09,16301.849609375,10483.5,34275.0,27570.25,36732.0,30733.30078125,5942.7998046875,12785.0,2574.300048828125,402.9500122070313,,,-0.006666182687180999,-0.054726888222381254,-0.00332275141903271,0.0019161752876200033,-0.009129505635304902,-0.05178668572084377,-0.02712692755566537,0.07823697924305084,-0.014681090304281441,0.026324457810469548,0.0004509053011128028,-0.14823732661022115,-0.02030995636539734,-0.07143030440452947,-0.0028001458190293205,-0.057823920885028746,-0.02336957236534387,-0.04757847429130213,-0.012740369391679773,-0.08741926543555023,0.011417612111852124,0.011014663428306254,0.012981255474954484,0.4065430027717757,,,0.7986758943021308,0.8557759653706412,0.5711494382616701,0.7151008800689074,0.7046185991216355,0.5952454734227799,0.7696240402681523,0.6920884818816003,0.7537525831090217,
2022-05-10,16240.0498046875,10472.4501953125,34482.24609375,26581.349609375,36911.8984375,30427.19921875,5633.85009765625,12596.2998046875,2553.85009765625,391.1000061035156,,,-0.003790968888092272,-0.057058262781059965,-0.001054018666237444,0.005767143255609675,0.006046567286652094,-0.029398783836798725,-0.035868386780134376,0.030720343556003726,0.004897594399978278,0.031140748597511703,-0.009959931238064379,-0.16676048063559878,-0.051987231134314804,-0.13301376868625137,-0.014759499046734459,-0.08220337318754778,-0.007943887963325902,-0.050842662424545604,-0.029408129406948036,-0.1186478735695422,0.008313242140246051,0.011020080791779211,0.012974049185957428,0.40763441715578386,,,0.8018688348094776,0.8696528134884252,0.5261941395576342,0.7115742547118796,0.7227848139893965,0.5343265141791869,0.7786222692617785,0.6929549899497953,0.7363269191514661,
2022-05-11,16167.099609375,10377.400390625,34692.74609375,26464.69921875,36658.3984375,30050.25,5634.14990234375,12557.650390625,2540.300048828125,393.9500122070313,,,-0.0044919933245182175,-0.05747684898414274,-0.009076176340284237,0.0022454763667574262,0.00610459073424896,-0.020247149411007137,-0.004388429945778927,0.02443134677243397,-0.00686770420191829,0.031969609264485443,-0.012388561169892842,-0.1687873426970038,5.321488543419406e-05,-0.13323440308704437,-0.0030683148751443623,-0.07712174417859419,-0.005305733817564384,-0.06048783879324282,0.007287154331471202,-0.12289876976414926,0.00845301119841111,0.011023353220796926,0.01294442590322679,0.40829370024033373,,,0.7997025203345679,0.8608202910822946,0.5280674904077057,0.7130331349874741,0.7227396222168084,0.5339664392485443,0.7791128103894833,0.699410298664429,0.742556552343891,
2022-05-12,15808.0,10164.349609375,33531.7578125,25719.150390625,36221.75,29756.849609375,5425.89990234375,12424.4501953125,2403.449951171875,385.5,,,-0.022211752141785834,-0.08210428521658342,-0.020530265117502,-0.024684310436239087,-0.03346487124751285,-0.06100036076117321,-0.028171445364351122,-0.01039467713651998,-0.011911279709735711,0.01576863337962986,-0.009763658892188887,-0.17401855146270562,-0.03696209785142035,-0.17280544209463233,-0.010607095369683295,-0.08389461960128297,-0.05387162737700246,-0.1218349092293527,-0.021449452837154825,-0.1452328159645233,0.009457512375130915,0.01156362921940953,0.01314287045640304,0.5171409280779551,,,0.8163295090616883,0.8736810226699279,0.5736968284451756,0.7254281302977802,0.7004787397125,0.5764774988705633,0.7808927285958296,0.7270323411885715,0.746383886054805,
2022-05-13,15782.150390625,10412.349609375,33120.96484375,25347.650390625,36887.1484375,29624.849609375,5313.0498046875,12629.5,2404.35009765625,384.4500122070313,-3780.08,3169.62,-0.0016352232651188903,-0.08906918327761715,0.02439900333330325,-0.00037445247809908544,-0.012250862929615414,-0.07604589255087846,-0.014444489586849518,-0.020946307138070996,0.01837013500175999,0.034988630930838927,-0.0044359534605575845,-0.18042840340072064,-0.020798411265844363,-0.19154427965690846,0.01650373267743155,-0.08291824783501023,0.0003745226664428891,-0.1141588162588556,-0.0027237037431094846,-0.15579706332973842,0.008280201603534069,0.011447049459142702,0.013143083335763903,0.49365407365613323,-1.9831369259174567,67.82267043937834,0.7828354498952594,0.8646554421881887,0.5751141549892878,0.7160261633091346,0.6949243145993049,0.5624279381627831,0.7445157944938555,0.7419277246195556,0.7407797239895645,High
2022-05-16,15842.2998046875,10649.099609375,33597.2109375,25657.400390625,36759.5,29403.5,5359.9501953125,12608.25,2474.199951171875,394.5,-1788.93,1428.39,0.0038112305721171857,-0.09463518896532508,0.02273742324084438,0.010144914916515368,0.014378992157888959,-0.07532000576682851,0.012220067549715052,-0.007688633060223271,-0.0034605124794692133,0.025133686111285414,-0.007471754702341293,-0.1936193988238898,0.008827395253028003,-0.1662790918460425,-0.0016825685894136244,-0.08274281527881011,0.02905144869863774,-0.09927553273390044,0.026141208151546858,-0.1467503086575599,0.008934377859172098,0.011258837231738284,0.013112940883281307,0.4557357147974708,-0.8697078898979251,60.687075916957205,0.7699794479784902,0.8580284677529615,0.5973001428677813,0.7042212464063704,0.6748716111984654,0.624633121334935,0.7556003380548092,0.7251124229462961,0.7219977428382378,High
2022-05-17,16259.2998046875,10911.150390625,34301.5,26455.849609375,37518.75,30218.75,5727.4501953125,12745.9501953125,2524.14990234375,402.2000122070313,-2192.44,2294.42,0.026321935902047233,-0.06902189812694137,0.02460778759354465,0.034026477624510054,0.020962724072845607,-0.05695624372955088,0.031119646051193328,0.024546882866354203,0.02065452468069484,0.03392329367348479,0.027726291087795563,-0.16792179325330425,0.0685640699276262,-0.10838768604239457,0.010921435989332373,-0.061700770618912104,0.020188324370557398,-0.07392732273749936,0.01951840863632781,-0.1323481333222205,0.014558343256143325,0.012487315075767613,0.0133112305525553,0.7032321946076159,-1.0953462146470607,65.01086362317375,0.7924023794444762,0.8633789182594527,0.6491389092925407,0.7383720731919055,0.7355903075968269,0.7101743570644842,0.7740641450969734,0.7368448277918436,0.7371990486285486,High
2022-05-18,16240.2998046875,10909.4501953125,34163.30078125,26314.900390625,37989.05078125,30077.69921875,5708.9501953125,12881.5498046875,2484.5,395.1499938964844,-1254.64,375.61,-0.0011685620062508173,-0.08093452500035925,-0.0001558218200310435,0.02178550737787499,-0.004028955548591173,-0.08034780578775502,-0.005327714695658514,-0.005276970246082868,0.012535086623354896,0.034781466029530916,-0.004667657704239936,-0.17240267801386733,-0.003230058642001099,-0.11860834571023093,0.010638642650970809,-0.05142530989546967,-0.015708220144506457,-0.12347856764861531,-0.017528637733899344,-0.16731639645753005,0.014363665556522222,0.012204308084880168,0.01325955806350355,0.6462159168239099,-0.5709388370114649,61.18022402395571,0.7880023441978395,0.8561696256442903,0.6272384437137124,0.7242433191531844,0.7369380807238839,0.7085130268787063,0.7728487683685817,0.7218913120810778,0.7138295903032515,High
2022-05-19,15809.400390625,10618.0,33315.26171875,25839.75,37740.44921875,28352.150390625,5476.25,12600.849609375,2416.75,384.8500061035156,-4899.92,3225.54,-0.026532725334179386,-0.12429791349253483,-0.0267153880438199,-0.017202165533082736,-0.024823100903804685,-0.13768662360310346,-0.01805632487950737,-0.03730300659438923,-0.006544031961511987,0.014753250888974057,-0.05736970822054499,-0.22201165093250552,-0.040760592990207734,-0.1710313317924299,-0.021790871406665357,-0.0861831057254746,-0.027269068222982473,-0.15545501903658643,-0.026066020377231713,-0.1917462752563166,0.01747880745877688,0.012052118385272738,0.01350476287370565,0.615554871450345,-2.6093390561919776,73.042692794556,0.8230255719097571,0.8520679500152522,0.6355576360654277,0.7099501751715314,0.7831468815160367,0.7261074524662667,0.7755871458722248,0.7436111387838666,0.7439927557071415,High
2022-05-20,16266.150390625,10914.599609375,34276.0,26433.5,38546.3515625,28789.400390625,5706.35009765625,13065.5,2489.64990234375,401.0499877929688,-1265.41,2148.95,0.028891038794289337,-0.09418122685970454,0.027933660705876884,-0.002002504514698522,0.028837782796383937,-0.09959837948034067,0.022978163488423853,-0.026413746275213645,0.021353808988304745,0.02362257979421667,0.015422110632729469,-0.2105258168417825,0.042017821986989334,-0.14066818817730642,0.03687452870473917,-0.05385882651121532,0.030164436678907558,-0.13404989128501077,0.04209427421730583,-0.1555064372555307,0.021352067053134215,0.01348944023251587,0.013841364276410348,0.9051263108343159,-0.5769613017770175,64.3232835406739,0.8536420035995448,0.8855481690771765,0.6700675152966831,0.7513522246180939,0.793162032775004,0.7712046910195777,0.8283514156293061,0.7861318646238253,0.7957921815605283,High
2022-05-23,16214.7001953125,11115.2001953125,34247.203125,26052.0,38510.80078125,29079.30078125,5241.60009765625,12889.2001953125,2481.10009765625,396.7999877929688,-1951.17,1445.39,-0.0031630222318707046,-0.08945313729604232,0.018379106253718636,0.01910738203294371,-0.0008401468957871527,-0.08995343000253797,-0.01443244367942198,-0.051690745352698686,-0.000922286540980588,0.024525920739147722,0.010069691855041363,-0.18934806792997227,-0.08144435445537856,-0.22115897508822435,-0.013493536771459147,-0.06317935433571964,-0.003434139346038645,-0.15387236764948187,-0.010597182718763642,-0.1623390804990168,0.018971835727484967,0.013454551103984627,0.013834552974888099,0.8980973387310794,-0.9604307017422407,66.53975227522639,0.8354122925885904,0.8847655713563574,0.6814765555941933,0.7508671200452558,0.7790474814263143,0.6869399055960498,0.8183431345920886,0.8327775312958328,0.7993298204525924,High
2022-05-24,16125.150390625,11116.2998046875,34289.75,25824.19921875,38010.8515625,28531.5,5180.2998046875,12691.599609375,2475.35009765625,392.0,-2393.45,1948.49,-0.005522754266735541,-0.08585254859407954,9.892843634640158e-05,0.027317974256698463,0.0012423459762453959,-0.08699234599155237,-0.008744080348917604,-0.04373059045377414,-0.012982052011585643,0.0119577216444402,-0.018838168956360035,-0.1945544240011856,-0.011694957995013744,-0.21728229418960554,-0.015330709659499453,-0.08131743688925086,-0.0023175203634192565,-0.15279962478984044,-0.01209674380200132,-0.17273399820456048,0.01921246447404732,0.013409148261997355,0.013786671020156013,0.8889502111537768,-1.2077487812695078,67.91389522146237,0.8337387839970292,0.8856730815197338,0.6789439901028377,0.7446558952416106,0.7762946152770485,0.6858874627412533,0.8257465980564096,0.8358685089541281,0.809106650418373,High
2022-05-25,16025.7998046875,11011.5,34339.1015625,25778.0,37930.94921875,27566.099609375,5079.25,12543.849609375,2425.199951171875,380.7000122070313,-1803.06,2229.82,-0.006161219184365629,-0.09888187329383602,-0.009427579907777206,0.010757937399709983,0.0014392511610612502,-0.09039379836105932,-0.0017889894032592224,-0.0630508553507464,-0.0021020929672838085,-0.010221089478949175,-0.03383629990098658,-0.22117450001815475,-0.01950655531482237,-0.24813669548026418,-0.01164155855427873,-0.09356076745820929,-0.020259819623841824,-0.1765444776709324,-0.02882649947185889,-0.19768174455841658,0.01952963620309919,0.013254374202631236,0.013789957301824056,0.8577685052359887,-0.8776092294649873,65.5588774396218,0.8336793085831113,0.8801356212031061,0.6683455730186084,0.7394614502906613,0.7603211812091961,0.6771450530400237,0.8261132821386629,0.8283609682506102,0.8014086619516185,High
2022-05-26,16170.150390625,11097.150390625,35094.4921875,25760.44921875,37849.19921875,27932.55078125,5214.75,12557.5,2501.85009765625,386.0,-1597.84,2906.46,0.009007387318995308,-0.08513737773733876,0.007778267322798849,0.019761883181507844,0.021997972883044836,-0.06696745183129205,-0.000680843403289666,-0.08764933128801766,-0.002155232117407424,-0.010122613521200474,0.013293544500955656,-0.1995463068165918,0.026677166904562677,-0.23028383073291192,0.0010882138298913269,-0.09252518603089721,0.03160570180917954,-0.14673782806525493,0.013921690630486427,-0.19558196292545182,0.01681543738873898,0.01343281849224409,0.013792699266535317,0.8937189570378277,-0.7628524774513629,65.30174234916211,0.8328765270074174,0.8775055685946507,0.710929910762811,0.723825515674284,0.7675527188725386,0.6940610687003694,0.8259796889117328,0.8233301884940216,0.8256797064066641,High
2022-05-27,16352.4501953125,11270.25,35612.88671875,25511.849609375,38242.69921875,28641.599609375,5211.5,12669.9501953125,2521.5,387.8500061035156,-1943.1,2727.47,0.011273847198922216,-0.06718941110224996,0.015598563890891981,0.04462500037337991,0.01477139285789808,-0.05653631883858201,-0.00965043766372109,-0.09078001931473478,0.010396521145024984,0.008206941849584926,0.02538432074026531,-0.16689889005439285,-0.0006232321779567895,-0.20909056417649963,0.008954823437189008,-0.0781904351707291,0.007854148560762386,-0.1293613642168726,0.004792761926206257,-0.16877410837952123,0.01740067815089399,0.013635840701194338,0.013850232239961695,0.9346210231863373,-0.9559180470850437,66.95096056074631,0.8367932848625146,0.8919532476451989,0.681688960270596,0.7291754542871561,0.7743014210160503,0.687798019220249,0.8304113213048284,0.8245324135766106,0.8284201225380676,High
2022-05-30,16661.400390625,11491.400390625,35826.53125,25921.099609375,38610.3984375,29753.30078125,5264.0498046875,12671.150390625,2602.35009765625,403.6000061035156,502.08,1524.49,0.018893205092962884,-0.0465934017790155,0.01962249201437416,0.07413332963336838,0.005999079292202225,-0.04368136906876463,0.016041565243847034,-0.08060664873177148,0.009614886664948585,0.010971056759958353,0.03881421383710415,-0.13394052345986485,0.0100834317734817,-0.20566624344537499,9.472770563401234e-05,-0.07998399806683487,0.03206428620116997,-0.10285443463226607,0.04060848202177514,-0.13035983452778865,0.01337748816897125,0.014167989359116858,0.014009870376293254,1.0418308684526818,0.4113995383777484,60.033573191165694,0.8467788785651991,0.881067367551787,0.7025284437976432,0.7363663191383998,0.7939059233893108,0.692941970689355,0.8113872826730816,0.8407523847434756,0.8407265889648553,High
2022-05-31,16584.55078125,11586.599609375,35486.984375,25641.099609375,38713.44921875,29679.05078125,5332.75,12604.4501953125,2575.60009765625,411.7000122070313,-1003.56,1845.15,-0.004612433983534836,-0.034302527184120746,0.008284387934795578,0.0782495041644371,-0.009477525821035226,-0.03380446614549404,-0.010802010879921609,-0.09788129717430705,0.0026689903606358367,0.007582814172100161,-0.0024955214396511494,-0.09460021952662001,0.013050825478764239,-0.19795609181136886,-0.005263941572491326,-0.08112745403397215,-0.010279170363776902,-0.0893790883241149,0.020069390438607115,-0.10148406538887134,0.010078033900379141,0.013866758215766979,0.014009350492903364,0.9811430441255052,-0.4305376807129518,64.35694261378377,0.8651944650892358,0.8743568818189198,0.7511943727194037,0.7705439250187472,0.7864495479754441,0.7121838320026589,0.8263732718986706,0.8341943315931203,0.820285396217661,High
2022-06-01,16522.75,11563.0,35620.38671875,25456.44921875,38434.55078125,29260.75,5336.7001953125,12443.75,2593.550048828125,407.1000061035156,-1926.77,800.91,-0.0037264067061659745,-0.025703719375332668,-0.002036802010134675,0.08929215079346542,0.003759190759640374,-0.019834055331944156,-0.007201344460184056,-0.1049335878363229,-0.007204174340655789,0.029384809592091665,-0.014094142846181046,-0.07997211944423122,0.0007407426398200467,-0.18870474379560653,-0.012749480764520982,-0.07977106069774442,0.0069692306613162724,-0.08036660742780677,-0.011173198851406552,-0.0890579287011305,0.010135828561693531,0.013708440221405818,0.013974706106522817,0.9492473559082302,-0.946786491874136,67.07168722214358,0.8618302648912246,0.8682232086986982,0.7686975104622066,0.7845011373990692,0.7806255216526368,0.7138316852286835,0.8190426184872797,0.8367901441599737,0.8155321279759415,High
2022-06-02,16628.0,11491.400390625,35613.234375,25968.650390625,38497.30078125,29792.400390625,5397.5498046875,12500.349609375,2620.0,410.7999877929688,,,0.006370004993115463,-0.029676379321702973,-0.006192130880826818,0.059242138112563625,-0.00020079354574309427,-0.019310265598709853,0.02012068405430778,-0.09487565316449598,0.0016326455942503593,0.020531349315530134,0.018169404086532337,-0.07400523323900199,0.011402103762255145,-0.1767133319674179,0.004548436715218429,-0.0849374479304652,0.010198357723548046,-0.0692386618016051,0.009088630886712412,-0.08579062598625209,0.009497411732480759,0.013611965098432752,0.013964384983144775,0.929810901729481,,,0.8406631656232453,0.8751587395748968,0.7599639335788596,0.7767844902312843,0.7767800601998719,0.7225710253830233,0.8160644283643742,0.8477320110640453,0.8183365312075385,
2022-06-03,16584.30078125,11282.150390625,35274.640625,25882.400390625,38273.8984375,29903.80078125,5328.7998046875,12418.7998046875,2582.699951171875,406.8500061035156,,,-0.002628050201467391,-0.04647372136878891,-0.018209268921715704,0.017276022317353368,-0.009507525950456452,-0.041858023268793065,-0.0033213123786801635,-0.10830288738975402,-0.005803065129667662,0.007051537024988841,0.003739221719779806,-0.08303176969419734,-0.012737260884613577,-0.18894407380625555,-0.006523801912415306,-0.10147381359344665,-0.014236659858062994,-0.09265927893494663,-0.00961534032820821,-0.10464346045700212,0.008916549125008416,0.013280161747133043,0.013930222138251031,0.8629638178890937,,,0.8145991045354669,0.8672712829649912,0.7519560932644799,0.7738325522297491,0.7682271608700277,0.7294079534210881,0.8074172838321192,0.8443651469687597,0.8176145407942451,
2022-06-06,16569.55078125,11303.150390625,35309.7890625,25830.349609375,38238.44921875,29819.80078125,5388.64990234375,12412.400390625,2574.60009765625,403.5,-2397.65,1940.0,-0.0008893953501298846,-0.03508037613122239,0.001861347285128323,0.024936185149757817,0.00099642227042529,-0.02037887588298659,-0.0020110492251272927,-0.10552454025966362,-0.0009261982760362386,0.012256637831594253,-0.0028090074774932416,-0.08039357999141095,0.011231440446233698,-0.16333755381070747,-0.0005153005252637177,-0.08529565559446972,-0.003136196100499311,-0.07612807117385845,-0.008234007750422045,-0.09953136687352016,0.008948631678346638,0.013111082003451735,0.013909024889587548,0.8289000034119265,-1.2100973747713948,67.20738428957148,0.8153553151628653,0.8657570069695907,0.759086680926121,0.7709861081166882,0.7738124907328957,0.7232924883156508,0.8014897166700885,0.8400849915006809,0.816242437190182,High
2022-06-07,16416.349609375,11362.2001953125,34995.59375,26101.900390625,37648.8515625,29351.69921875,5340.85009765625,12279.650390625,2566.800048828125,396.75,-330.13,1464.33,-0.009245946006475991,-0.03170940306819181,0.005224189951190672,0.04082812213736098,-0.008898249489507237,-0.030107583922225567,0.010512857369589845,-0.07292459438027821,-0.015418974050885215,0.012953640696956592,-0.015697675713324366,-0.075362297796434,-0.008870460236563127,-0.14639268246125348,-0.010694949874503368,-0.07649234657905124,-0.0030296156809850316,-0.06673697613425278,-0.016728624535315983,-0.07999999999999996,0.0093399019896315,0.013020769707872137,0.013663118835226914,0.8107051492286304,-0.053963080242553654,60.05224027219889,0.7997733856485575,0.8833850446510532,0.7198515859066097,0.7641073935592705,0.7704914922832713,0.7139161884620359,0.798779023303195,0.8342278513193947,0.8166865263276838,High
2022-06-08,16356.25,11382.349609375,34945.7421875,25976.25,37254.3515625,29472.150390625,5348.2001953125,12317.7998046875,2585.0,404.25,,,-0.0036609606157923524,-0.04909950367953886,0.0017733725613118256,0.014311458495778195,-0.0014245096927381073,-0.04006761720908192,-0.00481384070679125,-0.10124866444282732,-0.010478407272134227,-0.016171138992404965,0.004103720570904912,-0.07436861225169311,0.0013762036982605252,-0.15601598382600412,0.003106718257355645,-0.08377651441247091,0.0070905215932906,-0.08142775271242786,0.018903591682419618,-0.09492890289014755,0.004725736827258402,0.012691119447606564,0.013641222665164402,0.7442918399607753,,,0.7872137898348506,0.883711967758812,0.7019236465744914,0.7433711754350758,0.7757803757044194,0.7078768583224629,0.7830476049805007,0.8177218202949302,0.7842831609018778,
2022-06-09,16478.099609375,11419.25,35085.04296875,26287.69921875,37440.6484375,29761.55078125,5278.2001953125,12465.900390625,2577.60009765625,405.2999877929688,,,0.00744972774168895,-0.03288458824798446,0.0032418957325477393,0.023335773824411765,0.0039862018240330865,-0.02618461395345406,0.011989768297964387,-0.07851695976162343,0.005000674208151423,-0.005150900437098982,0.009819452832225517,-0.05801033573361336,-0.013088515284329194,-0.1650464904352007,0.012023298664193272,-0.06679442691603454,-0.002862631467601573,-0.07642689173781347,0.0025973724006649324,-0.08982708532791828,0.00592766608840673,0.012705875891598589,0.01363118743604909,0.7472647612554425,,,0.7830082387407994,0.8813033709788054,0.7036476845910575,0.7428960557156234,0.7791784838131619,0.7021470150660186,0.7861342953386612,0.8110939877060873,0.7888574913089375,
2022-06-10,16201.7998046875,11394.0,34483.3984375,25808.5,37428.69921875,29114.30078125,5199.9501953125,12419.2001953125,2564.800048828125,400.4500122070313,,,-0.016767698414100085,-0.06049567437034131,-0.002211178492457888,0.01804407582495915,-0.017148177124533648,-0.053220327167329384,-0.018229028518715107,-0.11146417773524486,-0.0003191509562112671,-0.02682121882333055,-0.021747858663593966,-0.08773635879775132,-0.014825129230507939,-0.18270616824997632,-0.0037462352376584906,-0.07869434752874627,-0.004965878469574747,-0.08574689092427157,-0.011966384732325475,-0.108327751581617,0.008467649749754887,0.012768610580421082,0.013740935088921546,0.7599036661579728,,,0.781783262313128,0.8836064661046618,0.7008872096663851,0.7164643883973061,0.7849514761152439,0.6965256559503591,0.7638633255624309,0.7992100964610372,0.7832820529798706,
2022-06-13,15774.400390625,11165.650390625,33405.46484375,25317.400390625,37078.1015625,27914.599609375,5000.0,12191.849609375,2473.0,387.8500061035156,-4164.01,2814.5,-0.026379749115209128,-0.07765802935554433,-0.02004121549719151,0.00790305055353624,-0.03125949420860352,-0.07432624856591341,-0.01902859946819846,-0.11459511666674072,-0.009367080971768527,-0.02947446602146242,-0.04120659399959292,-0.11725235072127038,-0.03845232892667805,-0.20977349669825773,-0.01830637902296728,-0.09440794756519644,-0.03579228286043934,-0.10351454342814304,-0.031464616604884754,-0.12597181723151407,0.011188026750333029,0.013483470809316129,0.013921076605320586,0.9039236752022503,-2.1978263314363673,74.03404209104521,0.7952691866026061,0.8962648255556258,0.7080024655730468,0.7160886468132515,0.8084277838411283,0.7144903745637192,0.780959774299784,0.8177175923346448,0.7960886273133176,High
2022-06-14,15732.099609375,11104.150390625,33310.96484375,25177.69921875,36999.1484375,27953.349609375,5018.2998046875,12218.5,2462.64990234375,391.0,-4502.25,3807.6,-0.00268160945598539,-0.07832867758681705,-0.005507963965237228,0.015162373394302708,-0.0028288784617130913,-0.07887446839490797,-0.005517990382880367,-0.1188490488771855,-0.0021293734488243565,-0.033593894197114005,0.001388162486378075,-0.1022984537603997,0.003659960937500095,-0.2113435703241705,0.0021859185832235895,-0.09225311565535554,-0.004185239650727812,-0.10315379659623913,0.008121680667561026,-0.12075558968510014,0.011184200325246122,0.01348292057000366,0.01383452351861637,0.9038128207057274,-2.386966394788323,75.16755221719868,0.8048231397107531,0.8972405282000261,0.7081264260899534,0.7166166068868806,0.8129149293636009,0.7144123339808365,0.7789310102338781,0.8178813082019347,0.7921204677477766,High
2022-06-15,15692.150390625,11206.75,33338.61328125,24877.0,36830.8984375,27812.44921875,4982.2998046875,12261.349609375,2453.35009765625,388.6000061035156,-3531.15,2588.0,-0.0025393443813560568,-0.05908819265549747,0.009239753224310032,0.05119125785573586,0.0008300101071729848,-0.05460298506140049,-0.011943077726739526,-0.11788068480918878,-0.0045474019566751345,-0.02102244781818552,-0.005040554802696828,-0.09684004430819504,-0.007173744375808977,-0.19099463953424756,0.0035069451548881414,-0.06464742828778769,-0.0037763405503352665,-0.08072914689374333,-0.00613809180686542,-0.09659418431368794,0.011039248459221015,0.012926284312068105,0.01376883336448936,0.7916695573629557,-1.8439380258163383,70.5636628432535,0.7811954158152846,0.8875804877153735,0.7080415793351967,0.6893103505347855,0.8292475999083007,0.70615779824363,0.7531331114642412,0.8062009754971006,0.7761502585511334,High
2022-06-16,15360.599609375,10956.599609375,32616.720703125,24370.0,36621.1484375,27136.44921875,4721.2998046875,12066.650390625,2387.199951171875,377.7000122070313,-3257.65,1929.14,-0.021128447854290244,-0.07924704709947894,-0.02232140367412494,0.023436058313341945,-0.02165334748734138,-0.07424182369209842,-0.02038027093299033,-0.13840955197150318,-0.005694946604572593,-0.021035641454604126,-0.024305662355844193,-0.13667404566861951,-0.05238544652701216,-0.2380822176223305,-0.015879101807939056,-0.07240262977091905,-0.026963190678562343,-0.09908483775002364,-0.028049391984777183,-0.1075141745925593,0.012173779247927,0.013381811146257219,0.013878587753924686,0.8834427126288911,-1.6909998537291817,70.74731167392179,0.7971519464920815,0.8946921865544677,0.7204367980310336,0.6938521203354205,0.8473402786078319,0.7278378638352979,0.7706008687113004,0.8194835770111223,0.797832759534027,High
2022-06-17,15293.5,10830.900390625,32742.669921875,24155.150390625,36264.55078125,26732.44921875,4724.85009765625,11803.9501953125,2368.199951171875,377.6499938964844,-7818.61,6086.92,-0.00436829362663993,-0.06810876685200695,-0.011472466205887932,0.02970496503864628,0.0038614923890227804,-0.0534282849800638,-0.00881615139002867,-0.14763575318024635,-0.009737478792031684,-0.02722019937966158,-0.014887725241549132,-0.1297874832197996,0.0007519736334526961,-0.22109296115129407,-0.021770763783510394,-0.07931971736213805,-0.00795911544429817,-0.10155922496671654,-0.0001324286707184985,-0.07472742975891222,0.012121152344257253,0.013138736015570657,0.013881663171908504,0.8344713457729833,-4.2414381914353525,85.46228529788792,0.7828227586335971,0.8856460959180292,0.7527459785599572,0.6925905518660643,0.8412127434987414,0.7250510826984196,0.739470831037415,0.8317037492447702,0.7889548262500024,High
2022-06-20,15350.150390625,10754.7001953125,32684.419921875,23701.30078125,36915.75,26966.19921875,4540.5498046875,11847.900390625,2309.300048828125,370.75,-1217.12,2093.39,0.0037042135956451006,-0.058379830605398864,-0.00703544419801494,0.02586924169528304,-0.0017790241339202817,-0.046406420951859984,-0.01878893743303478,-0.14033058165051093,0.017956908460774024,0.005002450179679929,0.008744054766072429,-0.12257393337972544,-0.03900659050753197,-0.2359578054259791,0.0037233463870385286,-0.07329680167188113,-0.024871169478153266,-0.10294060326053811,-0.01827086987422455,-0.07991068676401303,0.011303969687431992,0.013155363949193307,0.013788028958488642,0.8378213085404228,-0.5499580683946087,63.35360411285272,0.7673947855245763,0.8822020663162324,0.7372107215200152,0.6873357364359304,0.8474831342237354,0.691857331573985,0.7427022356566166,0.8001260804593161,0.765074351456521,High
2022-06-21,15638.7998046875,10974.2001953125,33191.36328125,24355.94921875,37317.75,27810.650390625,4720.75,12098.349609375,2403.10009765625,384.2999877929688,-2701.21,3066.41,0.018804337854487096,-0.03702266971043744,0.02040968097796636,0.04791142384468783,0.015510244960343034,-0.037436157986645124,0.027620780966498337,-0.08372036872951405,0.010889660917088317,0.01099514193742146,0.03131517219111246,-0.08599374557329009,0.03968686680332589,-0.16207390715562542,0.021138700570792812,-0.039531465829925394,0.04061838948807228,-0.05902852330226749,0.03654750584752198,-0.017386904127909886,0.015118614393176744,0.013680844469176877,0.013941336995364623,0.9436877509323893,-1.3798447660649131,69.60332160757815,0.7811595378611303,0.893872832771736,0.8044687192571315,0.7058853011948252,0.8599082787315127,0.7353617193792036,0.7716784407402938,0.8163575885577691,0.8023149189673004,High
2022-06-22,15413.2998046875,10881.400390625,32844.91796875,23792.05078125,36963.30078125,27488.400390625,4490.75,11939.0498046875,2401.85009765625,375.8999938964844,-2920.61,1859.07,-0.014419265085317434,-0.04662554341227576,-0.008456179314747514,0.048567076630802175,-0.01043781508955699,-0.053262665342392435,-0.023152390097196163,-0.10098918621400588,-0.009498140127687238,0.008317394014630386,-0.01158728744109594,-0.08525218956165093,-0.04872107186358099,-0.2029409799459022,-0.01316706904915843,-0.049260854275678834,-0.0005201614369785279,-0.054501416569174066,-0.021857908309405705,-0.045818042267406156,0.0127881641434436,0.013882630807136616,0.013948761967332177,0.9843408311336659,-1.5025308170920508,70.8272748761563,0.786501409342775,0.902831424106568,0.8111384186792399,0.7158763688191244,0.857750904240901,0.747485683742332,0.7780100768028713,0.8017102295507604,0.8145485510167154,High
2022-06-23,15556.650390625,11359.5,33134.61328125,23692.55078125,37316.5,28027.80078125,4523.0,12127.2001953125,2412.60009765625,382.1499938964844,-2319.06,2438.31,0.009300447519609234,-0.01590015241491649,0.04393732352564772,0.11758257405104056,0.008820095479478152,-0.011843832747174154,-0.004182069083276119,-0.07879730001165686,0.009555402555638803,0.03022355352792183,0.019622836649635156,-0.05810591009541066,0.007181428491900066,-0.16640555826577952,0.015759243298501646,-0.023924599908022204,0.004475716453116618,0.0038070884230037016,0.0166267627067882,-0.008690028802893934,0.013647266528649575,0.013446562765831485,0.01395815647794714,0.8964879604406653,-1.1661507168396594,67.75475982632594,0.7400877907261907,0.9004187836836661,0.7836694493592611,0.7048421243084547,0.8795331032919532,0.7392626455023829,0.78358277270679,0.7862395477618143,0.8130452897451826,High
2022-06-24,15699.25,11583.25,33627.05859375,24021.30078125,37778.8515625,27777.80078125,4596.60009765625,12178.400390625,2460.39990234375,383.2000122070313,-2353.77,2213.44,0.009166472588529428,-0.005252794364083879,0.019697169769796297,0.11245304225770059,0.0148619604617104,0.015280163255736223,0.01387566932050932,-0.05232633356287564,0.012390003416719253,0.024173815617947847,-0.008919715176769927,-0.06234795627588563,0.016272407175823567,-0.1348471656334096,0.0042219304116286605,-0.03571793098499543,0.01981256849568047,0.02331183164304451,0.002747660152603304,-0.003251397997945382,0.01420736320559496,0.013557800529930409,0.013943318718352317,0.9188985844256572,-1.1855601645659672,68.1401440005037,0.7696909219675686,0.9103625884480298,0.7936077936881426,0.7526221171697531,0.8627308844903431,0.7454077714383522,0.8114404587305929,0.7902212674305429,0.8090634794586423,High
2022-06-27,15832.0498046875,11686.0498046875,33810.85546875,24238.150390625,38103.19921875,28345.94921875,4666.2998046875,12221.5498046875,2472.050048828125,386.5,-1278.42,1184.47,0.008458990377725017,-0.0006470020215730843,0.008874867130339137,0.0973744479204246,0.005465743442519155,0.0063589960383150235,0.009027388289657656,-0.0553154247270734,0.008585429223898267,0.03655379476733911,0.02045332681208878,-0.03596683324264116,0.015163317571782908,-0.1294135888112592,0.003543110152275597,-0.03067040987547831,0.004735062163381265,-0.0008689282944701615,0.008611658893125984,-0.020278833967046883,0.010818367718549588,0.013630240121393014,0.013616224959618737,0.9334926969471132,-0.5842363497435766,64.70733046182681,0.7785560585676027,0.9176294613771679,0.8004788652515556,0.764261458584334,0.8684813222592355,0.7481080617256238,0.8133238185803443,0.8061899793674665,0.8218680216992859,High
2022-06-28,15850.2001953125,11832.5498046875,33642.05859375,24477.94921875,38173.1015625,28509.099609375,4744.0,12214.5498046875,2483.5,389.1000061035156,-1244.44,1205.63,0.0011464333961117568,-0.025160961067773546,0.012536314875299936,0.08444567081159282,-0.00499238699109561,-0.019224856238065358,0.009893445838909942,-0.074762308518873,0.0018345531394541315,0.017440654672663758,0.00575568626634948,-0.05657581437435366,0.016651350870007686,-0.17170820553225974,-0.0005727587836130699,-0.041691704618493586,0.004631763494150398,-0.016104393128952177,0.006727053307931774,-0.032570874455300824,0.010261756070499263,0.012701474989259174,0.013214883684104428,0.746378129199124,-0.5652351099354538,62.34794821000221,0.7598779830850974,0.9073860441671806,0.7600394877841422,0.7286938093798401,0.8626723830559099,0.6982066914822996,0.8192536642641551,0.8032438917061357,0.8237725732923072,High
2022-06-29,15799.099609375,11850.5,33269.51171875,24972.650390625,37688.3515625,28140.099609375,4755.39990234375,12210.9501953125,2460.550048828125,389.9500122070313,-851.06,847.46,-0.0032239710103227903,-0.027166998184673607,0.001517018361113509,0.08626005782508117,-0.011073842998097994,-0.026162257219318308,0.02021007427763033,-0.051007223287008685,-0.012698732357556253,-0.00791541806299656,-0.012943235845956247,-0.06441980802065894,0.002403014827940586,-0.16702725726206025,-0.00029469848930652187,-0.05205892299783477,-0.009240970876535082,-0.009639746899527069,0.0021845440508412306,-0.013159513525932809,0.01074878893995719,0.012709234707120312,0.013216843028844346,0.747941448280771,-0.3452613690372977,61.04686559359304,0.760173062526587,0.9030247477525508,0.7183365944347996,0.736485499947707,0.8617139639606716,0.6949636036423911,0.8311633820213538,0.8116888031573681,0.8315466564531161,High
2022-06-30,15780.25,11701.150390625,33424.71484375,25108.5,37664.55078125,27843.349609375,4660.89990234375,12159.349609375,2434.75,385.2999877929688,-1138.05,1378.2,-0.001193081241402827,-0.001843864403756057,-0.0126028107991224,0.10201077327415708,0.004665025634041031,0.00328537491087455,0.005439935579524935,-0.028299422401532492,-0.0006315155814264894,-0.002011063436475835,-0.010545449522898487,-0.017945756291495973,-0.01987214575864049,-0.1488883994807122,-0.004225763360930612,-0.03503731999717896,-0.010485480204075803,0.007448019033826414,-0.011924667953577939,0.0011692391381492584,0.008669272333112021,0.011748506893710294,0.013216868339509143,0.5543874879628669,-0.5057429997769434,59.68710785421606,0.7114302669892686,0.8856977231065056,0.7009391366519646,0.7507916793820768,0.8345093467509167,0.6706355112767296,0.8140619893665993,0.7908724666864312,0.8197336288115062,Medium
2022-07-01,15752.0498046875,11711.9501953125,33539.05859375,24122.849609375,38725.8515625,28064.25,4696.5,12260.900390625,2447.89990234375,391.3999938964844,496.27,-115.66,-0.0017870563085186086,-0.031605547323219296,0.0009229694796635268,0.07305358093508274,0.0034209341959841044,-0.021500216076846823,-0.03925564612083554,-0.0874137133041406,0.02817770978907652,0.004656731252734803,0.007933685915096245,-0.025188103287525854,0.007638030938692308,-0.17696953050094533,0.008351662260924098,-0.061581999110252195,0.005400925082143848,-0.016769426079022876,0.015831835704062547,-0.02406182318964678,0.0056285769575021224,0.010405967851717443,0.013216968037289153,0.2839115583269864,0.40815065070013823,50.95803479572301,0.6736148667292742,0.8542181597449586,0.5937394968363621,0.5776006029377209,0.865998441210918,0.6142196180481277,0.7385666253061887,0.7630885644921387,0.765017084556966,Medium
2022-07-04,15835.349609375,11692.099609375,33940.50390625,24078.19921875,39755.6484375,27890.650390625,4649.9501953125,12218.2001953125,2488.449951171875,392.6000061035156,-5009.62,1774.7,0.005288188249805481,-0.023395473327787242,-0.0016949001324685353,0.051901846473785485,0.01196948660254904,-0.008955453022851723,-0.0018509583796288975,-0.07576388688968216,0.026591974958588116,0.03232463701082233,-0.006185791865986112,-0.04087616822586837,-0.00991159473810288,-0.11287581870434993,-0.0034826312874337573,-0.05205908744004362,0.01656523977524582,0.002962336554888756,0.003065948456168366,-0.010584631599445893,0.005071505391743338,0.010460134084059061,0.013228970569049174,0.2948242108378027,-2.6706820817055466,69.5619830202869,0.6882344104266985,0.8541822150875938,0.5921222583512823,0.5642747434127074,0.8642292110457354,0.7025379198441809,0.739000304980996,0.7654144014226525,0.7644875170283177,High
2022-07-05,15810.849609375,11649.7998046875,33815.50390625,24229.0,39690.6015625,27695.150390625,4663.75,12233.75,2488.300048828125,391.8500061035156,,,-0.0015471713984448465,-0.019491339530869234,-0.003617810838147717,0.04799258830488129,-0.0036829152668231835,-0.013830549763413247,0.0062629592803007395,-0.06177148825555001,-0.0016361668733000378,0.044191327764337096,-0.007009517428310463,-0.029313201527259358,0.002967731719236699,-0.09971426831707486,0.0012726755527763256,-0.03607501209199804,-6.02392439837951e-05,0.005231563480307955,-0.0019103412846158685,-0.00038263749103162326,0.004300212127094685,0.010422511908701035,0.013214689858089629,0.2872446228060228,,,0.6883679750702312,0.8593038537660862,0.584269084124272,0.5620180355391836,0.8650462156603335,0.6986730292377474,0.7422925409845513,0.7660889210927935,0.762583622945538,
2022-07-06,15989.7998046875,11952.2001953125,34323.8515625,24079.19921875,40740.1484375,28007.599609375,4665.2998046875,12331.150390625,2514.64990234375,400.75,-2293.98,1311.14,0.011318189707300252,-0.0022463777433104903,0.02595756113365355,0.08542888755505618,0.015032975929009984,-0.00044410014549289833,-0.006182705899954621,-0.06590118633136788,0.026443209064173523,0.07406087315530074,0.011281730351454078,0.016016048924449633,0.0003323086974000855,-0.08149829114780727,0.007961613620108388,-0.01695645478649821,0.01058950005970316,0.03688353660433319,0.022712756814742052,0.052666107565200626,0.005171964717329806,0.010588345079961838,0.013275606369037027,0.32065436342306386,-1.1521262584998206,60.760609912075694,0.700075900968505,0.8729631954240733,0.5644320759029823,0.5835883602827345,0.8863750158686668,0.6856608186317587,0.748900413547177,0.7683866893141182,0.783206461046412,High
2022-07-07,16132.900390625,12114.099609375,34919.89453125,24109.150390625,40708.69921875,28196.349609375,4842.2001953125,12389.7001953125,2600.75,411.25,-925.22,980.59,0.00894949203151052,-0.002303627307114975,0.013545574155124473,0.09164057284554161,0.017365270551431777,-0.004975072878022346,0.001243860794659657,-0.06410209752565521,-0.0007719465921496305,0.0755498150297309,0.006739242299679926,0.009444136705985207,0.037918332804090626,-0.07144154651469392,0.004748121856660958,-0.013362516797730484,0.034239397530448024,0.0395307066703956,0.026200873362445476,0.06541450777202074,0.005891778150021938,0.010586648033402958,0.01232462586780629,0.32031246629285665,-0.3867308200134716,56.16413451559511,0.7066067360133915,0.8814329917702624,0.5678471675613197,0.5880298850342534,0.8816026124955398,0.6807108823499073,0.7565640616344466,0.7649257236432883,0.7842183352439077,Medium
2022-07-08,16220.599609375,12124.599609375,35123.640625,24347.650390625,40925.25,28250.30078125,4799.5498046875,12449.4501953125,2609.949951171875,411.0,,,0.005436047866567373,-0.008063047700050174,0.0008667585985402404,0.07580573717308847,0.00583467093715484,-0.013737894869735867,0.009892509530022409,-0.04563366578964878,0.0053195210214493915,0.07014543523472772,0.001913409807383859,-0.013661905531174301,-0.008808060159571252,-0.0790463773026,0.004822554142400071,-0.017403383328340016,0.0035374223481208222,0.0350783070283065,-0.0006079027355623268,0.059688007044418345,0.005364504999064831,0.010424256428278609,0.012041901356671235,0.28759608413396437,,,0.6910664205413801,0.8774949404435459,0.6073035837332179,0.5800430721128312,0.8748054387035804,0.6818465840903136,0.7502744139548126,0.7664171765936649,0.7879493010897477,
2022-07-11,16216.0,12252.5,35469.234375,25005.5,41043.1484375,27380.55078125,4893.89990234375,12564.849609375,2659.050048828125,417.0499877929688,,,-0.00028356592763323363,-0.026732470271563558,0.010548834167365406,0.0662321025726269,0.009839348764832057,-0.009972968705978191,0.027019018214106794,-0.035322560507573986,0.002880823880123007,0.06300763779835061,-0.030787282823454443,-0.07974745449067167,0.019658114093139112,-0.07031656539688147,0.00926943858982221,-0.00838919734775212,0.018812658700295692,0.02178797972760882,0.014720164946396164,0.033325028459002315,0.0052333727593830495,0.009780047857239916,0.012008898468614648,0.1578099798338256,,,0.6677605168595949,0.8898588973138747,0.5501229643669175,0.5785626159072355,0.8048700165922392,0.6802048223004106,0.7839416585258872,0.7203681476114724,0.7474136991421637,
2022-07-12,16058.2998046875,12107.349609375,35131.83984375,25098.44921875,40574.80078125,27063.75,4834.0498046875,12450.650390625,2656.35009765625,417.4500122070313,,,-0.0097249750439381,-0.03173139770282252,-0.011846593807386285,0.04494416114790467,-0.009512315030059115,-0.010007740514017649,0.003717150976785044,-0.021163304183202558,-0.011411104510249626,0.04808023051582011,-0.011570285191886742,-0.08811942135636763,-0.01222953040530872,-0.09351651498992075,-0.009088785166580293,-0.01220202407120441,-0.0010153818552850469,0.03135191681095262,0.0009591761797653753,0.013966480032816975,0.007173946873257853,0.00989166145683953,0.01199496368161742,0.18029632188232225,,,0.687155472968897,0.8942986486836668,0.529810579387584,0.5948153178783931,0.8086696934874756,0.6989166330219581,0.788621699455493,0.7129672995515637,0.7723225788301988,
2022-07-13,15966.650390625,12099.349609375,34827.39453125,24727.19921875,40954.3984375,26949.75,4872.5498046875,12622.2998046875,2658.10009765625,418.6000061035156,-2839.52,1799.22,-0.005707292501522909,-0.03365660131485371,-0.0006607556780061641,0.046384987405950096,-0.008665794727917175,-0.022262312696413877,-0.014791750548581839,-0.028646964615272053,0.009355502650438607,0.06556204261607479,-0.004212276569211637,-0.07897952034722278,0.00796433664433227,-0.08697329316581948,0.013786381327657082,0.014348552862883057,0.0006587987033577214,0.02488868447219339,0.0027548062351330227,0.028248587147099657,0.00771567605878235,0.00991688314395402,0.0119906652885578,0.1853776335283143,-1.4571861868377638,60.96764872336635,0.6860705959692963,0.9012479812365144,0.5333247021350833,0.5778697748062821,0.8083704541962846,0.68802727649357,0.7494070746547012,0.7166789521680513,0.7687443252309447,High
2022-07-14,15938.650390625,12115.2998046875,34650.796875,24975.349609375,40897.30078125,26523.30078125,4870.35009765625,12721.0,2599.449951171875,417.6499938964844,309.06,-556.4,-0.0017536552323109689,-0.04145715716712772,0.001318268818361945,0.05429272263209062,-0.005070653680152359,-0.027024714741315847,0.01003552357182591,-0.03824999629586423,-0.0013941764115308342,0.062342033111290496,-0.01582386548112691,-0.10972931239215333,-0.0004514488552038731,-0.09767389391634773,0.007819509664621194,0.01765153755855886,-0.022064686930371447,-0.007843530087070616,-0.0022694987892483143,0.01667479626841617,0.0077283394354618114,0.009816482282493764,0.011884475065757027,0.16515027663938844,0.30346489129817633,50.161013971883605,0.7118242790606213,0.9076547130299212,0.5133878319403934,0.5845839441967007,0.7985553111930196,0.6822517452841091,0.74046496728538,0.6912655947177835,0.7661571584948217,Medium
2022-07-15,16049.2001953125,12361.650390625,34682.24609375,24964.5,41498.80078125,26484.75,4830.7001953125,12732.0,2588.35009765625,420.0,-1649.36,1059.46,0.0069359576863876615,-0.03226548969387233,0.02033384149867956,0.09568211401409954,0.0009076044878115752,-0.01679377934838988,-0.00043441271272248727,-0.03546426825842153,0.01470757210157414,0.08425852801527811,-0.0014534684641231976,-0.11433499060071928,-0.008141078474590668,-0.09347313234339272,0.0008647118937190612,0.025219844126505908,-0.004270077794966243,0.0021876898560404534,0.005626735634762348,0.03232147892149362,0.006903330914926025,0.009928660321424662,0.011642311857691564,0.18775033400496494,-0.7916618910745085,57.00297535450663,0.7392719324629345,0.9065465072500042,0.5083321642888426,0.5979119557366364,0.7992054812838936,0.6674592098850483,0.7354949841765951,0.6798591778116606,0.767376688147214,Medium
2022-07-18,16278.5,12408.7001953125,35358.2890625,25279.150390625,41460.30078125,27322.94921875,4950.9501953125,12713.4501953125,2660.14990234375,425.1000061035156,156.08,844.33,0.014287304158276504,-0.017565399635296797,0.003806110284690023,0.09780899718050806,0.019492479435229804,0.0013735567752657385,0.01260391318171794,-0.02133920860869587,-0.0009277376520575586,0.08425685738636557,0.03164837194045633,-0.08373132942155548,0.024892871662100857,-0.08122622826932513,-0.0014569435035737266,0.024253955336059008,0.027739603213844388,0.03322838555214025,0.012142871675037137,0.05353161363944392,0.008165216286158416,0.010315941918911116,0.011696331582235975,0.26577439649742496,0.2179201689365923,51.88177174434954,0.7138339649480093,0.9138996549467753,0.5264300353715606,0.5596497101781267,0.8143708595454638,0.692649025347349,0.6956882390260916,0.7059389185798431,0.7715794667393644,Medium
2022-07-19,16340.5498046875,12538.900390625,35719.9375,25372.69921875,41479.8515625,27346.150390625,4991.0,12682.2001953125,2721.199951171875,435.9500122070313,976.4,-100.73,0.003811764271124396,-0.004617336161275021,0.010492653804439867,0.10356270573352067,0.010228109082448533,0.02069814146245208,0.0037006318123609105,-0.027936708092599516,0.0004715542550728369,0.1017560919126641,0.0008491459574604399,-0.06832820182498489,0.008089316819510417,-0.06550457160551582,-0.0024580266977033416,0.03278186201415223,0.022949852853907382,0.06015268014906017,0.025523420248725115,0.09880280329434488,0.008050790793689354,0.010210833691674344,0.01149782639371669,0.24459866559872026,0.6766340311908385,48.87537980003961,0.7294222375609326,0.910185474856841,0.5617645494009716,0.5379937270620677,0.8099670003869778,0.6957997132819697,0.6775280663821953,0.7043500050424111,0.7547354926634608,Medium
2022-07-20,16520.849609375,12511.2998046875,35971.68359375,25608.19921875,41950.1484375,28146.349609375,5046.7001953125,12711.5,2726.949951171875,435.2000122070313,1780.94,-230.22,0.01103388850696918,0.010063407527703516,-0.002201196682137807,0.09918428391820333,0.007047775314556581,0.02935812325133491,0.009281629753683074,-0.014168741879601598,0.011337959449815749,0.12604693621152063,0.02926185979816487,-0.04498486753351172,0.011160127291624855,-0.056374105117503626,0.0023103092709677586,0.031961892671991565,0.0021130384033425376,0.05491294049202122,-0.0017203807294396967,0.07656156390112878,0.008829838128659919,0.010385274815695704,0.011443452170814378,0.2797426157637513,1.1265238921451384,46.597768036294184,0.6998858572483199,0.9075452209130834,0.5687106823856489,0.5481139387097497,0.8220698775942693,0.7032525268245818,0.6734977599176899,0.6974573703983765,0.7564135484597988,Medium
2022-07-21,16605.25,12581.349609375,36200.578125,25719.599609375,42283.0,28342.900390625,5090.10009765625,12651.75,2771.35009765625,438.0,1799.32,-312.29,0.005108719746296009,0.007716326132211293,0.005598923036058467,0.1017667193007421,0.0063631864951065875,0.03179517714268165,0.004350184473082219,-0.021610853222551962,0.00793445493991296,0.12933407311530343,0.006983171316273795,-0.04766722006699864,0.008599659314825425,-0.03563716621118296,-0.004700468080084952,0.014908639051437245,0.01628198070349418,0.07516681900197475,0.006433795299704004,0.08068100960253344,0.006926473207809552,0.010339062506321824,0.011453915631426339,0.27043240805465774,1.1368017846605383,46.42437818869266,0.7053703255393109,0.9107204904416544,0.5625190762380978,0.5530176144440778,0.8207447845939407,0.7269439527698577,0.6516435295599573,0.7134572280698938,0.7629468573368557,Medium
2022-07-22,16719.44921875,12634.2001953125,36738.5234375,25621.650390625,42502.75,28168.150390625,5094.10009765625,12617.5498046875,2787.89990234375,439.5,-675.45,739.38,0.006877295960614926,0.03195011790682245,0.004200708793444363,0.10884677859509395,0.014860130427820417,0.06539741157146506,-0.003808349283722756,-0.007239847700370006,0.005197124139725284,0.13556577939283931,-0.006165565188868349,-0.032497788551883566,0.0007858391629353978,-0.02035598297685015,-0.002703198791669137,0.015971206378480485,0.00597174810266532,0.08698528121814442,0.003424657534246478,0.0975152618369255,0.005143345845378469,0.009883671424706359,0.011374001704218267,0.1786866023125793,-0.24706220121197572,53.62661243502281,0.7165819351594066,0.9003918360332971,0.5248573953832286,0.55715568850141,0.7991155549402863,0.7282679498374354,0.6479459947410205,0.7254340619810595,0.7524053258854403,Medium
2022-07-25,16631.0,12423.7001953125,36725.97265625,25360.849609375,42386.94921875,28216.0,5168.5498046875,12488.7998046875,2771.25,437.5,-844.78,-72.26,-0.005290199311757782,0.05430314865622998,-0.016661125892092454,0.11267143074296815,-0.00034162454218800153,0.09940013791250246,-0.010178922016101932,0.0017161801006271293,-0.0027245479704254283,0.14318013686060072,0.001698713217284098,0.010797231371492577,0.014614888911488766,0.033709960937500005,-0.010204041354540005,0.024356451631765363,-0.005972202348352829,0.12060250707642539,-0.004550625711035261,0.12801338949375451,0.006172964178720758,0.00851762583591898,0.01131234654636397,-0.09652509656196812,-0.34174966256304784,50.892196816634666,0.6905034294608652,0.8592769839049161,0.49492442692240396,0.5349756793739401,0.7306650396408192,0.6608939973672271,0.5865389603367105,0.6598487800317667,0.6918003510609814,Medium
2022-07-26,16483.849609375,12276.5,36408.078125,25273.349609375,41799.05078125,27418.849609375,5153.39990234375,12341.900390625,2752.10009765625,433.1000061035156,-1548.29,999.36,-0.00884795806776506,0.04778446734166497,-0.011848337693148747,0.10557760550188422,-0.008655850567266032,0.09297579027738956,-0.0034501998690001923,0.003799012363836951,-0.01386979833028279,0.1297300761356206,-0.028251715006556544,-0.019121143171362154,-0.00293117081507277,0.026921487937021205,-0.011762492502070843,0.010099471344682254,-0.006910203822733441,0.11753607162635049,-0.01005712890624999,0.10767264988111402,0.008327436352921888,0.008701896294732921,0.011172809131737127,-0.05940086993378182,-0.7351446660183881,53.69805755690494,0.7012399397023258,0.8647728147209008,0.48879872274506997,0.5600584640389455,0.7511446944601117,0.6568388835248082,0.6148926055520227,0.6630640193158605,0.7130666161337373,Medium
2022-07-27,16641.80078125,12326.349609375,36783.32421875,25278.650390625,42036.30078125,27878.80078125,5193.64990234375,12628.9501953125,2807.39990234375,437.75,-436.81,712.03,0.0095821774414373,0.060517543293005405,0.004060571773306654,0.09990404081245674,0.01030667129590479,0.1033249616125258,0.0002097379782233233,0.016145451245126008,0.005675966213721351,0.14133248344683413,0.016774998894108828,0.0023856785131770586,0.00781037776278426,0.042420188656131286,0.023258152764346285,0.0299804342628347,0.020093674911968007,0.14431279295430888,0.010736536206312097,0.12647965291949004,0.007493069470575925,0.008784392483194566,0.01104595580120253,-0.04278069534842394,-0.11361735519048005,50.16833578696179,0.7053745246865205,0.867660766000248,0.47526518678715746,0.5508799662997392,0.7579243852235437,0.6539336444045231,0.628824862334781,0.670209453499056,0.7124844110379572,Medium
2022-07-28,16929.599609375,12383.7001953125,37377.71484375,25555.55078125,42271.6484375,28663.05078125,5282.10009765625,12660.650390625,2818.050048828125,446.7999877929688,1637.69,600.29,0.017293731123692924,0.10214445008008655,0.0046526820798495905,0.13025031823891808,0.01615924165703908,0.1459678973848788,0.010953923027777313,0.04864795983791548,0.005598676664597901,0.15429608958450625,0.028130693502693704,0.05625649657381082,0.017030450064141833,0.1187809112253293,0.002510121175730573,0.0492265857359635,0.0037935979393188823,0.18048345612806593,0.020673872742361654,0.18294936021357944,0.0092163639272084,0.008068097734551317,0.011154498162727388,-0.1870897113044857,1.0464200780629256,41.47640299596861,0.6217162422908511,0.8381228957149256,0.4221905459355236,0.519007321082685,0.7674018398982577,0.5533317415284167,0.5486901858659041,0.5626560696716092,0.6584043408819213,Medium
2022-07-29,17158.25,12543.2001953125,37490.9609375,26018.400390625,42487.3984375,29152.30078125,5485.7998046875,12776.5498046875,2784.949951171875,450.9500122070313,1046.32,-0.91,0.013505953826479233,0.1219308856703829,0.012879833772168947,0.15809394814207978,0.0030297757426691607,0.1450184431188588,0.0181115098374085,0.07713675840839129,0.005103893696480677,0.171595884195191,0.017069013474310335,0.09052113192841049,0.038564151240078726,0.16105266649807937,0.009154301752801075,0.08239611259637747,-0.01174574513678861,0.1759775393094558,0.009288327053369239,0.19409511318736783,0.009523510151317896,0.008143554639626797,0.011179122091224458,-0.1718877127708405,0.7157325211079645,43.642952320102125,0.6130598644538932,0.8204068725218739,0.43471556755215846,0.4843786868047937,0.7662989240385089,0.5857730506746714,0.5456099276465477,0.47464038519687446,0.6495169804834953,Medium
2022-08-01,17340.05078125,12953.650390625,37902.7578125,26746.44921875,42526.75,29220.0,5578.14990234375,12766.849609375,2831.199951171875,452.6499938964844,,,0.010595531668439406,0.12963393452094896,0.032722924685989474,0.20446410921532943,0.010983897576978485,0.15965826846853348,0.027982074885254393,0.1284802241701859,0.0009261937409015264,0.1519947447905028,0.002322259888095868,0.08357873362008306,0.01683439078060034,0.22851860287603687,-0.0007592186827261038,0.07756219992169622,0.016607120706258582,0.22599917347621967,0.003769778563998738,0.2209035573741993,0.009713545466951308,0.00823526665694336,0.011226648018201526,-0.15341086229082915,,,0.6270176582513386,0.8296941539021844,0.4711105410273715,0.48059752334054445,0.7588049595187508,0.6500625767247958,0.5279256973342197,0.5202667610581692,0.676939241099113,
2022-08-02,17345.44921875,13023.650390625,38023.55859375,27038.5,42798.5,29024.650390625,5563.4501953125,12780.400390625,2906.949951171875,445.0,-1967.89,1115.0,0.000311327663805816,0.10912918097148072,0.00540388214048626,0.1867516683528243,0.003187123793144231,0.14558592461400144,0.010919235628678026,0.11013944712878954,0.006390095645681937,0.14686710747566512,-0.0066854760224162035,0.04365234120555628,-0.0026352298322197543,0.17850981206640903,0.0010614036872533816,0.056375522552388535,0.026755439851094298,0.20966661106086715,-0.01690046172459203,0.1579495553867456,0.00995632536915292,0.007776305691183002,0.011225597373427909,-0.245875878203026,-0.9697803406354665,52.86817150537649,0.6065269833944106,0.8230806875277962,0.3991438193734818,0.46986971841549197,0.7308782633412612,0.6067768700901683,0.45580304863471144,0.3962998583031607,0.6092570772277361,Medium
2022-08-03,17388.150390625,12919.400390625,37988.80859375,27052.25,42624.1484375,29416.94921875,5553.14990234375,12682.0,2891.60009765625,441.6000061035156,-8142.6,6489.59,0.002461808358865669,0.1281263980433902,-0.00800466819003709,0.18729206966374146,-0.0009139070956317719,0.15661146208049925,0.0005085341272630384,0.13702892822166013,-0.004073777410423252,0.1531477854142702,0.013516056966933032,0.07015864148947482,-0.001851421798909736,0.23657516057312256,-0.0076993198661585716,0.062228586651913,-0.0052803982777333,0.203905314689665,-0.007640435722436778,0.17478056204790415,0.008962669833654346,0.007008744408040821,0.011219264208963742,-0.40051335623288015,-4.422609812548764,71.72949860049802,0.5850625235031622,0.8013533977832967,0.28808813374164677,0.4130537805765767,0.7312503653275848,0.4797938693413942,0.3591971156226668,0.39543982897242136,0.5134513286469001,High
2022-08-04,17382.0,12945.7001953125,37755.11328125,26803.75,42830.25,29782.900390625,5620.35009765625,12982.349609375,2841.0,436.5499877929688,-575.04,-16.51,-0.0003537116074355806,0.11733564511258932,0.002035683072922234,0.13963644485342663,-0.006151688382731946,0.13944632341958307,-0.009185927233409386,0.1313155028124775,0.004835323872856012,0.1477563544276661,0.012440146976279376,0.06261995448994062,0.012101275221138463,0.24261554226315507,0.023683142199574236,0.07051499111831583,-0.01749899569351354,0.17756772154652745,-0.011435729711840259,0.1423524656949755,0.0068863718465565745,0.00698095466443165,0.011212051190832123,-0.40611204387020644,-0.19091404084900895,46.27213971865157,0.6099142967864736,0.7997698350945428,0.32508907660043984,0.4034315985187911,0.7006081602354344,0.47331894384488904,0.23812871226203472,0.4152860859759962,0.5084975926299378,Medium
2022-08-05,17397.5,12804.349609375,37920.16015625,26418.650390625,42930.8984375,29973.55078125,5595.85009765625,12939.75,2829.39990234375,437.8999938964844,,,0.0008917270739845495,0.10817395735465074,-0.010918728520275867,0.10541942972611307,0.004371510522839905,0.12766806679005605,-0.014367378048780521,0.09980099042955537,0.0023499381278417886,0.13637383514627577,0.00640133728161052,0.07904693453925726,-0.004359159051358197,0.2173889350325484,-0.0032813481886388995,0.06251638843809815,-0.004083103715681102,0.1499756196740598,0.003092443342721518,0.14274525038350028,0.007249185775717811,0.006921910166234987,0.011195108178552782,-0.4180075009408035,,,0.5963212766431558,0.7929757724318447,0.31771773561141464,0.3919308729367295,0.7295223394120374,0.46769867143003374,0.24065440125866075,0.40329205152299397,0.5191166247530962,
2022-08-08,17525.099609375,12927.9501953125,38236.953125,26728.849609375,42978.5,29967.69921875,5668.0,12940.25,2816.800048828125,438.6000061035156,1449.7,-140.73,0.007334364671648164,0.10693813028469812,0.009653015553949151,0.10627204328077133,0.00835420967223377,0.13090759150832088,0.011741675451372835,0.1027594588947418,0.0011087949293513422,0.12794990660130545,-0.00019522420091988568,0.05721276036602996,0.012893465887152455,0.2146669175234408,3.864062288694292e-05,0.058805978521385915,-0.004453189351278253,0.13945915057966918,0.0015985663776847403,0.13479949832733662,0.005523699530829387,0.006896862492105566,0.011172321422410458,-0.42305375489205943,0.9412981512963274,39.27556603351732,0.5963744129789034,0.7984930170663541,0.3192399631374984,0.37707824968411774,0.7164454759044854,0.46405530963462893,0.23232111350454612,0.38897603687454235,0.5070913882172328,Low
2022-08-10,17534.75,12951.650390625,38287.40625,26664.75,42821.6015625,29701.150390625,5759.60009765625,12950.7001953125,2803.800048828125,434.7999877929688,,,0.0005506610997998429,0.1062794024005882,0.00183325236827514,0.09457814286944011,0.001319486017493654,0.1380815517963876,-0.0023981432164785765,0.08933758141694814,-0.0036506261851856348,0.12177422870366228,-0.00889453762130088,0.04181299295955321,0.016160920546268498,0.21408096493597184,0.0008075729072081206,0.06026831953663092,-0.004615166065979115,0.12897122964691965,-0.008663972315700263,0.11745047795577568,0.004195222315161418,0.006904474198585746,0.011170401451159606,-0.4215202550667686,,,0.6138412355058471,0.8047233618262957,0.3309813525600637,0.38159913121445765,0.7234787865457226,0.46226453199238476,0.23091298935154736,0.395142978427696,0.5145863248295091,
2022-08-11,17659.0,12923.5498046875,38879.3984375,26661.75,42478.5,30233.69921875,5758.85009765625,13014.2001953125,2870.64990234375,440.3999938964844,,,0.007085929368824795,0.11772192318613883,-0.002169652908315056,0.09054890550504191,0.015461799204536053,0.16861944852615274,-0.00011250808651874777,0.06763797926747528,-0.008012347739942194,0.12709891090769299,0.017930242469432978,0.07439915417632381,-0.00013021737399876443,0.2110127888125537,0.004903209791157437,0.0657811216287123,0.02384258946837714,0.16666999060268717,0.012879499219724089,0.12937550996323166,0.0032566937386627167,0.006819703458400816,0.011126177162098953,-0.43859867442014977,,,0.6065122757962348,0.7997326978220493,0.38838254930911137,0.3162365946747065,0.7154697305980813,0.4475651896446278,0.22997710094840962,0.3845623231555045,0.5242703542500113,
2022-08-12,17698.150390625,12923.75,39041.84765625,27163.94921875,42457.30078125,29885.900390625,5853.4501953125,12864.0,2879.60009765625,443.25,,,0.0022170219505635025,0.12153802320147022,1.5490737105938734e-05,0.10448541968613201,0.004178285294489381,0.16805327551060123,0.01883594358022256,0.08186268469840896,-0.0004990576114975998,0.12724829848192187,-0.011503680896226776,0.07335865870686265,0.01642690746452158,0.2558626698610438,-0.011541254403524492,0.0579513225017978,0.0031178289296762696,0.1827087371008318,0.006471403594491276,0.15040232038151302,0.003108629384838712,0.006762843083776109,0.010887893990096811,-0.4500541049178977,,,0.5980250391201924,0.8055727349293842,0.37735790415417836,0.3106668608230488,0.7055149616403424,0.42128980168811764,0.2184346882389724,0.3685631689081365,0.5088337769852337,
2022-08-16,17825.25,13250.0,39239.19140625,27462.30078125,42964.1015625,29909.0,5893.39990234375,12933.849609375,2868.85009765625,452.0,1376.84,-136.24,0.007181519343531395,0.13161462927164913,0.025244220911113224,0.1313231169052509,0.005054672405300664,0.1699550628878479,0.010983364756626202,0.13843518597310212,0.011936716935001535,0.1094423964611817,0.0007729266668587975,0.0657330945954373,0.00682498453019087,0.25484933510992236,0.005429851475046599,0.05488579119887094,-0.0037331572563668036,0.17196381065641608,0.01974055273547659,0.15482883763034194,0.003490222444595671,0.00670290225924777,0.010901102970865465,-0.46213014124186025,0.9005556459278805,39.05110442953039,0.5898337284720478,0.8064425179354316,0.36383768470888805,0.44312344080010835,0.7227313211868299,0.42380023449111937,0.2508558495820019,0.3579949130252138,0.5577801780586313,Low
2022-08-17,17944.25,13194.25,39461.2421875,27609.25,43275.8515625,30256.900390625,5922.7998046875,12979.25,2933.550048828125,452.3500061035156,2347.22,-510.23,0.006675923198833145,0.13317674965486503,-0.00420754716981131,0.1284756750977849,0.005658903083681555,0.16265929040120652,0.005350943459563773,0.14664928839447122,0.007256057700787633,0.08854598688118798,0.011631963309538973,0.08484025889892388,0.004988614862544427,0.27373403066943136,0.0035101993602966175,0.062288208780494125,0.022552572971565432,0.17886640534869547,0.0007743497865388971,0.15219052234106667,0.0031740468903965198,0.006715792123692728,0.010887292666024985,-0.4595332722052211,1.4431813988709703,35.826512340311524,0.5796016064190909,0.810481529841602,0.36974774708816055,0.49299528804765297,0.7320619836574873,0.44297853633551987,0.25787253288404405,0.36308967303363837,0.5518742795007,Low
2022-08-18,17956.5,13131.900390625,39655.6875,27630.80078125,43522.30078125,30018.900390625,5977.14990234375,12935.75,2926.699951171875,459.3500061035156,-1706.0,470.79,0.0006826699360520383,0.1357074694678484,-0.00472551371809693,0.12722112060167334,0.004927501054733385,0.1727072768142479,0.0007805638056086472,0.14040202985059236,0.005694843887567913,0.09653920746744782,-0.00786597427123581,0.08390458138788826,0.009176419843405004,0.2816188479965156,-0.0033515033611341005,0.05738224174925932,-0.002335088047666467,0.17618450096089355,0.015474742799932883,0.1722597906051031,0.0032150605169963056,0.006662140043545512,0.010839359108211027,-0.4703423405457411,-0.82333435201424,49.295898025536545,0.5769860893032097,0.8016083961934773,0.38340749113896533,0.4749362976444259,0.7304808675088108,0.4336038279011813,0.2671517018134961,0.36346474785372734,0.5159140951140018,Medium
2022-08-19,17758.44921875,12946.4501953125,38985.49609375,27468.05078125,42945.3515625,30036.099609375,5883.25,12799.9501953125,2848.89990234375,450.3999938964844,1110.9,-1633.21,-0.011029475746944017,0.11061110430813592,-0.01412211407306252,0.0831855209712713,-0.016900259420543406,0.13581356167916225,-0.005890165880043541,0.14073771854759887,-0.013256404381051468,0.05412850000738301,0.0005729463280197411,0.07242677088689176,-0.015709812181041394,0.26106579347564196,-0.010498023283342706,0.03801752389979085,-0.02658285786931225,0.13292108761878385,-0.019484079869619864,0.12389268595504532,0.00643132459980312,0.007083223704865629,0.010870414856663001,-0.3855083124932106,0.7518449421441203,40.86283059721676,0.5979524114305279,0.8270104681469816,0.4673832436183388,0.5333774926856485,0.6798302664927175,0.5416201199501962,0.31842253984597485,0.4520578434346314,0.5643006484471821,Medium
2022-08-22,17490.69921875,12695.75,38297.3046875,27234.5,42890.6484375,29478.900390625,5708.10009765625,12588.25,2788.60009765625,439.1000061035156,-453.77,-85.06,-0.0150773300473388,0.08416334293578309,-0.019364396535760053,0.048014331182720804,-0.017652498370036906,0.09671879602120614,-0.008502633954988292,0.129633336668318,-0.0012737845426736838,0.05359908964482507,-0.018550984515182667,0.04548641221357119,-0.029770943329579747,0.17882364780828053,-0.01653914211244567,0.01602539218524579,-0.021165996263291742,0.07222920221330376,-0.025088783184055385,0.0677203795830168,0.009128498703091691,0.0077736966140876254,0.010967839309399551,-0.24640151844944758,-0.12310119942667082,47.781788975166656,0.644392017497774,0.8598552942015287,0.5181129614436899,0.5295101646703042,0.7010014912024496,0.636108188468261,0.4124410192924567,0.5013109907757791,0.6383309690080439,Medium
2022-08-23,17577.5,12925.75,38697.19921875,27492.25,42937.6484375,28957.849609375,5789.2001953125,12683.5498046875,2853.85009765625,440.8500061035156,563.0,-215.2,0.00496268217550444,0.08365291193309243,0.018116298761396532,0.06607644099072219,0.010441845307733288,0.10174226048783908,0.009464098845214819,0.12915413023122024,0.0010958099658597842,0.0491725386527877,-0.017675380504209914,0.02504570955204155,0.014207896895422234,0.20619650402595124,0.007570536388100013,0.018804011880231064,0.023398837307235576,0.09345012396688412,0.003985424677009464,0.07262775207668026,0.008872968726900717,0.007768485731553438,0.010945909054164704,-0.24745133395095106,0.44546532793368837,44.35779202498646,0.6391913562805157,0.856955051106896,0.5173150695260694,0.5251637598767109,0.671483549386447,0.6656868154518486,0.4122400796406893,0.49881561236731553,0.643566276450266,Medium
2022-08-24,17604.94921875,12913.349609375,39038.046875,27561.5,42999.69921875,28859.849609375,5830.0498046875,12644.0,2867.800048828125,448.8500061035156,23.19,-322.34,0.001561611079505143,0.08565301052972374,-0.0009593555983211655,0.05393589956131395,0.008808070432261283,0.10061712813613566,0.0025188916876575096,0.10221751214732766,0.0014451369254728785,0.04767058219788889,-0.0033842291924974788,0.054027358322463526,0.007056174945906379,0.19128913975036888,-0.003118196821593533,0.00629935041689178,0.0048881162971143866,0.07850547983931278,0.018146761685926993,0.07624989627462342,0.00884136124621843,0.007751247245678832,0.010941618518856274,-0.25092430221973827,0.14360955215903384,46.12725106040894,0.6562512293684605,0.8673933799098456,0.5966886955841947,0.529180653664851,0.6977523241543848,0.6931926595305347,0.4330568000996848,0.5224636324058172,0.644495787815812,Medium
2022-08-25,17522.44921875,12877.900390625,38950.296875,27514.900390625,42830.05078125,28608.650390625,5800.10009765625,12593.25,2946.300048828125,455.4500122070313,369.06,-334.31,-0.004686182219266755,0.09117711288682684,-0.0027451606145831864,0.06364322548787604,-0.0022478071272616917,0.10868935553141279,-0.0016907501179180828,0.0962789035614906,-0.003945340097309957,0.05558252798722729,-0.008704106991202054,0.057083751905223856,-0.005137127131773389,0.19984285061192097,-0.004013761467889898,0.01145318556871322,0.02737289862034764,0.10915351535466034,0.014704257577738744,0.09102886307056601,0.00818724753481142,0.007522323774148862,0.01079585568710374,-0.2970445913441653,0.33701622703941725,44.41336754163351,0.6365488849317049,0.8580879845320691,0.6321218940430348,0.490166751876769,0.6948617961028091,0.6774681920238708,0.40992678204732047,0.4491881821055337,0.6113093827970114,Medium
2022-08-26,17558.900390625,12929.150390625,38986.6953125,27724.650390625,42768.94921875,28691.599609375,5902.7001953125,12580.4501953125,2975.25,453.75,-51.12,453.59,0.002080255529346653,0.09972348370168538,0.003979686008233951,0.06858226334802664,0.0009344842124519026,0.11942612524511231,0.007623142261909299,0.12122081216550029,-0.0014266049510908152,0.044306615418101325,0.0028994453641610907,0.06463323813300681,0.01768936672277599,0.21141916079215295,-0.0010164020159609821,-0.003315529659615457,0.009825866575737807,0.11931450686277523,-0.0037325988834501223,0.08397036164350213,0.007491380672305853,0.007345923809326263,0.010710708467754456,-0.33258318127024,0.10205622284350693,45.39666448769608,0.6415598036931587,0.8502531696130505,0.6040857586448348,0.5622936872765822,0.6957221205629649,0.6856431068246683,0.5000419127930146,0.4493762748814104,0.6249798618990693,Medium
2022-08-29,17312.900390625,12886.400390625,38276.25390625,27557.44921875,42933.8984375,27678.94921875,5812.25,12545.75,2926.85009765625,447.6000061035156,-561.22,144.08,-0.014009988924553851,0.08622122741385452,-0.0033064817647259215,0.06364684311313162,-0.018222662899623043,0.10462838832620647,-0.0060307765659521895,0.10338592451197393,0.0038567517267336093,0.04979785015992322,-0.035294316260223946,0.04357106406292233,-0.015323528608877868,0.19339470129611813,-0.002758263398668359,-0.013776432670387528,-0.016267507719939456,0.12594977885101333,-0.013553705556990314,0.07171079287613846,0.008280702057754021,0.00794712258845474,0.010763705182644311,-0.21146208639365813,-0.18318604984994316,48.56157126237576,0.6236045328937367,0.8738430374218825,0.6409350352124085,0.4853500951617609,0.7443720500301242,0.7161473674872768,0.5083325377804083,0.484427122775336,0.648923236505883,Medium
2022-08-30,17759.30078125,13217.349609375,39536.2890625,28104.5,43821.1484375,28407.900390625,5934.60009765625,12699.400390625,3003.35009765625,463.2000122070313,4165.86,-656.72,0.02578426378902554,0.10655363289922515,0.025682053072847877,0.06922208537777097,0.0329195004123497,0.13995757240257678,0.01985128510652534,0.12577860561998033,0.02066548886287589,0.05596180160703068,0.026335940938870595,0.07261349986784849,0.021050384559550883,0.22851757668897066,0.012247206474303995,-0.0025604468563462657,0.026137313988597866,0.16033379733900066,0.03485256007773141,0.10285717192150301,0.01379453064135561,0.008965849496833708,0.010989198902601827,-0.006223282179907114,2.460144752745144,35.16445209737025,0.6843739797404614,0.9106466226888584,0.6906059425683229,0.6078861656093448,0.7674080267978041,0.7458410159122643,0.5539896190037945,0.5433809734351495,0.7177955862590206,Low
2022-09-01,17542.80078125,13266.150390625,39300.79296875,27565.80078125,43497.3515625,27846.80078125,5878.9501953125,12555.0,3024.64990234375,468.2000122070313,,,-0.012190795272107646,0.07766690919003594,0.003692176018056381,0.06910072624982999,-0.005956454167403535,0.11150154633560327,-0.01916772113896348,0.09045598270869992,-0.007389054977913645,0.04913256157975665,-0.019751533962720114,0.019172584859196373,-0.009377194996799787,0.18743876698226924,-0.011370646344184832,-0.012463193930701943,0.007092015247946559,0.13702235339401514,0.010794472945232059,0.10138792162948218,0.013299914172207465,0.009160271653493405,0.010982744108198779,0.032946166096461435,,,0.6581094512633985,0.9015471188432468,0.7152724234918103,0.6675343910425376,0.7699160103270835,0.7451902509993253,0.6029906879004321,0.4796314399290558,0.6465374917124199,
2022-09-02,17539.44921875,13220.650390625,39420.54296875,27358.849609375,43666.55078125,27745.80078125,5887.7001953125,12506.150390625,3004.25,467.3500061035156,-892.64,1793.35,-0.0001910505934481499,0.07336958844056651,-0.0034297817121200502,0.05437079638257014,0.003047012310800401,0.10360055833664328,-0.007507533465734295,0.07827903422893479,0.003889874042259489,0.05271714185030718,-0.003626987559303574,0.014614502769721094,0.0014883609674014586,0.17966343324233613,-0.0038908490143368946,-0.013881645296261014,-0.006744549948720535,0.10401663012900997,-0.0018154764659421563,0.07202659253871646,0.01315355855554297,0.00917020774704225,0.010895284486524751,0.03494795081594636,-0.36851244470597766,52.63045007802722,0.6615617486171449,0.9039953311110821,0.712564069356099,0.6638566179090537,0.7707661998135457,0.7457756036000708,0.6062493865674078,0.4886280552382362,0.6708983402713965,Medium
2022-09-05,17665.80078125,13246.099609375,39805.2890625,27531.69921875,43755.8515625,27836.599609375,5985.75,12565.5498046875,3032.89990234375,471.5,-3361.8,3077.24,0.007203850071011875,0.06930340744856611,0.0019249596652253231,0.05873089256579078,0.00976004044528267,0.10657286748224593,0.00631786832571235,0.07511266151786411,0.0020450614864764294,0.04304402230400339,0.0032725250512992687,-0.011004979483976385,0.016653328368445575,0.18607204080791506,0.004749616165421022,-0.01148174450792594,0.009536457466505777,0.11219492717143442,0.008879841322961601,0.08340989608175886,0.013451570908745736,0.00907204631209597,0.010815435801097058,0.01517176216069764,-1.7492393806866857,60.67749743004849,0.6812917813838939,0.9097177641796595,0.7094464103861873,0.6482622040062054,0.7673035585324787,0.7489403860925208,0.6111269210145316,0.503038224464634,0.6961406768127951,High
2022-09-06,17655.599609375,13225.2998046875,39666.0390625,27885.5,43528.8984375,27742.80078125,6064.7001953125,12598.0,3048.25,473.2000122070313,-1512.64,1624.9,-0.0005774531254664206,0.06325406780235165,-0.00157025881586903,0.0511829187889874,-0.003498278828759638,0.09572943629612274,0.012850670001837372,0.08421205708954793,-0.005186806264662058,0.02946570578010066,-0.003369622347602075,-0.021172836975198783,0.013189691402497594,0.1914697312347564,0.002582473176016009,-0.004248424131049089,0.005061194945598979,0.0999151650229706,0.0036055402057928454,0.08036532467358737,0.013272438095527353,0.00907021639783996,0.010765474250686715,0.014803096711078068,-0.7152095806988009,54.468894644725744,0.6811371373288718,0.9083547015940263,0.6877391584838674,0.648261344140155,0.7667396530701793,0.7378340614760991,0.6149184826437305,0.4987104784725161,0.6933537250168368,Medium
2022-09-07,17624.400390625,13072.650390625,39455.44140625,27718.80078125,43614.94921875,27832.400390625,6066.39990234375,12696.2998046875,3043.199951171875,473.6000061035156,,,-0.0017671004916441913,0.05412565689425608,-0.011542227118994774,0.03470343896206196,-0.005309268614347218,0.07395283518598816,-0.005977989232755387,0.08185071447982728,0.001976865584447429,0.026167700178223674,0.0032296526252517666,-0.01191949046508023,0.0002802623339177579,0.19086782474785813,0.007802810341919431,0.0062413068479225675,-0.0016567042821701294,0.09157432396102094,0.0008452956174256343,0.07758818226055886,0.013307448652592339,0.009050049539254737,0.0106955590233625,0.010740160995200103,,,0.6807533240468988,0.9109323980568008,0.7082703046527293,0.6400236684063493,0.773311912825653,0.7522167115247136,0.6039891762859855,0.5002522819825722,0.6954820034316685,
2022-09-08,17798.75,13151.400390625,40208.48046875,27783.599609375,43786.44921875,28102.400390625,6011.5,12689.9501953125,3119.64990234375,472.25,,,0.009892512965589573,0.0702152606578077,0.0060240270830218545,0.05857354764461098,0.019085810110356816,0.09482411385249856,0.002337721196395748,0.09553110551566046,0.003932138018545972,0.03301723822531977,0.009700923966692754,-0.0040260706469733565,-0.009049832392773793,0.16309220713090644,-0.0005001149525987181,0.01610646289241502,0.025121566902771342,0.12571940544654936,-0.0028505196075114814,0.0794285714285714,0.011926555782253623,0.009064503454407222,0.010703478876301365,0.01365213302391908,,,0.6734435456134238,0.9119796271823374,0.6894130785723758,0.637846176472208,0.7895599156688942,0.7285971950000902,0.5814466981171492,0.5101931189076424,0.668569572964353,
2022-09-09,17833.349609375,13219.599609375,40415.23046875,27692.94921875,43837.69921875,28724.05078125,6025.2998046875,12689.2998046875,3134.60009765625,470.0499877929688,,,0.0019439347917691308,0.08186801214398898,0.005185700132634974,0.07682153784669898,0.005141950095843173,0.11006217713531119,-0.003262730240123801,0.09573719537664549,0.001170453437408625,0.048772601276737326,0.0221209000649063,0.047602331624764016,0.0022955676099976063,0.16918925735749957,-5.1252417463398814e-05,0.02814796774136874,0.0047922670108808685,0.13898477033075407,-0.004658575345751648,0.08531512622657811,0.007106167576751842,0.008817438747789638,0.010701318050783061,-0.03612299761467499,,,0.6545850213431418,0.9072430458576195,0.6833017452778073,0.6115837384290282,0.7455443646375636,0.7268736527129,0.5555937859176848,0.49691944934082916,0.652869479680586,
2022-09-12,17936.349609375,13256.099609375,40573.52734375,27946.599609375,43921.8515625,29131.19921875,6080.9501953125,12715.25,3172.85009765625,480.3999938964844,,,0.005775695663245095,0.07778898721005856,0.002761051853197971,0.07542784599366414,0.0039167628927019305,0.10304134293191414,0.009159385250786523,0.10554160042260219,0.0019196341333991285,0.04485529759295659,0.014174478404897162,0.044922966641459894,0.009236119766472983,0.17084330088717303,0.0020450454880822644,0.006833489985536012,0.012202513497208134,0.13017390041490162,0.022018947712587167,0.09743002603423045,0.004462265360058992,0.008741512393148954,0.010417705583977444,-0.051419574260087586,,,0.6570608004949403,0.9044573667160589,0.7012213161931765,0.6040993852727535,0.7384910579319705,0.7311422692139825,0.5581624675696752,0.4860585752278647,0.6414913315290023,
2022-09-13,18070.05078125,13264.150390625,40872.625,28047.69921875,44251.55078125,29116.849609375,6158.89990234375,12745.599609375,3172.60009765625,479.5499877929688,,,0.007454201929980142,0.06736433218677296,0.0006073265505870395,0.07109750570720119,0.007371743987550472,0.09350251000789545,0.0036175996646505837,0.09751887012071281,0.007506496357077452,0.04683759486402206,-0.0004925856044321053,0.015832188680412695,0.012818672169250478,0.16599454544160386,0.002386866901948448,0.0067097041722994355,-7.879351129280732e-05,0.12581396450909854,-0.0017693715951602185,0.07329901722194143,0.004434357745199315,0.008344309655044532,0.010440636946234429,-0.1314424089653169,,,0.6733429296341475,0.9017046445317475,0.6976228304540182,0.6077950552411345,0.6994511619915947,0.7298251258524244,0.5728371063692728,0.5040712261778454,0.600741153371053,
2022-09-14,18003.75,13222.25,41404.91796875,27954.75,44182.6484375,28137.650390625,6256.2998046875,12682.2001953125,3227.64990234375,476.25,,,-0.0036690976717561608,0.04927658706453153,-0.003158920050741809,0.05413688644954151,0.013023214651615822,0.10439735161162811,-0.003313969464128541,0.0744223157574555,-0.0015570605444000796,0.03990006595705675,-0.03362998510782289,-0.034805156486228284,0.015814496726385352,0.1404535395807962,-0.004974219809624869,-0.007384592148686697,0.017351636825633232,0.15896154650305006,-0.006881426080639352,0.05610375231867937,0.005092886825846568,0.008128909955834044,0.010290672024574971,-0.1748381181886141,,,0.6638049327180147,0.8907474895022061,0.6798953046739886,0.6078667406076249,0.6648292350405997,0.6756046137818741,0.555137328976092,0.5544749830231662,0.6045514206272457,
2022-09-15,17877.400390625,13315.5,41208.71875,28172.099609375,44041.6015625,27734.349609375,6263.89990234375,12518.849609375,3227.699951171875,471.8999938964844,,,-0.007017960667916379,0.030988929395526554,0.007052506192213981,0.027934180594906488,-0.004738548664631526,0.0872221740131458,0.007775051087024476,0.05330241704104699,-0.003192358991324862,0.035621145808226506,-0.014333136408019809,-0.05084361364219714,0.0012147911534794442,0.12293502541261425,-0.012880303371797908,-0.019425309108199063,1.5506275351739873e-05,0.1400466257552324,-0.009133871083497391,0.04252733957708221,0.006240690175239327,0.008095530409435866,0.01029371436167307,-0.1815629608639301,,,0.6246419344253532,0.8915687628012224,0.6331962972244003,0.632097064909283,0.6808308722032668,0.6578089548062117,0.5906751731729214,0.5418534432255131,0.6231083968081819,
2022-09-16,17530.849609375,12954.4501953125,40776.328125,27728.80078125,43192.6484375,26706.44921875,6137.64990234375,12346.849609375,3152.0,454.3500061035156,,,-0.019384853148544656,0.010688705048041536,-0.027115001666291216,-0.005313425440405917,-0.010492697616326652,0.07239642035247273,-0.015735384805237618,0.0255302912975941,-0.019276163783354727,0.009209398401813118,-0.03706235787398959,-0.0798700807994498,-0.020155175205268105,0.10320928324568146,-0.013739281592710761,-0.03392309849447506,-0.023453218179214863,0.08429799375436042,-0.03719005725780644,0.021011249670821686,0.010210057775593114,0.00891467823864255,0.010505648159495581,-0.016532549319986694,,,0.6991512850048409,0.8828608056216037,0.6923908584937986,0.7151680898624857,0.7350581760633854,0.7081213137836775,0.6341191911002075,0.6261977263626297,0.7120707970267879,
2022-09-19,17622.25,13074.0,40903.921875,27586.75,43655.6484375,26810.150390625,6110.10009765625,12369.599609375,3215.949951171875,450.0499877929688,,,0.0052136885924867205,0.013463169118965945,0.009228473836022655,0.011966469394909751,0.003129113283787177,0.0767361070051984,-0.005122860608744895,0.01975806078976805,0.010719416769961798,0.024199896955419353,0.003883001106796069,-0.08861553959047042,-0.004488656916872946,0.10029446442233358,0.0018425752900339543,-0.0246333693916575,0.020288690092600037,0.11216967857295446,-0.009464109723302472,0.019134922039544477,0.009530421435928636,0.008950786130476751,0.010499440790937042,-0.009258037886374864,,,0.7155069561920615,0.8842457252710255,0.6742311019800069,0.7240449866673666,0.7428609909269179,0.6945207855463364,0.6499037168293544,0.6383822165593628,0.6990109958749074,
2022-09-20,17816.25,13291.349609375,41467.8203125,27724.349609375,43981.25,27020.599609375,6205.60009765625,12750.7001953125,3231.449951171875,457.2000122070313,,,0.011008809885230342,0.024982740766309908,0.016624568561649067,0.026699939659320604,0.013785925936961263,0.09833653533477316,0.0049878876408058215,0.03434592582661011,0.007458406280830943,0.026873529806620278,0.007849609781509947,-0.09274787697035414,0.01562985850864096,0.10413052386968835,0.030809452041492325,-0.017843412096622213,0.004819726748033437,0.13743398492498238,0.015887178331291496,0.047302771713409575,0.010612351164319267,0.009152225338617537,0.010254896038639641,0.03132510746939697,,,0.7307437561400162,0.8957059237070035,0.6823804421836077,0.7380983546180244,0.7633770469218806,0.7140407262150442,0.7255666732908723,0.642953525613215,0.7158017034848521,
2022-09-21,17718.349609375,13223.4501953125,41202.96875,27310.099609375,44500.1484375,26843.25,6076.10009765625,12573.5498046875,3208.449951171875,451.2999877929688,,,-0.005495005437451739,0.018442282475930494,-0.005108541725108773,0.03273111081180158,-0.006386917867977848,0.08657159094854006,-0.014941739151201672,0.033743177852353146,0.011798173937757506,0.036552927078490116,-0.006563496441191696,-0.10443543389621235,-0.020868247705634446,0.08582252769800713,-0.01389338529739137,-0.028300407296315666,-0.007117547957584569,0.1339683543899668,-0.012904689974922445,0.030600580231229912,0.010427739339666467,0.009225529856982983,0.010275704503140354,0.046093473327847745,,,0.7481752699413988,0.8974903813896563,0.7146570883517801,0.6763630341195596,0.76631115227963,0.7143532850177962,0.7289051810169384,0.6531009443449511,0.721280008168047,
2022-09-22,17629.80078125,13320.75,40630.12890625,27223.349609375,45080.44921875,26782.650390625,6100.75,12612.849609375,3179.89990234375,450.0499877929688,,,-0.004997577656902563,0.0059743553080287,0.007358125394686388,0.030383765311064126,-0.013902877902456923,0.06258803554316938,-0.0031764805416608644,0.018500609163013104,0.013040423495778386,0.04890699346766403,-0.002257536228847057,-0.10628272810921024,0.004056862452489485,0.07634968242766416,0.0031255934320830736,-0.02530093241050213,-0.008898393075353117,0.1289050863467167,-0.002769776277001479,0.02610574904267282,0.009638346617196807,0.009192121336467796,0.010293826009448923,0.03936279335395937,,,0.7235186397689897,0.888532345378348,0.7102769154388666,0.6262583045314418,0.7622846967859367,0.7021442642104389,0.7183594773495342,0.6833592718143068,0.7273230064085857,
2022-09-23,17327.349609375,13093.5,39545.7890625,26500.099609375,44854.6484375,26592.349609375,6027.35009765625,12610.650390625,3053.699951171875,436.75,,,-0.017155677232420508,-0.011827963935898689,-0.01705985023365797,0.010952241999805379,-0.026688072938483853,0.03286675530547334,-0.026567267084243396,-0.006174833464592799,-0.0050088405320523055,0.04747713305474299,-0.007105375251308721,-0.1046693727469652,-0.012031291618858297,0.04648760251756978,-0.0001743633530970623,-0.026257252469683467,-0.03968676846678698,0.08912900277899571,-0.02955224564762582,0.004484848808136821,0.010942730783589828,0.009724477360492555,0.010122324622628914,0.14661441583312496,,,0.7479166267725682,0.8995651867249445,0.7474972288921938,0.6400438856608985,0.735742686702742,0.7255917631098866,0.6747707226273945,0.7275413643782218,0.7637544582377009,
2022-09-26,17016.30078125,12594.349609375,38615.80078125,25684.19921875,43937.3984375,26743.650390625,5778.25,12475.5,2941.14990234375,418.2000122070313,,,-0.017951321762256445,-0.03639499511580502,-0.03812199874937949,-0.025472892532444558,-0.023516746113731668,-0.00677988000955676,-0.03078857825637593,-0.03666491439046571,-0.02044938555873621,0.034344396282825373,0.005689635683665095,-0.11543571968727462,-0.04132829412930783,0.003368711116763734,-0.010717162591825868,-0.041393261762373346,-0.0368569442406852,0.024558898646066307,-0.04247278258264153,-0.050408678467582235,0.01194579316460911,0.010130143927098642,0.010311040297698582,0.22834242395280363,,,0.7820832292603158,0.9090938402522049,0.780523674358117,0.7314722935102432,0.6515279665841995,0.761906092845855,0.682847479972207,0.7527311578120924,0.7846839250236813,
2022-09-27,17007.400390625,12529.7998046875,38358.703125,25682.30078125,44218.1484375,27004.150390625,5728.64990234375,12598.0,2935.0,417.0499877929688,,,-0.0005230508522044985,-0.03902950222221535,-0.005125298779974363,-0.030482653665731663,-0.006657835679917734,-0.017497751060985944,-7.391460733630062e-05,-0.05454466232315325,0.006389772949332961,0.04147337734262235,0.009740629876440421,-0.09642506875596712,-0.008583930715398314,-0.021320808891257204,0.009819245721614411,-0.020677860696517447,-0.0020909856851734077,0.019238748598751965,-0.0027499387386272778,-0.0591088825877748,0.010744543146337722,0.010110742982881357,0.009899103812011634,0.22443379391758708,,,0.7808426733291591,0.9038028830473501,0.802802357063069,0.7329749523823724,0.655347820376733,0.7607852675111646,0.6990208866588025,0.7521621745014334,0.7834612393933972,
2022-09-28,16858.599609375,12537.349609375,37759.4140625,25281.25,43964.6484375,27067.650390625,5617.64990234375,12705.400390625,2874.14990234375,414.25,,,-0.00874917846539458,-0.05422927536079436,0.0006025479101969822,-0.053784935141509393,-0.015623287902802319,-0.037711718583332,-0.015615843170203703,-0.07941981258682895,-0.005732940183108548,0.02328797388081072,0.0023514903850501145,-0.09499981976578953,-0.019376293174171222,-0.046789629851919035,0.008525193731147906,-0.017662894316044175,-0.02073257160349229,0.0018473620116401523,-0.0067137942091458624,-0.08351769911504425,0.009957424695526006,0.01006945208333091,0.00948813218891353,0.2161150828096918,,,0.7740843109721807,0.9053273360795369,0.7999863019957343,0.7298319407087385,0.6405099196013844,0.762788162943697,0.6537855236691357,0.7737758252763853,0.7758599076218928,
2022-09-29,16818.099609375,12497.349609375,37647.3125,25070.400390625,44356.25,26819.05078125,5645.9501953125,12874.2998046875,2907.35009765625,415.7999877929688,,,-0.0024023347691036756,-0.06275828695125174,-0.00319046698435288,-0.052818492193569155,-0.002968837448442563,-0.04596737423726094,-0.008340157601977705,-0.09195648593768391,0.008907191946654569,0.024965388282184753,-0.009184380830524641,-0.11362200241899878,0.005037745936595783,-0.04674303007099645,0.013293513692581138,-0.008085998444632758,0.011551309583897051,-0.008931141700596279,0.003741672403063001,-0.08080030466979304,0.006900636925227012,0.009941302646973864,0.009485222963344302,0.19029733237799115,,,0.7903070548735932,0.905538320119955,0.7934455257910928,0.7123352473341402,0.6289094943474972,0.7594756407475839,0.6282770816111214,0.7607940745585547,0.7778272441886216,
2022-09-30,17094.349609375,12699.2998046875,38631.5,25581.30078125,44405.6484375,26981.150390625,5768.2001953125,12971.900390625,2995.0,424.0,,,0.01642575596626905,-0.048013276007295436,0.01615944193167218,-0.03294272520117025,0.026142304314551,-0.02582700148623074,0.020378629087074662,-0.07417446986881293,0.0011136747921656198,0.02029643746753762,0.006044196369855426,-0.10119457943065424,0.02165268834668388,-0.03495808377656995,0.007581040322050203,0.002794611106816447,0.03014769442951115,0.02333688111785337,0.019721049657928535,-0.0769565813297266,0.01165754181018594,0.01049397367056709,0.009611237230267689,0.30164173593984106,,,0.8081858467561917,0.9160919821639321,0.8162444135097711,0.6760008237106475,0.6330428262807695,0.7796273678124738,0.6387012181488585,0.7852752727435558,0.7982886775058738,
2022-10-03,16887.349609375,12441.0498046875,38029.20703125,25192.599609375,43477.30078125,26729.099609375,5593.9501953125,13118.9501953125,2914.89990234375,418.75,-1981.15,945.71,-0.012109264448790458,-0.04905268464857071,-0.020335766851072856,-0.03903775807271015,-0.015590721787919204,-0.0245293547169535,-0.015194738344185388,-0.08283992155090414,-0.020906071387666536,0.012386654187143797,-0.009341735900837644,-0.11010084674801801,-0.030208729603664497,-0.049173467843028895,0.011336026353839124,0.024921971971173962,-0.026744606896911494,0.023166837116917582,-0.012382075471698117,-0.07027085773841846,0.01195817795251668,0.01052927424181485,0.009679118901185285,0.30875359974883876,-0.9771951858342808,59.56821431199175,0.8093207835808783,0.9170792740262815,0.8267350484821431,0.6702280561955618,0.651642737353197,0.7790791008681474,0.5659715699556486,0.7877521963930876,0.7938159569734705,Medium
2022-10-04,17274.30078125,12690.5498046875,39109.59765625,25717.650390625,44287.05078125,27496.94921875,5769.2998046875,13233.4501953125,3001.60009765625,428.25,,,0.02291367093271912,-0.012372200493163898,0.020054577701794418,-0.00040960126912548134,0.028409496524926414,0.02121018634021854,0.020841468899248206,-0.055695886077401835,0.018624661270352227,0.03255726818364213,0.028727103441437363,-0.0672328731944597,0.031346294345261816,0.010721554630126251,0.008727832509106692,0.051254161246599095,0.02974379848954256,0.0763824114397118,0.02268656716417916,-0.024709646897517423,0.014974973590996544,0.011123003618490442,0.009922323650598915,0.4283698642189472,,,0.8130367084522756,0.9238137935061326,0.8529453268120686,0.7227367465021943,0.6885134446085085,0.79470652057509,0.5378318233145492,0.792608206590036,0.7945988815123005,
2022-10-06,17331.80078125,12784.5498046875,39282.39453125,25865.25,44097.19921875,27928.75,5956.9501953125,13188.0,3026.050048828125,437.1499938964844,-3973.95,2831.07,0.0033286441360573793,-0.01397805255297968,0.007407086489293002,-0.0109239460234416,0.004418272888378372,0.015122420338277376,0.0057392338387494135,-0.05918031445225469,-0.004286841393836505,0.027005456131065086,0.015703588707781435,-0.035537846326884504,0.03252567850132104,0.028976368814439546,-0.0034344932456540356,0.039772004137679895,0.008145639117937975,0.06033952214704463,0.020782239104458533,-0.00839290496950218,0.012807575267128187,0.011100041635540313,0.009863103703026968,0.42374380606312595,-2.0915468835866964,67.63420697427769,0.8202105337919339,0.9236307060168727,0.8531421228576492,0.7144133869000076,0.7169010063200238,0.7671359068273261,0.5236553755368506,0.7949387534084156,0.7866407631824086,High
2022-10-07,17314.650390625,12761.9501953125,39177.59375,25884.0,43813.30078125,27733.599609375,5931.5498046875,13134.7001953125,3019.0,438.5499877929688,,,-0.0009895331040011834,-0.01648961462585874,-0.0017677282125894145,-0.011724255800569794,-0.0026678816935823413,0.0035746377232146465,0.0007249108359672629,-0.06086388621809413,-0.006438015169437095,0.018921098921204305,-0.00698743734055407,-0.03902480488443505,-0.004263992444487386,0.01740979981309798,-0.004041538117038224,0.038808936674509686,-0.0023297859302938706,0.052723324010563566,0.003202548132291483,-0.022947573065580817,0.012828323587355629,0.01109418922144197,0.009671717041826679,0.42256474378310926,,,0.821004023244712,0.9254493008458099,0.8522013118175834,0.7092227445601221,0.717368624067642,0.7663147874562761,0.5268838745347848,0.7943733849252576,0.7949247522308421,
2022-10-10,17241.0,12693.599609375,39092.6484375,25621.599609375,43329.19921875,28027.599609375,5916.39990234375,13028.400390625,2988.5,434.25,,,-0.00425364584114718,-0.01606220769918587,-0.005355810427986607,-0.014311399813603853,-0.002168211581396573,0.0036546977538280956,-0.010137551793579003,-0.06881001764029981,-0.0110491917720833,0.011654164036586145,0.010600859756431324,-0.0203103177995565,-0.002554122083199495,0.020051344412917116,-0.00809305146724526,0.03455425649653576,-0.010102683007618407,0.014323032438145589,-0.009805011772110128,-0.04654739628680593,0.012263748136337318,0.011088834003654015,0.009669670786631975,0.42148584963977803,,,0.82190627736245,0.9256326501124337,0.8547202687652682,0.7036424515370608,0.6997874887048124,0.7655315117977841,0.5255285608313137,0.8431873673842255,0.8213707023368244,
2022-10-11,16983.55078125,12488.349609375,38712.0,25209.75,42564.6484375,27469.5,5785.9501953125,12826.7998046875,2938.10009765625,420.8999938964844,,,-0.014932383199930399,-0.03276683599630126,-0.016169566263017354,-0.034093561288422114,-0.009737084917860406,-0.007045873221573795,-0.016074312909967747,-0.0907099045503349,-0.017645162962512173,-0.004776848273850831,-0.01991250114720211,-0.04259433513688371,-0.02204883192219187,-0.019779083493468685,-0.015473932324229778,0.019581939084087008,-0.016864615139283945,-0.012486312862364457,-0.030742673813507482,-0.07239670766615014,0.014019052499811441,0.011384446229301194,0.00979573744383891,0.48104165326465176,,,0.830059147164438,0.9228418892993969,0.8635003088603154,0.724773269574209,0.7138217989224211,0.7831440810476297,0.5596901727570498,0.8482076518774276,0.8335715946738365,
2022-10-12,17123.599609375,12598.2998046875,39118.09765625,25455.400390625,43196.8515625,27694.650390625,5798.14990234375,12839.349609375,2982.550048828125,427.7000122070313,,,0.008246145339619648,-0.01093408827977238,0.008804221434508985,-0.022356948193779314,0.010490226706189265,0.021993890835344754,0.009744261272920163,-0.0762787880488871,0.014852774502021271,0.006124603974241749,0.008196377459545934,0.0005672604025142025,0.002108505365485902,-0.0024259275936598934,0.0009784049707326492,0.023402316272442825,0.01512880762889357,0.019030681214756484,0.01615590023557778,-0.044459324452918114,0.012858877724591083,0.011234787897635169,0.009810670436050354,0.45089059238746754,,,0.8463537580221594,0.9202901132113442,0.8783029617110202,0.7635373229480413,0.7038582220994483,0.7718450266172181,0.5546881311014262,0.8471328933646208,0.8370634924044513,
2022-10-13,17014.349609375,12562.75,38623.55078125,25319.900390625,43036.6484375,27506.19921875,5804.25,12867.150390625,2935.300048828125,423.4500122070313,,,-0.006380083772817624,-0.041947100342008325,-0.0028217938323925607,-0.04952578457262691,-0.012642406063449907,-0.023086088828597973,-0.005323035502120987,-0.09908020457133204,-0.003708675961446084,-0.017902314931770746,-0.006804605554392329,-0.03174121140514041,0.0010520765690766876,-0.0219644281857726,0.002165279558218547,0.013209285071745347,-0.015842148237735332,-0.022658047385561098,-0.009936871355390009,-0.08581605991459562,0.012096000585161172,0.010140616328636533,0.009831520463563004,0.23045225648123172,,,0.8182787280562499,0.9011220195779805,0.865571256015136,0.7262142110645738,0.6634737752771076,0.7634565677193991,0.5196285197485929,0.845071505083603,0.8080849037949267,
2022-10-14,17185.69921875,12478.25,39305.14453125,25066.94921875,43153.05078125,27954.05078125,5767.2001953125,12950.4501953125,2948.75,420.0499877929688,,,0.010070888003887335,-0.02035601765948769,-0.006726234303794931,-0.05939178792830491,0.017647102252724034,0.00011072454704574852,-0.009990211966578566,-0.09065042522543709,0.0027047260410866247,-0.007915442409298978,0.016281841011124287,0.0038514298587655205,-0.006383220000430678,-0.019008495783669366,0.006473834699887604,0.03149742694643565,0.004582138434959804,-0.02509378103063642,-0.008029340692048859,-0.10284071584511456,0.008754159160152462,0.010136580734355307,0.009883958647827056,0.22963922156700858,,,0.8208504617219761,0.9106405865815139,0.8162950977529466,0.7165919044440443,0.6615008593318418,0.733203429466556,0.5051427261167011,0.8742762507295829,0.8379620177485578,
2022-10-17,17311.80078125,12562.5498046875,39919.984375,25449.150390625,43182.8984375,28019.150390625,5711.39990234375,12982.400390625,3050.949951171875,418.25,,,0.007337586960815656,-0.012979223843394116,0.006755739361488988,-0.04977823075967358,0.01564273204137856,0.012669571970277627,0.015247215308878292,-0.06980188297448031,0.0006916696666778854,-0.011076037266439576,0.0023288077239476124,0.009851927199006072,-0.009675456214282896,-0.029943829869107708,0.0024671107823004412,0.038081262828648876,0.034658737150275565,0.015544628833111362,-0.004285175205994696,-0.10506045889007698,0.009182411793521965,0.010240627218502048,0.009855632170545432,0.2506010473647605,,,0.8242541568879689,0.9118033680021299,0.8195052483987812,0.7132058711322353,0.6593623230624618,0.7085297516329306,0.5063233706105895,0.8648760618174798,0.8282357783736548,
2022-10-18,17486.94921875,12732.650390625,40318.28125,25779.55078125,43715.75,28315.19921875,5775.0498046875,13008.25,3172.050048828125,425.4500122070313,,,0.010117285874136073,-0.010124169558723195,0.013540291468060905,-0.03876229485595917,0.009977380533481295,0.012887538304131585,0.012982767029688924,-0.06364112957861778,0.01233941170649322,-0.0009164845630468266,0.010565945933323384,0.017193177905745927,0.011144361002918046,-0.03520029993108631,0.0019911271103352224,0.03523126343006133,0.0396925874217422,0.04588023046090095,0.017214613764569675,-0.0976669942586823,0.009937443068834559,0.010328509989458499,0.00989503130576212,0.2683064350145222,,,0.8330090813240714,0.910746414296901,0.8235765424724681,0.7264562618259922,0.668096752375768,0.70810315194044,0.49664565412370343,0.8609878570026562,0.8317529263272327,
2022-10-19,17512.25,12721.0498046875,40372.73046875,25721.44921875,43890.55078125,28060.349609375,5736.14990234375,13021.75,3153.75,427.1499938964844,,,0.0014468379208691928,-0.008119215010906955,-0.0009110896460363671,-0.0381276800864111,0.0013504846204226428,0.01781603162182388,-0.002253784908550771,-0.0776048764142655,0.0039985767429358,0.008308327495796242,-0.009000452633447842,0.011446170508480735,-0.0067358557344693315,-0.054174201920598075,0.0010378029327542393,0.033636291474837376,-0.005769155135142201,0.034610022143853,0.003995726032852476,-0.09731618157777955,0.009619875215394381,0.010333162103018026,0.009869845711023237,0.2692436775828404,,,0.8327424285445619,0.9116523289437943,0.8449186489819753,0.7292279605783338,0.6596928594448078,0.7148114378216882,0.49668218811120346,0.857293531791927,0.8339846039734062,
2022-10-20,17563.94921875,12729.599609375,40099.0859375,26080.349609375,44281.1484375,28432.19921875,5801.7001953125,13089.2001953125,3213.10009765625,426.6000061035156,,,0.0029521745492440132,-0.0034299704123356145,0.0006720989870152572,-0.026241869169546295,-0.0067779545270492125,0.016313200620993173,0.013953350278699483,-0.059109742329953474,0.008899356451385954,0.015274561375933082,0.013251781055884093,0.02155038084056282,0.011427576699480468,-0.04363373850922414,0.005179810341352065,0.030946054887577512,0.018818897393975353,0.055829439146432014,-0.0012875753267646006,-0.09923986358591208,0.005972412691291982,0.010344714586938064,0.009694483097090516,0.27157110995548667,,,0.8379522109347103,0.9011689576863225,0.8334098437238839,0.7296904923579026,0.660751527586231,0.7153946209237813,0.5069532610308153,0.8541068531973401,0.8362813915800315,
2022-10-21,17576.30078125,12695.650390625,40783.578125,25907.55078125,44269.19921875,28336.94921875,5748.35009765625,12979.400390625,3272.699951171875,426.7999877929688,,,0.0007032337856462956,-0.012498024791066764,-0.0026669510268805263,-0.034654104237057726,0.01707001971483524,0.01430289455223166,-0.006625633118924279,-0.06752360581427208,-0.0002698488899145479,0.011025100427492163,-0.0033500750071132623,0.008346220424759299,-0.009195597128468402,-0.043774416093113167,-0.008388580130879286,0.02280940357192418,0.018549018612616264,0.04906000789163567,0.0004687803248757394,-0.09624142341351227,0.005933087964512155,0.010174418218851277,0.00924681223192923,0.23726218706299837,,,0.8370479016320572,0.8798662442374156,0.8344732894182182,0.7318735018475874,0.6534036404637618,0.7413701883907815,0.5094461657810675,0.8412576630296515,0.8493773202631418,
2022-10-24,17730.75,12794.650390625,41304.41796875,26056.25,44210.1015625,28534.30078125,5789.0498046875,13061.099609375,3311.0,428.0,,,0.008787356376761757,-0.005753243872988589,0.007797946300813763,-0.03214539254643056,0.012770822661848147,0.022001297275479947,0.005739609274745483,-0.05910165818098723,-0.0013349610404737033,0.008495024839048071,0.006964460463846134,-0.006605962419613198,0.007080241519709096,-0.039209667179748386,0.006294529507619773,0.029300261670084815,0.011702890396172894,0.05627508991518404,0.0028116500500305897,-0.08945854459098401,0.004105080089191338,0.010303956407834658,0.009271089967035826,0.26335972388890694,,,0.8403174304807531,0.8829009636968802,0.8377943924593332,0.7170002995412237,0.671935646009374,0.7428601002860157,0.5178999227142308,0.8411507827092309,0.8483089098207675,
2022-10-25,17656.349609375,12952.7998046875,41122.2734375,25793.150390625,43752.8515625,28722.849609375,5812.4501953125,13112.2001953125,3427.0,425.3500061035156,,,-0.004196122026705051,-0.01561075726655381,0.012360588936324524,-0.02288001852920596,-0.004409807478410799,0.013524732249697635,-0.010097370472535339,-0.0770558582743498,-0.010342658891058676,-0.003847743070656162,0.006607795634119729,-0.014017603817427782,0.004042181603974404,-0.04415428368529861,0.00391242601816022,0.031218434188277966,0.03503473270915136,0.08010145280153247,-0.006191574524496257,-0.11459198270687487,0.005115947260603215,0.010267284564444874,0.009280584029201792,0.2559715954084199,,,0.8108927065431273,0.884870126843182,0.8366237600190508,0.7174486664813944,0.6563948081369813,0.7324125965532639,0.5131345533698609,0.7826107018313798,0.8564414532437027,
2022-10-27,17736.94921875,12979.400390625,41298.8203125,26130.19921875,43954.6015625,28572.19921875,5970.25,13228.0498046875,3454.449951171875,437.9500122070313,,,0.004564907874966551,-0.018433902955360626,0.002053655297588497,-0.02146763958596698,0.004293217768427171,0.010427402509626038,0.013067377308337846,-0.06836567894731782,0.004611128024691213,-0.006710481633014798,-0.005244966731150158,-0.018705677225795525,0.027148586118597384,-0.030630454356298298,0.008835253248834274,0.037852294917348095,0.008009906965822822,0.08883875838112743,0.029622677613055703,-0.0867479442078456,0.004906529887281639,0.010203712092092884,0.008971256181484966,0.2431639056349202,,,0.816423032834798,0.8843565195753853,0.8325629437953874,0.714208923655107,0.6533759287658822,0.7178733137457715,0.5211166469109111,0.7949165435338151,0.8365776031797616,
2022-10-28,17786.80078125,13190.900390625,40990.375,26493.25,43944.1015625,28318.349609375,5883.35009765625,13048.2998046875,3438.89990234375,436.1499938964844,,,0.002810605244745412,-0.012050223911685087,0.016295051669163785,-0.002370973879256555,-0.007468622836343863,-0.0100119258553506,0.013893915550000413,-0.05228091826970371,-0.0002388828388096842,-0.005399107646012813,-0.008884496689649857,0.006421972561369449,-0.014555488018717755,-0.05961186622671433,-0.013588548777334064,0.028867199991868597,-0.004501454369848279,0.06545009725082052,-0.004110099920938026,-0.08419948788139764,0.00394217925166731,0.010204422185627251,0.008949128395158759,0.24330696531723026,,,0.8067342360188204,0.8971601798165098,0.8245636414328349,0.7128534669966149,0.686403489412167,0.7251577695417925,0.482796130474933,0.8036407372115872,0.8338777793939199,
2022-10-31,18012.19921875,13381.650390625,41307.41796875,26672.650390625,44296.30078125,28727.599609375,5896.35009765625,13212.25,3461.050048828125,438.6499938964844,,,0.012672230395564199,0.007540180629152848,0.014460726284884151,0.004967923895084603,0.007734571073087171,0.0023951052530599704,0.006771550890321221,-0.05322461724688132,0.008014709738668246,0.005783150696473838,0.014451760277177872,0.03581299053301956,0.0022096254318060282,-0.058677470971395085,0.012564870348365398,0.05538850711216581,0.006441055893856795,0.07229609356084299,0.005731973025301373,-0.07045984409843775,0.0054618492497925915,0.010392495608229703,0.009021118370770461,0.2811973597318985,,,0.8363807784565143,0.8936630714238291,0.8537738467428162,0.7184656822024709,0.694804916758237,0.7257517164885494,0.4942125973750315,0.7941229183093519,0.8288558969225674,
2022-11-01,18145.400390625,13416.900390625,41289.0703125,26899.650390625,44564.8984375,29270.650390625,6036.9501953125,13492.0498046875,3437.699951171875,442.7000122070313,111.91,378.74,0.007395053222392978,0.03505539063670682,0.0026342042252647246,0.035698172314548415,-0.00044417339916724696,0.012574506118554485,0.008510590311632038,-0.029902136668876977,0.006063658849898568,0.03177045283494606,0.018903451337186628,0.09601430541633871,0.02384527637056988,-0.016406883519504145,0.021177301722832942,0.09275242118790739,-0.0067465356833416035,0.09064084745300605,0.009232915460846147,-0.025641011863065888,0.005571140786318268,0.009774903515096882,0.008858443018021113,0.15677356995673408,0.1932207939417488,50.721958075830315,0.8075063544820167,0.9027151017141738,0.858089389047525,0.682835815472956,0.643680352799484,0.7171492596905428,0.4480715678469881,0.7630663876332516,0.8049781299966483,Medium
2022-11-02,18082.849609375,13318.25,41146.171875,26917.900390625,44533.3515625,29138.650390625,6075.7001953125,13556.900390625,3410.199951171875,439.1499938964844,108.53,-696.9,-0.003447197631545107,0.026137389344436768,-0.007352696058914754,0.01868211717913426,-0.003460926497459549,0.0059224149884771204,0.0006784474792416173,-0.024245321010086363,-0.0007078861639109313,0.020105144612765802,-0.0045096367261547865,0.08685143373213733,0.006418803989817201,-0.0056300063491505625,0.00480657771623183,0.09598538503624132,-0.007999534686157106,0.06040205940680643,-0.008019015614769698,-0.024219518258266515,0.006244657728953331,0.009780026792284008,0.008708455919965068,0.1578057359620619,0.1913307353616589,50.74568441937479,0.8078404524922898,0.9031666280120779,0.8619123861174909,0.6814951380116497,0.6478386333509739,0.7133557793959462,0.4467589403340758,0.7644757689080148,0.8209007245752549,Medium
2022-11-03,18052.69921875,13262.650390625,41297.87109375,26769.44921875,44661.8515625,28795.75,6068.75,13559.9501953125,3496.14990234375,441.7000122070313,-2263.9,1686.85,-0.0016673473084335422,0.013271548095137975,-0.004174693324948797,-0.0021592403776481417,0.0036868367538747115,-0.004098339808296325,-0.005514961037849098,-0.03444266156209852,0.002885477860781638,0.015474811709535352,-0.011767888561349582,0.06569618795613619,-0.0011439332240030797,-0.022052677501396833,0.00022496327328691557,0.06346710279467649,0.025203786406230888,0.08191367812330874,0.005806713756093096,-0.03390201134330073,0.0061821388810585935,0.009600707368377363,0.008679204360318674,0.12167897438131482,-1.1353058555148787,58.271982825665056,0.799653146068265,0.8952983841555554,0.8657185010977514,0.6720057788132937,0.636861713230544,0.7036125398508944,0.41275909017266604,0.749456657935246,0.8070259286875942,Medium
2022-11-04,18117.150390625,13271.7001953125,41257.96875,26896.05078125,44509.55078125,28693.05078125,6324.14990234375,13422.150390625,3532.550048828125,443.0499877929688,-1145.2,-486.5,0.003570168155688336,0.022507783740703946,0.0006823526535764124,0.003648820790893348,-0.0009662082498009816,0.0013348552705925165,0.004729330120521347,-0.01516101493759714,-0.0034100865934066915,0.00021128791880786757,-0.003566471397688842,0.06891120789211436,0.042084432929968996,0.04082385094070151,-0.01016226480943383,0.06749093128983641,0.010411494787444076,0.10101454053782999,0.003056317746499726,-0.018280523428209405,0.005409884969743058,0.009548549187456087,0.008645032390381507,0.1111708758966275,-0.5097412006194413,54.39249771447618,0.7976064711271541,0.8922563868798218,0.8657473581306696,0.7117996432398825,0.6211588171312015,0.6596894966332429,0.36847395971598995,0.7479144464542016,0.8043943585686805,Medium
2022-11-07,18202.80078125,13443.900390625,41686.21484375,27102.349609375,44709.44921875,28741.30078125,6423.85009765625,13230.0,3690.14990234375,447.7000122070313,-170.51,-296.99,0.004727586225111935,0.0325017853071492,0.012974991355916954,0.009245004269654578,0.010379718311992692,0.025992679962616227,0.0076702274918671876,-0.004444713884816376,0.004491135812231262,-0.008229731655950201,0.0016815918379626815,0.07313131307238385,0.015764995588664066,0.05296071756034104,-0.014315916975510268,0.04893029011986938,0.0446136222664153,0.16046102571465215,0.010495484803478616,-0.00522158793395755,0.005414568203256203,0.009510425469959288,0.00862082655027041,0.1034902441916336,0.03529465660772767,51.03011499065324,0.8170517033646375,0.8922717406790821,0.8679764640932959,0.7711827681320984,0.6156680356057633,0.6690467787365731,0.3273623505570897,0.7231417101124173,0.8074411890618275,Medium
2022-11-09,18157.0,13341.400390625,41782.71484375,26941.599609375,44826.55078125,28626.80078125,6364.0498046875,13079.5,3835.199951171875,441.5499877929688,,,-0.002516139235956394,0.04788097483622744,-0.00762427547227873,0.018933088221254835,0.002314913943655128,0.056565460805818146,-0.005931220071945131,0.01666031473496088,0.002619168085186141,-0.0006264157055907438,-0.003983814124192242,0.0765051303010007,-0.009309104673935087,0.05586197940653492,-0.011375661375661372,0.03717886031663764,0.03930735950211628,0.25591905311459784,-0.013736931530880847,0.010990241082927898,0.005915324430160824,0.008896638186263808,0.008631574119372478,-0.020167005961618058,,,0.8039559470371457,0.8709921872915648,0.8483189338995759,0.7856677531299305,0.6091204889552301,0.6732780843116284,0.34677216242107484,0.623844566822424,0.779632278942519,
2022-11-10,18028.19921875,13080.75,41603.265625,26712.25,44586.8984375,28505.75,6318.75,12983.099609375,3786.0,440.8999938964844,,,-0.007093725904609771,0.059466416967370206,-0.01953695886439022,0.038620524736182604,-0.004294819506608594,0.07736379366242674,-0.008512843064269693,0.04002658492461397,-0.005346214231817359,0.014782395478510235,-0.004228582235751843,0.06588852245812737,-0.007118078279986784,0.0935404317916324,-0.00737034218624566,0.040687716674682406,-0.012828523101342193,0.2872516280054287,-0.0014720731841333379,0.05428020331624328,0.005179513108113047,0.008272902232454853,0.0086651835023934,-0.14582857458414034,,,0.7694175124090844,0.8460458992555965,0.8193166979393408,0.7464627866055464,0.6989806865570309,0.6081557055753636,0.30581651979750474,0.5682379404701475,0.7190347598929169,
2022-11-11,18349.69921875,13040.900390625,42136.5625,26955.650390625,44520.5,29591.94921875,6447.2001953125,13015.650390625,3760.800048828125,448.25,,,0.017833173247033374,0.07892439745611668,-0.003046431540622674,0.04079080223981646,0.01281863014809903,0.0984876720854988,0.009111938927832686,0.04958082300416944,-0.0014891916645216607,0.006837725530895122,0.03810456552625352,0.09582967027999523,0.020328418644905977,0.12543100123377604,0.0025071656406683296,0.03315211863986356,-0.006656088529285564,0.2813628786467206,0.0166704608874213,0.07481120517984396,0.008224419064794418,0.008748072552215953,0.008829166067296158,-0.05009792545382883,,,0.6974409293956978,0.843912004765646,0.8095349405771655,0.7054005155219599,0.7469483525194199,0.6226298525452022,0.31229760287480035,0.48173979879796613,0.7311855451833053,
2022-11-14,18329.150390625,13071.400390625,42076.26171875,26866.30078125,43919.1484375,29849.30078125,6558.5,13019.849609375,3738.39990234375,453.2999877929688,,,-0.0011198455015547504,0.08722852522295099,0.0023387955652147685,0.04259678463864924,-0.0014310797481403847,0.11432507001047965,-0.003314689428012274,0.0626966934487021,-0.013507295796318597,-0.0010349224119164946,0.008696674916464753,0.10276659963025225,0.01726327728560717,0.1674810844413277,0.0003226284222435094,0.02474925693660346,-0.00595621840925975,0.3006976077675141,0.011266007346277362,0.09426671766558559,0.008029722374581558,0.008515405140116852,0.008826471309495163,-0.09697249119462445,,,0.7114789172160662,0.8346154996425607,0.7975984170448667,0.6939939426315721,0.7552256499275913,0.5777756759418249,0.3645870832515026,0.45063620691477824,0.7085848475339843,
2022-11-15,18403.400390625,13155.5498046875,42372.20703125,26994.94921875,43911.05078125,29865.30078125,6589.5498046875,13036.900390625,3750.800048828125,452.7999877929688,,,0.004050924260950772,0.09426158829302556,0.006437673971249058,0.052667182713584726,0.007033545766926386,0.12550416530396435,0.004788468592958894,0.07676577949048946,-0.00018437644030200318,-0.010036899394110232,0.0005360259564288761,0.11358530265842681,0.004734284468628447,0.16712857477177456,0.0013095989401998853,0.012629858586817866,0.003316966297961077,0.2901095233944544,-0.001103022310753654,0.08898509159750789,0.007888589557708402,0.00846009226558054,0.00882181912925019,-0.10811615308682092,,,0.7081743332898944,0.8321593229675364,0.7952598775823718,0.7334048926181603,0.7496458404020443,0.5810427169621578,0.4120339280388981,0.4548430031230269,0.7118170692703693,
2022-11-16,18409.650390625,13105.9501953125,42534.8046875,26760.099609375,43910.30078125,29951.5,6461.60009765625,12998.5,3761.60009765625,448.1499938964844,,,0.0003396111515991951,0.07694359898481617,-0.0037702422256291612,0.03202148125323401,0.003837365755578359,0.10103942863984061,-0.008699761109825621,0.04608048817396382,-1.7079982980505726e-05,-0.011155059630470032,0.0028862665533280207,0.11008980589675277,-0.019417063505648424,0.12021078999776025,-0.002945515381295283,0.0020505560923227417,0.0028793987116160213,0.25595996582846414,-0.010269421426333025,0.05695753277472737,0.007928976616967334,0.008083960974388177,0.008816232556364064,-0.18389380831194202,,,0.6848944688957116,0.8127191268967903,0.7676573848145544,0.7580585432585929,0.77436645855388,0.5540449295852228,0.3899860052118768,0.4217894592028662,0.6874044626752233,
2022-11-17,18343.900390625,12927.400390625,42457.55859375,26584.19921875,43845.1015625,29681.400390625,6455.7001953125,12948.25,3791.25,448.3500061035156,,,-0.00357149639481924,0.08625099941327652,-0.013623568076075898,0.03909240727854457,-0.0018160679076234532,0.11644606627903276,-0.00657323377687935,0.05523842838581605,-0.0014848274229504188,0.00845960477400709,-0.009017899249620265,0.11045268356942728,-0.0009130714149100383,0.15405035259736688,-0.00386583067276991,-0.013011726759469822,0.007882257968417239,0.30064500566609964,0.00044630639240272885,0.07068658173973885,0.008126524056821212,0.007692522888251544,0.008773901449005876,-0.26275526181986886,,,0.6467414578097741,0.7896159617380405,0.7464212359132024,0.7173320904440318,0.7745520873217773,0.49202714800978364,0.524741868854669,0.34217563910925847,0.6658647460284507,
2022-11-18,18307.650390625,12774.900390625,42436.95703125,26489.30078125,43747.0,29669.25,6444.39990234375,12861.400390625,3849.25,448.7999877929688,,,-0.00197613371355454,0.059820054221622954,-0.011796648621682171,0.006646724313421171,-0.00048522720529275976,0.085077821670412,-0.0035697309036515357,0.030004700231335724,-0.002237457754777017,-0.012194327048723808,-0.0004093604231975023,0.07900151991293347,-0.001750436455669857,0.1170159500304937,-0.006707439953275496,-0.028114346538235857,0.015298384437850254,0.2823993452710851,0.0010036393070758098,0.04798596098766805,0.008088598023953933,0.006729187833892703,0.008746124608548409,-0.456834492463149,,,0.5817215461187238,0.7220042878065813,0.6996715020686587,0.6420627156192117,0.7305403553690739,0.411555667935927,0.5043578959212005,0.2641071924914971,0.6190733872660443,
2022-11-21,18159.94921875,12696.099609375,42346.05859375,26141.900390625,43611.0,29209.55078125,6392.25,12794.599609375,3903.449951171875,443.1000061035156,,,-0.008067729540576885,0.04778201918844527,-0.006168406706938301,-0.00691852248720326,-0.002141964077044034,0.07799076657770421,-0.013114743703272924,0.010695832850059483,-0.0031087846023727383,-0.011025625830296981,-0.015494130075751844,0.04585958130063106,-0.008092282157223574,0.07307427297781266,-0.005193896404834142,-0.029830178239687588,0.014080652379522052,0.2899489063915297,-0.012700494305901366,0.01361091682513016,0.008261752217002764,0.006966763957269663,0.008792575021983239,-0.40897098844594965,,,0.590241246045425,0.7209075902259439,0.7214199941866649,0.6448423334791312,0.7581833729085873,0.44452158838121564,0.5129819209697988,0.2394261312029422,0.6573444858578323,
2022-11-22,18244.19921875,12745.5,42456.55859375,26050.150390625,43854.1484375,29446.900390625,6448.85009765625,12836.349609375,3968.39990234375,437.7000122070313,,,0.00463933015368867,0.05368568276887098,0.003890989527880029,-0.001289003252695875,0.00260945182785699,0.08369490134268398,-0.0035096912859825524,0.006419038426247914,0.00557539238953475,0.0009323117756852017,0.008125753495920263,0.06177707926059628,0.008854487489733609,0.08721165799871478,0.0032630954679824242,-0.022714685641928467,0.01663911462535239,0.31447495937189474,-0.01218685132498687,-0.0019381498337625036,0.0044045730719643895,0.0069709586406393655,0.00879796293042684,-0.4081259024942857,,,0.5922660523091655,0.7171390063540857,0.7133869488283041,0.6461058854523017,0.7592647582493225,0.4445843102574742,0.5140161369639904,0.23811056105897446,0.632978079860378,
2022-11-23,18267.25,12774.75,42728.60546875,26080.19921875,43854.19921875,29405.650390625,6422.85009765625,12876.9501953125,4008.800048828125,438.7999877929688,,,0.0012634580983039712,0.059523809523809534,0.0022949276215133985,0.00639301641159884,0.006407652527919305,0.09300871587308923,0.0011534992187920423,0.017898945279247735,1.1579577259279716e-06,0.012116540565393574,-0.0014008265539938725,0.04916763477629571,-0.004031726525857593,0.08560107559867158,0.0031629386214167,-0.011624619352463283,0.010180462523576406,0.34140874981700686,0.002513081003564732,0.010477807237694536,0.004468732560712751,0.006878783476039969,0.008718450668951456,-0.4266960613906367,,,0.5843431205736692,0.7086202472612853,0.7036529610528329,0.6344013204323957,0.7994586172780104,0.4395865149319826,0.49710543632357207,0.21107785919168123,0.622301113461972,
2022-11-24,18484.099609375,12845.599609375,43074.8984375,26312.94921875,44241.75,30178.650390625,6440.7001953125,12888.150390625,4046.89990234375,439.75,,,0.011870949889830174,0.08835306865167558,0.005546066214602963,0.02860666230322484,0.008104476262471572,0.1127014475485637,0.00892439501891018,0.043760815507888795,0.008837255910588038,0.03940127838627827,0.026287464814804595,0.09862394257722196,0.002779155263605393,0.11316205254072997,0.0008697863347004731,0.004783000192696507,0.009504054343334678,0.37738666751755656,0.0021650233214669523,0.0447849997074401,0.00636413355685324,0.006328826914158697,0.008752671930566933,-0.5374935932921201,,,0.5185539674645173,0.6744894462449225,0.6643494699823406,0.5538403969418608,0.7869740251043879,0.3260013453278289,0.39383724139935516,0.07818438881610448,0.4929562241869825,
2022-11-25,18512.75,12958.0,42983.44921875,26452.599609375,44102.6015625,30334.599609375,6455.14990234375,12968.4501953125,4048.800048828125,444.8999938964844,,,0.0015500019600884762,0.08112490494489566,0.008750108522997069,0.028551487175965118,-0.0021230280759150233,0.09881236036748886,0.0053072876576483186,0.0391743678530887,-0.0031451838478360195,0.020967963340788875,0.005167534556099529,0.09532343544743416,0.0022434994011624187,0.1133120065996267,0.00623051425175114,0.010055072092065576,0.00046953137715965987,0.35749609647588,0.011711185665683521,0.04021506008544917,0.006370969734210483,0.006249368520754716,0.008745093869768503,-0.5535017555511582,,,0.4921011979322456,0.6635009015787323,0.6485954290163415,0.5424129635796207,0.7849626265896787,0.3343988814161488,0.38709639805834684,0.07437241450744425,0.4570899824136849,
2022-11-28,18562.75,13036.400390625,43019.94921875,26804.80078125,44251.05078125,30309.650390625,6381.35009765625,12993.9501953125,4056.89990234375,445.2000122070313,,,0.0027008413120686026,0.09100555861223292,0.006050346552322949,0.037702763377843285,0.0008491640541512524,0.11382688407908503,0.013314425692595444,0.05864558579285739,0.0033659968684529584,0.028217865187936564,-0.0008224673828326479,0.10192070338689274,-0.011432701920788046,0.09942716072813029,0.0019663105163651995,0.009854536617516008,0.0020005565643996803,0.38210739442579555,0.0006743499992420965,0.051363795897982234,0.0060858333265733575,0.006013774317198151,0.008727994951847135,-0.6009659701703456,,,0.48642208995017316,0.6277812497830121,0.6177053573355041,0.5245304403516862,0.7794272680062936,0.3316800866416909,0.4144427639451096,-0.008416983316498778,0.42433248839010024,
2022-11-29,18618.05078125,13007.650390625,43052.94921875,26884.44921875,45078.55078125,30345.650390625,6447.35009765625,13087.349609375,4055.449951171875,443.7000122070313,,,0.00297912654375021,0.08334555052245252,-0.0022053633778136295,0.04242585223288531,0.0007670859821846676,0.0953515050560434,0.002971424341109641,0.07250583164865221,0.018700120909911355,0.0446202519900778,0.0011877405227720406,0.08555467070193457,0.010342638938465543,0.11793415857083756,0.007187915349728957,0.010571015833260589,-0.00035740373358417177,0.37531155614137357,-0.003369272144813973,0.05630288085074042,0.005869757644788353,0.005860625535401244,0.008624894068316897,-0.6318202379670073,,,0.5447473845318591,0.5998162230662472,0.7182162668913133,0.455979400985601,0.7680274770959137,0.3736873649476633,0.39157059090294644,0.007858466498242777,0.4842189495280485,
2022-11-30,18758.349609375,13231.849609375,43230.49609375,27354.0,45536.55078125,30391.69921875,6564.2001953125,13144.2001953125,4000.75,450.1499938964844,,,0.007535634625419174,0.08355854173713251,0.017235950538122324,0.05327738517205827,0.004123918993281794,0.08292868272822318,0.017465516121584646,0.07484924172858487,0.010160042682439085,0.054504269720489384,0.001517477052962679,0.08467597322004594,0.018123740123671572,0.14931545812766367,0.004343934229186885,0.012463011447739758,-0.013488010413263418,0.3113128907484388,0.014536807554658138,0.076270158748319,0.003832727351804395,0.005866151863472333,0.008644872925410661,-0.6307068709245994,,,0.5523030093218679,0.5913101104330548,0.7160750323348776,0.48320352814586187,0.765087712238058,0.4304960655803308,0.3970992433859175,-0.07809688469746992,0.5279537969007154,
2022-12-01,18812.5,13191.75,43260.14453125,27183.150390625,45370.6484375,31120.5,6664.85009765625,13120.650390625,4085.300048828125,459.0499877929688,-1001.57,1332.01,0.002886735334004964,0.07580228916252052,-0.0030305369663957693,0.036056877027977885,0.0006858222823931115,0.07296598937361698,-0.0062458729756159626,0.054446240017334446,-0.003643278660849125,0.03785588575055909,0.023980257767238333,0.09907402591723113,0.015333155502421203,0.15407664402244903,-0.0017916498788490554,0.00864070037284037,0.021133549666468854,0.2879052934039894,0.019771174091209875,0.07897514307647313,0.003890236650364646,0.005696781982594776,0.008587136288274653,-0.6648291381732858,-0.42942489474420065,44.59859971038577,0.5208699401575898,0.5663197990851525,0.6851307431167808,0.4368230395534104,0.7250637547703452,0.42069911870764504,0.3987345206990781,-0.1795037646167669,0.47179306748950706,Medium
2022-12-02,18696.099609375,13046.349609375,43103.25,27028.05078125,45154.19921875,31052.099609375,6694.5,13086.9501953125,4102.60009765625,463.3500061035156,,,-0.006187396179402005,0.0676012282473697,-0.011022069901643117,0.025571773531429143,-0.0036267685406521366,0.06763276844412403,-0.005705726052580351,0.05079813160556812,-0.004770688235769205,0.028790899521812907,-0.002197920683311594,0.10661841501078273,0.004448697556480141,0.16707201066427402,-0.0025684851214829996,0.005007022505615577,0.004234707027966689,0.300864081698375,0.009367211469105019,0.08474777648201015,0.005554273899441654,0.00590985500057389,0.008616018556025272,-0.6219021760398967,,,0.5518850687108915,0.5849007927431815,0.6953075957439726,0.4645105687182564,0.7273285132528338,0.40860031015352294,0.4019711502284328,-0.16540677306328852,0.4189056641016442,
2022-12-05,18701.05078125,13007.5498046875,43332.4453125,26931.650390625,45151.1484375,30891.5,6819.75,13052.900390625,4151.89990234375,466.5499877929688,-5255.75,4815.64,0.00026482378562620035,0.06474065418534192,-0.002973997006765705,0.02183495191064755,0.005317355709836269,0.08063424138993192,-0.003566679351212243,0.032641463554000216,-6.756362205029287e-05,0.019647186911331938,-0.005171940428998045,0.08649702973480089,0.018709388303831398,0.17547439033648038,-0.002601813576068812,-0.0027732637705778496,0.012016721960218302,0.2921788229916318,0.006906186786017399,0.09364740065137078,0.004130979082344131,0.005918416064132401,0.00859657263063363,-0.6201774130704543,-2.808315252805407,59.40776255998699,0.5541009900145636,0.6080437109076701,0.7170169801755129,0.47259267727838794,0.7330736794354986,0.38987109829044425,0.4042701473824414,-0.1721185559238391,0.4159449202994631,Medium
2022-12-06,18642.75,12973.7998046875,43138.05078125,27021.05078125,45287.8515625,30443.0,6768.85009765625,12955.349609375,4204.35009765625,463.3999938964844,,,-0.0031175136590962937,0.060675407870105724,-0.0025946469939971406,0.021909032267295014,-0.00448611957733025,0.057730899653621215,0.003319528856505549,0.04297974785041703,0.0030276776943831685,0.0230104081783018,-0.014518556884579925,0.0743217191445742,-0.007463602381868828,0.17752920101649416,-0.007473494651048185,-0.0018529963269622307,0.012632817877640035,0.2846732546168107,-0.006751675016401948,0.08575446848716739,0.004513620244134709,0.0059904055000921325,0.008580946229866425,-0.6056739915637933,,,0.5555374450097548,0.7223556497922431,0.7040804960308726,0.453742724188491,0.7401993752722988,0.4068887578934267,0.4211687250066193,-0.17428065880543728,0.4313090694464021,
2022-12-07,18560.5,12870.650390625,43098.19921875,26714.5,45724.6015625,30187.05078125,6709.2998046875,12869.7998046875,4215.25,457.8999938964844,-1565.68,140.71,-0.004411902750398933,0.04679723079959963,-0.007950593936653094,0.005939982545805744,-0.0009238146318220064,0.04342831440833117,-0.011344887500182477,0.025262652914368022,0.009643866620549613,0.034256876742500664,-0.008407490022336872,0.05792151742810625,-0.008797697113926306,0.15896391135810517,-0.006603434663437602,-0.014646531334175594,0.0025925296634612405,0.27310480217456967,-0.01186879601303703,0.06985979882356164,0.004856810360406012,0.0059580279013273715,0.008534581533874515,-0.6121969758877925,-0.7448689614940578,47.12285005831083,0.5570427084305714,0.7117030243156357,0.7150584999817103,0.40866350049326433,0.7516568821728988,0.4329189728161041,0.4187444487628302,-0.170157339583289,0.4673626427411686,Medium
2022-12-08,18609.349609375,12908.150390625,43596.34375,26643.19921875,45767.05078125,30115.0,6756.9501953125,12728.7001953125,4375.85009765625,454.3500061035156,3040.46,-839.45,0.002631912360927746,0.05397491673442989,0.0029136056735186155,-0.003447085937848149,0.011558360680491653,0.06016375325795731,-0.002668991792846631,0.03295637854435829,0.0009283671655833103,0.04603583873551109,-0.002386810880337875,0.04846839396362013,0.007102140612602836,0.16249601601088992,-0.01096362115311289,-0.02924757052878879,0.03809978000266878,0.2768748461208783,-0.0077527578953654475,0.06817914560683569,0.00482288256484766,0.005860864655983693,0.008490635094019323,-0.6317720633070457,1.8308335320252682,31.433734048163842,0.6332041714643564,0.6636488975737346,0.6978815624335014,0.3743811140306161,0.7761758910192738,0.43825638697450564,0.42846653826726544,-0.09503259605551426,0.4399118777737919,Low
2022-12-09,18496.599609375,12869.400390625,43632.94140625,26370.44921875,46159.5,29168.44921875,6681.5498046875,12774.7001953125,4298.4501953125,447.5499877929688,,,-0.006058782405979346,0.04282869512993592,-0.0030019792787775446,-0.008474967771196384,0.0008394661822987981,0.05651786361179734,-0.01023713397781656,0.00919434245367734,0.008574929169584689,0.05016308552734361,-0.03143120641706787,0.020868187129561955,-0.011158938344300262,0.1191407067857293,0.0036138803879550707,-0.03427184022351892,-0.017687969335422604,0.24432261461895233,-0.014966475666773893,0.021920254180514354,0.0039059425942860495,0.006005359881022793,0.008351380132036228,-0.6026611927118914,,,0.6273413725701227,0.6508577258580328,0.7203567224163354,0.3002328057348682,0.7949446877422301,0.46063696147314526,0.3791188445767661,-0.014783369621439104,0.4937765544024491,
2022-12-12,18497.150390625,12874.349609375,43708.2421875,26450.30078125,46215.19921875,29050.5,6708.14990234375,12758.0498046875,4358.7998046875,449.6000061035156,,,2.977743269738653e-05,0.03993689579768711,0.00038457259854984827,-0.023997662924888585,0.001725778249715093,0.06630500910274661,0.00302806986098747,-0.001621138167269054,0.0012066685893477036,0.05168151300169166,-0.0040437260776339246,0.025854274727317383,0.003981126899269549,0.14019220189124493,-0.0013033879754853483,-0.022244277365218834,0.014039853117482126,0.2674983071524708,0.004580534837362427,0.030838042864270943,0.0034307078737551957,0.006004556556229901,0.008245106026549393,-0.6028230353200844,,,0.6524969342451231,0.7110195759285938,0.7397401554638297,0.3039190919004407,0.8091151407475277,0.4886307730780935,0.41226354560968975,-0.011425809247914422,0.49629813550409946,
2022-12-13,18608.0,12931.0,43946.0390625,26482.349609375,46145.55078125,29376.55078125,6722.0,12797.75,4525.0,446.0,,,0.0059927938646799905,0.03307762555889315,0.004400252621984624,-0.03367674221564776,0.005440549953482421,0.06387765741606444,0.0012116621429014707,-0.007134678348908574,-0.0015070461380104483,0.041747278381827346,0.011223585867713215,0.02258981539352911,0.0020646672864914617,0.1400272861463805,0.0031117761664414267,-0.03137240061306745,0.038129807001864746,0.30740669339124915,-0.00800713090445726,0.016755969920861702,0.004197024794589328,0.005684547254361722,0.008198237921045869,-0.667294019557864,,,0.6117967044015036,0.700168242591354,0.7339757608677162,0.23674982903461367,0.8129977538420287,0.5227616218816242,0.3432735848975606,0.05111109259227259,0.45785820125367366,
2022-12-14,18660.30078125,13004.099609375,44048.58984375,26648.0,45949.3515625,29713.900390625,6805.85009765625,12883.599609375,4550.14990234375,452.4500122070313,,,0.002810661073194387,0.02837635872124533,0.005653051533137443,-0.030767224115224368,0.002333561418451202,0.0668341406179489,0.006255124377874566,-0.009355154694229983,-0.0042517472525156474,0.031065999778763675,0.01148363577082434,0.015143155142940179,0.012473980609379653,0.12736561963701076,0.0067081799046706525,-0.04509694257881469,0.00555798946823205,0.3236029807641161,0.014461910778096998,0.022023943372832644,0.004396778299751733,0.005569976524134089,0.008200736251306295,-0.6903761227951609,,,0.6099833280303542,0.740562353173568,0.7204960080527237,0.19931329550713647,0.8017929953895867,0.4975183835326638,0.28465557478682796,0.09039856492349006,0.43914338837901856,
2022-12-15,18414.900390625,12912.900390625,43497.6953125,26489.19921875,45544.55078125,29087.94921875,6708.5498046875,12816.099609375,4464.5,446.5499877929688,,,-0.013150934355333654,0.018362746382508677,-0.0070131129020460925,-0.030435651033356437,-0.012506519123634652,0.0571504791416273,-0.0059592007373912015,-0.015926248542932786,-0.008809716948875557,0.022706559988660224,-0.02106593761324227,-0.001739997261208548,-0.014296567155109297,0.10416076979296207,-0.0052392190107244385,-0.05464381679475094,-0.0188235342091988,0.30916077177991497,-0.013040168537696406,0.016850720708944777,0.0065669708464261975,0.006091371627557085,0.008330269311935274,-0.5853327528112272,,,0.5990105207879851,0.7887751824180481,0.7142117951101762,0.29018263465850186,0.8180541962365808,0.5538102813093455,0.34001120237803106,0.19039070535381164,0.4800722373616332,
2022-12-16,18269.0,12775.25,43218.99609375,26302.0,45320.75,28702.19921875,6657.7001953125,12636.2001953125,4334.0498046875,439.7999877929688,,,-0.00792295301794177,0.011981631036390716,-0.010659912681192596,-0.036749848353804904,-0.006407218054835906,0.04651874174431092,-0.007067001807192885,-0.017462040960580794,-0.004913887115165827,0.014753047946924891,-0.013261505549911567,-0.0032487704348731494,-0.0075798214003672815,0.09704637615859935,-0.01403698625523353,-0.06812340655346427,-0.02921944121682163,0.23966360875488735,-0.01511588889154658,-0.0043016173003226355,0.006929442162298241,0.006276785075063424,0.008378808948026591,-0.5479782528580426,,,0.6188126193372309,0.8108163236784022,0.7213422908253034,0.3231151345951512,0.8256722915987508,0.5663201324205904,0.40322804477323193,0.28374289134243147,0.524956909929233,
2022-12-19,18420.44921875,12978.7998046875,43413.24609375,26578.69921875,45981.44921875,28556.44921875,6742.4501953125,12646.4501953125,4328.7998046875,443.0499877929688,,,0.008289956688926514,0.016740978663065453,0.015933136704761264,-0.022069545447421346,0.004494551413888326,0.052239056091436975,0.010520082835905997,-0.011799188106873859,0.014578294020950677,0.03306927191276099,-0.005078008095797282,-0.004760789068455007,0.012729620967262933,0.06614332351826868,0.0008111615708497055,-0.05779254238235221,-0.0012113381794370826,0.22540367294258723,0.007389722806290466,0.0,0.007859749262979839,0.0064161698626890706,0.00841802319989466,-0.5198969614907654,,,0.643262142920474,0.8222530538187033,0.7346369672036657,0.3900199137941921,0.7956795575024239,0.635407603412978,0.44761237562373524,0.2536467983696813,0.5344964960975733,
2022-12-20,18385.30078125,12879.400390625,43358.99609375,26619.5,45694.69921875,28612.5,6750.2998046875,12618.4501953125,4313.7998046875,437.7000122070313,,,-0.0019081205394395617,0.010025929646386489,-0.00765859829555271,-0.041989302479037205,-0.0012496186044888002,0.040127923733780824,0.0015350932306430476,-0.017815784104857735,-0.006236210577788226,0.022036728638267666,0.0019628063986749655,-0.004481383157648344,0.0011642072462703101,0.05081838804899186,-0.0022140600380000652,-0.04622447503306881,-0.003465163712065622,0.16900394803681196,-0.012075331753394591,-0.02233638536372362,0.007604770057268352,0.0063823114739001196,0.008392145735015148,-0.5267182746125578,,,0.6420796009268528,0.830305217156831,0.7240898633787125,0.38800441403115027,0.795013273491966,0.6279233436758456,0.541788750077795,0.2301284253150475,0.5262800360676042,
2022-12-21,18199.099609375,12695.4501953125,42617.453125,26125.30078125,45284.69921875,28764.25,6593.64990234375,12920.400390625,4190.7998046875,430.6000061035156,,,-0.01012771964355863,0.002318643463953274,-0.014282512363417044,-0.04841697096253916,-0.017102401705672565,0.019978076684858292,-0.018565308091812338,-0.030298825606514757,-0.0089725943492317,0.010220470446984153,0.005303626037570952,0.004801417378082595,-0.023206362217418897,0.03607767140463536,0.023929261568482296,-0.012164043684773862,-0.02851314515484582,0.09272002973585991,-0.01622116953507735,-0.024798962727154095,0.008344884763374742,0.006646113098742654,0.008467531529167516,-0.4735712245179653,,,0.6678029611871602,0.8311630515161038,0.7492241912293127,0.43734678004782906,0.7381973143738709,0.6646862828144325,0.20000533418480634,0.3648127774089674,0.5603392416910606,
2022-12-22,18127.349609375,12554.7001953125,42408.30859375,25879.19921875,45085.55078125,28763.900390625,6519.25,12892.75,4139.2998046875,424.5,,,-0.003942502735851727,0.005499739015635052,-0.011086648983268721,-0.040215569037516996,-0.004907485452886218,0.01935047541715673,-0.009420047047903335,-0.031186095564768923,-0.004397698139453343,0.01118383115275412,-1.2154301780809007e-05,0.009056081338852717,-0.011283568804176913,0.031730959446093054,-0.002140056793059064,-0.006959016882976066,-0.012288823709115437,0.09331743388470692,-0.01416629358349153,-0.03719662990137129,0.007504288776389849,0.0065527678984442445,0.008450182814321453,-0.4923771057907233,,,0.6581635662978021,0.8295426355460176,0.7446007840757177,0.42886115571154876,0.7380194931654792,0.6627474540815171,0.17262366577980606,0.3531430057303929,0.5782424418513862,
2022-12-23,17806.80078125,12236.0,41667.56640625,24879.94921875,44314.8984375,28237.05078125,6228.0,12784.4501953125,3888.60009765625,409.8500061035156,,,-0.01768316025411787,-0.029586230871035624,-0.025384930771305214,-0.061721228328960875,-0.017466911840222976,-0.01113038335175065,-0.03861209118387343,-0.07700430677038739,-0.017093111438055142,-0.00461813237721953,-0.018316347999408178,-0.04578604901908634,-0.04467538443839403,-0.03399928475493463,-0.008400054657656475,-0.017763245659934923,-0.0605657282295301,0.03398214400362698,-0.03451117525673586,-0.08566646714218484,0.00847274475499884,0.00646558119605456,0.008657955760441436,-0.5099422593118693,,,0.8372430607080646,0.8493352819154435,0.8146409545516482,0.6208305302943072,0.6703665897992236,0.7232838396393833,0.2370726242891811,0.6278654491641246,0.6323048027521916,
2022-12-26,18014.599609375,,,,,,,12677.099609375,,,,,0.011669632893506865,-0.01716123085611687,0.0,-0.06391055018283742,0.0,-0.00971320397310571,0.0,-0.07393468787062318,0.0,0.009010875986431799,0.0,-0.054012990515769244,0.0,-0.050392620263779775,-0.008396965399173784,-0.026325188868018934,0.0,0.04017766938693046,0.0,-0.09585259841060856,0.010290133077044041,0.006865350262569959,0.00871192968359668,-0.42940239676536435,,,0.8061378960009944,0.8030094139968642,0.7814433441833839,0.6139397005441982,0.6491249832124317,0.7119195735223756,0.15155717046815995,0.5875556781140571,0.6285403344399307,
2022-12-27,18132.30078125,12522.75,42859.0,25641.69921875,44559.3984375,28636.25,6633.9501953125,12694.75,4225.7001953125,425.0499877929688,,,0.006533654614990558,-0.014730952086066784,0.023434946060804096,-0.04810135753216671,0.02859378880287311,0.011488496891157496,0.030617023905576524,-0.050129747940406144,0.0055173318369403646,0.01476502257893686,0.014137426101704431,-0.04115313588342029,0.06518147002448615,0.006738000613246031,0.0013923051146451648,-0.02624476527189279,0.08668931985560246,0.1266130266348775,0.037086693822359296,-0.061285337341236756,0.010604251565422142,0.0069373603169717475,0.008710745992264138,-0.4148948213442856,,,0.7870747870762529,0.7288880194978329,0.7562189484513684,0.6285532286318365,0.66523423122524,0.6424209305889845,0.15414700383725005,0.5724595083453748,0.624733036428168,
2022-12-28,18122.5,12605.4501953125,42827.203125,25725.349609375,44589.1484375,28583.44921875,6615.75,12624.150390625,4224.14990234375,427.1499938964844,,,-0.0005405150382313817,-0.015597818781568518,0.006603996351639996,-0.03818876102390578,-0.0007418949345527892,0.006874333610985772,0.003262279535820811,-0.038667643809423335,0.0006676481515279775,0.015459872607838543,-0.0018438441223973534,-0.045675534822963826,-0.0027434929079449555,0.023856304942124762,-0.005561323332479939,-0.028799446811170526,-0.0003668724464811479,0.12296623582493571,0.004940609725504697,-0.046859311136910664,0.009806839605352535,0.006935673801340171,0.008710865055668655,-0.4152345968510142,,,0.7804848880428112,0.7293661523763852,0.7614709220068657,0.6290553780829854,0.6653493885018479,0.66087260768623,0.1546186388183019,0.5725659848330557,0.628821625143887,
2022-12-29,18191.0,12634.599609375,43251.84765625,25863.599609375,44508.0,28687.19921875,6687.10009765625,12634.2998046875,4254.4501953125,427.75,,,0.00377983170092433,-0.008335217013233587,0.002312445300314492,-0.02264962578728047,0.009915299161857183,0.018707836456167026,0.005374076624778512,-0.027106312416841805,-0.0018199144936293932,0.015119099143950043,0.003629722893342846,-0.03349576363617346,0.010784884201526568,0.035844276429034094,0.0008039680888178857,-0.024246534884057702,0.007173110251588843,0.12217611482030999,0.0014046730939694108,-0.04594626033920357,0.010075291541749899,0.006953276678328879,0.008637069330642382,-0.4116882161731612,,,0.784802228270329,0.731511971927651,0.7622892656399354,0.6163560599814634,0.6646271873925089,0.6653542568029416,0.15274249533149267,0.5760205751129321,0.6334918628503957,
2022-12-30,18105.30078125,12611.7001953125,42985.94921875,25869.849609375,44171.44921875,28621.69921875,6723.39990234375,12597.599609375,4318.5498046875,431.7999877929688,,,-0.00471107793689185,-0.011052735061983676,-0.0018124368615138886,-0.012775065974860111,-0.006147678120326017,0.012936653000254594,0.00024165236449658067,-0.02338495745850222,-0.007561579519412276,0.00970236173337602,-0.0022832483401582504,-0.03530762595111103,0.005428332783626644,0.04329340267951576,-0.002904806430102602,-0.020511046483110085,0.015066484841125716,0.12191980377670975,0.009468118744520915,-0.037878788909063155,0.009490857021756225,0.006994420628063211,0.008497635929275344,-0.4033991104524318,,,0.7906182750978598,0.7356779372585054,0.7546680108067698,0.6222173227317856,0.6632101703685183,0.6549108868926352,0.15317060744926447,0.5669128328512943,0.608156876130693,
2023-01-02,18197.44921875,12667.75,43203.1015625,26031.0,44192.8515625,28737.30078125,6886.64990234375,12551.400390625,4348.85009765625,436.1000061035156,,,0.005089583355357918,0.002064983747932514,0.004444270306102949,-0.0022329384808911223,0.005051705212904434,0.020239025713634895,0.0062292743505782955,-0.004242246698513585,0.0004845289011010667,0.01334185325949866,0.0040389482684617395,-0.01616765706315293,0.024280870150694467,0.07734364305897756,-0.0036673033103559183,-0.019007958527424318,0.007016312035086569,0.11410422883753357,0.009958356720956019,-0.01579778809202881,0.009589876955059867,0.006905530577432974,0.008498408747591828,-0.4213074306781925,,,0.7910655128927702,0.743957143134686,0.7474209349303899,0.6143424696312407,0.6490190335109028,0.6593626234416252,0.11886832310732368,0.5947409434732507,0.6037000250376999,
2023-01-03,18232.55078125,12614.75,43425.25,26005.30078125,44013.6484375,28962.30078125,6850.0498046875,12641.75,4380.2001953125,436.6499938964844,,,0.00192892762485819,-0.0006384734873990938,-0.004183852696808876,-0.01025852261582516,0.0051419557732128585,0.022816060423526574,-0.0009872543793938426,-0.0017216641248697373,-0.00405502516049594,0.0036370561436693816,0.007829545360321433,-0.01645672729375902,-0.005314644736593044,0.06221259619246866,0.007198368832412205,-0.015160042792296213,0.007208824620822396,0.10376985765107483,0.0012611506197461875,-0.0023989451251151817,0.005239060425647165,0.006861574012232872,0.008499050904716197,-0.4301631827004573,,,0.7828065890785706,0.7458495025669121,0.759202405562381,0.5982574905093312,0.6435788322482867,0.6508027240685101,0.11571299664966826,0.5904755524814114,0.6363704321178922,
2023-01-04,18042.94921875,12512.0498046875,42958.80078125,25605.55078125,43723.55078125,28677.80078125,6705.85009765625,12622.75,4300.14990234375,427.7000122070313,,,-0.010399069487028845,-0.012278847732964726,-0.008141278686656483,-0.020564018498405057,-0.010741428517970553,0.00538738182476739,-0.01537186604233487,-0.01819957100476277,-0.0065910840511652635,-0.002979154558228503,-0.009823114611950401,-0.02475203233753509,-0.021050899065372275,0.04406143623113179,-0.0015029564735894452,-0.019740714335063192,-0.018275487283530234,0.07267757183369472,-0.020496923885391927,-0.025296207599656118,0.006011428114899135,0.007113369617975941,0.008558777188158128,-0.3794349368831198,,,0.7845446555601734,0.7628636044629363,0.7732403419069536,0.6125846126573674,0.6526238457363641,0.6753045913953525,0.11495842866685092,0.6032893039299295,0.6612176096140645,
2023-01-05,17992.150390625,12656.650390625,42608.69921875,25717.849609375,44401.5,28527.75,6761.2001953125,12753.2001953125,4309.9501953125,428.7000122070313,,,-0.0028154392892826285,-0.026614724500861664,0.01155690619800187,-0.0147092564376754,-0.008149705209015257,-0.010822990550434786,0.0043857220289607035,-0.022616226118467364,0.015505355961179745,0.003610842699486305,-0.0052322973576169884,-0.054704248508669284,0.008254001632931773,0.0497616703589554,0.01033453053514477,-0.010470873726819985,0.0022790584494294386,0.06500044461598997,0.0023380873777387734,-0.025127885828240326,0.005386190462201425,0.006736018587530548,0.008563287039381357,-0.4554583280593434,,,0.7612530836258892,0.7571336818444288,0.767998471670173,0.5256184042912163,0.6024196370886786,0.7040604561001104,0.08878928369613398,0.6202635247095245,0.6826922807570244,
2023-01-06,17859.44921875,12627.7998046875,42188.80078125,25728.849609375,44412.8515625,27956.44921875,6697.2998046875,12654.9501953125,4273.5498046875,425.8500061035156,,,-0.007375503705446151,-0.03528923478413526,-0.0022794803559454957,-0.025482342592413998,-0.0098547584225529,-0.01848731202226006,0.00042771849773903803,-0.02736025988702817,0.00025565718500497603,0.007034732396915988,-0.020026142308804618,-0.07839728960490466,-0.009451042533735632,0.0375126691102603,-0.007703948694862683,-0.02417405281884155,-0.008445663865115915,0.055510213680328935,-0.006648019646286696,-0.04281858407352812,0.005866917194125217,0.00682170274114611,0.008466665741840055,-0.4381958869836401,,,0.7557796867031101,0.7697843244438839,0.7517961732347286,0.5258990196044514,0.6154685458835981,0.7094620959225296,0.10661180744452207,0.6251644491005953,0.6827046670598031,
2023-01-09,18101.19921875,12783.0,42582.75,26163.94921875,44796.6484375,28748.150390625,6792.89990234375,12770.599609375,4322.2001953125,428.4500122070313,,,0.013536251708490266,-0.024864353678738293,0.012290359184732091,-0.01943791100549741,0.009337767641053318,-0.010162708852279434,0.01691096244025081,-0.02390808899233743,0.00864157246151831,0.012329597752313237,0.02831908894009394,-0.051518245175239064,0.014274424087949322,0.06449259144058783,0.009138670028534523,-0.01718881345397738,0.011384070116987388,0.06539483333455687,0.006105450431492132,-0.03762353895042292,0.008188367289797355,0.007303761610339045,0.008146121624213711,-0.34107742956385617,,,0.767235670059274,0.7754751678291175,0.7718499314863184,0.5472623779802634,0.6773865876447479,0.7209387613988201,0.17937787116191364,0.607535445359907,0.6681778090892372,
2023-01-10,17914.150390625,12819.099609375,42014.75,26092.900390625,44626.05078125,28502.69921875,6741.7001953125,12766.599609375,4206.7001953125,425.1499938964844,,,-0.010333504750958511,-0.03780741598008153,0.0028240326507862346,-0.01449537584327254,-0.013338734581491374,-0.024114473865076258,-0.0027155238504317225,-0.029442627657514042,-0.003808268301322082,-0.010038033436252647,-0.008537981349751256,-0.06073197140781539,-0.007537238553093406,0.045654430610686525,-0.0003132194354494855,-0.02450840006369459,-0.02672250122177633,0.03729555190218026,-0.007702224802253799,-0.04180756772639316,0.00889515529529387,0.007467983172230493,0.0081165636948125,-0.3079923733908065,,,0.7383159654717558,0.7898554188341659,0.7566855323174172,0.565030880047307,0.6780660312199076,0.717788056467814,0.15713226113337123,0.6308674805094038,0.6736481697020703,
2023-01-11,17895.69921875,12753.0498046875,42232.69921875,25876.599609375,44123.0,28596.349609375,6792.14990234375,12682.25,4236.2001953125,424.9500122070313,,,-0.0010299775022909463,-0.04598754200603372,-0.0051524527229038775,-0.03618540255689284,0.005187445331698903,-0.023080856459203436,-0.00828964116720865,-0.054010396674160965,-0.011272581204101573,-0.03104211357685971,0.003285667434731687,-0.059073683128167076,0.0074832320586322165,0.03472619668029453,-0.006607053714840272,-0.0351447930226475,0.007012622395309087,0.0588515141692183,-0.00047037914224168365,-0.05598129963597864,0.008430308946251677,0.007281649576939529,0.008117575407571622,-0.345532251809469,,,0.7191438167785704,0.7877533770071397,0.736421395384171,0.5153025991496138,0.6834676078643571,0.7076768443577481,0.1294806005715186,0.6762244857626212,0.6577296880631648,
2023-01-12,17858.19921875,12769.400390625,42082.25,25699.599609375,43966.3515625,28720.30078125,6783.64990234375,12671.4501953125,4223.10009765625,425.1499938964844,,,-0.00209547554088918,-0.05072695182724252,0.001282092220128428,-0.03201619264881461,-0.0035623870018519632,-0.027228169115318557,-0.0068401568471876395,-0.05457611645196403,-0.0035502671509189954,-0.030951659792442188,0.004334510298278138,-0.0771259850821806,-0.0012514447004573492,0.017824827707569435,-0.000851568506179845,-0.0342361225959853,-0.003092417037029005,0.03373070452136151,0.0004706005029024851,-0.07384815335573713,0.008224135920035527,0.007233808532572835,0.008087272778235434,-0.355170594192887,,,0.7273418445280624,0.7894434318578442,0.7498364057781869,0.5272576268517478,0.6913190402742019,0.7031160314599604,0.1321112598960484,0.6710983136306546,0.6560763384995831,
2023-01-13,17956.599609375,12832.400390625,42371.25,25862.55078125,43955.6015625,28933.75,6869.7998046875,12668.7998046875,4279.9501953125,426.3999938964844,,,0.005510095918388247,-0.03955370454001994,0.0049336694028525585,-0.01639916337948344,0.006867503519892626,-0.016982478119399347,0.006340611307249944,-0.04312186659085804,-0.0002445051640166396,-0.02654454462681044,0.007431998027310094,-0.06821920694649086,0.01269963862875434,0.026185645632608834,-0.00020916237558832318,-0.03195170642391332,0.01346169788582574,0.043228707023520885,0.0029401388167591413,-0.07974535819640494,0.008011675684747347,0.0072990249264234,0.008106531569815834,-0.3420317101809573,,,0.7267920093186396,0.7946382770950181,0.7534740929067926,0.5165473138482228,0.7047993895592096,0.7177466726099402,0.13056157299108212,0.6804939846265272,0.6914044559715758,
2023-01-16,17894.849609375,12748.7998046875,42167.55078125,26026.900390625,44006.75,29264.650390625,6779.25,12659.400390625,4347.0,425.7999877929688,,,-0.003438847072569362,-0.04310993971971411,-0.006514804977451938,-0.019892293620644486,-0.004807486650736048,-0.026882732392532804,0.006354733172497129,-0.03359430212694825,0.0011636386645117458,-0.025345943062425547,0.011436484749643538,-0.05266334135199002,-0.013180850572343417,-0.00593863411415374,-0.0007419340590592016,-0.03014655656781262,0.0156660245161111,0.04699055908022154,-0.0014071437901127526,-0.08734326667281533,0.008043062911940265,0.007302641447281533,0.008113049356957548,-0.3413031043001934,,,0.7303715398402751,0.7963973273783128,0.7437051867255063,0.5122013456614853,0.6819909890660466,0.722181155958484,0.13187039087348884,0.6702019922750116,0.6906766551561608,
2023-01-17,18053.30078125,12821.849609375,42235.05078125,26331.099609375,44536.1015625,29498.0,6793.5,12648.0,4267.10009765625,430.7999877929688,,,0.008854568511824201,-0.0316181474701962,0.0057299358219304874,-0.011712081086498571,0.0016007569505320784,-0.020932795609589494,0.01168787731863663,-0.025533839429877414,0.012028871991228707,-0.01659937431482128,0.007973770616092946,-0.031041618762933987,0.0021020024338975762,0.0036416676375039536,-0.0009005474408916303,-0.023723760349360967,-0.01838046982832986,0.014925017789308326,0.011742602497281096,-0.07034960408479818,0.008152280028191836,0.007531457735451292,0.008099846147036736,-0.29520440897534145,,,0.731569228215332,0.7814634115449494,0.7600955256025826,0.5555307129232743,0.6940005925846747,0.7035900739953965,0.12182254174946988,0.6138412083050662,0.7045644628746348,
2023-01-18,18165.349609375,12817.599609375,42458.0,26272.55078125,44711.44921875,29617.80078125,6905.7998046875,12734.5,4213.89990234375,430.9500122070313,,,0.006206556323560042,-0.021289856987958267,-0.00033146543825413044,-0.004121841526255943,0.005278772361485551,-0.014854430819733144,-0.002223561833481269,-0.016543420941810605,0.003937202631081771,-0.022157707429449003,0.004061318775849143,-0.01885742347356356,0.016530478352469347,0.029287705978306988,0.006839025932953824,-0.010512968868266359,-0.012467529257567889,-0.00032028886928414657,0.00034824609636396886,-0.058855606133826566,0.006700958027803812,0.007616700015758469,0.008122646178362567,-0.2780309903340914,,,0.7181393207729241,0.7866081730836797,0.7430567032850484,0.605331609856314,0.6916893602786649,0.7092146528994109,0.13862350960126493,0.5895232492921556,0.6969704008584108,
2023-01-19,18107.849609375,12763.0,42328.8515625,26163.0,44326.05078125,29632.349609375,6867.2998046875,12699.0498046875,4227.7001953125,430.5499877929688,,,-0.003165367099256078,-0.026948819304644323,-0.004259737473392811,-0.01124486361194088,-0.003041792771680263,-0.02907335979292991,-0.004169780930756928,-0.018023331763103778,-0.008619681183100192,-0.031485533269064225,0.0004912190554746676,-0.016026909866345695,-0.005575024050634481,0.016331274640969395,-0.0027837916928422635,-0.0023294122864108147,0.0032749456058684956,-0.03385625627877442,-0.0009282385490926304,-0.05238256408237929,0.005128216799486503,0.007603069589189427,0.008108816384945188,-0.28077705743700615,,,0.7180308112535033,0.7924947552536815,0.7496814191963641,0.6033395491022717,0.694628793628794,0.7089540407628983,0.17124145377181937,0.5886724452022988,0.7068886570867972,
2023-01-20,18027.650390625,12691.7001953125,42506.80078125,26135.05078125,43899.6015625,29529.650390625,6805.25,12606.4501953125,4229.64990234375,427.4500122070313,,,-0.004428975305189153,-0.025353266473493452,-0.005586445560408992,-0.013807962291852327,0.004203969920782091,-0.025809413454731978,-0.0010682727038183737,-0.008926599450290174,-0.009620735690046844,-0.048958468733413474,-0.0034657804765338973,0.012383283360940966,-0.009035546204804623,0.018513698008464585,-0.007291853390544167,-0.013170563490933151,0.0004611743835127857,-0.016005836951135888,-0.007200036404200638,-0.04491112978252498,0.005556150483559339,0.007570558871131381,0.008085064574193222,-0.2873268607684811,,,0.7207284046875196,0.7878955418479923,0.7430156847606536,0.6606739485326891,0.7297591177006397,0.7070015383606886,0.19851747145868892,0.5789542627695001,0.7031886154502924,
2023-01-23,18118.55078125,12797.0498046875,42821.25,26137.44921875,44261.8984375,30086.0,6777.85009765625,12718.4501953125,4248.2001953125,424.75,,,0.005042276095628795,-0.020467996495659557,0.008300669552051776,-0.006004171630636046,0.007397621391650455,-0.020293476541448974,9.177091409062754e-05,-0.011827901886158232,0.008252851098983216,-0.04226533292660839,0.018840372372022074,0.035644825390268586,-0.0040262888716432466,0.010390375338533708,0.008884340814803382,-0.003103892050997481,0.004385775039790207,-0.02537386765413263,-0.00631655662633035,-0.05527136513826958,0.005534770891315869,0.007645086971985825,0.008092711811916373,-0.27231198467766743,,,0.7269056615982994,0.7926335610551791,0.7365878542521975,0.6691513688326464,0.7355450200185594,0.6925158145675251,0.2240831109981554,0.5793884513048503,0.6863746353985862,
2023-01-24,18118.30078125,12960.849609375,42733.44921875,25962.25,44324.3515625,30316.900390625,6717.60009765625,12593.849609375,4190.2998046875,420.4500122070313,,,-1.3798013043020418e-05,-0.026316596020528826,0.012799809892706682,0.0023083759473359056,-0.002050402107598437,-0.02759269935625952,-0.00670299604539526,-0.019639481278914905,0.001410990653466504,-0.03946640982536487,0.0076746789412018845,0.032010211694941004,-0.008889249412705968,-0.0006545525652708051,-0.009796837195102825,-0.015932518655623062,-0.013629393146040503,-0.07396689399171275,-0.01012357337956138,-0.05728696814566969,0.005355582095791546,0.007542794712580944,0.008057062553919631,-0.2929203938871458,,,0.7088152866395745,0.7883570877325587,0.7371700034470396,0.6785318557159397,0.725573998583213,0.6944416676557618,0.20360228113746315,0.5589190375179388,0.7059993189839799,
2023-01-25,17891.94921875,12957.150390625,41647.6484375,25450.30078125,44284.1484375,30043.900390625,6703.7998046875,12440.099609375,4040.300048828125,412.75,,,-0.01249297962501228,-0.041175732990973324,-0.00028541483479016527,-0.0036103398282302246,-0.02540868572746957,-0.054506657642541256,-0.01971898501670699,-0.044945182330756506,-0.0009070211651784899,-0.03623997006214552,-0.009004878351100198,0.011105913248067534,-0.002054348691218566,-0.01499449613265702,-0.012208340163562648,-0.03442360935194533,-0.0357969030501295,-0.11205122126921685,-0.018313740001129508,-0.08774452676744637,0.007394360168766143,0.007799056059841132,0.007900240704141545,-0.24129245312569458,,,0.6810379426583263,0.8007390937534322,0.7545629371496211,0.662385119381089,0.7314377785349702,0.67035501542364,0.24971443438846805,0.5863368310495132,0.7243358934520139,
2023-01-27,17604.349609375,13089.7001953125,40345.30078125,24169.94921875,44486.6484375,29766.44921875,6389.25,12508.0498046875,3821.050048828125,407.5499877929688,,,-0.016074246906178757,-0.044016028545158514,0.010229857699529665,0.013691719082403742,-0.03127061683217036,-0.07247267949720759,-0.05030791476709284,-0.0875545531160622,0.004572742327557666,-0.023227857682274533,-0.009234858599170948,0.023325810798742852,-0.046921121431394375,-0.04759595053828092,0.005462190613111595,-0.02403615874381637,-0.05426577168782121,-0.14412587102069097,-0.012598454771729162,-0.08733624692893582,0.008359382679520905,0.007967749328052182,0.008067100444966738,-0.20730650030381614,,,0.5610000859914033,0.8193183049391483,0.7868198886568979,0.556031862762669,0.7115932015271297,0.7108009663091229,0.16287398875354714,0.6330640128663192,0.7173528050606622,
2023-01-30,17648.94921875,13076.849609375,40387.44921875,23434.69921875,44220.3515625,30094.849609375,6371.64990234375,12484.0,3842.10009765625,407.0,,,0.0025334426073457816,-0.033940050426952806,-0.0009817326406071913,0.023608117991820166,0.0010446926081559837,-0.06551625745442702,-0.03042000598948813,-0.10901455331343624,-0.005985995447018833,-0.024280234495236752,0.011032568520740416,0.048520685819616105,-0.0027546421968540624,-0.04296533105683398,-0.001922746156518107,-0.01204477556227379,0.005508969670413144,-0.11350808809330726,-0.001349497753508011,-0.07457932856607774,0.007736125650039705,0.007904121386832679,0.007986457667889434,-0.22012536516648434,,,0.5418953522444747,0.8211252644460068,0.7187528591978349,0.5318555765804983,0.7056944226619053,0.7075263584132349,0.11760462213273917,0.6251244372728211,0.7083564666012043,
2023-01-31,17662.150390625,13323.900390625,40655.05078125,23713.5,44456.8984375,29740.349609375,6468.39990234375,12360.25,4006.550048828125,411.5499877929688,,,0.0007479862801675896,-0.041166141993602134,0.018892224704709193,0.026589560755291286,0.006625859460710037,-0.06353349635601391,0.01189692168214096,-0.10780058102801127,0.005349276218794108,-0.0331557792795345,-0.011779424207176259,0.04145824929269071,0.015184450100500957,-0.040645504976703495,-0.009912688240948375,-0.022630871975329647,0.042802099630926405,-0.0744432106817281,0.011179331186655483,-0.07109807215415054,0.007952099379653844,0.007712113625408604,0.007965923529914227,-0.25880839496604346,,,0.4975527664162899,0.8204190289976331,0.705540439294938,0.49630786560121426,0.7234199004016066,0.7006274066730283,0.09876669888752526,0.6202385966251149,0.6959299754403109,
2023-02-01,17616.30078125,13206.849609375,40513.0,23402.75,44958.30078125,30018.25,6177.0498046875,12355.7998046875,3778.89990234375,407.7000122070313,,,-0.0025959245256645946,-0.04182689253494587,-0.008785023740672804,0.02542425957875749,-0.0034940500262642393,-0.06563796098037977,-0.01310434984291653,-0.12084186404703323,0.011278392361421696,-0.016115620631940386,0.009344220706047013,0.04913062472695495,-0.04504206636183439,-0.08492215406520576,-0.0003600408820614298,-0.020814789974966108,-0.056819494006061455,-0.12399738665723714,-0.009354818855866975,-0.06854009404461714,0.007947612029801527,0.007714785972099765,0.007953019525336395,-0.25827000804916966,,,0.49885739122304446,0.8208396342652866,0.7066108922188724,0.4674364061551535,0.7123681986562662,0.6624612402005433,0.09808403373148931,0.5914007564637376,0.70024370386587,
2023-02-02,17610.400390625,13213.25,40669.30078125,22874.0,45981.55078125,30566.75,5908.2001953125,12306.2998046875,3772.64990234375,409.25,,,-0.0003349392530399564,-0.03234771122669933,0.00048462660015879955,0.040786249933750796,0.0038580401661194585,-0.045712547346176025,-0.022593498627298092,-0.12445027172982603,0.022759979408001785,0.015388234315829807,0.018272217734211615,0.062664592332496,-0.04352395040930079,-0.10395603606245507,-0.004006215767693222,-0.04752953216396372,-0.0016539204957833897,-0.09977806667740141,0.0038017850050531266,-0.04958199210611047,0.007239172425252883,0.007537662332986406,0.007739568264613323,-0.2939543937178071,,,0.46708906080102813,0.8096991429909115,0.6764297641549513,0.39214076246973967,0.7205061139758326,0.6059335233025137,0.293899010724691,0.5776870752819682,0.6855004607624436,
2023-02-03,17854.05078125,13377.9501953125,41499.69921875,22638.400390625,46037.19921875,30597.650390625,5901.9501953125,12184.599609375,3888.60009765625,405.8999938964844,,,0.013835596307890219,-0.01507660160002966,0.012464775533082229,0.06557305130291957,0.020418311147430535,-0.0214252679517124,-0.010299886743682762,-0.12522794081576438,0.0012102340298338898,0.02110761476813905,0.0010109151488135737,0.06375178522721048,-0.001057851764224016,-0.09468877626835914,-0.00988925974858379,-0.05492624852145589,0.03073441700499857,-0.0605657282295301,-0.008185720472854263,-0.04381626879508982,0.009917690400158788,0.007989198580089577,0.007625946002598322,-0.20298520594786446,,,0.4974680654617469,0.8304052988904502,0.6102546969055973,0.3683368572898659,0.6711665816110136,0.5740351450720441,0.18528708977495933,0.6012880506276553,0.6070953145614796,
2023-02-06,17764.599609375,13360.150390625,41374.6484375,22478.05078125,46293.6015625,30411.099609375,5772.39990234375,12193.099609375,3898.199951171875,408.0,,,-0.005010133160870178,-0.0023699468755463693,-0.001330533035900916,0.0918723758274762,-0.0030132936769213803,-0.00702987944854061,-0.007083080368231465,-0.09653952330778404,0.005569460090994793,0.04465096829208992,-0.006096898907870352,0.07699277254438397,-0.021950421247478924,-0.07315351600132469,0.000697601913275836,-0.04625545697337241,0.0024687170895796307,0.0024687170895796307,0.0051737032153076346,-0.00451386135406906,0.008962305127871283,0.007358067217045953,0.007647761593723976,-0.3301366978614185,,,0.36740016392486563,0.8188089534722043,0.5361198650573762,0.22869467159823503,0.6246572571750698,0.5154602217410861,0.10653948028545622,0.5212159556870504,0.4910632968552392,
2023-02-07,17721.5,13226.0498046875,41490.94921875,22386.5,45758.1015625,30310.69921875,5757.35009765625,12191.400390625,3890.25,411.6000061035156,,,-0.0024261514654264627,-0.016270115113880657,-0.010037356018956167,0.08091286406403242,0.0028109188994240863,-0.004238720970119014,-0.004072896806798121,-0.10021922459837218,-0.011567473299242681,0.032566996109343105,-0.0033014390112368064,0.07343714659028588,-0.002607200634417106,-0.07556999074241333,-0.00013935904769390994,-0.038313118435293725,-0.002039390301024735,0.0004242921108663644,0.008823544371361791,0.00426985476134889,0.006187776967927193,0.007026267467416832,0.007590548110169737,-0.39698305608774914,,,0.40533199193606506,0.8532556881181131,0.5492942127477398,0.25501254580252225,0.6710723866204802,0.5336357717744364,0.1803935670598856,0.5475641161545107,0.5001638155670517,
2023-02-08,17871.69921875,13257.349609375,41537.6484375,22559.80078125,45771.6015625,30774.05078125,5975.14990234375,12357.2998046875,3906.949951171875,411.6499938964844,,,0.008475536424681795,-0.01437222808312777,0.00236652705454099,0.05866120535625163,0.001125527847140706,-0.03083020048297902,0.007741307540258591,-0.12019088170437708,0.00029502972236650216,0.02720420758597686,0.015286732884518095,0.07465365685974934,0.03782986981739467,-0.09930739206246275,0.013607904649745928,-0.026581870089013138,0.00429277068874101,-0.07543134377924143,0.0001214475029822637,-0.0315256894043513,0.00681474232170104,0.007102052402704616,0.00762898168811588,-0.3817149706293691,,,0.3570608371548417,0.8640183451532462,0.5447019365547934,0.23055032790884386,0.6762861374149252,0.5693141576574751,0.2475089000595397,0.552874058958941,0.49487646329027796,
2023-02-09,17893.44921875,13187.849609375,41554.30078125,22499.75,45671.25,30990.849609375,5880.7001953125,12302.5,3903.550048828125,409.25,,,0.0012170079483646568,-0.012639027796937485,-0.0052423751389080175,0.04620219072215859,0.00040089760437589383,-0.029721818163907954,-0.0026618489157895775,-0.12538603588887698,-0.0021924415811181985,0.024268271550796028,0.007044858334252613,0.08422357890403953,-0.01580708577607437,-0.11110604310735739,-0.004434609951497026,-0.025478973291055307,-0.0008702190676208588,-0.07589689308557479,-0.005830180813965691,-0.04190564006146813,0.006804822723606025,0.007108594435780457,0.00744299998214993,-0.38039697359349134,,,0.34673221745989347,0.8640441607353376,0.5481852177998812,0.22669278164912254,0.67882982220687,0.5596477812697149,0.24344590290117754,0.5530337871938005,0.4924273854817327,
2023-02-10,17856.5,13235.0498046875,41559.3984375,22325.849609375,45488.1015625,30870.19921875,5773.60009765625,12327.0,3919.5,414.7999877929688,,,-0.0020649578680046465,-0.018388213951954224,0.003579066846421064,0.04752427570929596,0.00012267457649772773,-0.039130102191263005,-0.007728992127690293,-0.1367849043996815,-0.004010147247995199,0.022020795418801198,-0.00389309722533393,0.07609665842084667,-0.018212133606406167,-0.13660629969038018,0.0019914651493599944,-0.02432266207372158,0.0040860117002119445,-0.07872937275926839,0.013561362963882218,-0.03027472169966383,0.006749346146129352,0.007070092511364213,0.0073256536728757695,-0.3881538011221685,,,0.34399619541918575,0.8625276174986691,0.5421943215626864,0.2382592544704714,0.6808528117406093,0.552697609783815,0.23578092656682328,0.5452192658883052,0.4513634331345404,
2023-02-13,17770.900390625,13154.349609375,41282.19921875,22258.94921875,45508.3984375,30289.650390625,5704.75,12268.099609375,3820.75,407.8500061035156,,,-0.00479375070002519,-0.01846975063630585,-0.00609746064453176,0.04302745907837169,-0.0066699526261639885,-0.03963504426364606,-0.0029965439970045527,-0.13957948906345563,0.0004462018484572283,0.030267270881900066,-0.018806125092072135,0.05827575641568927,-0.011924985536182042,-0.15150815318729627,-0.004778160998215264,-0.026155776514343976,-0.02519454011991329,-0.1152701316879966,-0.016755019030815332,-0.0554654524467848,0.007197135739862918,0.007071768387753528,0.0069520469572066255,-0.38781616906069644,,,0.3508213770970351,0.8627952756266113,0.5480053284053581,0.22254475180238328,0.6703286444035744,0.5725753234586705,0.24062697244466724,0.5804216748155834,0.49947264717508005,
2023-02-14,17929.849609375,13106.5498046875,41648.3515625,22273.849609375,45976.94921875,30588.75,5762.85009765625,12248.7998046875,3860.35009765625,400.3500061035156,,,0.0089443537049958,-0.014705336234667188,-0.0036337642002028936,0.034639127286810956,0.008869497039384777,-0.03598699963128371,0.0006694112322449541,-0.14433369408109564,0.010295918936666038,0.04037072949969822,0.009874647132525949,0.06442669173571103,0.010184512495069908,-0.1631852672378531,-0.0015731698716198173,-0.024108910282514828,0.01036448279951574,-0.11232854410485893,-0.01838911336952742,-0.08197660972174836,0.005899941647336413,0.007212280090625017,0.007004188437371731,-0.3595078426209139,,,0.3015789773851256,0.865498527550089,0.538838176021848,0.2667679869904538,0.6788376716617576,0.574494054694928,0.2431500095887068,0.5837934388392794,0.3626522678957565,
2023-02-15,18015.849609375,13235.2001953125,41731.05078125,22349.150390625,45799.19921875,30934.349609375,5789.64990234375,12237.099609375,3878.800048828125,405.5499877929688,,,0.004796470794436125,-0.011885400703112281,0.009815732785678488,0.04918450189758028,0.001985654069066811,-0.039014150033678585,0.0033806810484302563,-0.14059250540417167,-0.0038660677365585094,0.04056811567860619,0.011298258653099635,0.06809019915302073,0.004650442790174125,-0.15480177992547095,-0.0009552115716694454,-0.03200904863844012,0.004779346614981028,-0.11446968725789097,0.012988589010058949,-0.07122410749623964,0.005490241994753014,0.007263966284962128,0.007017819905809572,-0.3490948333709785,,,0.3314021924628432,0.8645227369244632,0.5443796281640978,0.25648106445100527,0.6836978493084712,0.5809040723854056,0.23376741115690464,0.5849015950256857,0.38011590125337863,
2023-02-16,18035.849609375,13206.0498046875,41631.3515625,22427.650390625,45758.19921875,31434.849609375,5860.75,12298.599609375,3871.050048828125,410.9500122070313,,,0.0011101336008929596,-0.0003934838639141347,-0.002202489587979528,0.055466531130654584,-0.0023890895839794313,-0.030900518510967978,0.003512437771814758,-0.12410982359934464,-0.0008952121587142425,0.04653438252715092,0.016179425341734666,0.09613878167141743,0.012280552167319714,-0.12602430495003447,0.0050257006940503945,-0.02567985507318138,-0.0019980406059707523,-0.09978718492621586,0.01331531149452081,-0.03916296357712523,0.005165931132138366,0.007015874508610738,0.007000045590964832,-0.39907688360919913,,,0.28175741709125157,0.859906941985287,0.529733042398083,0.21716150606357268,0.6578651276138071,0.5626229647109992,0.2400843227286072,0.575976557893173,0.3124831159503494,
2023-02-17,17944.19921875,13140.0,41131.75,22469.19921875,45617.30078125,31054.849609375,5807.7001953125,12154.0498046875,3810.949951171875,403.6499938964844,,,-0.005081567689351307,-0.0026651162220157065,-0.005001480811018588,0.03818937826812574,-0.012000608765967202,-0.034663091007952396,0.001852571598064845,-0.12631889679612873,-0.0030791954208343464,0.02738197541186671,-0.012088494289683838,0.08858390897897661,-0.009051709198907965,-0.14102525771401586,-0.011753354794745263,-0.046980395622207904,-0.015525528447880466,-0.11577865671936016,-0.017763762242862025,-0.058432511306879986,0.005104794355571741,0.0070594158262320805,0.006830597448115039,-0.39030478984295575,,,0.3259753961737001,0.8616980616909908,0.5258304001827137,0.2674547306761901,0.6627342392330967,0.5786904926955113,0.30600729455637254,0.5877412089546503,0.34283273539848685,
2023-02-20,17844.599609375,13177.400390625,40701.69921875,22249.05078125,45501.19921875,31222.349609375,5762.9501953125,12055.400390625,3768.550048828125,400.8500061035156,,,-0.005550518480140765,-0.000831470735357831,0.0028463006563927973,0.04352306771077297,-0.01045544576270152,-0.035248727979035444,-0.009797787422539339,-0.13524890855815963,-0.0025451212700362547,0.024505241567712055,0.0053936825361227125,0.11682100130350626,-0.007705287548437578,-0.1395113906534452,-0.008116587939639097,-0.04737670203629707,-0.011125809282987786,-0.11816868386685453,-0.006936672452141357,-0.058706116336001646,0.005584489536800484,0.007001874438378481,0.006812648324140171,-0.401897421331079,,,0.3061966564588132,0.8610603078953507,0.5543244785993163,0.27803505706669895,0.6362400632086663,0.5790215856353156,0.30103416131471455,0.593371083655069,0.3419675218064519,
2023-02-21,17826.69921875,13148.75,40673.6015625,22339.0,45551.94921875,30947.25,5744.14990234375,12019.5,3701.199951171875,396.0499877929688,,,-0.001003126492992057,-0.015164741113708136,-0.0021742065791203746,0.028612219353829405,-0.0006903312831975095,-0.044833845571270015,0.004042833990284267,-0.14619158548163314,0.0011153552185738658,0.01686065381216606,-0.0088109835683986,0.07649534246530676,-0.0032622688608417993,-0.15438914382326618,-0.002977950915086791,-0.05881474890369376,-0.017871620857786708,-0.14367688123611455,-0.011974599569563815,-0.07562148089846821,0.005545285645638437,0.006518868364090532,0.006775275062660578,-0.4992067083436096,,,0.22809284962364998,0.8644896790026716,0.49216249561998554,0.22636867748519487,0.5601474310723641,0.5554528978586913,0.21054975547758575,0.5869653582471951,0.3074229631179502,
2023-02-22,17554.30078125,12989.9501953125,39995.8984375,21916.44921875,45412.8515625,30608.19921875,5592.2998046875,11991.849609375,3630.39990234375,389.4500122070313,,,-0.015280363131582653,-0.020087450508583404,-0.012077178795512844,0.013327814834401597,-0.016661989569785818,-0.04805101928489397,-0.018915384809078284,-0.16006082533375898,-0.00305360492000073,0.01763097490088872,-0.010955764445952365,0.07387019677823825,-0.02643560844299897,-0.1704911754195444,-0.0023004609696742895,-0.06068569734348617,-0.019128944602333164,-0.1369958081659629,-0.016664501424975553,-0.0839703215382035,0.007901189427603976,0.00683154791357635,0.006900452640020644,-0.43621241977545977,,,0.349055619122188,0.866020763273688,0.5485334560109537,0.2236966089288474,0.574153621933152,0.5968416961202901,0.2183686294336999,0.565351238397584,0.3630078083330477,
2023-02-23,17511.25,12982.25,40001.55078125,21801.80078125,45530.1015625,30598.400390625,5611.7998046875,11968.2001953125,3649.75,382.5,,,-0.002452434977984641,-0.02148277158945533,-0.0005927809727306332,0.017972186953136182,0.00014132308488656875,-0.05282988013490364,-0.005231159315803535,-0.15747041302322873,0.0025818682590021957,0.03189043271083114,-0.0003201373610701719,0.07001071145785853,0.0034869375178445683,-0.1737815146348507,-0.001972123970268247,-0.05630308539001361,0.005330018228503652,-0.13843779053724303,-0.017845710589775687,-0.09989413104511247,0.006360625892659632,0.006839182620892965,0.006864690498523636,-0.43467428606435826,,,0.35215528951514113,0.8711523634294913,0.5476395582923066,0.2290023852046037,0.5754367482557817,0.5956267717466193,0.2189340204378112,0.5622301781454337,0.36350302063071344,
2023-02-24,17465.80078125,12869.099609375,39909.3984375,21946.650390625,45372.5,30514.900390625,5443.60009765625,11996.2001953125,3617.550048828125,380.4500122070313,,,-0.002595429723749043,-0.021973012658969893,-0.008715776589189095,0.007807666429129778,-0.002303719279633354,-0.051633445514438936,0.006643928674899824,-0.14603142756282306,-0.0034614805829865647,0.03198237714814933,-0.002728900822723479,0.06248540441981021,-0.029972506661900877,-0.19754112077990837,0.0023395330578583895,-0.053289086062919044,-0.008822508712069355,-0.14338993507736064,-0.0053594452103756796,-0.10513932101886991,0.005309110542833936,0.006843305650215823,0.006787665527462217,-0.4338436359647077,,,0.35522772319832374,0.8703424868232984,0.530047290016428,0.23045632992169943,0.5792856424046623,0.5940076424391567,0.211683311937954,0.5640038025266099,0.3683651351015049,
2023-02-27,17392.69921875,12675.2998046875,40307.1015625,21900.599609375,45040.75,29919.19921875,5313.75,11902.5,3643.949951171875,388.75,,,-0.004185411445805309,-0.03140351753071291,-0.015059313438394617,-0.01224249408959166,0.009965149578057941,-0.04871577868247923,-0.0020983056835712777,-0.15319259130260887,-0.007311697614193591,0.024687375418057655,-0.019521648907561695,0.034058814317190045,-0.023853717269230912,-0.22650584426430498,-0.0078108229095004145,-0.060487166622047894,0.007297729675447728,-0.1485999170824901,0.02181623742057348,-0.0882973603081817,0.0047384532736618355,0.006767572947314935,0.006800215637572824,-0.4491011983746243,,,0.3504162526321082,0.8238701422899332,0.5094874462916117,0.2525010115965682,0.5643798597844151,0.5842747321069856,0.21792496000823044,0.5355637519939105,0.2865374657529833,
2023-02-28,17303.94921875,12731.7998046875,40269.05078125,21682.25,44940.44921875,29663.94921875,5269.10009765625,11747.099609375,3658.35009765625,393.2000122070313,,,-0.0051027157362857345,-0.03302069609545255,0.004457488254369091,-0.0013334588557700755,-0.0009440217672560536,-0.045022771416076135,-0.009970028824303534,-0.16692922804553256,-0.00222688967768081,0.021217181881188596,-0.008531311220389859,0.013644407939105818,-0.008402710391672508,-0.2227606154580153,-0.013056113474060105,-0.07206508626787811,0.003951795902066069,-0.15841957725874167,0.011446976738344272,-0.07656171094534692,0.00473839860775946,0.0067946667771062175,0.006813209951276887,-0.44364271368928104,,,0.32912761696491155,0.8168950983148349,0.5322791244606041,0.2598849899251585,0.5937916887876368,0.5796212683493992,0.24357215550351996,0.5442537954802364,0.2544747755839076,
2023-03-01,17450.900390625,12849.2998046875,40698.1484375,21874.599609375,45062.55078125,30097.75,5477.7001953125,11764.599609375,3767.199951171875,397.75,,,0.008492348770636093,-0.033367880916859716,0.00922886016136859,0.002140892004569128,0.010655767839697683,-0.036389262361969266,0.008871293771402833,-0.1692485337153673,0.0027169635511576917,0.011820729706465416,0.014623837778680038,0.020331886907587027,0.039589321476173334,-0.19368511145764333,0.0014897294295550534,-0.06984506567243831,0.02975380994436816,-0.11715219588098025,0.011571687822260257,-0.07671770828566449,0.006987817151939182,0.006776672545102092,0.006873283035754219,-0.4472679390847191,,,0.345348604030197,0.8432607214713298,0.5255136653712281,0.20362024230048703,0.6114755785982519,0.6164340182849626,0.2604202083720477,0.6361592167327869,0.2523273937586576,
2023-03-02,17321.900390625,12738.7998046875,40389.80078125,21900.05078125,44831.6015625,29717.44921875,5473.35009765625,11761.099609375,3766.75,405.9500122070313,,,-0.007392168719804415,-0.04643176359868695,-0.008599690386217662,-0.006147781728949031,-0.007576454165317381,-0.048711649600782,0.001163503439125524,-0.16642845365134984,-0.005125080909669566,0.0026872835895377367,-0.012635521965927654,0.0033644779447326023,-0.0007941467223731014,-0.20742705371489856,-0.0002975026874022513,-0.07643805336880127,-0.00011943915313950004,-0.10611308116147877,0.02061599549222204,-0.058011368585342615,0.007075689024142182,0.006725118253477507,0.006850932363205882,-0.45765437442680074,,,0.37526993404058473,0.8441775043070642,0.49844197907671445,0.20767728048490225,0.6264547822956389,0.5792741635925054,0.203258862753467,0.6532839965808639,0.17370826701101583,
2023-03-03,17594.349609375,12787.0498046875,41251.3515625,22268.75,45410.0,29817.05078125,5667.89990234375,11781.7998046875,3970.14990234375,412.0,,,0.015728598629827895,-0.028357867503723044,0.0037876409661643518,0.0018843379054689358,0.0213308994990129,-0.025455450838514637,0.016835541726947234,-0.14884569812330395,0.012901578737793962,0.024453999389643544,0.0033516188339999253,0.00623309235716385,0.035544922436225646,-0.17465378481438376,0.0017600561172017581,-0.07222981357718772,0.053998779410300735,-0.06091971546476049,0.014903282697484643,-0.04308439976518741,0.008461395848428256,0.007418688026434567,0.007040822127453384,-0.31792366772836095,,,0.37278535915329436,0.8678310894256044,0.562523055574253,0.3093269204561241,0.5892833729041289,0.6442975226467714,0.23616053324595637,0.7223913027474573,0.2555973265347415,
2023-03-06,17711.44921875,12909.5,41350.3984375,22698.5,45552.1015625,30179.75,5679.5498046875,11807.900390625,3961.199951171875,409.8500061035156,,,0.006655523618366965,-0.017539788326460748,0.009576109984932746,0.017160805986257133,0.0024010576926172256,-0.027205113593495756,0.01929834409205733,-0.1314920261687601,0.0031293010900683704,0.03764271066668634,0.012164154711708619,0.02201514751361211,0.002055417799268655,-0.1654164351511701,0.0022153309655725817,-0.06334454127177114,-0.0022543106411653246,-0.06346859843485397,-0.005218431787583411,-0.04117441946636624,0.008655588369715778,0.007513927522418048,0.007059524348575066,-0.298736150338962,,,0.38915712876628955,0.8761749419103784,0.5901052051492505,0.30144082795292826,0.6012352137610256,0.6450295954588079,0.2446507938156594,0.7144578959817749,0.23483242582942115,
2023-03-08,17754.400390625,13019.5,41577.1015625,22887.75,45722.0,30065.75,5679.25,11750.150390625,3988.699951171875,407.0499877929688,,,0.0024250512391459367,-0.02009820735783352,0.008520856733413407,0.017382927995718056,0.005482489493847442,-0.029054463321364965,0.00833755534506686,-0.12433115379976678,0.0037297606844086673,0.03298777535630859,-0.003777367274414134,-0.000673070531144071,-5.27866992648951e-05,-0.16208680950854037,-0.004890793290045936,-0.07613347458359165,0.006942340790412338,-0.06108474935502328,-0.006831812294372908,-0.04167160025198635,0.008450037018260225,0.007461622163624869,0.007057921735365891,-0.3092739001562956,,,0.3806885319100912,0.8743080565921044,0.5912802639626848,0.28650860467179745,0.5835777870992872,0.6504797635367754,0.20528212269492754,0.716929128328317,0.2405044991599369,
2023-03-09,17589.599609375,12781.2001953125,41256.75,22682.150390625,45260.44921875,29742.349609375,5682.75,11700.400390625,3943.5,402.2999877929688,,,-0.009282249899975281,-0.02918050529452154,-0.01830329925784402,-0.01386092883390555,-0.007704999878802021,-0.03455605025447073,-0.008982954173083812,-0.12634111486388888,-0.010094719855868073,0.021119263412800127,-0.0107564384931359,-0.018951501434746665,0.0006162785579082453,-0.1540505660670849,-0.00423398836151867,-0.07094329743979999,-0.011332000833653932,-0.05889788707037524,-0.011669328442323712,-0.043168091062214864,0.009287577961384543,0.007624490779815053,0.006994283461060863,-0.2764614165005808,,,0.433346030213565,0.87380205400907,0.5908473145306049,0.32782830363716337,0.6012044442166187,0.6257602190494389,0.22156981832751424,0.7199533481436876,0.2679562231397324,
2023-03-10,17412.900390625,12741.599609375,40485.44921875,22696.75,45334.75,29545.5,5635.7001953125,11683.9501953125,3857.10009765625,398.1499938964844,,,-0.010045664635585094,-0.026774546600153437,-0.0030983464254025206,-0.016635662530085304,-0.01869514155259444,-0.027905518375043292,0.0006436607254414195,-0.10819325103138366,0.0016416271277135408,0.023724099922182162,-0.006618495578202488,-0.01658907079789551,-0.008279407802120442,-0.15932749194391993,-0.0014059514857013289,-0.060783228254270294,-0.021909446518004305,-0.04534315495330887,-0.010315669953786077,-0.03537251630167326,0.010043384759673302,0.00750904272175458,0.007021933829526685,-0.2997202714402569,,,0.4531747625972371,0.8723524500258589,0.538287925381988,0.3153507355596966,0.5956820582323856,0.649228384869048,0.13518771101707128,0.7068549745757984,0.23615108003142618,
2023-03-13,17154.30078125,12456.0,39564.69921875,22561.650390625,44953.6015625,29267.0,5585.25,11597.349609375,3746.550048828125,390.25,,,-0.014851035931626178,-0.02556463817813137,-0.022414737405879737,-0.04841212448390775,-0.022742738879468205,-0.019348016928473988,-0.005952376854615804,-0.0665412580543343,-0.008407423389342639,0.010496477963630513,-0.009426139344401063,-0.016778931711995848,-0.0089518948070485,-0.1258363657706304,-0.007411927001558349,-0.07280912768441383,-0.028661441505057228,-0.01949725835777738,-0.01984175315230141,-0.04244875061008968,0.010952177139516456,0.007426544708947458,0.007178082794597821,-0.31634081356914495,,,0.6623066861264654,0.8753998228069777,0.40968208315879284,0.431669329670355,0.5986207525297685,0.5694846455697964,0.30134616289859295,0.6766675640220774,0.2649790087569803,
2023-03-14,17043.30078125,12345.5498046875,39411.3984375,22403.30078125,44714.94921875,28784.69921875,5517.35009765625,11597.9501953125,3675.449951171875,386.2999877929688,,,-0.006470680525861194,-0.034316402069793916,-0.008867228268505167,-0.055923240423535914,-0.0038746858759727276,-0.02416718064969714,-0.007018529523921679,-0.04401159271866317,-0.005308859256097587,0.011184842245113069,-0.016479337863464005,-0.04353404013080264,-0.012157003239559594,-0.1340782713710077,5.1786482060833805e-05,-0.07097483216016498,-0.018977485080838408,-0.04337475397531532,-0.010121748128202879,-0.05085998085265653,0.010887442852348418,0.007467500924516247,0.007204217405788312,-0.308089529894078,,,0.6700804273685573,0.8748063141738285,0.5245201910392604,0.46480209915852433,0.6050475564863017,0.5733026795397858,0.2853059289089239,0.6822175157478303,0.27818591949037025,
2023-03-15,16972.150390625,12282.0,39051.5,22393.69921875,44464.3515625,28716.5,5616.5,11633.9501953125,3630.949951171875,383.0,,,-0.004174683738684903,-0.03906659068910712,-0.005147588053419083,-0.07819785198620255,-0.009131836264849591,-0.039442842904762854,-0.0004285780293605823,-0.055656093838952536,-0.005604337265911918,0.00016764833494797848,-0.002369287176903212,-0.03442628021602856,0.017970565686210138,-0.1317017987763981,0.0031039967747532593,-0.058760931590178145,-0.012107361164260144,-0.09374651335407858,-0.008542552154408467,-0.06937185916606303,0.007467562613548689,0.007478743408067202,0.007199937648381042,-0.30582455204632253,,,0.7174724516851334,0.876545426729994,0.5273090431452675,0.4674858452692762,0.6236308944609903,0.5458658898205409,0.2895825373080981,0.7214113061023918,0.27923577395699806,
2023-03-16,16985.599609375,12304.900390625,39132.6015625,22621.349609375,44971.19921875,28517.25,5471.75,11743.2001953125,3651.5,387.25,,,0.0007924286811309411,-0.035802134608549085,0.0018645489842858964,-0.06829404781816728,0.0020767848226059815,-0.034072975032705566,0.010165823359563175,-0.033389255135614415,0.011398966552735201,0.00028689779808988014,-0.006938519666393916,-0.050002914893439776,-0.025772278109142732,-0.11418068932393555,0.009390619537293476,-0.04957992352244123,0.005659689366275256,-0.03371348954353992,0.011096605744125299,-0.050159459393507966,0.0061390989634623186,0.0074840880099032924,0.0071785265790166005,-0.3047477966560253,,,0.7206687978555575,0.8767377566348353,0.530835468404191,0.491143803793423,0.6322136228974354,0.5512377878743038,0.2899268335656315,0.8174798960714105,0.2815936864802891,
2023-03-17,17100.05078125,12245.9501953125,39598.1015625,22659.0,44858.30078125,28854.44921875,5602.60009765625,11676.150390625,3681.949951171875,399.0,,,0.006738129621978839,-0.028980011700738384,-0.00479079012759942,-0.07320680413126979,0.011895452421085029,-0.026339258314562963,0.0016643741984958549,-0.009399318002972779,-0.0025104609052304383,-0.024428275708744285,0.011824394664632809,-0.0560184115501321,0.023913756596381397,-0.05172473639243125,-0.0057096705814709825,-0.051205433319808646,0.00833902537912512,-0.024041443950451824,0.030342156229825612,-0.02504581551618812,0.007237260681123943,0.007622011524338544,0.007219010756207242,-0.2769609021087001,,,0.6970399703681429,0.8833228728945818,0.59673148561386,0.5719669426829365,0.6810630086617834,0.6248320949271571,0.2599268638593137,0.8175852614480337,0.32995338026733356,
2023-03-20,16988.400390625,12131.7001953125,39361.94921875,22585.69921875,45213.05078125,28442.94921875,5470.85009765625,11663.2998046875,3618.050048828125,395.0,,,-0.0065292432199922645,-0.048484817324149776,-0.00932961494843676,-0.09315702195069264,-0.0059637289271877725,-0.05151242154145885,-0.003234952171322636,-0.0023279547567691683,0.007908235350463366,-0.017901793581837633,-0.014261232189197393,-0.07042047818597186,-0.023515867222990816,-0.07304366919237004,-0.001100584140113381,-0.04278349895768463,-0.017354907913241013,-0.06957517925054624,-0.010025062656641603,-0.026853890269493697,0.007059155526008222,0.007151985954233777,0.007213584138970893,-0.3716550592618584,,,0.6617540722437204,0.8647392923333115,0.7501652959304076,0.5299613579127175,0.7179157357016941,0.6760805240907682,0.3939815264971517,0.7959770761770294,0.40533264996375284,
2023-03-21,17107.5,12141.9501953125,39894.69921875,22792.900390625,44913.3984375,28164.849609375,5494.5,11633.75,3677.64990234375,394.7000122070313,,,0.007010642946744028,-0.036989272138068685,0.0008448939419027912,-0.09118162293796694,0.01353464476668309,-0.03576946934027947,0.009173998549621531,0.014006980073095532,-0.006627563028201333,-0.029814122868289217,-0.009777453358868704,-0.07386283392750248,0.004322893503128755,-0.04814287073750989,-0.0025335715605649956,-0.04587427539302058,0.016472921245224148,-0.05657740792947863,-0.0007594627670093335,-0.032598009296491925,0.00789503197363674,0.0072914885463266285,0.006988984924578391,-0.34355003430338865,,,0.6706056082588132,0.8720145745797477,0.7590509037066852,0.5005440153667158,0.6669254772392625,0.6701670965964819,0.3864714801751209,0.8135115219755362,0.406564869608724,
2023-03-22,17151.900390625,12201.349609375,39999.05078125,22835.75,45109.5,28217.599609375,5492.35009765625,11754.7001953125,3708.300048828125,394.2999877929688,,,0.0025953757489405316,-0.0321417266808679,0.004892081840809359,-0.07747590629435941,0.002615674877702867,-0.035957201885991164,0.0018799542243699285,0.020067898063565126,0.004366215190170664,-0.014174573252653144,0.0018729018876935122,-0.06905481111700063,-0.0003912826178451567,-0.046028119795577194,0.010396492559363812,-0.035820347238231576,0.00833416646452445,-0.046770760535151945,-0.001013489743326046,-0.04203114201654301,0.00582872091481715,0.007320658499554515,0.006997768380042653,-0.33767328139716685,,,0.6778149208829077,0.8780295369970486,0.7592130991691822,0.5260181060206206,0.6690406130562614,0.6681209063825979,0.3944850197087414,0.8156442248810601,0.41299492984543706,
2023-03-23,17076.900390625,12205.7001953125,39616.8984375,22821.75,45267.44921875,27999.25,5497.85009765625,11780.849609375,3643.60009765625,390.0499877929688,,,-0.004372693304643627,-0.0444724823530569,0.0003565659600603954,-0.07932576608817954,-0.009554035315486487,-0.04624118293287771,-0.0006130737987585233,0.011611326770567532,0.0035014624136822103,-0.011014522685241723,-0.007738064626250374,-0.09016690071040723,0.0010013928286085605,-0.0798808084296394,0.0022245921740247088,-0.046648556272288144,-0.01744733444434221,-0.06740548427978565,-0.010778595312134542,-0.05247177559523353,0.005484655394751806,0.007116397703671305,0.006989661999964582,-0.3788248806628887,,,0.665152611840835,0.8940916100287668,0.7515869632786564,0.521177974848326,0.6456255073828668,0.6357892394742897,0.31175161733396994,0.8258945302291608,0.4261370760453345,
2023-03-24,16945.05078125,12113.400390625,39395.3515625,22613.400390625,45060.0,27935.650390625,5372.89990234375,11755.349609375,3565.64990234375,380.9500122070313,,,-0.007720933328590696,-0.05300255003413212,-0.007562024563158354,-0.08147266238054407,-0.005592231692481242,-0.05195489222920946,-0.009129431764654306,0.0050511845964955615,-0.004582745931795862,-0.013383693242466577,-0.0022714754636284917,-0.09858391290523949,-0.02272710115646237,-0.08635031137508375,-0.0021645297958567955,-0.04447473201585039,-0.02139372961446606,-0.08656226825779145,-0.023330280401822723,-0.06915085593883619,0.006095956557802742,0.007185883268430942,0.007026354352066349,-0.36482590399496323,,,0.677222011618247,0.8924935913152235,0.767302416951617,0.5375446609325961,0.6338245167921088,0.665335221662616,0.3212018287372527,0.8316736456277418,0.45292688431517864,
2023-03-27,16985.69921875,12035.099609375,39431.30078125,22514.55078125,45188.0,27948.75,5372.85009765625,11882.75,3574.89990234375,376.5499877929688,,,0.0023988383407489433,-0.048766599347576545,-0.006463980280103643,-0.09066457724152344,0.0009125243797600824,-0.05120617083643275,-0.004371284621837779,0.008452138448328483,0.0028406569019086003,-0.006597363974129911,0.00046892086605576644,-0.09463655216632239,-9.269610155682173e-06,-0.06941076507233013,0.010837652205885728,-0.03603877666910038,0.002594197482461702,-0.08791940238710294,-0.011550135905157188,-0.09221311746781191,0.0061698746620147205,0.007226067469552163,0.007028996017753696,-0.35673015495901433,,,0.6717244981682772,0.8924847505179877,0.7585622115729741,0.545117633547584,0.6360664436440732,0.6723086026609745,0.33819115970987496,0.8346532788374147,0.4471537622728588,
2023-03-28,16951.69921875,11917.9501953125,39567.8984375,22388.849609375,45044.25,27702.80078125,5330.2998046875,11873.2001953125,3567.35009765625,372.0,,,-0.002001683861354908,-0.04609789902976258,-0.009733979598410936,-0.09399167961761701,0.0034641935098158605,-0.04152639185151208,-0.005583108146207549,0.0058358725449436655,-0.0031811542887492106,-0.010199181984781314,-0.008800007826825884,-0.08540374603252798,-0.007919501232187987,-0.06563831812305532,-0.0008036695788011805,-0.03218912681151753,-0.0021118926106294955,-0.06632203162827977,-0.012083356633835418,-0.0878999768714398,0.005422120763396535,0.0072019865511688515,0.007029043348120334,-0.36158164052664715,,,0.6640368722874769,0.886782447324692,0.7518826226150409,0.5475693062021977,0.6389291067106502,0.6689287614508156,0.331764317195307,0.8419875664801894,0.439185318269467,
2023-03-29,17080.69921875,12121.2998046875,39910.1484375,22373.05078125,45421.6484375,28011.30078125,5460.2001953125,11942.5,3682.199951171875,381.1499938964844,,,0.007609856589321451,-0.047359593589731186,0.017062465108721447,-0.07517233861558514,0.008649688598968863,-0.041735220237745785,-0.000705656092235496,0.0044537057408005065,0.008378393191139866,-0.012077808351484531,0.011136058134916027,-0.0842613450615014,0.024370184677185547,-0.05251739976141978,0.005836657644740173,-0.025006515705341292,0.03219472447940608,-0.0461487020549084,0.024596757786248258,-0.047958066477628125,0.005743655282028429,0.007138797170499096,0.007041916659704315,-0.3743121503629925,,,0.7128413999924378,0.8876988589668864,0.7506832281790093,0.5362902358376442,0.6379950803450214,0.685392905005514,0.3839765847174123,0.8524075553594322,0.5623718328330456,
2023-03-31,17359.75,12243.7998046875,40608.6484375,22814.44921875,45904.8984375,28698.599609375,5497.4501953125,12017.0498046875,3716.14990234375,387.3500061035156,,,0.016337198944623932,-0.03641791109499393,0.010106176893061258,-0.07490633885357645,0.017501814133662252,-0.026896095898316097,0.019729023181314087,0.02081953094378841,0.010639199954729728,0.0023078835558925093,0.024536483810314813,-0.07227402638917713,0.006822094184747662,-0.050469322318256626,0.006242395200962925,-0.01798218627875814,0.009220018364584082,-0.04193310932166128,0.01626659400843411,-0.04487728328756402,0.008047342335942677,0.007777284186128402,0.00724575989921105,-0.24567874477023713,,,0.7264641290235875,0.9020179921044182,0.7931103511225848,0.6250791879471368,0.6992134326857707,0.655947899879467,0.4369511332472584,0.8157961095818008,0.5787512239478894,
2023-04-03,17398.05078125,12425.849609375,40813.05078125,22805.900390625,45738.44921875,28633.0,5477.85009765625,12067.9501953125,3755.5,390.8500061035156,,,0.002206297973761151,-0.035362838010884357,0.014868734183141719,-0.05907899840235098,0.005033468278674569,-0.019655878335381627,-0.00037471113341513984,0.016865342263321148,-0.0036259576737027732,-0.00043161663564561525,-0.0022858122092330735,-0.08913195527232265,-0.0035653069986814057,-0.06533291854178225,0.004235681090806853,-0.01875412009402111,0.010588942505099785,-0.029849794595940504,0.009035755634052123,-0.04891107313896259,0.008044861856956085,0.0077911066241535135,0.007249057047839496,-0.2428939938931776,,,0.7103969397901433,0.9059641630594126,0.7879330446922114,0.612787147330618,0.7203006309358417,0.652326522351731,0.44053600913121754,0.8187652850913665,0.5831306256153276,
2023-04-05,17557.05078125,12357.650390625,40999.1484375,22707.900390625,46361.25,28977.19921875,5496.2998046875,12181.849609375,3725.699951171875,392.8500061035156,,,0.009138954817361267,-0.021575130368340245,-0.005488495426384743,-0.05953954409246576,0.004559758525463975,-0.003223824964899369,-0.004297133562868871,0.010623483709905068,0.013616569688914781,0.016308488358780515,0.012021067256312579,-0.06690260673482018,0.0033680562086106924,-0.053618537485171314,0.009438174024511747,0.002287287376161462,-0.00793504162644787,-0.022369750611336503,0.005117052497807251,-0.026755823005755852,0.007861592612268375,0.007975338142731762,0.007202174214321397,-0.20577761239732592,,,0.6719030810160661,0.9012069416581342,0.7458474663813297,0.6365709665788755,0.7345722210874196,0.6439277194178589,0.47572402446067613,0.7749055673968027,0.5788958241945965,
2023-04-06,17599.150390625,12469.349609375,41041.0,22816.05078125,46109.1484375,28764.55078125,5528.10009765625,12274.349609375,3738.0,404.0,,,0.002397874785437182,-0.013754817935004215,0.0090388718906258,-0.05373220515889765,0.001020791018715883,0.00833628049351054,0.0047626768113555595,0.025484233263462608,-0.005437764566313508,0.01336116913814167,-0.007338474498336023,-0.07871921424475392,0.005785763895490126,-0.04075171391334831,0.00759326399242477,0.018161920106798624,0.0033014061758398494,-0.00810657903763945,0.028382318246792604,0.00785828576405434,0.006075609147127792,0.007940457943874405,0.007205500323744731,-0.21280478547515605,,,0.6878285324213925,0.9003811856948525,0.744590512471102,0.6111351248059889,0.75277824815648,0.6438417981468351,0.46691600775421405,0.7722109548400312,0.5623525023505942,
2023-04-10,17624.05078125,12616.75,40834.6484375,23060.05078125,45909.6484375,29041.599609375,5570.25,12298.75,3714.5,421.3500061035156,,,0.0014148632219350699,-0.011367692639748794,0.011821016752483926,-0.04046011978324937,-0.00502793700202242,0.0039594938439992955,0.010694225847381,0.032277666021307994,-0.004326690185363469,0.007852555705843756,0.009631606286220729,-0.06157737410028352,0.007624663374243168,-0.03027426256281973,0.0019879171932957185,0.023233079579017435,-0.006286784376672072,0.0035934423980292785,0.04294555966216729,0.06388087133024256,0.006168400231078302,0.00794672094447774,0.007200281698042024,-0.2115430039868632,,,0.6761190049691703,0.8913551376274517,0.7398011576915912,0.6002867080407599,0.7473051206064599,0.6443223999345058,0.4695010739975881,0.7778539793405972,0.524573331987306,
2023-04-11,17722.30078125,12742.0498046875,41366.5,23297.19921875,46269.69921875,28675.75,5668.25,12300.0,3774.35009765625,420.1499938964844,,,0.005574768321964241,0.009570304285742015,0.00993122671745894,-0.019084013941366496,0.01302451674866334,0.03426855292779041,0.01028395122585013,0.06300062506561233,0.007842595042742762,0.018867955364369804,-0.012597433140593917,-0.06313501833084711,0.01759346528432304,0.01358120951398889,0.0001016363451569191,0.02569665236496088,0.01611255825986002,0.03965133296184997,-0.0028480175380285466,0.07882906849963844,0.0052733326710471306,0.007494990315107949,0.007219751465995782,-0.3025513531685968,,,0.6672841093835742,0.8785913809139447,0.7026889722972365,0.6177527568430353,0.7036105633771513,0.6166163469080711,0.45850634622379854,0.77488014799261,0.47930858763981027,
2023-04-12,17812.400390625,12862.2001953125,41557.94921875,23233.099609375,46112.6015625,28980.349609375,5695.5498046875,12574.2001953125,3750.25,420.4500122070313,,,0.005083967961446945,0.01719753818973513,0.009429439726471589,-0.00924722638121278,0.004628122242635868,0.038908452475035826,-0.0027513869273784186,0.06565048651191918,-0.0033952599412260254,0.01279373381586657,0.010622202013024884,-0.052880240816305935,0.0048162668702862454,0.014923910851211142,0.02229269880589424,0.0506341797522194,-0.006385231108056333,0.02753613261182264,0.0007140742946691869,0.09921571818831709,0.005261784103240991,0.007524249550079029,0.007193585768020108,-0.29665661302942725,,,0.6741118397499639,0.8793059628320306,0.6809239700780518,0.6044822516079479,0.7111946113538232,0.6213363888741876,0.4365646597178304,0.7640513899318673,0.4704965446130295,
2023-04-13,17828.0,12918.650390625,42132.55078125,23215.650390625,46211.94921875,28342.80078125,5710.0498046875,12478.900390625,3804.75,425.2000122070313,,,0.0008757724412713497,0.02073762453186978,0.004388844401059133,0.003850368926657577,0.01382651389931322,0.05570498255521339,-0.0007510499693703654,0.05782203559145782,0.0021544578463079667,0.01850127761860154,-0.021999349100976895,-0.07118160575881571,0.0025458472837980306,0.04894733306106924,-0.007578995340238537,0.04023775757769643,0.014532364509032725,0.051747715621105694,0.011297419103560635,0.11762386269986025,0.002945262243183089,0.007500133128432421,0.007185912623456773,-0.3015152512964193,,,0.6702260690030286,0.8578203732371281,0.6934925296697088,0.6008875017123586,0.6722200055507419,0.6335385027940879,0.4259384960615622,0.7558503098058774,0.4649121135212013,
2023-04-17,17706.849609375,12996.150390625,42262.55078125,23363.75,46688.6015625,27008.19921875,5734.5,12403.599609375,3923.89990234375,429.3999938964844,,,-0.006795512150830185,0.018062198780873118,0.00599907866972238,0.02531305695971353,0.0030855003456817798,0.04851376414942399,0.0063793004668439846,0.06680869093641939,0.010314482548522408,0.03658579314287613,-0.04708785037867169,-0.09729538477004795,0.004281958327653879,0.07918136908962592,-0.006034248122260166,0.042100366257088906,0.03131609234345234,0.07682595944597015,0.009877661262643889,0.10456590069835214,0.00500723193302404,0.007573676551566428,0.007191536221382764,-0.28669875425716124,,,0.6344640133590554,0.8723503377484583,0.6574796736432978,0.5170272752864099,0.6364439856518501,0.6154850871028388,0.43308018082512845,0.6697145584638935,0.4812738754178402,
2023-04-18,17660.150390625,13005.099609375,42265.19921875,23211.849609375,46536.3515625,27166.94921875,5749.0,12607.349609375,3953.550048828125,433.8500061035156,,,-0.0026373533282438855,0.02058496400862242,0.0006886053547408011,0.02146592067736397,6.266629559847914e-05,0.04957028782087525,-0.006501541517307752,0.07054616607478459,-0.003260967236214829,0.03551149068363468,0.005877844676508204,-0.08417624981712468,0.0025285552358531582,0.09107815252118945,0.016426683093349714,0.07323084238712507,0.007556295324114837,0.08069209979684477,0.010363326200009348,0.10338248381101511,0.004350878828212931,0.007522592269757093,0.00719421947059298,-0.2969904986161567,,,0.6504809515941473,0.8744886619114131,0.6509502916624113,0.5155857305228903,0.6174923622712504,0.6062242640596659,0.3497978543468376,0.6713403591350167,0.4917894686578732,
2023-04-19,17618.75,13002.5498046875,42154.0,23159.400390625,46421.44921875,26687.44921875,5779.64990234375,12625.2998046875,3920.199951171875,434.5499877929688,,,-0.002344283016240789,0.009618392496536954,-0.00019606191141063878,0.011926719924777007,-0.002630987687399111,0.03577193603133444,-0.0022595880824946013,0.05873482505706584,-0.0024690879257193155,0.030155825933968705,-0.017650123175003363,-0.11330749910707616,0.005331344989345954,0.05512344528998514,0.0014237881766323568,0.0731601774723063,-0.008435481338129325,0.040613718937962284,0.0016134186460887712,0.09252039671393786,0.004437108050210682,0.007394945475336049,0.007191653175885458,-0.3227069838029285,,,0.6384092538161907,0.8712063871338729,0.6428995107094057,0.5207442069063101,0.6000578125114339,0.5869006561427355,0.3623932287419552,0.6570417728560803,0.4844335461891673,
2023-04-20,17624.44921875,13032.349609375,42269.5,23185.25,46256.05078125,26637.150390625,5756.9501953125,12485.25,3916.0,432.7000122070313,,,0.0003234746363958152,0.01746626070478663,0.002291843148853445,0.023043756805054993,0.0027399535038192813,0.0465389574197308,0.0011161605628384752,0.058684759756371774,-0.0035629744500349503,0.03177332883734185,-0.0018847371928547574,-0.10365286756110648,-0.003927522845638909,0.051814719065329085,-0.01109279041718303,0.061571656960354826,-0.001071361467319898,0.03962301718988526,-0.0042572215807283875,0.06589481265086827,0.00440502994027384,0.0072492935260503365,0.007180779715168143,-0.35205089496982706,,,0.6247572433198967,0.8668647523340418,0.6522804036536116,0.5011607952618534,0.591734025175712,0.5903025144475255,0.33789012537203467,0.6668959741132506,0.5471887827091757,
2023-04-21,17624.05078125,12898.75,42118.0,23185.44921875,46669.69921875,26822.099609375,5677.89990234375,12545.75,3883.0,423.5,,,-2.260708945023282e-05,0.0016881085424820252,-0.01025138316416041,0.008735415675909186,-0.003584144595985328,0.021008970728799925,8.592477976243629e-06,0.041165275049115824,0.008942580062794248,0.02774056856969831,0.0069432809455134414,-0.10044424560454279,-0.01373127963363574,0.001764321913283018,0.004845717947177697,0.06484155290166749,-0.008426966292134797,-0.02195128760561449,-0.021261871845359326,0.027912621359223344,0.0036742726130808436,0.006662670732565285,0.007173013663064379,-0.4702354247678896,,,0.6413874532396896,0.8404752404267912,0.5969823038316903,0.416377047503046,0.5985671100583129,0.4884731331271216,0.3694045592794902,0.5837381618895536,0.5176223493587906,
2023-04-24,17743.400390625,12893.349609375,42635.75,23207.400390625,46943.05078125,27013.650390625,5703.2998046875,12454.349609375,3984.199951171875,428.0,,,0.006771973756565242,0.001803984048983187,-0.0004186755015020971,-0.001251046951857182,0.012292843914715856,0.03108438155542248,0.0009467650019585605,0.022420000908650373,0.005857152865261561,0.030535346801541907,0.007141528218881366,-0.10490807940340796,0.0044734677927775746,0.004181669466195803,-0.0072853668074845945,0.05474717751373093,0.026062310371330222,0.005806321388344804,0.010625737898465104,0.04428447877563335,0.004148655999872872,0.00666666785316779,0.007190359979197401,-0.4694301409906488,,,0.6157742704145384,0.855304163398056,0.5752215634663684,0.4273802517939522,0.5934833988986592,0.49424977260871983,0.31645393050442533,0.6171445115011996,0.5497961366229338,
2023-04-25,17769.25,12904.5498046875,42678.5,23385.75,47051.8515625,26985.80078125,5738.25,12456.599609375,4036.35009765625,430.1000061035156,,,0.0014568576938982503,0.0008363903622925495,0.0008686800289938734,-0.008829079097699588,0.0010026796760933543,0.02649050549722287,0.007685031773185802,0.021758364190451296,0.0023177185853771043,0.029085594735575926,-0.0010309457985976378,-0.10244045861985818,0.00612806559524981,0.010388695690451977,0.00018065977514436504,0.06012256824505413,0.013089239276014686,0.011946285022109926,0.004906556316625288,0.05662699668786231,0.0041874998402730845,0.006657268769399221,0.0071929722492993665,-0.4713237365141396,,,0.6150625838625241,0.8540533472527129,0.5717407379837197,0.4253477999085237,0.5955196095129588,0.49681749990736157,0.33044054730857814,0.6137515290385408,0.5609770689368794,
2023-04-26,17813.599609375,12972.75,42829.8984375,23365.80078125,47387.5,27065.0,5713.2001953125,12457.849609375,4057.449951171875,435.9500122070313,,,0.0024958627615121465,0.012734798117895352,0.0052849728463775225,0.014986840184050276,0.003547417024965638,0.03813069225035903,-0.000853050201511607,0.03014045753384864,0.00713358616831794,0.04699579473835236,0.0029348478257880117,-0.09001809354467005,-0.004365408388881664,0.005358355604680787,0.00010034841282524631,0.06473703407251863,0.0052274587201632805,0.028895638689457437,0.013601502023944834,0.08364410995552762,0.0032028477613783774,0.006431446407858554,0.007167339645084143,-0.516819257508163,,,0.5794509508816617,0.851164779443373,0.5331127522002986,0.37787897802510534,0.5945637533201998,0.5095586976095502,0.29947170271470247,0.604993212128302,0.5467827774328627,
2023-04-27,17915.05078125,13071.7998046875,43000.8515625,23443.650390625,47360.1484375,27355.25,5753.75,12519.349609375,4068.0,442.6000061035156,,,0.005695152810193838,0.02883783742858559,0.007635220341677851,0.025915128824919753,0.003991443623184487,0.062131022189202856,0.0033317757907733725,0.03290781237952567,-0.0005771893959377605,0.044676510568603556,0.010724182523554449,-0.0741314244131932,0.007097564114901811,0.02094678577573883,0.004936646526357169,0.07149974110619328,0.00260016733541657,0.05467835861244619,0.015254028467204694,0.1116413735738695,0.0032331872810513885,0.006183655799844728,0.007188543671016886,-0.5667406325752848,,,0.5940457678990809,0.8321254917218467,0.5593212426740128,0.3844087882065403,0.6193048107946015,0.5041326355881668,0.29285918046209736,0.5640623350512193,0.5400340926966871,
2023-04-28,18065.0,13189.25,43233.8984375,23734.55078125,47814.1015625,27708.19921875,5799.39990234375,12613.9501953125,4167.64990234375,445.1000061035156,,,0.008370013603697934,0.053088681979122754,0.0089850056661962,0.05886721258831096,0.005419587439129625,0.09273921680696473,0.012408493804417553,0.05198646244037053,0.009585128847285462,0.06363227640443858,0.012902430749125005,-0.05326137907028394,0.007933939142950264,0.03834204419564924,0.007556349881519431,0.08765800981939065,0.0244960428573624,0.1123966977692823,0.005648440952382927,0.14055094453175054,0.003338499797728751,0.005557008747918903,0.007118136401264145,-0.6929886884021218,,,0.48422062915611674,0.7675565386740987,0.5664757498962755,0.3269775693077856,0.6724058777962102,0.5067483879590483,0.22494472416611178,0.501346827759308,0.4720577585852491,
2023-05-02,18147.650390625,13283.150390625,43352.1015625,24046.94921875,47750.19921875,28025.0,5882.0,12590.2998046875,4184.10009765625,444.9500122070313,,,0.004575166931912511,0.06479669774941366,0.007119464004776699,0.07594644230275605,0.0027340380875178205,0.09998891897351236,0.013162180332765727,0.07336635139388115,-0.0013364748403035254,0.0678799831606931,0.011433466994694497,-0.02639246680942009,0.014242869787763457,0.0660914924537146,-0.00187493927427973,0.08556249963688178,0.003947115448264649,0.13839125909528383,-0.00033698920338687266,0.15182507446905502,0.0030177018036410138,0.005356504882042589,0.007087387381295077,-0.7333833941218029,,,0.44846842805024617,0.7545710763195199,0.5337770778316151,0.2709860070981214,0.6579912102070288,0.4837749548909201,0.20089929608218315,0.45458559596876097,0.43783550283611156,
2023-05-03,18089.849609375,13278.599609375,43312.69921875,23901.150390625,48120.6484375,27743.75,5824.25,12586.7998046875,4143.2001953125,446.2000122070313,,,-0.00318502836487633,0.06585489717127357,-0.000342598037075037,0.08114310449234652,-0.0009088912031910423,0.1091174274675748,-0.006063090448551245,0.06731586224989705,0.007758066454402135,0.08222984810338763,-0.010035682426404957,-0.03387425347796558,-0.009818089085345094,0.03698922816700789,-0.0002779917916407859,0.08190250030113755,-0.00977507740951522,0.14107885017123367,0.0028093043391543837,0.16501308670243153,0.003870113074548276,0.0053193918629384895,0.007038731730136626,-0.7408604044952777,,,0.429630906514523,0.7453879222075384,0.5507994125485762,0.193247151718537,0.6761302415406517,0.5829864665411031,0.21803718738678926,0.44721965618133214,0.4147077474043535,
2023-05-04,18255.80078125,13292.5498046875,43685.44921875,24042.400390625,48057.3515625,27883.19921875,5895.0498046875,12654.650390625,4194.35009765625,446.3999938964844,,,0.009173717607303677,0.0747810616690816,0.0010505772990285767,0.08026472240400917,0.008606021022089516,0.1163441088622359,0.005909757383703251,0.06281900973145604,-0.0013153786795332412,0.06862508443989368,0.005026329128182017,-0.022233938449534918,0.012156038062840713,0.0773609548476264,0.0053906145319186916,0.07761514579955131,0.012345505872880524,0.14866495896378207,0.00044818844460325913,0.15274368985535025,0.004269563221754403,0.005464201419312588,0.007104723167929735,-0.7116862068329856,,,0.4077585813557176,0.7499872004675534,0.5817623611597853,0.180734157882726,0.672695037134692,0.6354151931542574,0.2407719146976097,0.4579869058165078,0.3945616136367908,
2023-05-05,18069.0,13345.7998046875,42661.19921875,23946.75,48186.1484375,27719.94921875,5807.0498046875,12608.349609375,4153.60009765625,445.0499877929688,,,-0.010232406865540389,0.0566635287312971,0.004006003421647586,0.08981333353748244,-0.02344602192073575,0.07735465932414298,-0.00397840436357999,0.05683172249437307,0.0026800660213763816,0.07418577160285533,-0.005854780103217938,-0.03931802653376548,-0.014927778884925802,0.036491932936062677,-0.0036587957644647062,0.07983789070569691,-0.009715450320365582,0.12809792439852696,-0.0030242072624862004,0.11541350324052324,0.0069269029737352005,0.005865576611558959,0.007106399421273947,-0.6308227646090122,,,0.4023462432893902,0.7806260616727559,0.5990906861920224,0.18826912433077359,0.6354717390336655,0.6684018114883558,0.3212615626794459,0.48507435232170126,0.37499979970805936,
2023-05-08,18264.400390625,13584.25,43284.0,24129.650390625,48538.44921875,27920.94921875,5845.64990234375,12663.099609375,4115.10009765625,452.3500061035156,,,0.010814123118324304,0.07511007338302189,0.017867059209800917,0.11973175905292677,0.014598764044501333,0.09964066462902044,0.007637795969181571,0.06835968003121451,0.007311245921780785,0.0735495256356169,0.007251095534620999,-0.018352527228642335,0.006647109798350925,0.06850851293623772,0.004342360554413061,0.08572186443202634,-0.009269067578682955,0.13738064485567802,0.016402692980058475,0.1451898888696599,0.0076220690441886965,0.005865361229646924,0.007185486946928212,-0.6308661567347249,,,0.40859419986840323,0.7866438371788828,0.6006399607735113,0.2806008816370773,0.6224498132603237,0.6328940563136706,0.307336888790171,0.3674188592151696,0.3694632401925073,
2023-05-09,18265.94921875,13648.5,43198.1484375,24099.099609375,48369.1015625,28125.5,5836.85009765625,12716.7001953125,4001.800048828125,448.5,,,8.480038171931881e-05,0.06771586840567001,0.004729742164639283,0.12407807481117117,-0.001983447983088471,0.08280421417984818,-0.00126610956874329,0.05730728412638775,-0.003488938336014713,0.07694147504355175,0.007326068309763567,-0.00139711768110784,-0.0015053595125448238,0.06230778008121751,0.004232817208341011,0.09308694060921896,-0.02753275646749276,0.08814056669118919,-0.00851112203286808,0.13630602008886972,0.0076601046213262474,0.005815081916234971,0.006930718384611929,-0.6409957273551554,,,0.4231794166006395,0.783329143579163,0.592035158856754,0.34859032339154516,0.6420645213716174,0.6361283526154592,0.3318320424280637,0.34987483516839685,0.3906458691282261,
2023-05-10,18315.099609375,13750.849609375,43331.05078125,24268.94921875,48643.3515625,28091.75,5822.10009765625,12716.900390625,3959.300048828125,452.3500061035156,,,0.0026908205008338015,0.06781751247726397,0.007498963942924153,0.12699414815631793,0.003076575005113602,0.08330197679495721,0.007047964950064989,0.06276120638691518,0.005669941990665839,0.07833940882740875,-0.001199978667045909,-0.004459968640748158,-0.0025270479373665777,0.06003805186066247,1.574270914828091e-05,0.08185663431009527,-0.010620220771011657,0.06768600078068654,0.008584183062465112,0.14722297770150217,0.007262266721198494,0.0058153302388717675,0.0068291950481972705,-0.6409456987943939,,,0.42268630181019806,0.7834267132239349,0.588509871898371,0.3482012782338002,0.6415879375539266,0.6335854371205626,0.3339808303902639,0.3425365023039705,0.39285576354084095,
2023-05-11,18297.0,13803.75,43475.30078125,24316.5,48865.0,28102.0,5797.2998046875,12557.0498046875,3967.60009765625,454.5,,,-0.0009882342854272697,0.07144736933904117,0.0038470634271887683,0.13092651622732943,0.0033290215076533514,0.09739284234572398,0.00195932591977499,0.06549673009300339,0.004556602914484786,0.07947323834981801,0.0003648758087337889,0.0036697411537809366,-0.004259681653143277,0.05446669183630637,-0.012569933004692224,0.06588660589426532,0.0020963424660329633,0.08892304076081614,0.004752943224217265,0.16523526272032618,0.0072364156304130026,0.0057152744523822924,0.00679684766414708,-0.6611035348197942,,,0.4122326701737202,0.7665046560246488,0.5849080191182333,0.35348316309023453,0.6328772874940969,0.6490110530777091,0.3537390763869419,0.30503766892587386,0.36317319859101727,
2023-05-12,18314.80078125,13910.5,43793.55078125,24040.19921875,48950.75,28028.400390625,5690.89990234375,12486.7001953125,3975.89990234375,452.8999938964844,,,0.0009728797753729701,0.08083481234034728,0.007733405777415658,0.1483563286462355,0.00732024837737888,0.11164259346111782,-0.011362687115744508,0.0630952799436797,0.0017548347487976734,0.08634598313359954,-0.00261901677371712,0.003320130324623749,-0.01835335517023262,0.05918591557257247,-0.00560239948628205,0.06221427777479627,0.00209189547414379,0.11505616401945051,-0.0035203654642808058,0.1888698763194976,0.006983286904064669,0.005400393726510033,0.006797058961265208,-0.7245412855225956,,,0.34034261024594153,0.7445438292303551,0.5200240847159773,0.3010665169554089,0.6596600123937405,0.5629619694051319,0.34264186726661916,0.2239075877130848,0.2736463192401138,
2023-05-15,18398.849609375,14007.849609375,44072.1015625,24040.19921875,49506.55078125,28165.400390625,5701.75,12487.400390625,4020.800048828125,472.4500122070313,,,0.004589120522186851,0.08319648031121774,0.006998282547356238,0.16391638324815228,0.006360543419769105,0.1176933220386367,0.0,0.06776277494155258,0.011354285302063838,0.0955685310535983,0.004887899348184899,0.007751702334630295,0.0019065697591660324,0.06121516445940367,5.607528823059482e-05,0.05088471865729738,0.01129307768988519,0.12473080608272058,0.04316630287925172,0.254680726392134,0.006362549117641054,0.005412253477280564,0.006802461340419918,-0.7221519493360311,,,0.35678260170046533,0.7468428810135287,0.5206808496758468,0.30719030941536507,0.6611537871050852,0.5617185075319434,0.34906493031841007,0.22885963182329644,0.2784045286611188,
2023-05-16,18286.5,13877.7001953125,43903.69921875,24027.80078125,49406.1015625,28216.0,5683.4501953125,12454.5,4049.699951171875,472.1000061035156,,,-0.006106338807060685,0.07874141488857944,-0.009291177282157226,0.1644368341773066,-0.003821064523351181,0.1095787482395274,-0.0005157377186096879,0.07320390285656808,-0.002029008629460871,0.0968348138219639,0.0017965166009796807,0.01852517450500346,-0.0032095066755820634,0.06625338227963029,-0.002634686932093566,0.04895898284583766,0.007187599978311088,0.13521236781120227,-0.0007408320340190899,0.2690860379126765,0.005223274143593175,0.005583889457305631,0.0068152401633413875,-0.6875731402256942,,,0.40056955267860356,0.7638120071352258,0.5041248214455543,0.3167665863579865,0.6210362151737869,0.5523380869950701,0.35876446383410787,0.19756777979937476,0.2701359168475635,
2023-05-17,18181.75,13889.900390625,43698.69921875,23901.150390625,49434.0,27942.94921875,5632.85009765625,12398.5498046875,4035.800048828125,465.7999877929688,,,-0.005728269488420423,0.06446169253079193,0.0008791222710389235,0.14590849285433505,-0.004669310414564087,0.09492700301986945,-0.005270993869893825,0.06830090470521077,0.0005646759533275425,0.08833566593297415,-0.009677161229444287,-0.0024401423923073873,-0.008903059922647505,0.03161970187319629,-0.0044923678439520165,0.03818713039041244,-0.003432328940747298,0.09602957534767098,-0.01334466898770903,0.2220910278158743,0.004030247985973668,0.0056965552816140965,0.006822243247508662,-0.6648748107061364,,,0.38338601610940465,0.7691394364083209,0.5533276324031916,0.30452809046037566,0.6204727669287797,0.5665036596796582,0.3699631178526423,0.16459131395001475,0.2949890478398721,
2023-05-18,18129.94921875,13767.7001953125,43752.30078125,23692.150390625,48889.30078125,27892.55078125,5601.64990234375,12241.349609375,3959.14990234375,454.75,,,-0.002849053652701161,0.0443669533691442,-0.008797773337163695,0.12446302740441562,0.0012266168892505203,0.0774133704200557,-0.008744348978364624,0.03847128473097938,-0.01101871624286932,0.06501272076254128,-0.0018036191207112529,-0.028086695486761237,-0.005538971350485977,0.018954188456331567,-0.012678917920954547,0.018665130654614392,-0.018992553039547166,0.06539025776294483,-0.02372260215232147,0.1740028213100695,0.004094263381547003,0.0050875136223689,0.006825759379957882,-0.7875759790288086,,,0.3806265083529889,0.7259056924826949,0.4447964371660348,0.2575484548284773,0.547043855117995,0.5879454891952416,0.38325404812154756,0.1789823068875007,0.30478832802451844,
2023-05-19,18203.400390625,13863.5498046875,43969.3984375,23723.349609375,48874.25,28303.650390625,5618.0498046875,12124.25,3971.550048828125,458.7000122070313,,,0.0040513721791914925,0.04628964586325557,0.006961918694861957,0.11570236567387626,0.0049619711963362345,0.07733672430339511,0.0013168588851413254,0.04022859010324997,-0.0003078542955102792,0.06855940318948361,0.014738688211024087,-0.011502448551496514,0.00292769141764615,0.02559392910208258,-0.00956590679228042,0.0046652334303938225,0.003132022477106533,0.05752897053072159,0.008686118102322782,0.17359602160411836,0.004327636471236393,0.005107950820481527,0.006748863750859875,-0.7834585790979579,,,0.3970720275419259,0.7272618709148471,0.44488796784001583,0.25746334477884236,0.5527160313849899,0.5944633468167603,0.3488807541632556,0.17779134610650604,0.3062310050780219,
2023-05-22,18314.400390625,13890.5,43885.1015625,23898.19921875,49052.25,29007.30078125,5797.5,12244.2001953125,3991.550048828125,461.9500122070313,,,0.006097761825706316,0.04313649364070926,0.001943960651649812,0.12404053852647268,-0.0019171714418568797,0.07039056260886523,0.007370359255924885,0.05241782849357657,0.0036419996214775985,0.05804416403785484,0.024860764633316323,0.0010388016548033008,0.031941723827861646,0.05480053963861686,0.009893411577004851,0.005118318476819539,0.005035817188279168,0.0713557455351792,0.007085240709636453,0.17589411996930937,0.0050607900488438065,0.0049801519270240785,0.006770653452203765,-0.8092057070645533,,,0.4933111960506889,0.7076459950521785,0.5354190825175309,0.18077002921557192,0.5521024739254226,0.5922843676919096,0.33447513817791963,0.23206496293672352,0.3188226712247056,
2023-05-23,18348.0,13982.599609375,43954.44921875,24028.44921875,49118.80078125,28873.69921875,5947.7001953125,12314.2001953125,4007.800048828125,461.6000061035156,,,0.001834600568861644,0.04255032730295372,0.0066304027482813055,0.12135757256034219,0.001580209542211941,0.0709887482943885,0.005450201448559788,0.053137961916544185,0.0013567324893353216,0.06527234715317975,-0.004605790918207675,0.0037945469174907043,0.02590775253341948,0.07590312950992839,0.005716992444046998,0.003246655603410753,0.0040711001493694,0.0721776481616172,-0.000757670947649669,0.14257427253345445,0.005094601546629947,0.004977401898591182,0.006724004989165149,-0.8097597442088353,,,0.4934830022859624,0.7092145054517537,0.533070474945688,0.1960277940144946,0.5569791822902442,0.5488899584579775,0.3325385310352255,0.2320491299614315,0.32025715281177247,
2023-05-24,18285.400390625,13989.599609375,43677.8515625,24085.25,49355.25,28890.80078125,5855.14990234375,12440.4501953125,3987.300048828125,461.5499877929688,,,-0.0034117947119577385,0.03752540307467811,0.0005006222158652207,0.10881166777300022,-0.006292824985098644,0.06962722182735814,0.0023638970926878056,0.04445780403847088,0.004813823118423155,0.07505179585922428,0.0005922885865934369,-0.005192511092822816,-0.015560685631345494,0.05114669940195693,0.010252391385358273,0.011521511967679698,-0.005115025637567494,0.07344192995776688,-0.00010835855694424357,0.09540757353063145,0.004855989532841862,0.005054382226794452,0.006585677206235325,-0.7942508277578488,,,0.5157755446943814,0.7324634129331221,0.5398246159068151,0.18261411979511413,0.5516354039061881,0.5695964569741576,0.2794909719016449,0.2480211867618861,0.3750364988932563,
2023-05-25,18321.150390625,14029.5,43681.3984375,24071.69921875,49657.0,28928.75,5872.5498046875,12455.5,3969.25,466.7000122070313,,,0.001955111686716471,0.0337907372618671,0.0028521467189284166,0.1010394885475081,8.12053448857597e-05,0.0559607034073466,-0.0005626174214509172,0.03324433949024508,0.006113837940239453,0.07320775450118666,0.0013135398716475066,0.00882278580333562,0.002971726195564184,0.03604283591717028,0.001209747593633681,0.012642276422764276,-0.0045268850116835235,0.05163800317961398,0.011158107572895481,0.11079380932233418,0.004336127208240726,0.00499015792781832,0.006492954622376922,-0.8071898384141024,,,0.49886055530742096,0.7225634130897267,0.5193115690216613,0.15862582798900768,0.5978979923443607,0.5539937816637027,0.28479428195037637,0.21934212581949236,0.39768167827256246,
2023-05-26,18499.349609375,14130.4501953125,44018.0,24238.900390625,50388.0,29355.900390625,5935.39990234375,12601.5498046875,4017.199951171875,472.5499877929688,,,0.009726420827874671,0.038565785839372646,0.007195566150789423,0.09860288136878803,0.007705833021385944,0.05919567321045971,0.00694596465150088,0.04329171734124282,0.014720985963710964,0.0927164873078179,0.014765601369744585,0.012958807823647112,0.010702352427234052,0.042111842733576044,0.011725727966561017,0.002175057574253847,0.012080355526075559,0.07118190818528758,0.012534766301532496,0.12391479146939166,0.004688138401605525,0.005185470489918898,0.006567318402808854,-0.7678410037423724,,,0.49737531818020764,0.7255903845113825,0.5681789791127028,0.29564618738443627,0.6112130535655064,0.5668706049171971,0.3142426194128033,0.27139616176056525,0.42652176645632917,
2023-05-29,18598.650390625,14219.599609375,44311.8984375,24261.30078125,50626.3984375,29240.19921875,5991.2001953125,12624.2001953125,4040.64990234375,476.2000122070313,,,0.005367798508963517,0.043226968287244816,0.006309028575188114,0.10070318333671224,0.006676778533781569,0.051725984205538866,0.0009241504467614181,0.04504075367396365,0.004731254217273939,0.09552614190441644,-0.003941325945905905,0.03166230622111521,0.0094012693140888,0.04923781757458534,0.0017974289651718767,0.011643638472878415,0.005837387099697278,0.06200141989453978,0.007724102229078156,0.11994355253020994,0.004124376715959815,0.005238128760826276,0.006582682930423351,-0.7572321541438167,,,0.5052788141447024,0.7744363753089905,0.5601764537423538,0.30005009370435276,0.621627039251172,0.5751874171827484,0.31934892338008686,0.283126137440279,0.43426569048394303,
2023-05-30,18633.849609375,14177.849609375,44436.3515625,24218.150390625,50927.19921875,29297.650390625,5936.5498046875,12604.7001953125,4039.449951171875,475.2000122070313,,,0.0018925684396833287,0.05235262175091804,-0.002936088296921824,0.09092686551260898,0.0028085712729175594,0.05143562660241563,-0.0017785687178961673,0.036569488657642646,0.005941579700190491,0.09078442091644079,0.0019648009729755778,0.08476874571798865,-0.009121776746461974,0.03523407527901301,-0.0015446523105075993,0.016213082675250456,-0.00029696984417748595,0.029447756493254706,-0.0020999579470091234,0.10666050060910792,0.0041707023702166,0.005002860335008199,0.006562593645357727,-0.8046307356350905,,,0.5483052398958651,0.8232011199227254,0.6397669227159085,0.4024774708395981,0.6193602231304284,0.6062425210118694,0.28534832681362243,0.4783897905979639,0.4832171230932278,
2023-05-31,18534.400390625,14199.0,44128.1484375,23875.55078125,51042.75,29319.75,5890.0498046875,12678.400390625,4029.699951171875,478.7999877929688,,,-0.0053370195013254795,0.04950410843976161,0.0014917911536467265,0.0918024795261354,-0.006935833257294077,0.0440776159390146,-0.014146398624546586,0.028593204895095425,0.0022689404291342807,0.09683609234917667,0.0007543133691727544,0.0792433763510032,-0.007832832458220751,0.024534667713950187,0.0058470407205646335,0.005635663597142182,-0.0024136949628925652,0.019261145401794355,0.00757570600475721,0.10360719386212991,0.005060372493569482,0.005107033539185283,0.006578207505705503,-0.7836433800635754,,,0.5384411791195832,0.8375414904135315,0.6566853603812558,0.3756214210451043,0.629114969731707,0.6279525181146866,0.33566437646075853,0.5013982039990761,0.475474626232805,
2023-06-01,18487.75,14257.0,43790.19921875,23825.30078125,50998.94921875,29446.25,5884.2001953125,12812.7998046875,4053.60009765625,484.0,,,-0.0025169624936233204,0.049322454771195456,0.004084794703852479,0.09647724593681328,-0.00765835936281456,0.038814803310480706,-0.002104663488620484,0.02875292017035802,-0.0008581195419525844,0.09860743421493856,0.004314497906701131,0.10337446485187973,-0.0009931341107412006,0.01808938166416496,0.010600660171758092,0.01485113248006864,0.00593099902572769,0.03402891386815554,0.01086051031663704,0.11379591208409034,0.005305067843714776,0.005111755989260221,0.006523197579628164,-0.7826919670809912,,,0.5204672943088845,0.8382607630889184,0.6562645384839545,0.371553027455856,0.625153516552292,0.6436050749464801,0.28452104211411416,0.4706711881859996,0.4514496498119711,
2023-06-02,18534.099609375,14388.599609375,43937.8515625,23785.69921875,51288.6484375,29328.150390625,5956.0,12900.599609375,4093.199951171875,490.8500061035156,,,0.002507044360454902,0.051612982586557,0.009230526013537244,0.10406795709534711,0.0033718125604411675,0.03946939430322094,-0.0016621642204477372,0.025897897100527256,0.005680493876597081,0.10879868841483487,-0.004010684191535385,0.10102431981414584,0.012202134921360575,0.03457556482763624,0.006852507338433567,0.03326722407440785,0.009769057766334965,0.045250242893737136,0.014152905172552854,0.13438870408134318,0.004924795509498889,0.005108221619821463,0.006497069584636401,-0.7834040222464081,,,0.5160443558970618,0.8416876955177923,0.6527819471054899,0.3725927506380902,0.609384077675567,0.6374412103817825,0.2854716871791579,0.46925947932087125,0.4486699323330527,
2023-06-05,18593.849609375,14570.25,44101.6484375,23901.69921875,51058.3984375,29238.75,5975.89990234375,12934.5,4075.39990234375,492.5499877929688,,,0.003223787573137793,0.055027010541569554,0.012624605281715162,0.1295862002131989,0.0037279218071690767,0.0470974034260887,0.004876879966116743,0.030892220083481137,-0.004489297476430454,0.09403744382793877,-0.0030482791936847775,0.0900992251098911,0.003341152173228723,0.05248419400225601,0.002627815113366072,0.030986589083952687,-0.004348687833593101,0.049549292388295196,0.003463342504460787,0.16304601604006796,0.0049486393687884775,0.005105042324546652,0.006494301395705247,-0.7840445420511543,,,0.53476081543332,0.8427378641578323,0.6535294266829748,0.3644115528814128,0.603924169084079,0.6425745137775912,0.29629010868531414,0.45780663227598856,0.45927906065220214,
2023-06-06,18599.0,14729.5,44164.55078125,23867.30078125,51038.3984375,28689.05078125,5967.4501953125,13012.900390625,4067.449951171875,498.3999938964844,,,0.00027699431442118616,0.04822072379243991,0.01092980559702128,0.14241065714140722,0.0014263036865649337,0.03585725081064606,-0.0014391628471759343,0.028434912119307265,-0.0003917083303049962,0.087240764886243,-0.018800366593989093,0.062020510608460366,-0.0014139639500883039,0.04631536122437341,0.0060613391027870556,0.0448478482432797,-0.0019507168283787735,0.020895035645867477,0.011876979491418638,0.16448596704786067,0.003646484336197679,0.005023982454830743,0.006474589887017215,-0.8003753472879458,,,0.5543669577820234,0.8375689840576366,0.6663702325320262,0.3560126122682396,0.5550218956700537,0.6468439226978188,0.34669479112186263,0.4278937248670522,0.4431240611193372,
2023-06-07,18726.400390625,14819.4501953125,44275.30078125,24125.150390625,51609.3984375,28913.69921875,6057.75,13045.650390625,4096.89990234375,506.2999877929688,,,0.006849851638528914,0.053865548102761895,0.006106805751213473,0.14838955404158494,0.0025076673042268016,0.03741464159354235,0.010803467544916678,0.03161756157595974,0.011187655127917528,0.0968622216480921,0.007830459056066719,0.07144121655413405,0.015132058372004709,0.05567899620964578,0.0025167333197750885,0.04728824877751325,0.007240396692131501,0.015001128054441759,0.015850710259288636,0.17716805535481317,0.003985011454434008,0.00511496606360741,0.00649203411400403,-0.7820452463405894,,,0.5566447787169847,0.8287390142827178,0.6946545095440484,0.3886436977113092,0.5645028486285495,0.6630085839535704,0.34577129960771164,0.4524945267154819,0.46072908639848154,
2023-06-08,18634.55078125,14692.0,43995.25,24215.0,51143.5,28591.099609375,6067.7001953125,12911.349609375,4084.800048828125,498.25,,,-0.0049048192636628185,0.0460856418622404,-0.008600197283487154,0.13252779865487274,-0.006325214652603717,0.027208833198625326,0.0037243129232436,0.03634368137861732,-0.009027395234304292,0.07926140859931419,-0.011157327429269226,0.05638646256696833,0.001642556281210128,0.06204928724375103,-0.010294678856832773,0.03640275121468184,-0.0029534169259792797,0.006740711034119107,-0.015899640503765022,0.14290626459113986,0.004519402684864224,0.005254949866925103,0.006515859181005934,-0.7538432736961909,,,0.5884983208734929,0.8363579028801655,0.6600788512188889,0.4377601520508963,0.5911826052423553,0.6529764614692833,0.39436650252549227,0.4529013189097313,0.49914092887380396,
2023-06-09,18563.400390625,14626.0,43989.0,24169.5,50674.8515625,28355.349609375,6039.35009765625,12861.0498046875,4035.300048828125,498.4500122070313,,,-0.00381819725413457,0.03619021889982954,-0.004492240675197379,0.11889718466734545,-0.00014206079065348654,0.022979741135213727,-0.001879000619450788,0.030961458530590624,-0.009163401751933309,0.06998928918844771,-0.008245573035697396,0.03655969546522142,-0.004672297039025053,0.04963721010753863,-0.0038957820994156567,0.02729376572858233,-0.012118096212371698,-0.008038336079615238,0.00040142941702225876,0.1261861846663721,0.004247987829294062,0.0052810585891493785,0.006386879425256652,-0.7485832546618592,,,0.5995097029882149,0.8268532215507817,0.6616776974401745,0.4875877403642151,0.5946535294040217,0.6547832342728588,0.39958005171935446,0.4729231187637775,0.4879239638863159,
2023-06-12,18601.5,14673.849609375,43944.19921875,24269.05078125,50762.55078125,28784.0,6076.2998046875,12856.0498046875,4054.60009765625,505.5,,,0.0020524046550352004,0.02969831165236636,0.003271544467045029,0.11256133664726953,-0.0010184541874105335,0.016429255906145634,0.0041188597716130815,0.022519912212631832,0.0017306260609730728,0.061664846193877576,0.015117090655911936,0.038826080784131634,0.006118159476396157,0.04774630254965606,-0.00038877075168297637,0.019193005016379994,0.004782803904192834,-0.027125552130452313,0.014143821085995878,0.1356998271584775,0.0041039610409966155,0.005108393118877936,0.006141692272952245,-0.7833694710227339,,,0.5848429630256498,0.8252827566510718,0.6327451465404779,0.45559046717713514,0.5553036287942253,0.6544212627212598,0.3690634828160403,0.41565412174319966,0.4979332900658321,
2023-06-13,18716.150390625,14658.2998046875,44079.8515625,24399.19921875,51462.69921875,28899.30078125,6127.64990234375,12993.75,4062.949951171875,520.7000122070312,,,0.0061635024393194016,0.0313263694066801,-0.001059694974491543,0.10352584843374624,0.003086922646484913,0.01678696011889569,0.00536273291745526,0.01464842782324105,0.013792617327626822,0.07774836672392804,0.004005724751598105,0.031197173282783153,0.008450882824549977,0.0417629891777882,0.010710925782373204,0.03204452646650169,0.0020593531580219704,-0.02895488722945183,0.03006926252627351,0.1702438429527542,0.004553110127456769,0.005154866342705602,0.006166197292469665,-0.7740066979302616,,,0.538504910789452,0.8224793754658328,0.6453074353431592,0.5039913545062275,0.545210858452333,0.6526090930270145,0.41238573209138735,0.4116703816859926,0.5380993928280028,
2023-06-14,18755.900390625,14682.7001953125,43988.0,24638.599609375,51767.8984375,28855.05078125,6214.75,12976.7998046875,4064.300048828125,522.1500244140625,,,0.0021238341844009856,0.03681903363667671,0.0016646126051533816,0.10574161637844504,-0.002083753897622942,0.015591288315683238,0.009811813432017313,0.030854130730011198,0.005930493801980852,0.07579386642590902,-0.0015311789144984989,0.04005589659833286,0.01421427448440471,0.06704725930377298,-0.001304488335738374,0.030984841743074254,0.0003322949267097197,-0.0190432860506331,0.0027847362647164253,0.17021517285793197,0.004498582031062949,0.005095551306562498,0.006168094658555711,-0.7859566591905147,,,0.5281054492000228,0.8217342146788525,0.618073063107168,0.5417743400173434,0.5265564007323438,0.6361568804633054,0.4086447527087732,0.3953202627544551,0.5373148727610855,
2023-06-15,18688.099609375,14707.849609375,43443.6015625,24633.349609375,52046.44921875,28699.0,6203.0498046875,13160.599609375,3983.550048828125,518.2000122070312,,,-0.0036149041015322014,0.0236800802827013,0.0017128602864566744,0.10647316169456111,-0.012376067052377926,-0.005536114669188241,-0.0002130802920309316,0.02457946000185718,0.005380762782678961,0.0830070223712196,-0.005408092414496912,0.029257789784086663,-0.0018826493925740984,0.052247226097240196,0.014163723526127603,0.039981287758437345,-0.019868119732765033,-0.05025809575264528,-0.007564899018177362,0.16084233712421736,0.004864377407483341,0.004939634522696983,0.0061751189294122506,-0.8173685852074017,,,0.5759149022680495,0.8112577376119767,0.6028728474785058,0.5816564606411863,0.5389143638801602,0.6237559552402063,0.3095158612386518,0.37688520481502974,0.5985431361075991,
2023-06-16,18826.0,14768.4501953125,43938.1484375,24733.150390625,52440.19921875,28588.80078125,6231.5,13241.9501953125,4041.550048828125,517.0999755859375,,,0.0073790483520230765,0.04189495821572864,0.004120288658572724,0.10659911068989025,0.011383652763883312,0.029932332942688822,0.004051449877203073,0.03283954568469616,0.007565357597116407,0.08828368564812217,-0.003839827825011355,0.03134390888105609,0.0045864850691672565,0.07309222575805707,0.006181373824301284,0.050252460121060105,0.014559877317736225,-0.026976609734613466,-0.002122803155501063,0.1618918992679208,0.004978776910839299,0.004620436565616937,0.006214349815976793,-0.881676111080872,,,0.6295438004803411,0.7885448139293135,0.6026126978851204,0.6503255536836586,0.4870086763063795,0.5722708434327978,0.30166613533321224,0.39275881029947046,0.5625172936147939,
2023-06-19,18755.44921875,14676.7001953125,43633.75,24539.099609375,52123.8515625,28708.30078125,6203.5,13264.650390625,4080.35009765625,513.3499755859375,,,-0.0037475183921172883,0.026885570707103623,-0.006212567925991452,0.08042035410953852,-0.006927884954756158,0.008080353017281272,-0.007845776950580197,0.016968717412875645,-0.006032541084185827,0.07386726196363491,0.004179958470953871,0.0281993121484303,-0.004493300168498804,0.061216477831280036,0.0017142637585614295,0.04750422880703309,0.009600289086949543,-0.008444509046035553,-0.007251982550861236,0.13485126264917668,0.0047739815685351634,0.004352186111649873,0.006073484250880665,-0.9357194488480095,,,0.5779140799148742,0.7588864733448558,0.5990215919656716,0.6711804057304547,0.4516545948551788,0.5980069001863103,0.2916203286014383,0.443007085045768,0.5635978616938228,
2023-06-20,18816.69921875,14785.650390625,43766.5,24659.0,52164.69921875,28930.80078125,6246.64990234375,13238.849609375,4090.60009765625,515.8499755859375,,,0.003265717567498605,0.030151731695096107,0.007423344066624482,0.08331687662563647,0.0030423697252699444,0.01315685007477363,0.004886095762828724,0.02323324936202953,0.0007836653475428168,0.07847153520818506,0.0077503716327689265,0.02863240764608621,0.006955735043725264,0.07020906787584846,-0.001945078120433208,0.041060134000404425,0.002512039348262718,0.02219002642426604,0.004869971985771437,0.1501671696453455,0.004328774821539955,0.004370504109684822,0.006050723651573728,-0.9320289956152926,,,0.5875390448324429,0.7610298088929904,0.60316950252578,0.6664017824141683,0.46831243819653084,0.600420186817742,0.2839754968518949,0.5000893607075362,0.564686814834032,
2023-06-21,18856.849609375,14777.7001953125,43859.19921875,24865.44921875,51934.25,29025.69921875,6187.75,13247.7001953125,4108.5498046875,514.1500244140625,,,0.0021337637466720683,0.029579418706666027,-0.0005376966925676463,0.07467542843588504,0.0021180404818754717,0.012188682895466263,0.008372165081714567,0.02457873205071226,-0.004417723521871086,0.0676536120927369,0.0032801870303398317,0.03324638795197887,-0.009429038486957753,0.06280378148959453,0.0006685313451428865,0.04173971552681266,0.004388037599063921,0.037695995256421755,-0.0032954371470970134,0.13661991262669426,0.004329217296925651,0.004364251287577639,0.006043698873736538,-0.9332887264829905,,,0.5765313791707473,0.7602298869625105,0.5961219069448179,0.6411128934780554,0.4747540338036617,0.5879024858727168,0.2861527717264458,0.539828991163233,0.5531522195899995,
2023-06-22,18771.25,14702.099609375,43724.8515625,24607.900390625,51557.80078125,28811.150390625,6190.9501953125,13166.849609375,4040.10009765625,510.0499877929688,,,-0.004539443817404343,0.025919549652948515,-0.005115855981533635,0.06508011296749072,-0.003063157983800302,0.005740058763610056,-0.010357698582448838,0.011983648577097883,-0.007248573316260498,0.05510694323646792,-0.0073916850894122366,0.025234872629172234,0.0005171823865701697,0.06790236901440005,-0.006102990311186773,0.04856234658397729,-0.01666030845072264,0.018273010942515988,-0.007974397406216638,0.12222219536406786,0.004483501613916671,0.004466478653860948,0.006011380786351385,-0.912693391029161,,,0.605307313597387,0.7761064811683479,0.6281698472861897,0.6711374283460971,0.49550413364887563,0.5753113472080503,0.3098622881483611,0.5762112195657426,0.57215734279359,
2023-06-23,18665.5,14550.2001953125,43622.8984375,24332.19921875,51283.75,28554.30078125,6037.2001953125,13186.2998046875,3992.25,506.8999938964844,,,-0.005633615236065759,0.019148404775935823,-0.010331817774220431,0.045986858510657314,-0.0023316974525178225,-0.0038967459981131825,-0.011203766574901963,0.012146321972750451,-0.005315408669441579,0.04766014821019082,-0.008914937650618016,0.0187631253762488,-0.024834636873094618,0.06085158743103691,0.0014772094988197981,0.056027581220988276,-0.011843790128865606,0.004112301128761153,-0.00617585329256598,0.11923162006564825,0.00493104374034806,0.004621062226618562,0.00604628592374119,-0.881550061680625,,,0.6464034897189327,0.7907162132204347,0.6988811275409009,0.6858876945003662,0.5221696132082055,0.6481082491326811,0.3090076755135818,0.6036616602406896,0.5878093728152018,
2023-06-26,18691.19921875,14717.849609375,43641.05078125,24226.650390625,51635.0,28590.099609375,6083.10009765625,13388.599609375,3984.89990234375,508.5499877929688,,,0.0013768299134766515,0.015889559161679,0.0115221379645698,0.050685866838891425,0.0004161196160774594,-0.009780581500945962,-0.004337825248597604,0.007755808102021922,0.006849148121968351,0.042993284427242484,0.0012537105495682432,0.015078756661004666,0.007602845832309635,0.066882991652782,0.015341665795857828,0.07216868127545428,-0.0018410915288997742,-0.008928607751792605,0.0032550678957423695,0.07641014848808636,0.004794859476281496,0.004563322280102122,0.006040842293973206,-0.8931826959822525,,,0.619042672518419,0.7848463398858214,0.6984175272447026,0.6728425989918354,0.5168344240576586,0.6571673346473738,0.3140165118721335,0.5879580935493803,0.6096693757089702,
2023-06-27,18817.400390625,14729.900390625,44121.5,24284.849609375,51598.6015625,28800.150390625,6127.64990234375,13426.900390625,4025.699951171875,514.8499755859375,,,0.00675190341711196,0.029032367627758182,0.0008187868180364877,0.0614078833898104,0.01100911206648636,0.004960875396052833,0.002402280868861739,0.010697975668484183,-0.0007049179335721911,0.04437710992490329,0.007346976195253374,0.02070280658580237,0.007323536350267279,0.07815669914686851,0.002860701071617733,0.07807622872255005,0.01023866341137647,-0.005926364987375199,0.01238813871633293,0.09055278315977877,0.004638027446520973,0.004521623163049939,0.006049193580232128,-0.9015836490248864,,,0.5561782919999909,0.7980226879923403,0.7117755400369186,0.6384640637869471,0.5573325807209392,0.6579518076019097,0.2850714715720459,0.6835439631299083,0.6317939754340531,
2023-06-28,18972.099609375,14840.5498046875,44327.80078125,24554.44921875,51893.3984375,28843.0,6211.0498046875,13622.75,4027.35009765625,517.25,,,0.00822107281232487,0.04346939152584328,0.007511891535459725,0.06844177332647705,0.004675742693471374,0.01439634528595013,0.011101555649367656,0.027333363350629858,0.005713272570825767,0.049751151788242964,0.0014878258895809626,0.032210300144197346,0.01361042221290254,0.1026478065290306,0.014586360491044337,0.0987373696599314,0.00040990299932675,-0.002093748716398558,0.004661599549132811,0.11045516005873934,0.005219958114444936,0.00452689889191134,0.006038527083279525,-0.9005207691952049,,,0.5848016940898428,0.7941327847221483,0.7271673761413485,0.6593248978205306,0.5107166961480408,0.6547077220066011,0.3098106501419859,0.6675872031806531,0.5814471031860206,
2023-06-30,19189.05078125,15147.650390625,44747.3515625,24696.5,52194.75,29563.0,6209.10009765625,13767.5,4110.2001953125,520.0,,,0.01143527476356887,0.05841723822395917,0.02069334290030822,0.10023098816331966,0.00946473260246794,0.022742821828387827,0.0057851340905472615,0.04239166106983783,0.005807127140901036,0.06761089166604939,0.02496272925839893,0.059888721969197256,-0.00031390941830455876,0.1084412995996662,0.010625607898552047,0.12467174284902405,0.02057186379313425,0.038152203552416886,0.0053165780570323395,0.14348543155579985,0.006416555286008522,0.004804115721341678,0.006129658053223443,-0.8446710119027973,,,0.6417393408925632,0.8286231178790988,0.7076074333348766,0.6385380628809423,0.5884671858427537,0.5738770929227526,0.3098077866002121,0.7129575313764669,0.5396449101791635,
2023-07-03,19322.55078125,15106.849609375,45158.1015625,25020.900390625,52741.5,29424.80078125,6275.4501953125,13614.0,4258.5498046875,523.9000244140625,,,0.00695709243369369,0.06148029305565217,-0.002693538614757851,0.08968120158280968,0.009179314208714429,0.027034782536078383,0.013135480356528229,0.054695091655068584,0.01047519147040643,0.07912653391100632,-0.004674735945269459,0.03961151212482328,0.01068594427738323,0.11701576409601944,-0.011149446159433474,0.12287357980906033,0.03609303740099712,0.07226391517942954,0.007500046950120298,0.14214085561786205,0.006587187449816552,0.0048776025492055005,0.0061647263104949515,-0.8298659168845138,,,0.5888836065319102,0.8342362824192241,0.7219779384621177,0.6643415348441997,0.550120461443301,0.584258554596674,0.25193920158110494,0.6804601722786722,0.5372149409871133,
2023-07-04,19389.0,15035.0498046875,45301.44921875,24940.19921875,52814.80078125,29729.849609375,6275.2001953125,13675.4501953125,4339.0,522.9500122070312,,,0.003438946519135566,0.05867511829243832,-0.004752798005147496,0.08239802776627903,0.0031743508094910222,0.03227399745749415,-0.0032253504316430703,0.04360161158847786,0.0013898122209266006,0.07670495810589739,0.01036706519757935,0.02490920591246626,-3.983777931770849e-05,0.08239761885510988,0.00451375020658884,0.11689207765060328,0.018891453429509264,0.0870463721916459,-0.0018133463690782614,0.13204891955422582,0.00557473799837609,0.004824486882436126,0.0061389957915731425,-0.8405669161838345,,,0.5749781768613228,0.8635562348280357,0.6995718801636246,0.6645699968217292,0.5441274372159958,0.5791770371386479,0.23282679917747084,0.672503653944639,0.5240163240624507,
2023-07-05,19398.5,15281.900390625,45151.80078125,25034.80078125,53776.19921875,29841.849609375,6292.2998046875,13772.0,4383.60009765625,525.9000244140625,,,0.0004899685388621844,0.05725419664268583,0.0164183417510555,0.09292269088352145,-0.0033033918358192915,0.027240736348238315,0.003793135799367686,0.04188166923875891,0.01820320105877049,0.09481905835286297,0.003767257536502422,0.03353052836389958,0.002724950414772831,0.05793829514920512,0.0070600823598914175,0.11838363690419973,0.010278888604805303,0.0937671650904861,0.005641097883488211,0.1392981314132118,0.003929945100218573,0.004831487493021616,0.006100809477000511,-0.8391565313854017,,,0.5228585944369656,0.8618911127401834,0.6981070999067178,0.5834410386564477,0.5428236274579189,0.641703892720711,0.2271346690474981,0.6604762687147102,0.524075475155931,
2023-07-06,19497.30078125,15453.7001953125,45339.8984375,25575.25,53765.6484375,29805.19921875,6325.35009765625,13871.599609375,4415.64990234375,537.75,,,0.00509321758125636,0.06627694033138853,0.011242044529546469,0.10465636092660913,0.004165894892238953,0.038052395334091216,0.021587917693947523,0.061863588710933115,-0.00019619797239822656,0.08936026942422548,-0.0012281541226414339,0.03165015897009815,0.005252498131784744,0.08030540689048538,0.007232036695832056,0.11504000189653496,0.007311297557602403,0.10742854770649068,0.022532753443280873,0.16509590341753233,0.00350421195646161,0.0047599460620959206,0.0061127511664475385,-0.8535696951235567,,,0.5311265139410222,0.8566607599593414,0.6817814724511798,0.591136833977757,0.5420212035273871,0.6230695950790047,0.28283160436710447,0.6541725762921731,0.524051297595366,
2023-07-07,19331.80078125,15498.849609375,44925.0,25331.400390625,52942.44921875,29560.44921875,6279.25,13769.0,4459.10009765625,531.4000244140625,,,-0.00848835445771845,0.0551630421167304,0.00292159246600332,0.1047328564364376,-0.009150846203855756,0.02846982026638556,-0.009534593381296363,0.052331211038636916,-0.015310876789795036,0.06616286160561446,-0.008211654557438108,0.021836381411225902,-0.0072881495797887386,0.06925444804024816,-0.00739637909572155,0.10545542129982732,0.009840045355370641,0.12341124838603013,-0.011808415780450998,0.13863297731890745,0.0064747006982678644,0.005141464602611905,0.005949054994424546,-0.776706692490718,,,0.49578228135193364,0.8718777768898848,0.710480795306138,0.6588915467287092,0.564855428579213,0.6425376064790308,0.35995040372960274,0.5698620550076795,0.5804717227858351,
2023-07-10,19355.900390625,15403.2001953125,44860.8515625,25496.900390625,52536.1484375,29194.75,6385.10009765625,13751.7998046875,4433.5,526.9000244140625,,,0.0012466303397029588,0.04630167002281649,-0.006171387972217168,0.09007144021654812,-0.0014279006677796469,0.019147884104230073,0.006533393237163843,0.051900044132635825,-0.007674385814136153,0.042632143317853366,-0.012371233469552267,-0.005489540040695351,0.016857124283353953,0.07576577866891898,-0.0012491971321446638,0.09127845525572842,-0.00574109060025485,0.10362940702184464,-0.008468196825850427,0.11501436467056947,0.006226900899297173,0.004919200991165558,0.005937073787031164,-0.8214852464469158,,,0.48037174412037087,0.8656512370867382,0.7042771434092171,0.6114035921837465,0.5077642450091291,0.5943932792091624,0.3152543188788487,0.5545485296504459,0.5552463593847624,
2023-07-11,19439.400390625,15617.4501953125,44745.05078125,25720.150390625,53184.3984375,29324.80078125,6369.10009765625,13895.400390625,4425.25,526.8499755859375,,,0.004313930032438185,0.045204892954157305,0.013909447211184034,0.0983044969153628,-0.0025813326590260477,0.009775079809792864,0.008755966277457228,0.060130725163032084,0.012339123047270917,0.05052699933134552,0.004454594790159083,0.0028933305777802953,-0.0025058338562105043,0.0630758262158253,0.010442312132012743,0.10069550352857282,-0.0018608322995375959,0.09518273222165718,-9.498733309165619e-05,0.10636279311325536,0.005071002519513014,0.004894487909261017,0.005933019008048681,-0.8264640914512118,,,0.4840390892168914,0.8434591482662624,0.7190803188176268,0.611903300499099,0.5320857653351619,0.5687604994352367,0.3366670643699542,0.540782004572018,0.5403708218932551,
2023-07-12,19384.30078125,15614.900390625,44639.44921875,25700.650390625,53279.5,29118.05078125,6363.25,13936.7001953125,4462.0,528.2000122070312,,,-0.002834429471475497,0.04027354452283638,-0.0001632663882780161,0.10135886758876045,-0.002360072469607122,0.004570529512629706,-0.0007581604191205793,0.06121441877633593,0.0017881477518593147,0.046189478654540705,-0.0070503462765958425,-0.006130171088138514,-0.0009185124376366316,0.0718767987047928,0.0029721924900676377,0.10567486567394524,0.008304615558442974,0.10460583840271132,0.0025624687931176116,0.11153198366693085,0.004773876397098861,0.004956654515203522,0.00592091767528458,-0.8139396359168333,,,0.4970726371198065,0.8443826030822229,0.7231181239488123,0.6048958804478739,0.5427933082547219,0.5914751682967591,0.3389176923265897,0.5209625351724662,0.5408209501930079,
2023-07-13,19413.75,15519.7001953125,44665.05078125,25334.400390625,53029.94921875,29628.19921875,6379.7001953125,13876.5498046875,4355.64990234375,533.5999755859375,,,0.0015192303855748879,0.04744418976832887,-0.006096753288907131,0.09301360626188471,0.000573518780989879,0.012166890358212834,-0.014250612122002959,0.061102238969945155,-0.004683804863972019,0.03893205634002861,0.01752000645003693,0.010520185838897023,0.0025851876497857695,0.083131791217677,-0.004315970766539889,0.09450320049432004,-0.023834625203103976,0.08088690352170902,0.010223330659049124,0.1144527760862517,0.004627501821681994,0.0047941047197060755,0.005882450941669876,-0.8466878880526011,,,0.4915098837261517,0.8351363708688255,0.6472187390086945,0.6238006845160461,0.5316249697944111,0.567627277953084,0.36194743532013807,0.4722177926998331,0.5756850063077027,
2023-07-14,19564.5,15576.099609375,44819.30078125,25332.5,53453.69921875,30945.5,6469.4501953125,13945.650390625,4390.2998046875,539.7999877929688,,,0.007765114931427508,0.05824126786656025,0.003634053064989873,0.09252294377323422,0.0034534831440233837,0.02350072803640879,-7.501225984030135e-05,0.0632604487384325,0.007990767599116877,0.048133344659138544,0.044461047785055996,0.05091480239419277,0.014068059195939009,0.09946126586009507,0.0049796661929724095,0.08841553783764367,0.007955162402998761,0.08306189533247887,0.011619213813162332,0.11528923097720822,0.00544965944957426,0.004859867870808442,0.005872946765828792,-0.8334388510608767,,,0.4925830311116431,0.8282339528952978,0.6135754771846336,0.6356132843290171,0.5571444546653496,0.5870106496578119,0.40945608722863674,0.4909223838787684,0.6207982049331836,
2023-07-17,19711.44921875,15526.7998046875,45449.75,25521.400390625,53471.6015625,31041.599609375,6500.5498046875,14053.7001953125,4489.14990234375,539.6500244140625,,,0.007511013251041421,0.0635234316308233,-0.0031650930543501987,0.07910430661861612,0.014066467074688171,0.034409930930495713,0.007456839657554504,0.07297246786450429,0.00033491309323108176,0.042562110554738686,0.0031054469753275527,0.058423364444343484,0.0048071487431085025,0.09142877849017794,0.007747921513946432,0.0893834876558397,0.02251556887999051,0.09673359618274091,-0.0002778128608698083,0.099419410621858,0.005800583484136811,0.004966127236326376,0.00583543291741132,-0.8120312049723729,,,0.45110893982449984,0.8261573077824578,0.6253524796755151,0.6171256423528583,0.5528687416983193,0.5890234968805848,0.42429488817865096,0.5197450465259305,0.5997105201158884,
2023-07-18,19749.25,15513.7998046875,45410.8515625,25612.75,53340.6484375,31371.150390625,6446.75,14017.150390625,4433.9501953125,535.0499877929688,,,0.001917706853032497,0.06213884778558443,-0.0008372620349027526,0.06475865580120455,-0.000855855917799353,0.029686036041382424,0.0035793337347018728,0.07158699327568074,-0.00244902193264096,0.044698816841928,0.010616423940680964,0.07293062769868763,-0.008276192984277286,0.0787914967370158,-0.002600724661800502,0.0837025312632882,-0.012296249453026875,0.08797916807195993,-0.00852411083662663,0.08628565841699665,0.0037690256548140993,0.004961358455709934,0.005633942575786447,-0.8129919519824166,,,0.4533331222067974,0.8249400455960489,0.6240551618338314,0.6278748003544754,0.5535629928346877,0.5740486022875667,0.4212827678967395,0.5163692947191914,0.587963848690019,
2023-07-19,19833.150390625,15513.150390625,45669.30078125,25820.69921875,53517.30078125,31353.55078125,6474.5498046875,14092.599609375,4520.4501953125,536.1500244140625,,,0.004248282371482448,0.06635573905183079,-4.186041270837215e-05,0.053202782893173595,0.005691353715186143,0.03407144357593772,0.008118972728426321,0.08184412872672131,0.003311777207901434,0.04856935992585232,-0.0005610125594966986,0.09287515367156751,0.004312220062434591,0.08497760228871831,0.005382636031390664,0.0829714503561294,0.019508563738818374,0.11137205118162807,0.002055951118943744,0.07574243776058043,0.0036980498922997186,0.004966132819623823,0.0056139114222135515,-0.81203008012794,,,0.4744391403676646,0.8280964104217918,0.6250857553539765,0.6276410800143231,0.5561596592128092,0.572245655441782,0.433192059805775,0.5172856476127218,0.6060538068634778,
2023-07-20,19979.150390625,15577.0,46186.8984375,26003.0,54239.69921875,31145.94921875,6485.25,14299.0498046875,4553.0498046875,536.2999877929688,,,0.007361412439498949,0.06689753363530371,0.004115837709765646,0.05111861740505863,0.01133360150901419,0.04317526075530442,0.007060257342590415,0.07783784055102627,0.013498409429368863,0.05096553846554408,-0.006621309463429204,0.07720388813315271,0.0016526547227659893,0.07057075646898592,0.014649546643981992,0.09607795522124607,0.007211584679951644,0.11134026049374457,0.00027970413518141335,0.05925340849952221,0.003979661423572902,0.004983653864718114,0.005649291286400974,-0.8085001857920284,,,0.4672454297789217,0.8400359075398812,0.6176356579018583,0.6316370968185264,0.5075704572505907,0.5395190725799474,0.47127983425967535,0.5163583248143389,0.5712620665915449,
2023-07-21,19745.0,15590.349609375,46075.19921875,25843.099609375,53697.44921875,29871.05078125,6442.2998046875,14274.0,4564.25,536.0999755859375,,,-0.011719737128305097,0.059590876742106946,0.000857007727739667,0.06114549478457665,-0.002418417831220099,0.0472766768855728,-0.00614930548878978,0.06723516867127821,-0.00999728995201643,0.049936926857762964,-0.040933041678900106,0.04476746922511876,-0.006622750905901809,0.06173667078416156,-0.001751850999168414,0.1055389585017179,0.0024599325271972283,0.1173741542892468,-0.0003729483714037807,0.07596583158241343,0.006865974086968158,0.005450812780310737,0.005706286314972145,-0.7143835619692722,,,0.39051935624114686,0.7828875391419972,0.6535006164128836,0.6425441761829092,0.6155242606110072,0.5705383820111912,0.4311408844457815,0.4601960051527383,0.4932899038839078,
2023-07-24,19672.349609375,15617.5498046875,45923.05078125,25749.900390625,52771.69921875,29843.44921875,6395.5498046875,14332.0498046875,4569.0,537.1500244140625,,,-0.0036794322929856182,0.05973847438586999,0.0017446815494210899,0.06779364178090397,-0.003302176443722993,0.043966691246675405,-0.0036063483157489085,0.0653882120285898,-0.01724011128030911,0.04137846666731426,-0.0009240238216636776,0.05248038306263725,-0.007256725302660416,0.05897980764014399,0.004066821121444519,0.1143763551451189,0.0010406967190665917,0.13225781099644984,0.001958680984787131,0.0776407087155555,0.007278399098363304,0.005445809559405451,0.0056025631882376725,-0.715391540719389,,,0.36465498701291815,0.7942692584779513,0.6583340632536485,0.6381449610295756,0.6017617550010436,0.5756006802129138,0.3977911993894689,0.43514309561257636,0.4879985943570538,
2023-07-25,19680.599609375,15765.599609375,45845.0,26078.75,52315.94921875,29761.150390625,6583.64990234375,14383.25,4502.10009765625,535.0,,,0.0004193703428323481,0.05801142968980999,0.009479707543052829,0.07440106237033328,-0.0016995992191761733,0.043254873567908136,0.012770908018530758,0.07456819119387048,-0.008636257819002902,0.030601268328576126,-0.0027576848614835336,0.03394769283716648,0.02941109105559403,0.0834965544762718,0.003572426555185082,0.11879233656637367,-0.014642132270463959,0.11036846772106479,-0.004002651617502573,0.05835806132542043,0.006808740894594725,0.005452910577894904,0.0053303504481394615,-0.7139609271452427,,,0.3486521130514053,0.7969757715353157,0.6276535330147429,0.6337583821342851,0.6121935894003531,0.4731265602176752,0.4004014492175108,0.43319541279726126,0.503055977488719,
2023-07-26,19778.30078125,15763.25,46062.3515625,26293.75,52865.30078125,29800.400390625,6604.9501953125,14478.349609375,4569.5498046875,541.3499755859375,,,0.004964339187534694,0.05675047317193149,-0.00014903393674936538,0.07538051547827895,0.0047410091067727755,0.04497519682408746,0.008244260173512874,0.07764807214632263,0.010500651726741639,0.02725472203737378,0.0013188334283060765,0.03118067167769123,0.0032353319639866207,0.07789287909320475,0.006611830384301243,0.11425490019240025,0.014981831938024603,0.12468769234272914,0.011869113244743046,0.039658081226807695,0.00645322824961314,0.005424871233438391,0.0052731971303243644,-0.7196099008592572,,,0.3572287969102408,0.8014637448813063,0.6311551353251882,0.6290139010658171,0.6103971039246313,0.4636129403119474,0.3887494730883097,0.45006657694913105,0.5259155519854712,
2023-07-27,19659.900390625,15572.0,45679.30078125,26097.69921875,52499.8984375,29745.0,6581.5498046875,14919.9501953125,4592.2001953125,552.8499755859375,,,-0.0059863783008722304,0.04819816597297866,-0.012132650310056614,0.06056786509687173,-0.00831591892850403,0.03844914024847679,-0.007456174233420487,0.05922007064150714,-0.006911950529932431,0.014140037013164575,-0.0018590485328656703,0.030842060389936643,-0.0035428564838546617,0.0590208463232631,0.03050075442656497,0.1497403381319864,0.0049568101001471465,0.12988709990459157,0.021243189283518094,0.058795269053803834,0.006843855767169241,0.005609979512288665,0.005299148653186961,-0.6823168820052163,,,0.4124581822072552,0.8204680258962134,0.6570412405193463,0.6444304863458394,0.6008589927499538,0.4821069342212696,0.1567442676226257,0.43342766699306573,0.3501790137377534,
2023-07-28,19646.05078125,15537.900390625,45468.1015625,26433.69921875,52964.05078125,29490.25,6640.7998046875,14962.5498046875,4605.85009765625,562.9500122070312,,,-0.0007044597937843067,0.05125995643743453,-0.002189802811135344,0.056435903500190454,-0.0046235212697627315,0.04660064836216349,0.012874698155713293,0.07308586278050555,0.008841014126961921,0.0176304354336132,-0.008564464615901879,0.0275706470608732,0.009002438902430132,0.07057012498419768,0.002855211231763022,0.13692006814255442,0.0029724101222075028,0.1562174545820485,0.01826903693065951,0.08635661703172914,0.006503321047296862,0.005541695826357763,0.005304212786196014,-0.6960737209897347,,,0.42233616023988013,0.8279923976858572,0.6213617518880018,0.6498163040013767,0.6003258093712976,0.4618500335894117,0.20455780069236407,0.40488279069275873,0.27906416848628474,
2023-07-31,19753.80078125,15708.0498046875,45651.1015625,26853.650390625,52636.8515625,29928.44921875,6758.2001953125,14992.150390625,4620.5498046875,566.75,,,0.005484562836559181,0.049282948116965875,0.010950605280309444,0.06362208606514641,0.0040247996663869134,0.03898555551189409,0.015886961881488082,0.08573513549667999,-0.006177760460607251,0.0037500304476281165,0.014859121870787861,0.04685920363538343,0.0176786522825354,0.08452221701235652,0.0019783116062361827,0.13217087887341927,0.003191529624190448,0.14326180521437815,0.00675013360079868,0.09601629618683116,0.006111939050115805,0.005485048512093491,0.005292286210461636,-0.7074862270754135,,,0.43525194673286133,0.8239780120447695,0.6337556370412334,0.609655300760499,0.6346444231266892,0.47744988348689604,0.19117412928125918,0.38237584435762917,0.31386264661338037,
2023-08-01,19733.55078125,15688.7001953125,45592.5,26783.44921875,52501.1484375,30288.650390625,6770.14990234375,15001.2998046875,4596.39990234375,556.7000122070312,,,-0.0010251191770254131,0.05215026049720972,-0.001231827605310154,0.06895282907824307,-0.001283683426998361,0.04489070959979369,-0.002614213369647067,0.09146014503798505,-0.0025781011016372535,0.007238468833171252,0.012035410496623156,0.05504852486452827,0.0017681789064991627,0.09134358061477399,0.0006102803016319047,0.13092311994064354,-0.0052266295927057005,0.1264719429305634,-0.017732664830999112,0.08444538557075809,0.004198875869989113,0.005415270796627454,0.005228497290059471,-0.721544062168633,,,0.4185669784754727,0.8193913298408229,0.622668424744433,0.6025063674364457,0.6307151381050935,0.4647150192115971,0.19039236959937297,0.41177398467627846,0.2975247706957704,
2023-08-02,19526.55078125,15428.900390625,44995.69921875,26352.349609375,52368.69921875,30043.599609375,6633.4501953125,14943.400390625,4476.4501953125,548.4000244140625,,,-0.010489749274959825,0.037724552762828045,-0.016559676802615164,0.04350501892076797,-0.013089889373252173,0.028085389938651728,-0.0160957465132312,0.06867065206922418,-0.0025227870759374493,0.003910690621343971,-0.008090515030866108,0.038464155781204656,-0.020191533275197626,0.06192123762588686,-0.0038596264867933883,0.12875369322444263,-0.026096447128128752,0.09432603736486644,-0.014909264614641482,0.06309983593806012,0.005695444497839409,0.0058443611210710015,0.005351956458720799,-0.6350969639677837,,,0.504750540312113,0.847022300982905,0.674194848228329,0.5791555692732991,0.6253139805603072,0.5409235167697461,0.25220068249236943,0.5017803623354975,0.3817971718595117,
2023-08-03,19381.650390625,15379.7998046875,44513.44921875,26221.849609375,52062.3515625,29971.150390625,6602.2001953125,15099.2001953125,4450.25,538.6500244140625,,,-0.007420685416911321,0.027830777257145112,-0.0031823775314108182,0.040743796491824025,-0.010717690987654294,0.014917053016332948,-0.004952120093062784,0.054549603294606674,-0.0058498236698671935,0.002466610425682525,-0.002411469320986126,0.03257289909709593,-0.004710972281375181,0.06697914351945378,0.010425994125489835,0.13976010724149135,-0.005852895524211421,0.08316807914136759,-0.017778992643950664,0.047651461317969934,0.006114222959352291,0.0060512983972155565,0.0054321399877994515,-0.5934061450114635,,,0.5130752500406947,0.8580268255019591,0.6817574322027059,0.5941720795141715,0.6151365343585433,0.5661879680367657,0.20791020244094027,0.5112091586525422,0.44087633364740575,
2023-08-04,19517.0,15328.400390625,44879.5,26252.05078125,52050.6484375,30436.099609375,6622.89990234375,15241.0,4419.10009765625,539.1500244140625,,,0.006983389270114548,0.03972830791769333,-0.0033420080049958445,0.04259941082501095,0.008223374905214298,0.02640714367776753,0.001151755971638302,0.0668139241676784,-0.00022479055687585348,0.00955912875999232,0.015513225641663686,0.056400011687098406,0.0031352740630232745,0.0697711487581183,0.00939121296845391,0.15752822065713978,-0.006999584819672999,0.09380955690178716,0.0009282465002093954,0.057053303239966935,0.006539603593925778,0.006057649529057966,0.005429056931313629,-0.5921266080776506,,,0.4714478582239613,0.8623996508408179,0.6554119148154778,0.5712512033689119,0.6209050898910544,0.5632650786384615,0.18917508333719427,0.4535005835099928,0.414100662598967,
2023-08-07,19597.30078125,15390.900390625,44837.5,26266.30078125,52072.5,30779.25,6622.14990234375,15479.25,4392.7998046875,542.2999877929688,,,0.004114401867602702,0.04992101905922697,0.004077398711363589,0.057779287159453574,-0.0009358393030225454,0.027843210928320206,0.000542814735456032,0.07948733055784007,0.0004198134539330489,0.015380115533673022,0.01127445352818146,0.07791993352577542,-0.00011324344487440019,0.09689089115935334,0.015632176366380257,0.17388882622685364,-0.005951504240127692,0.1003318441198573,0.00584246171987024,0.06983624841730318,0.006596582334138247,0.005932088654885973,0.005345906697225664,-0.6174228513192266,,,0.4420852085867717,0.8588105875130572,0.6288284114914171,0.5597710855996858,0.6137049035935613,0.5279661331042794,0.18937018155304283,0.4128425059173811,0.3988914960854537,
2023-08-08,19570.849609375,15343.650390625,44964.44921875,26174.650390625,51924.3984375,30824.94921875,6544.7998046875,15578.5,4540.7998046875,541.3499755859375,,,-0.0013497354646058168,0.047062276760850175,-0.00306999582875489,0.04251985159920202,0.0028313179537218236,0.030324623578233956,-0.003489276673874997,0.08040731874158791,-0.0028441415814489668,0.005604695216423039,0.0014847411405412014,0.07816865418132957,-0.011680511434643548,0.0758987522183201,0.0064118093576885915,0.16356455899178446,0.03369149667191085,0.13950159752238522,-0.001751820447014163,0.06449707714145414,0.006605448589149541,0.005957128244212494,0.005354454411682526,-0.6123782261806249,,,0.4606583436334424,0.8493641910053755,0.6384343893757307,0.569220350782024,0.6123725676268944,0.5337010618110314,0.19275492385290724,0.34578338902739864,0.40296522139998137,
2023-08-09,19632.55078125,15486.2001953125,44880.69921875,26328.150390625,52206.19921875,30940.05078125,6677.85009765625,15696.849609375,4536.2001953125,534.6500244140625,,,0.003152707884763739,0.0433189693423921,0.009290475281853228,0.051344529469381506,-0.0018625825836887655,0.01720701287920856,0.005864452732288639,0.08413891023073083,0.005427136177402092,0.011775467509793414,0.0037340389981888045,0.07430170890085286,0.020329161615219693,0.08978975693471902,0.007596983623262776,0.1690598092419704,-0.0010129513682263225,0.1268103063647401,-0.012376376602997397,0.038457899906843895,0.006303530649658452,0.005884580382458102,0.005343165271985545,-0.6269941514813797,,,0.4711507503131196,0.8409286142499637,0.6493259719658655,0.5823793093600708,0.6115026424799415,0.5173695901308045,0.20698789599421677,0.3340631193489695,0.35782439677178474,
2023-08-10,19543.099609375,15444.7998046875,44541.80078125,26418.94921875,51728.6484375,30867.0,6723.2998046875,15580.7001953125,4499.5,533.25,,,-0.004556268458015711,0.030096827012116467,-0.0026733730742762862,0.040716146500795025,-0.007551095312668732,0.004827670135409079,0.0034487355464716263,0.0759332853850474,-0.009147396064000168,-0.0031747776202867284,-0.0023610427069585826,0.07017300558194361,0.0068060388248609716,0.08247398042330989,-0.0073995366556312,0.14372650128002795,-0.008090514909466329,0.11723587244588485,-0.002618581034569023,0.030932817786370137,0.0064581462542068905,0.005838424284347394,0.0053445055568188266,-0.6362930345338438,,,0.46429326501424845,0.8465564853204421,0.6214546642658012,0.5895588690011438,0.6293214937255266,0.472878240224856,0.20767329910983284,0.37105165090730524,0.35920483497706374,
2023-08-11,19428.30078125,15378.099609375,44199.1015625,26367.75,51351.69921875,30819.150390625,6688.85009765625,15355.5,4555.75,531.1500244140625,,,-0.005874136161590715,0.012468047676114091,-0.0043186183152893465,0.015213529016528282,-0.0076938788450210405,-0.012252121764887991,-0.0019379733208186867,0.06767153240337698,-0.007287049442349924,-0.016152022593268534,-0.0015501865868079445,0.042490626479890325,-0.005123928432766212,0.07726562504300594,-0.014453791709582609,0.11534410749954604,0.012501389043227062,0.10840099837366313,-0.00393806954699949,0.02144235464242783,0.005542084330047619,0.005623496168438083,0.005161919680743269,-0.6795937357701871,,,0.3867782750077108,0.841395660900919,0.6382649222320019,0.5966734748787245,0.5833832486732459,0.5359939999439814,0.2371283918376981,0.2901197548861237,0.36377944704167015,
2023-08-14,19434.55078125,15327.4501953125,44090.94921875,26375.599609375,51604.3984375,31028.900390625,6545.9501953125,15305.400390625,4523.4501953125,527.6500244140625,,,0.00032169565781225984,0.005796336170516447,-0.003293606840186092,0.01460268630731587,-0.0024469353431780805,-0.02363147047430758,0.000297697352826809,0.0541427046029721,0.004920951450380295,-0.021559901832522765,0.006805833299798003,0.054515224123357964,-0.02136389667243721,0.04310447722173816,-0.0032626491729347284,0.12423978188812979,-0.007089898411348328,0.062204365987082566,-0.0065894753631255965,0.00715785421883508,0.004685301032030185,0.005486685696428506,0.005161880052399388,-0.7071563901461715,,,0.41425880361672124,0.8314714302800417,0.6181892982258179,0.570167160804978,0.6181108323206759,0.4785765988800941,0.32779511186092747,0.22038883576592205,0.34490801411214356,
2023-08-16,19465.0,15425.0,43946.3984375,26541.75,51815.3984375,31212.099609375,6484.10009765625,15398.7998046875,4528.64990234375,533.4500122070312,,,0.0015667570139761278,0.003919748310897919,0.0063643856900172935,0.02593607606081383,-0.0032784683435331807,-0.029911863850244136,0.00629939766624088,0.06421563706058753,0.0040887987533766434,-0.018922770302388425,0.005904147953800898,0.04985729895964863,-0.009448604986414422,0.03328975902630105,0.006102382928819594,0.12601776064130665,0.0011495002280865751,0.043708205195609695,0.010992111294620743,0.020078400908121852,0.0037755545030318193,0.005459239022257304,0.005093000544522145,-0.7126859609665845,,,0.43822556773387494,0.8228007831499314,0.6395218262958382,0.5704443811646466,0.6141395584635146,0.46746124002229045,0.3299992034384232,0.20021336481499133,0.35422206925326083,
2023-08-17,19365.25,15399.25,43891.3515625,26266.94921875,51353.75,31060.19921875,6480.5,15358.4501953125,4593.4501953125,534.0999755859375,,,-0.005124582584125403,-0.0017140500554166938,-0.0016693679092382174,0.007678993212584473,-0.0012525912693002184,-0.027915812812352336,-0.010353529109798698,0.04921742530592965,-0.00890948350145071,-0.045046865601192754,-0.004866714912679981,0.04082687987919642,-0.0005552193214215517,0.029909603984905386,-0.002620308718002673,0.11519388580543866,0.014308965004164564,0.04787163358456192,0.0012184147793290467,0.01559222436053509,0.0035529253717132663,0.005542601079917291,0.005134014247934628,-0.6958913432037553,,,0.4751230525042727,0.814953165999995,0.6532583188348141,0.6351351547395973,0.6176184267649646,0.464776948778259,0.34614936258875384,0.16180280675773628,0.347178618915137,
2023-08-18,19310.150390625,15391.75,43851.05078125,26302.19921875,51464.75,30604.05078125,6493.7001953125,15271.5,4603.85009765625,530.2000122070312,,,-0.0028452826260957353,-0.009598784607404598,-0.00048703670633309937,-0.004008761301794284,-0.0009181941274378769,-0.03283747223876876,0.0013419906402696302,0.028423934028015463,0.002161477983594118,-0.042794953736579266,-0.0146859469344498,0.02680242318251147,0.00203691000887285,0.02661514304459267,-0.0056613912345815365,0.10091845425518842,0.0022640720812348025,0.04262117683120814,-0.007301935137944526,-0.014039958703800592,0.00357362341949414,0.005478090293514699,0.005150468880955534,-0.7088880713271194,,,0.4488469242343324,0.8063582921719529,0.6467534877097917,0.627293261360158,0.6360039195946209,0.45714615498478955,0.34781904126546737,0.14849765720261954,0.3152807112997219,
2023-08-21,19393.599609375,15427.599609375,44002.0,26462.349609375,51799.0,30937.599609375,6578.39990234375,15333.349609375,4574.5,535.4500122070312,,,0.0043215209131937105,0.0031967445156448893,0.002329144468627753,-0.004597115385705952,0.0034423170268600423,-0.020545353366722363,0.006088859311461414,0.04464613883599422,0.006494736688704483,-0.021597966010704295,0.0108988457282706,0.04658760022332409,0.013043365798191653,0.047641024380897345,0.004050002250924889,0.1136138869471277,-0.006375120178476634,0.025879639347949457,0.009901923574362259,0.007621354171811312,0.003864943948576647,0.005315208279113944,0.005139723146024719,-0.741703254266316,,,0.5004297200629659,0.7961469804621943,0.6262973169800989,0.6001406211403539,0.6379648103170371,0.4555247086570332,0.3001202324564021,0.17306904495729566,0.2909347135741037,
2023-08-22,19396.44921875,15507.900390625,43993.25,26522.099609375,52141.6484375,30902.400390625,6634.39990234375,15302.599609375,4552.25,536.5999755859375,,,0.00014693555773015454,0.002094907873396501,0.005205008120719112,0.0067973014688442746,-0.00019885459751833867,-0.01933983712483167,0.002257924971969638,0.04020877844143578,0.006614962402749169,-0.0075091153754699436,-0.0011377488620459841,0.05849169424725331,0.008512708383697998,0.03904399318328755,-0.0020054326538800904,0.1127706792356653,-0.004863919554049634,0.02678470734182925,0.002147657769520528,0.018409471858844118,0.003699318082409033,0.005310961348214301,0.005122122337915009,-0.7425588663172514,,,0.5110410347037662,0.7979192071946277,0.6265281085823367,0.6084331907687552,0.6573020550406733,0.4576804772177393,0.3038991103613902,0.1771506022598901,0.30227072778417186,
2023-08-23,19444.0,15498.099609375,44479.05078125,26370.19921875,51888.30078125,30924.099609375,6625.5498046875,15282.5,4630.4501953125,538.9000244140625,,,0.0024515199000461063,0.00023661271863195665,-0.0006319863426467176,-0.007642130081728871,0.011042620885022059,-0.005944791554722384,-0.005727313932992972,0.02527391240923471,-0.004858834805609891,-0.0243698846715944,0.0007021855414373057,0.054537414936082884,-0.001333971088044228,0.04026466896408487,-0.001313476787479062,0.0998243714021263,0.01717836131857875,0.04637030570306755,0.004286337929131356,0.022871878877328333,0.003202130092821846,0.005270536313077004,0.005124523613252993,-0.7507031352117285,,,0.49517358460550037,0.7970419962252988,0.5916656747531877,0.5829619884448195,0.6560845192079696,0.4676538076817847,0.2757641402191821,0.19977375121314378,0.3120731852761939,
2023-08-24,19386.69921875,15459.2998046875,44496.19921875,26171.30078125,52036.75,31112.150390625,6602.85009765625,15193.150390625,4600.5,540.0,,,-0.002946964680621278,0.00012373092674655695,-0.002503520151853289,-0.009964878548371692,0.00038553964616583336,-0.003209044970470476,-0.007542545881055629,0.01831278132932712,0.0028609381404842704,-0.02332510627915052,0.00608104305785484,0.06848327947346888,-0.0034260865438201504,0.037653730036734334,-0.005846530958612761,0.09015406643640778,-0.006468095768057069,0.031039892424921556,0.002041149630923611,0.02233999909175255,0.003399994288924503,0.005272678529190511,0.005074747885669461,-0.7502715515656233,,,0.5015484440827668,0.7901581111346283,0.5971979179308481,0.5782312643098911,0.6416839300238518,0.47086191673910344,0.29055237445911514,0.22082702256146872,0.31295032718434806,
2023-08-25,19265.80078125,15363.599609375,44231.44921875,25981.599609375,51506.80078125,30914.55078125,6519.35009765625,15025.2001953125,4530.89990234375,532.9500122070312,,,-0.006236153774081932,-0.007620847015646137,-0.006190461180103579,-0.010058221742237472,-0.005949946392015404,-0.009707848864285218,-0.007248442615084283,0.02554626155626316,-0.010184133689171593,-0.028722419310962755,-0.006351203851037601,0.04341646122339893,-0.012646054168280907,0.021889728054361957,-0.011054336394651476,0.08277636781420883,-0.015128811576187395,0.040235097845145784,-0.013055532949942106,-0.001218072355030686,0.003908944273927375,0.005385428643541475,0.005117887434324486,-0.7275562404709378,,,0.5410030763144172,0.7969406201724861,0.6765692472839466,0.6082617614859478,0.6508183369440439,0.49541011228845155,0.3458642482369085,0.2957285872563163,0.3450743760653197,
2023-08-28,19306.05078125,15475.25,44494.6484375,26015.80078125,51390.80078125,30773.599609375,6533.2998046875,15161.7998046875,4564.89990234375,537.9500122070312,,,0.002089194238900971,-0.013210111106851663,0.007267202573859599,-0.006474638189543969,0.005950499551762967,-0.0072435834136398425,0.0013163612860334073,0.02697328653903086,-0.002252129781708856,-0.038592248387860795,-0.004559379590289514,-0.0055549398337400024,0.002139738903769617,0.009869402723165388,0.00909136701004587,0.08720636040611351,0.0075040280590645825,0.03976951584714783,0.009381742912987656,-0.003427150107026322,0.003729151221971796,0.005190645571912002,0.005106852576154603,-0.7667984008315856,,,0.5347250966105114,0.8029221104320031,0.7100348701028169,0.5769586509610051,0.6179871635173768,0.46336157836317676,0.3540542269693639,0.2868913231795104,0.31216690133732383,
2023-08-29,19342.650390625,15578.900390625,44495.25,26056.650390625,51223.05078125,30866.05078125,6616.7001953125,15121.099609375,4542.4501953125,547.0499877929688,,,0.0018957584743610756,-0.018709878915152967,0.006697816876948703,0.0033555263539735147,1.3519884326074205e-05,-0.02100121562824875,0.0015701845858397956,0.020972595226264268,-0.0032642028816410873,-0.04205130790073297,0.003004236522490933,-0.005655276478470528,0.012765431423361617,0.017867779513241366,-0.0026843907607800865,0.07595148603059876,-0.004917896889639062,0.011873137259444722,0.016916024499382898,0.013712523013300837,0.0036472914957667605,0.004991849274330732,0.005107099235711236,-0.8068490896492828,,,0.5941352258303091,0.7826726059450793,0.7000102873581237,0.5821518037550573,0.6307237850465564,0.47008914499764093,0.32579917092509925,0.2058105550921605,0.3393074422070407,
2023-08-30,19347.44921875,15678.099609375,44232.6015625,25959.05078125,51513.55078125,31103.900390625,6677.7998046875,15125.5,4527.4501953125,554.7999877929688,,,0.0002480956863764039,-0.02034511595377042,0.006367536620857761,0.010590558519251836,-0.005902842157308963,-0.025946441422230238,-0.0037456698352185125,0.013520640354901303,0.005671274857106612,-0.0342533829222349,0.0077058646426995114,-0.008518973536905006,0.00923415109819925,0.035839733926009254,0.0002910099621507012,0.07907096510259959,-0.003302182600808501,0.021087291440225586,0.014166895481100061,0.0369124389320461,0.003184230043020267,0.004971879307306245,0.005106541873012676,-0.8108723584159985,,,0.5958187307204341,0.7706385275476455,0.6897304309586153,0.5842418989543278,0.6250149415140656,0.4922474466431133,0.3374639794362426,0.22775797168833858,0.3599226828029239,
2023-08-31,19253.80078125,15670.25,43989.1484375,25722.94921875,51092.6484375,31164.900390625,6659.35009765625,15095.900390625,4467.2001953125,558.4000244140625,,,-0.004840350603388277,-0.02921117411830121,-0.0005006735236141591,0.010126866910923571,-0.00550392959943824,-0.036789535092681014,-0.009095153921056864,-0.0037857224226142128,-0.008170711150107701,-0.045305953558096634,0.0019611688320086973,-0.0060168748331310695,-0.0027628421891742194,0.028542570301174797,-0.0019569342748999574,0.07119344968706565,-0.013307711272534828,-0.011779800174597121,0.006488890952242032,0.04149957845160257,0.00359024450294944,0.004938459355299661,0.005107045953829145,-0.8176053414463834,,,0.6059822169941174,0.7663407514364066,0.6865271146792548,0.5871308912484258,0.6243602540622226,0.4948581040259804,0.34119459122790347,0.2085419438672542,0.3444763212258172,
2023-09-01,19435.30078125,15928.2998046875,44436.1015625,26332.900390625,51240.5,31514.349609375,6851.0,15011.7998046875,4538.7001953125,563.6500244140625,,,0.009426710188917609,-0.027220857681225286,0.016467497626872607,0.022552468683796567,0.010160531423676789,-0.03790678599839681,0.02371233433180331,0.012687012676422027,0.002893793275971168,-0.05529527748032226,0.011212909855958353,0.011828195956963272,0.028779069959274484,0.05639720905130874,-0.005571087762988203,0.04984596946898856,0.01600555087614519,-0.003151647794457868,0.009401862053120214,0.05099764542909502,0.005289413326040107,0.0050713000206220465,0.005184944155531872,-0.7908424680232116,,,0.670112345730417,0.7731468783368531,0.7316801897639917,0.5363001011861093,0.7095438162389921,0.5946668906546015,0.19504341423529314,0.25880874093327777,0.3918944490660424,
2023-09-04,19528.80078125,15943.599609375,44578.30078125,26633.05078125,51171.75,32163.94921875,7007.0498046875,15052.599609375,4648.7998046875,570.1500244140625,,,0.004810833701642592,-0.010949567928589476,0.0009605422345828618,0.022658247496103456,0.00320008312497877,-0.03248815985348674,0.011398303497622386,0.030567199129180045,-0.0013417121222470962,-0.04703573922964077,0.02061281979247176,0.07675988549218515,0.022777668178003196,0.08766279389684417,0.002717848973363024,0.05454670095102987,0.024257960349244767,0.018524358807580743,0.011531978565523904,0.06351436369850516,0.005393443792923206,0.004743403407364064,0.005198125658557193,-0.856902477096588,,,0.7186251812205748,0.8317279272390444,0.7547027242339137,0.48999265375355255,0.6760866559805027,0.6191166341170294,0.18087091941631434,0.34755250730424087,0.43185282900644595,
2023-09-05,19574.900390625,15942.75,44532.1484375,26743.0,51548.44921875,32365.30078125,7039.14990234375,15218.25,4683.10009765625,576.2000122070312,,,0.0023605960187407238,-0.004953613609202989,-5.3288428950581945e-05,0.020822741043213577,-0.0010353096224208214,-0.030287672967883372,0.004128299820139514,0.03856712431153975,0.007361468363892287,-0.023180038128568947,0.006260162927462343,0.08450268412391071,0.004581114527654195,0.10063248935760538,0.011004769602841913,0.06183345769721349,0.007378311480344735,0.024972663089571023,0.010611220790854636,0.072698475319936,0.004330108194555797,0.004725629438196921,0.005176376854945648,-0.8604833270260368,,,0.7229110650315693,0.8273844733033817,0.7527165788325554,0.4932980300720826,0.676146879628572,0.610247378041685,0.20431053794027815,0.35760187142372996,0.443100043905228,
2023-09-06,19611.05078125,15921.25,44409.1015625,26819.900390625,52064.8515625,32312.30078125,6983.7001953125,15355.2998046875,4636.14990234375,570.6500244140625,,,0.0018467726478093027,-0.0035338774989289723,-0.0013485753712502158,0.009872785969551323,-0.002763102147939067,-0.031320720634747556,0.0028755334339827243,0.02841970533959648,0.010017805609604302,-0.0047996387334975354,-0.0016375562321578885,0.08572082588005858,-0.007877330047025621,0.060764211175070804,0.009005621847945733,0.06758206974692782,-0.01002545201542826,0.029774949863350386,-0.009632050807688364,0.06663555965245327,0.004332898210591226,0.004738776575576058,0.00511732946270579,-0.8578346262482968,,,0.7331192125747127,0.820208276062945,0.7722649316645898,0.5119840710275217,0.6711457898663186,0.6308030945630737,0.21225548658397317,0.3537401862035592,0.4218104074578035,
2023-09-07,19727.05078125,15995.849609375,44878.3515625,27062.849609375,51853.1015625,32448.349609375,6981.14990234375,15306.150390625,4691.2998046875,579.0999755859375,,,0.005915032360780392,-0.002591223612525173,0.004685537214414781,0.014755815544066131,0.010566527659641833,-0.025704289074201525,0.009058542918187973,0.029250282267649252,-0.004067043190276065,-0.0191467598555497,0.0042104345662672404,0.08885616246897898,-0.0003651778995985566,0.056957235998272404,-0.003200811100249279,0.057175078899461385,0.011895625358418593,0.026643762559521056,0.014807589258497567,0.06973307786546168,0.004539549184496847,0.004776886243083023,0.0051299989043752945,-0.8501568251381258,,,0.7532726889594837,0.8229582463006175,0.7739175999160329,0.4394001820530605,0.6801418011472641,0.6129403930685807,0.1656278152214055,0.35085680249670237,0.43211443973276226,
2023-09-08,19819.94921875,16102.900390625,45156.3984375,27438.05078125,51778.30078125,32415.650390625,6977.89990234375,15250.5498046875,4706.39990234375,591.4000244140625,,,0.004709190366575022,0.008140876858222512,0.006692409835314939,0.03409326936970203,0.006195567914583089,-0.011447249296877016,0.013864067431576865,0.051358993421803945,-0.0014425517277850686,-0.013744743851438979,-0.0010077313374530217,0.08978485092032273,-0.0004655393517490891,0.06022139304848273,-0.003632564983260256,0.022158224729119214,0.00321874497152419,0.02486819001223406,0.021239940160038273,0.06972967446958411,0.004429466547096881,0.004719296690078424,0.005126151478669294,-0.8617591602650895,,,0.7454963144355018,0.8193690383076172,0.771998001044774,0.3996001643221291,0.6471982754804155,0.5944538452161531,0.37112317775994025,0.37620583972131183,0.5718002611954385,
2023-09-11,19996.349609375,16374.9501953125,45570.69921875,27716.599609375,52239.05078125,32642.80078125,7104.39990234375,15309.9501953125,4853.85009765625,596.5999755859375,,,0.008900143420050854,0.017830495911133504,0.01689445988536864,0.053871487372421534,0.009174796830252685,0.0022564754789458075,0.01015191750848965,0.04853276039832566,0.008898515266975382,-0.013688530036993662,0.007007429679420918,0.10690146001644618,0.018128663605150086,0.06981088291940551,0.0038949671576262723,0.02321799393550994,0.031329720884761825,0.05384456609349875,0.008792612372694686,0.05977433635178797,0.002927293963205239,0.0049692961815927415,0.0051213460299917996,-0.811392770342112,,,0.7748610380265548,0.8364873777000265,0.812418690488832,0.486449317812648,0.6528911622127852,0.6327341246686502,0.3801288432129668,0.4562288385080889,0.6090752765607802,
2023-09-12,19993.19921875,16070.0498046875,45511.3515625,27025.099609375,52065.8984375,32977.8984375,6914.5498046875,15328.650390625,4738.14990234375,577.25,,,-0.0001575482868895195,0.012119107616354707,-0.01861992781585875,0.0230455087996968,-0.0013023205100523016,-0.0030612623839683106,-0.024948947913729813,0.006384577748500542,-0.0033146150467984192,-0.010847022723653232,0.01026559143915362,0.10189132074506335,-0.026722890077403805,0.023134799925495608,0.001221440636575366,0.022445079006839563,-0.023836787907473123,0.02545153772326958,-0.03243375189034048,0.018526687251874785,0.0029840470484520615,0.004884143524889588,0.004980685330669184,-0.8285481328770907,,,0.6803413492437141,0.8348544849289324,0.7058088514318596,0.5392015499323634,0.6232662536538938,0.5720289646628636,0.3806381837187314,0.44291655569483235,0.5333966013077296,
2023-09-13,20070.0,15995.9501953125,45909.44921875,27275.349609375,52223.6484375,32886.69921875,6943.64990234375,15448.9501953125,4938.5498046875,581.1500244140625,,,0.003841345269944396,0.01704960361566954,-0.004611037941735896,0.019584159055560324,0.008747216740054409,0.006951784147612106,0.009259910365443602,0.018365834310863915,0.0030298142303135656,-0.005285598663243518,-0.002765464843760168,0.08577631537287478,0.004208531065395205,0.025627202130330318,0.007848036299469285,0.02984077356317627,0.04229496881148087,0.07443867148489058,0.006756213796556887,0.04391954674134002,0.002965561148166151,0.004915441229453816,0.0048817172845511455,-0.8222427104851185,,,0.651833681117622,0.8332422333076756,0.7104474883108409,0.5433664888065006,0.6230565043292937,0.5746092975523156,0.39442208758848785,0.44544127456386645,0.5447983237310638,
2023-09-14,20103.099609375,16169.650390625,46000.8515625,27420.55078125,52143.19921875,33045.3984375,7046.89990234375,15489.2998046875,5019.64990234375,589.25,,,0.001649208239910216,0.029526404052815147,0.010859010761574028,0.048010550411622166,0.0019909266023752092,0.022338853739406916,0.005323531098757828,0.04053532939981119,-0.0015404748836397308,-0.00430600727847108,0.004825635363840952,0.09991475279774065,0.01486970130293419,0.062328003506141094,0.0026118026704005093,0.03653113747825287,0.01642184464339569,0.12134608525301127,0.013937839190670598,0.07448937594337934,0.003039045975540975,0.0044508415763114,0.004880991729673232,-0.9158437300172356,,,0.5636585977807679,0.800837794087559,0.6656057091917035,0.5634146932668436,0.5821366100116504,0.5096089827288872,0.37931148411982696,0.3558736014505897,0.49293036293932513,
2023-09-15,20192.349609375,16425.80078125,46231.5,27338.150390625,51895.1484375,33355.05078125,7035.7998046875,15583.5498046875,5046.25,586.9500122070312,,,0.004439613877174287,0.041828182967439176,0.015841430361012154,0.06801135189313046,0.0050140036470112115,0.03859621780390632,-0.003005059646042696,0.04257139743684957,-0.004757107062214994,-0.0032115937905585756,0.009370513245154477,0.11290525543802565,-0.0015751745888370472,0.06567501689555733,0.006084845744381395,0.03207783214407378,0.00529919380310373,0.13392506038986585,-0.003903246148440842,0.08966858925794896,0.0029146542588792176,0.004198514411120041,0.0048909584940660545,-0.9666790669741496,,,0.5677978949808706,0.7750301606240805,0.644944780196238,0.5079423994027801,0.5819034699628522,0.4950181809135874,0.523938775353088,0.33610528903863973,0.4031129333374539,
2023-09-18,20133.30078125,16563.900390625,45979.8515625,27536.19921875,52198.6015625,33129.5,6957.7998046875,15503.4501953125,5217.2998046875,578.9000244140625,,,-0.002924316846098174,0.031577639045447636,0.008407481085040303,0.0806020177262361,-0.0054432245871322005,0.02451791046023244,0.007244412123539767,0.048916118904401173,0.005847427633152824,0.0028424838007090614,-0.006762117759292696,0.08849361203284323,-0.011086159664183914,0.05056695817269308,-0.005140010484062207,0.017220011502690147,0.033896419061184124,0.18062494385555783,-0.013714946120708671,0.07372715978859401,0.003815836104419636,0.00413130625982255,0.004904470469476673,-0.9802192223310578,,,0.5860016159897197,0.769799911811072,0.6307541975078423,0.47437842391201174,0.5667273210263272,0.5250038173433644,0.5096997515271039,0.2994466725929472,0.45177390339202633,
2023-09-20,19901.400390625,16479.69921875,45384.6015625,27440.30078125,51924.1484375,32949.19921875,6844.0498046875,15460.2001953125,5155.9501953125,572.1500244140625,,,-0.011518249945432046,0.015517423178295742,-0.005083414527332963,0.07074302350681294,-0.0129458878132932,0.01220187482575974,-0.003482631598434316,0.044696054072374425,-0.005257863559263831,-0.002848942580056635,-0.005442303121085401,0.07050039291893073,-0.016348558911305044,0.03350874045681351,-0.0027897016119080575,-0.001230667163299226,-0.01175888135082448,0.17372755976966037,-0.011660044421024307,0.05504340271622765,0.00652033629926315,0.00468023682837499,0.00508096178478762,-0.8696283931702293,,,0.593262625282943,0.8278225903235723,0.6076435407556494,0.4924747399426631,0.575164746669611,0.5752780326157001,0.47685810294967346,0.3752851757307907,0.48857690362677175,
2023-09-21,19742.349609375,16200.400390625,44623.8515625,27226.599609375,51672.6484375,32919.94921875,6806.60009765625,15306.7001953125,5038.25,565.25,,,-0.007991939166498319,0.008763032950692473,-0.016948053748895076,0.05583742969818162,-0.01676229324063483,-0.007574821045688962,-0.007787858215498211,0.04018961869789783,-0.004843603748316161,-0.004848395120128801,-0.0008877302239064244,0.06796442664455937,-0.005471863604148641,0.04000126830178119,-0.009928720072236885,-0.017447110099656604,-0.022828031857155318,0.10955122813363816,-0.012059816690786263,0.04414893413118559,0.006047041656553772,0.004922760688913314,0.005151907408560425,-0.8207680884891717,,,0.6416321608793415,0.8521735259370287,0.6233508872127673,0.5060664489684755,0.5699405943854633,0.5723787472470726,0.545643369636999,0.4810042674989502,0.5183731388640117,
2023-09-22,19674.25,16234.349609375,44612.05078125,27102.400390625,51608.5,32906.30078125,6761.7998046875,15069.099609375,5215.0498046875,561.5,,,-0.003449417659114995,0.0021239837459035016,0.002095578993815961,0.04831071564533662,-0.00026445008301156925,-0.005985834494034892,-0.004561686752363792,0.02940768677300243,-0.0012414389321961927,-0.011448816954583663,-0.0004145947312770293,0.06355031586410864,-0.006581889978254485,0.012571367401720268,-0.01552265236175876,-0.03999210132108766,0.035091510879273535,0.14965159828626873,-0.00663423264042462,0.05021972198610314,0.006025182477889321,0.0049385015394574315,0.005119418219766975,-0.8175968427741424,,,0.6286793682950033,0.8555783732203719,0.6253403585777506,0.4965565255020858,0.57191461712741,0.5737120833396807,0.5432608105695071,0.41306960472124127,0.5669024599194069,
2023-09-25,19674.55078125,16221.5498046875,44766.1015625,27105.5,51642.44921875,32648.599609375,6754.25,15017.400390625,5223.2998046875,570.0499877929688,,,1.5288066889551644e-05,0.006726219202809691,-0.000788439635432514,0.05029200830199532,0.0034531203688745737,0.00503573670834645,0.00011436659964902951,0.02598705859060968,0.000657822233740557,-0.0016663729162409435,-0.007831362558438637,0.05771858649609607,-0.0011165377422540645,0.004603423350379554,-0.0034308100742685976,-0.0361536899899384,0.0015819599637543202,0.1608622746277364,0.015227048607246108,0.06901076004307316,0.005530672101479886,0.004860341324683352,0.005072378576184397,-0.8333434662169724,,,0.6236026653284598,0.8460520877028926,0.645406160197983,0.47248168797271006,0.5475098938308446,0.603093422374502,0.5286217964075963,0.3981699809099438,0.5514960396089704,
2023-09-26,19664.69921875,16278.25,44624.19921875,27134.400390625,51912.8515625,32471.0,6775.2998046875,14981.650390625,5190.0,571.7999877929688,,,-0.0005007261720755274,0.01216773613717903,0.0034953624034193,0.058534566265667776,-0.0031698615424862187,0.009617789530153464,0.001066218687166831,0.029075305652738637,0.005236048015550443,0.010927629509582149,-0.005439731305473927,0.05359815531700973,0.003116527325387697,0.012924449758792145,-0.0023805718080419647,-0.024346299982091146,-0.006375242841243023,0.13921966745321845,0.0030699062143222378,0.07653198062778821,0.005295445200530022,0.004724561250927223,0.0050589515114720955,-0.8606985304098936,,,0.6120140255916194,0.8364362423700739,0.6506612460194501,0.4274560714009626,0.5409069133497812,0.6005268813621147,0.48906160414346117,0.4323808093766072,0.5457726255637552,
2023-09-27,19716.44921875,16283.400390625,44588.30078125,27231.44921875,52329.5,32594.650390625,6777.2998046875,15159.7998046875,5233.0498046875,576.0,,,0.002631619198663282,0.014505014325927768,0.00031639707124542227,0.06236850768595881,-0.0008044612145088337,0.011280128264702816,0.0035765974824537583,0.03244853660391467,0.008025920845407208,0.014051158127115881,0.0038080253341443715,0.050461021186334776,0.00029518988940036017,0.035342402931917816,0.011891174164228246,-0.009513020386365367,0.00829476005539509,0.15687132138877846,0.007345247108595521,0.0916326605682023,0.004893370716366054,0.0047417959764655074,0.0050512724058575514,-0.857226319720909,,,0.609911771051516,0.8323427345872892,0.6518334763152018,0.4392641618403982,0.5478699266917604,0.6323632452599336,0.4874644622074675,0.43676457911185146,0.5535220072693533,
2023-09-28,19523.55078125,16092.2001953125,44300.94921875,27062.75,51329.1015625,31879.599609375,6712.0,15023.150390625,5173.7998046875,570.4000244140625,,,-0.009783629666773708,0.003008003146673488,-0.011742031192857105,0.04325446971231761,-0.006444550643670999,0.008067800635682021,-0.006195014352517236,0.01962945171286745,-0.019117294021536613,-0.00938518065409788,-0.021937672982547674,0.021385937131877863,-0.009635076884504268,0.03514749909954773,-0.009013932625960397,-0.02439472029165224,-0.011322269462623269,0.14245965492052282,-0.009722179836697098,0.06926611933920257,0.005440518883043664,0.005092831626267893,0.0051442046527276734,-0.7865045822176943,,,0.6499147127560466,0.8394405280940215,0.652209680550582,0.5405814899002919,0.6246990282997731,0.6601084739292943,0.5270904913601565,0.4667031643621855,0.5745357375783731,
2023-09-29,19638.30078125,16184.400390625,44584.55078125,27321.75,51602.6484375,31784.400390625,6839.2998046875,15422.75,5258.2998046875,575.6500244140625,,,0.005877516917168757,0.01410003905190993,0.005729495916870109,0.05098627469681971,0.0064017039702608525,0.015793526379858758,0.009570350389372928,0.04015695817834297,0.0053292745571811295,0.00484674317844358,-0.0029862112421890075,0.023316050446895442,0.01896600189027109,0.055366068156392334,0.026598922262294877,0.0041866076244545525,0.016332290229599256,0.1447386128303867,0.00920406692722886,0.07779451549785654,0.00560229536591791,0.005098819242278565,0.005171593599951437,-0.7852982813533371,,,0.6526132781044937,0.8523248416065518,0.6487154127500837,0.5320652011731762,0.585139939232878,0.6836769719079455,0.5338288479591413,0.5112936225358701,0.5882831468810855,
2023-10-03,19528.75,15990.599609375,44399.05078125,26973.05078125,51320.8515625,31717.25,6798.0,15281.2998046875,5383.25,578.2999877929688,,,-0.005578424654468894,0.011320450900327073,-0.011974541939920202,0.03890718140399896,-0.004160634048106404,0.012496849909793273,-0.012762697072844942,0.025505531188501296,-0.005460899460253632,-0.0027960582243186094,-0.0021126838889433674,0.036374244269389955,-0.00603860129938949,0.04686077206138339,-0.009171528768377901,0.0006417054439642467,0.023762470751689246,0.16929306684866452,0.0046034278928479555,0.09072043470107571,0.0052254688139233224,0.0051839791420391565,0.005196256098634188,-0.7681414595887699,,,0.672297280844913,0.8550427164277732,0.6731978320464169,0.5584969169349422,0.5845118575832539,0.6938255195829713,0.5473779308188661,0.446977260029556,0.5609071920959202,
2023-10-04,19436.099609375,15782.599609375,43964.05078125,26738.44921875,51435.75,31811.5,6725.9501953125,15067.150390625,5230.89990234375,568.2999877929688,,,-0.004744307271330683,0.0021914446444204483,-0.013007642307425016,0.02301070866424837,-0.009797506756241359,-0.0008624430423617158,-0.00869762802890206,0.010433677033621525,0.0022388256235397197,-0.007012683642541373,0.002971569098834337,0.028247194406129106,-0.010598676770741444,0.02242951099950319,-0.014013821913029245,-0.017360800185971303,-0.028300765830353458,0.14349107057465305,-0.017292063308118166,0.06135021913723682,0.005326231390673991,0.005210961413767039,0.005226616759932708,-0.7627054500568208,,,0.6881532624051835,0.8579605578098876,0.6792054024303606,0.5243993238163018,0.5544459318911609,0.6959922534231326,0.5617581610744242,0.4981472513381808,0.5730228833994089,
2023-10-05,19545.75,15916.099609375,44213.3515625,26688.25,51384.55078125,32125.400390625,6709.10009765625,15021.400390625,5204.2998046875,569.9500122070312,,,0.005641584105285702,0.007697325400448873,0.008458682555736896,0.026322017066653824,0.005670559851057355,0.005003075755939834,-0.0018774169862775247,0.006264601712236528,-0.0009954014231347008,-0.014520017662224438,0.009867513025949792,0.039576213644912484,-0.0025052367571787304,0.011259525565546769,-0.0030364069391958237,-0.01837591167044106,-0.005085185752518706,0.1432368179883574,0.0029034391157924944,0.062150648785768814,0.006013049013752295,0.005308817164453719,0.005164456171580505,-0.7429908463772819,,,0.6994397774881547,0.861075967690421,0.6583718045731939,0.5218142921172592,0.5727152043212227,0.6783047400468549,0.5408860840571404,0.4700917754535947,0.5647871760610383,
2023-10-06,19653.5,15990.650390625,44360.6015625,26731.650390625,51577.8984375,32341.69921875,6744.39990234375,15128.4501953125,5218.25,587.5,,,0.0055127073660514725,0.010774531989302671,0.004683985591927842,0.03178136633939621,0.003330441932045014,-0.0026630338703166334,0.001626198444071747,0.013706804748672363,0.0037627585200288305,-0.005982125817890815,0.0067329535350513225,0.045841257377958966,0.005261481297593296,0.0179381487061141,0.007126486339736449,-0.01008014426222803,0.002680513390088457,0.12694225828895478,0.03079215267495039,0.09018365816327334,0.006493672481565473,0.005381134770146255,0.005165973872774431,-0.7284213098372534,,,0.704166794044223,0.8775964925964456,0.667256863222499,0.5470044741235492,0.5842789804844644,0.6828019985001912,0.5566491875552746,0.4549446032715698,0.5813980519923704,
2023-10-09,19512.349609375,15832.849609375,43886.5,26472.94921875,51502.8515625,32308.55078125,6647.14990234375,15103.849609375,5057.14990234375,582.8499755859375,,,-0.00718194675884698,0.006481267863457374,-0.009868315384001902,0.02416343621036665,-0.01068744664862209,-0.013702276361911903,-0.009677710432937858,0.011525924524015574,-0.0014550200235656785,-0.01026002656776226,-0.00102494421445809,0.038454442254994614,-0.014419370352906302,0.006709194367932714,-0.0016261140843840671,-0.005877700078918635,-0.0308724376287548,0.09926092866943814,-0.00791493517287234,0.07935180664062491,0.00686369301024665,0.005524817371224205,0.005229153069711407,-0.6994741553162405,,,0.7178445513807384,0.8929242780125282,0.6778441909062343,0.5536457124381944,0.5980654028306043,0.6991942666976512,0.5402016901806418,0.4930608423001898,0.5958316440507514,
2023-10-10,19689.849609375,16028.7001953125,44360.1484375,26751.900390625,51803.94921875,32569.44921875,6783.14990234375,15106.7001953125,5162.5498046875,606.2000122070312,,,0.00909680297624016,0.022010443943637936,0.012369888603093404,0.043290674246134975,0.010792577159263184,0.0029096767350649255,0.010537215539152323,0.02964793518610187,0.005846232725281508,0.00576911073863795,0.008075213254424618,0.0535313758627769,0.020459896647140097,0.040464126137716994,0.00018873241002936858,0.0054242205721442005,0.02084175956399914,0.13940937031449518,0.04006182997197527,0.13744253367526915,0.006758913540081088,0.005614490821393051,0.005268522475085583,-0.6814080067429577,,,0.7270631354900071,0.9003176331747964,0.6827569904742382,0.54427192127797,0.5943578875634288,0.7107896514892416,0.4943529576214427,0.49247564359725143,0.6196429990692092,
2023-10-11,19811.349609375,16175.7998046875,44516.8984375,27002.5,52254.44921875,32548.05078125,6812.14990234375,15176.599609375,5124.89990234375,611.2999877929688,,,0.006170692128707245,0.02617308085689629,0.009177263757046195,0.045269046037220706,0.0035335769946949203,0.000500060137147873,0.00936754420118957,0.03792692091419814,0.008696248197173073,0.016805506518106306,-0.0006570094985727248,0.05766147588839177,0.0042752998853792246,0.04268135643433668,0.004627047148535457,0.0009761245286277198,-0.007292888934372077,0.12267519813796568,0.008413024551698234,0.13635091350775652,0.00679331844280661,0.005697123904024414,0.005288729046413257,-0.664760252640984,,,0.7343342455222004,0.9030591868981566,0.691858737854812,0.5678277161051442,0.5874947896074328,0.7067496111603064,0.5031407405695215,0.461886069786551,0.6172303872080127,
2023-10-12,19794.0,16301.7001953125,44599.19921875,27176.05078125,52363.94921875,32003.650390625,6863.0498046875,15186.2001953125,5120.2998046875,610.2000122070312,,,-0.0008757409120068171,0.023334424200406323,0.007783255983949244,0.04639607331480611,0.0018487537123805797,0.002336186868261203,0.006427211600777749,0.04296025674227688,0.002095515341509202,0.022273145002086103,-0.016726052023324667,0.036856014312853125,0.007471929284209811,0.03723149033554862,0.0006325913699118946,0.004305281204360245,-0.0008975975616901666,0.12721099506414002,-0.0017994039062700917,0.1154373929681205,0.006210241468689813,0.005702507594527659,0.005288355210645524,-0.6636756222144635,,,0.7218479405529403,0.8987839178850607,0.6824742155461062,0.5723299281079277,0.5590783638448384,0.7023486208386054,0.5051008373367695,0.46833182162625353,0.6215002690571401,
2023-10-13,19751.05078125,16444.94921875,44287.94921875,27201.349609375,52520.69921875,31807.94921875,6820.7998046875,15235.0498046875,5048.9501953125,612.7999877929688,,,-0.0021698099802970328,0.020860711814602473,0.00878736706731309,0.04891215316149977,-0.006978824854531163,0.0012512864786349276,0.0009309236404009269,0.0478560960719836,0.00299347169834685,0.019551136006461967,-0.006114964058360317,0.022635387179197775,-0.006156155237448946,0.02141423884849325,0.0032167104836453575,0.007242722864533313,-0.013934654628949938,0.11518624777803965,0.004260857971034149,0.104542179661409,0.005811440399276517,0.005727388809336517,0.005290507906692728,-0.6586629041516008,,,0.7033712046032907,0.9053650643137325,0.6823864787368046,0.5707228258876342,0.572971540903537,0.7125113211002538,0.4956609857149267,0.4755956678182497,0.62569635234515,
2023-10-16,19731.75,16519.349609375,44225.8984375,27258.05078125,52401.94921875,31750.400390625,6882.7998046875,15164.75,5085.5498046875,610.7000122070312,,,-0.0009772027556287366,0.024823629587745755,0.004524209204621377,0.05418545392543206,-0.001401075966365406,0.005382009163836798,0.002084498478540864,0.059678287642889405,-0.0022610133103027064,0.025626011202993793,-0.0018092593058806061,0.018787160961891924,0.009089843093971428,0.03355428138699201,-0.004614346890147392,0.004560815028811227,0.0072489543289573355,0.13841994590344164,-0.003426853178474576,0.09366043249702205,0.0057173840831346665,0.005641206975309963,0.005293245573263698,-0.6760256108937869,,,0.7028111248544531,0.9035681827984141,0.6686581596949803,0.553040849866374,0.589253123145679,0.702264494318097,0.4982557904607256,0.45668961327895724,0.6459325473118328,
2023-10-17,19811.5,16522.75,44409.5,27510.25,52665.30078125,31794.900390625,6902.0,15211.9501953125,5113.25,610.9000244140625,,,0.004041709427698992,0.01935649069619405,0.00020584288760794323,0.03732037961374646,0.004151449014867747,-0.0005986475312778072,0.0092522836931348,0.04471021391149743,0.005025606230803614,0.027806145163493667,0.0014015571284933248,0.00890231861762869,0.0027895908434565353,0.007444168734491274,0.0031124941270050943,0.013332871023399973,0.005446843778222021,0.1265890629394042,0.0003275130228153067,0.08382861341861614,0.00556464552519859,0.0054404344465837865,0.005264613337917337,-0.7164744430349741,,,0.6688842137680087,0.8974400295231763,0.6367507974856966,0.5659611012431657,0.5591840107295816,0.6685128733647072,0.5652718148883198,0.4442606706897364,0.6435892649272767,
2023-10-18,19671.099609375,16535.400390625,43888.69921875,27246.400390625,52442.05078125,31606.650390625,6863.39990234375,15331.2998046875,5027.9501953125,608.0499877929688,,,-0.007086812741337156,0.00728661374136319,0.0007656346930746682,0.0371183920663698,-0.01172723811909615,-0.015469444783997921,-0.009590956438963683,0.023029641418579327,-0.00423903398800074,0.024824259112693925,-0.005920760804003278,-0.017326815943364382,-0.005592596009308948,-0.02050076799049616,0.007845779656297847,0.018515087263659247,-0.016682111120618015,0.0815587692639923,-0.004665307754451842,0.06647366790496179,0.005540948352338061,0.005559285286442325,0.0052953683500473895,-0.6925300433614825,,,0.6579231638318791,0.9042731019099921,0.6476657919813336,0.5976214812045805,0.5729878549106199,0.6672337280654546,0.5002266286962507,0.45519455946746584,0.6376936144320451,
2023-10-19,19624.69921875,16618.0,43754.5,27089.05078125,52516.3515625,31540.05078125,6803.2998046875,15273.400390625,5029.25,605.9000244140625,,,-0.0023588102112444,0.0025440143822570427,0.0049953195824536945,0.042354675322638924,-0.0030577169325781695,-0.017462630139918223,-0.00577506045272469,0.012939863936357154,0.0014168168510406698,0.018776556005450917,-0.002107139116353629,-0.025497986426194053,-0.008756607295420271,-0.03350548019693711,-0.0037765495946271432,0.003623964031672422,0.0002585158239458707,0.07391469221787239,-0.0035358332736917797,0.051544622661965356,0.004380167380420814,0.005564477159004884,0.005283860842244407,-0.6914840577223427,,,0.6516907445055504,0.9080255844192063,0.6489498954226242,0.5926940735053902,0.5711715433800992,0.6680524383661411,0.5020317362516635,0.45378015004202216,0.6373413365300572,
2023-10-20,19542.650390625,16497.849609375,43723.05078125,26955.69921875,51823.3515625,31469.349609375,6712.75,15107.150390625,4950.2001953125,599.3499755859375,,,-0.004180896084593599,-0.003487849345145566,-0.007230135432964246,0.03621572485671676,-0.0007187653555634776,-0.015448427396903663,-0.004922710787352513,0.00506336064441415,-0.013195890030084367,-0.004638445952546255,-0.002241631516872178,-0.026087624573120527,-0.013309689016660853,-0.038797512455411964,-0.010884936932711198,-0.01616050596333829,-0.0157180105756326,0.06773946045402579,-0.0108104448988251,0.05029343721021262,0.0034053848622604913,0.005607872110597665,0.0053058363752052674,-0.6827414517299397,,,0.6648353478675345,0.9066197807685454,0.6529820956775632,0.602979117985067,0.5726855895008359,0.6885434133715715,0.5147444238616009,0.4781691917276136,0.6620234115539174,
2023-10-23,19281.75,16277.849609375,43151.19921875,26449.650390625,51421.6484375,30848.400390625,6494.0,14911.650390625,4763.7998046875,584.4000244140625,,,-0.013350307425555652,-0.022573104626123164,-0.013335071249224173,0.017629573100932605,-0.013078949256332129,-0.03848520018264656,-0.018773351936387517,-0.02265833892590452,-0.007751392237060117,-0.008320681155011722,-0.019731873281709444,-0.04930756842831052,-0.03258724069867047,-0.06978075376668269,-0.012940891891916384,-0.02577395294911189,-0.037655121665889024,0.015454139155113955,-0.02494360854400568,0.009152217322686562,0.005420845836352998,0.005985525572234054,0.005470536651873564,-0.6066571309606265,,,0.6957868368831579,0.9115597486622643,0.691621602068769,0.6659895448775506,0.6367028383440919,0.7534691943921918,0.5816501004797265,0.544732825113595,0.6919426101726109,
2023-10-25,19122.150390625,16210.4501953125,42832.0,26328.5,51216.8515625,30530.5,6503.64990234375,14800.150390625,4772.0498046875,578.7999877929688,,,-0.008277236732921023,-0.035206892834259707,-0.004140560066587806,0.006678908897065128,-0.007397227065042977,-0.05147439826754896,-0.004580415575849761,-0.040438396666581666,-0.0039826975840518974,-0.010843330319432076,-0.010305247163532427,-0.058155562757741475,0.0014859720270634647,-0.06796457482009854,-0.007477374876633358,-0.029533323049380278,0.0017318108103288044,0.013949070139801956,-0.009582540019070884,-0.021305438114544217,0.005616590803577673,0.0060468708833964465,0.005541947544811443,-0.5942981383753376,,,0.6898972186465429,0.9091064798751112,0.6777480734124917,0.6857701880164456,0.6588057979254615,0.7272810481756494,0.6124314656784596,0.5332260940261857,0.6845875802936482,
2023-10-26,18857.25,15953.0498046875,42280.1484375,26045.0,50941.1015625,30225.650390625,6398.0498046875,14648.5498046875,4726.25,571.8499755859375,,,-0.013853064912347501,-0.056965377762796754,-0.01587867008773336,-0.0257649877155518,-0.012884095127474793,-0.07220759912975194,-0.010767799153009072,-0.060310414442383053,-0.005383970150205419,-0.024846340033725656,-0.009985084075760264,-0.0740484986819332,-0.01623705138528353,-0.09942431554609199,-0.010243178747259885,-0.04320068858404924,-0.009597511878964848,-0.02628842982148616,-0.012007623278522228,-0.04148508382973426,0.0062998088382521245,0.006165206442716468,0.005723851236809127,-0.5704575501950833,,,0.6901640956771343,0.9062099742322934,0.6655926130481271,0.656341871854169,0.6494496840161762,0.7098406895068662,0.6297799660881791,0.48376808886093103,0.6828682833042311,
2023-10-27,19047.25,16169.150390625,42782.0,26522.650390625,51395.0,30599.69921875,6453.10009765625,14738.5,4920.5498046875,583.0,,,0.010075700327460302,-0.047313549392479004,0.013546035935649403,0.00616678772884649,0.011869673618621679,-0.059970786821213706,0.018339427553273113,-0.018591946968280593,0.00891025956600311,-0.012885563442362358,0.012375211890924831,-0.07211494156479326,0.008604230140318414,-0.06673604501603625,0.006140552922427656,-0.038499827159339195,0.041110775919068976,0.03849601766578248,0.01949816366196,0.009961022087483729,0.008121999371074688,0.00653870448299771,0.005769175352894112,-0.4952104054176084,,,0.777133115530705,0.9170824190342663,0.8233566370129948,0.6932619288538777,0.7032288054241816,0.7887640036745702,0.6370980089217785,0.5688228236190792,0.7868083239349806,
2023-10-30,19140.900390625,16023.4501953125,43039.1484375,26840.900390625,51180.69921875,30641.0,6467.9501953125,14775.599609375,4927.39990234375,595.4500122070312,,,0.004916740769664862,-0.046292955125809665,-0.00901099883374068,0.0017191851477544873,0.006010668914496753,-0.06252091519489922,0.011999177884292056,-0.015928273146705085,-0.004169681510847401,-0.019970822605359984,0.0013497120005903085,-0.0682859414930167,0.002301234667294816,-0.06850859615930271,0.00251719030939368,-0.043585523768586376,0.0013921407013752773,-0.002257728034486317,0.021355080972609297,0.02460636185533427,0.008972464545342066,0.006572388602304002,0.00577575546378048,-0.4884242016660874,,,0.745480485267516,0.9222120923296216,0.8245878538462909,0.6543558895405435,0.7139389487090495,0.7844379285743954,0.6288354425612925,0.5494340143959852,0.7938941231427658,
2023-10-31,19079.599609375,15916.2001953125,42845.94921875,26785.05078125,51262.6015625,30582.25,6452.4501953125,14683.650390625,4934.39990234375,603.0,,,-0.0032026069828995363,-0.05091254681555146,-0.006693315028455937,-0.015674438790553413,-0.004488918246850493,-0.06858356392519227,-0.0020807651219668655,-0.023176047960150825,0.0016002583981891139,-0.01688806343768312,-0.0019173656212264634,-0.07453831861518168,-0.00239643156362479,-0.08435620134657229,-0.006223044829372526,-0.05201328815513584,0.0014206275396220214,-0.016983256135093328,0.012679465342497531,0.02333474756045817,0.008954567765954305,0.00655041034554082,0.005777958198137271,-0.49285207247196994,,,0.7449141605107125,0.9216446529628552,0.8232055335588705,0.6551728549573749,0.7100948684388887,0.7935874329949487,0.6265152936462522,0.5426180236380548,0.7762349697530018,
2023-11-01,18989.150390625,15835.650390625,42700.94921875,26679.19921875,51087.80078125,30344.849609375,6359.89990234375,14735.25,4950.0498046875,612.3499755859375,,,-0.004740624572936891,-0.05958688523258204,-0.005060869032749604,-0.03592825692240553,-0.0033842172397605674,-0.07636677982003615,-0.00395188955826431,-0.024103721812174017,-0.00340990850877676,-0.015557285807214383,-0.0077626855651562465,-0.09024723696619685,-0.014343433915380732,-0.09606582351780979,0.0035140859392801538,-0.054435594926666386,0.0031715918153121248,-0.019063699838989367,0.015505763824108731,0.043274491610278965,0.008959141241628379,0.0064666555616957775,0.0057971222817511615,-0.5097258111964046,,,0.7403943552307184,0.9174967040996583,0.8475072789811661,0.6955806313879829,0.7012333310259989,0.8005225509455444,0.6000866943659899,0.5370703603194505,0.7716498352424158,
2023-11-02,19133.25,15948.650390625,43017.19921875,26960.80078125,51589.0,30582.75,6448.9501953125,14834.4501953125,5024.2998046875,627.7999877929688,,,0.007588523257266999,-0.049671476729803765,0.007135797849319614,-0.03714402921356763,0.00740615854649751,-0.06443370831075634,0.010555098006918229,-0.020896073308047436,0.009810545983297558,-0.011678503719493194,0.007839893546597088,-0.07687257580102325,0.014001838761005247,-0.07313369508449863,0.006732169139478383,-0.04315168504893663,0.014999849078223049,-0.036992315416989885,0.025230689675863394,0.08447048076807495,0.008835630821313297,0.006697012885533646,0.0058290696214213945,-0.4633166496267012,,,0.7703684460896605,0.9231109302905274,0.874976048253546,0.7350278359794025,0.7208957380740878,0.8184262727468972,0.615576898098671,0.5972752478911685,0.7979186461225669,
2023-11-03,19230.599609375,16045.400390625,43318.25,27085.80078125,51901.5,30779.94921875,6479.14990234375,14882.349609375,5055.35009765625,643.75,,,0.005087980838331285,-0.03370621001957208,0.00606634402475037,-0.026353565217432484,0.006998381733759551,-0.0455297940570083,0.004636360804495476,-0.01291895459987924,0.0060574928763883484,-0.0004361831283041795,0.006448053845713675,-0.06583619788749129,0.004682887309813699,-0.05331637155735325,0.0032289308624080526,-0.03737665610000984,0.00618002391891137,-0.019511456442637853,0.025406200250343236,0.12514196020399182,0.008454565569747203,0.0065398216620788045,0.0058174545266677785,-0.4949853318509729,,,0.7860542084516411,0.9196382215796438,0.8945095092741675,0.7400342564294272,0.742354148835343,0.8087709698041675,0.6365621618379667,0.5947066716833275,0.7979820071165312,
2023-11-06,19411.75,16172.75,43619.3984375,27448.900390625,52075.69921875,30972.94921875,6567.10009765625,15072.2998046875,5000.4501953125,651.5,,,0.00941990339899168,-0.016745707371021767,0.007936829638069298,-0.0017067720524365226,0.006951999157398969,-0.02250933278570022,0.013405533486252175,0.008164838225830362,0.003356342663506817,0.0078000797992288096,0.006270315737961996,-0.05914346911844748,0.013574341794543976,-0.03518643618896722,0.012763454716373746,-0.015313580826309181,-0.01085976268373634,-0.007502566305264691,0.012038834951456412,0.15258735072976548,0.005905924659624171,0.006680189874112429,0.00589469955047364,-0.4667059139319496,,,0.7861661370338716,0.9327635756116727,0.9001592010213373,0.7265212302224526,0.7728564548044167,0.8261130245909135,0.6519113994484326,0.5158335226783788,0.7800562869408167,
2023-11-07,19406.69921875,16143.75,43737.8984375,27508.349609375,52130.0,30981.599609375,6576.85009765625,15271.75,5023.5,642.7999877929688,,,-0.000260191958478706,-0.013599033317661435,-0.00179313969485706,-0.005580735388541869,0.0027166812070962276,-0.01959453395308597,0.0021658142185654317,0.01497834925685848,0.0010427278378328797,0.010104924576378016,0.0002792885677080914,-0.05849035370671907,0.0014846735781413045,-0.027352141792638784,0.013232897294842116,0.013448075590324127,0.004609545898308864,-0.03673019661582655,-0.013353817662365652,0.1447907173516807,0.005456439450811243,0.00665765078924965,0.00585652021849316,-0.47124677251461905,,,0.792876363169373,0.9337593960327971,0.8991248799380486,0.7260171285475107,0.7781649447955891,0.8243992255036608,0.6385477779440799,0.5916895864355103,0.7582469445376201,
2023-11-08,19443.5,16220.7998046875,43658.6484375,27622.849609375,52455.19921875,30917.19921875,6626.2998046875,15497.25,5022.0498046875,652.5499877929688,,,0.0018962926582819506,-0.011743636935802049,0.004772732771970656,-4.6234793162791554e-05,-0.0018119297641436827,-0.024738654614671618,0.0041623725750881135,0.01908651784231985,0.0062382355409553725,0.015738021962461657,-0.0020786657705534894,-0.053031383010002986,0.007518752335388124,-0.01894365700299816,0.01476582578944785,0.03195290775323256,-0.0002886822558972879,-0.03852928369522157,0.01516801522270761,0.14472415010376682,0.0053694690544550455,0.006670880566285908,0.005798789863521959,-0.4685814226582413,,,0.7939371085767685,0.9339922150756051,0.8997825895954267,0.7253204584479195,0.7847695327363485,0.8240572678201035,0.6333089144745345,0.5910371722902954,0.7635318334198238,
2023-11-09,19395.30078125,16355.2998046875,43683.6015625,27541.80078125,51983.0,30717.69921875,6599.64990234375,15491.849609375,5012.10009765625,660.5999755859375,,,-0.002478937369815082,-0.013699596139417847,0.008291822944583194,0.004733297786156276,0.0005715505608407945,-0.021078196868903887,-0.0029341226293138067,0.015014165957607073,-0.009001952633538202,0.001351273054525759,-0.006452719037984944,-0.05399589730066834,-0.004021837696642994,-0.02592503762301801,-0.00034847412444138914,0.034054940907529474,-0.0019812043723587136,-0.03427743783116566,0.012336200970894495,0.1552990375808132,0.005252557764145188,0.006681963233095252,0.005682609442649309,-0.46634864244527063,,,0.7725329355509307,0.9316019126101981,0.9001608829857338,0.7220884416358929,0.7876033436369555,0.826324339654092,0.6350278729274551,0.5915054613488936,0.7538768128725496,
2023-11-10,19425.349609375,16286.7001953125,43820.1015625,27738.0,52076.05078125,30639.05078125,6646.0498046875,15516.5,5025.5,662.0999755859375,,,0.001549283945833313,-0.014764301936180724,-0.004194335181513353,0.0002026483786150557,0.003124742354512655,-0.017228717069053157,0.007123688836046194,0.018601682825650556,0.001790023300886734,-0.004843333468693589,-0.0025603622504380974,-0.05999756358600117,0.00703066117602269,-0.019366119809134164,0.0015911844774223471,0.023529347346803675,0.002673510521072009,-0.03966134709850988,0.0022706631175235525,0.14947912428114152,0.004284378525835076,0.006667724198214126,0.005638077265869995,-0.4692173234118021,,,0.7653915760900291,0.9350015151611937,0.8977451673926846,0.7243473110498003,0.783849208113736,0.8273568038524739,0.633439589797785,0.5888028338292558,0.7511090105931671,
2023-11-13,19443.55078125,16365.2998046875,43891.25,28066.25,52025.6015625,30635.849609375,6714.10009765625,15497.150390625,5177.85009765625,663.4500122070312,,,0.0009369804014345284,-0.004097615279943345,0.004825999645871937,0.01697093039238662,0.0016236483933869117,-0.009248091202899045,0.011833946210974222,0.037080488863844296,-0.0009687604569308395,0.013569300431879094,-0.00010448012563624154,-0.03901397806872842,0.01023920899911901,0.00031288701672371744,-0.0012470344069216432,0.03155130499763836,0.03031541093547907,0.0007828468672252953,0.0020390223091293347,0.16313110766177363,0.0038824967766071597,0.006434797908432326,0.005627461032394641,-0.5161440441959151,,,0.7476460255448057,0.9379882007757374,0.8848947868690937,0.7141273465079089,0.7733201759667307,0.8197512374919829,0.6113056583700002,0.559013567561975,0.7395971153531169,
2023-11-15,19675.44921875,16648.5,44201.69921875,28352.5,52383.44921875,31429.349609375,6792.39990234375,15516.25,5201.2001953125,683.0499877929688,,,0.011926753508604282,0.0018916319651987035,0.01730491947549795,0.028675737016728542,0.00707314598581732,-0.008587090276594322,0.010199082527947212,0.03772635354616738,0.00687829925080452,0.015131021466770145,0.025901028047780272,-0.011170598686351951,0.011661995434776529,-0.00685741284679553,0.001232459445354106,0.006062472645928851,0.004509612525634754,-0.010858948994140416,0.02954250542665049,0.1865716300250757,0.0053003571315102145,0.0067176757903106635,0.005765025857245095,-0.4591537774838952,,,0.7732465398070976,0.9307843767794535,0.8783164535886214,0.7210248919528547,0.8067127216964062,0.8214582446076374,0.5957506594641859,0.5305936330837585,0.7666654043607741,
2023-11-16,19765.19921875,16788.900390625,44161.55078125,28447.80078125,52305.75,32273.349609375,6792.39990234375,15651.099609375,5188.89990234375,689.3499755859375,,,0.004561522280999375,0.012107749791973266,0.008433215642550396,0.0499231298857592,-0.000908300771454762,-0.005349213458867408,0.003361283176086749,0.0546749424809283,-0.0014832780183209326,0.019190999516065288,0.026853880544452702,0.01753303358188374,0.0,-0.0008237860629964899,0.008690863409329008,0.024199499349791154,-0.002364895121675037,-0.03610274418915149,0.009223318798855296,0.19202834192817697,0.00463997808192098,0.006677881714047873,0.005760198616829349,-0.46717092963702916,,,0.7720803576880556,0.9220991991282114,0.8783032094517942,0.6972180914524567,0.7602934591535543,0.814478256880121,0.589556773945633,0.5972192018136453,0.7729110032416532,
2023-11-17,19731.80078125,16905.5,43583.94921875,28312.650390625,52756.1015625,32191.349609375,6803.89990234375,15804.5,5064.9501953125,692.7000122070312,,,-0.0016897597201204206,0.0152140181321343,0.006945041465616697,0.07114799959557905,-0.013079286218029229,-0.008645735680528066,-0.0047508203415878025,0.05887406404897666,0.008609981933152655,0.025669919511234873,-0.002540796074547491,0.01194063811436119,0.0016930687482095141,0.011589397002311319,0.009801253231633167,0.0489375621971484,-0.023887473137661375,-0.03172488675550733,0.004859703691504791,0.2188985167801576,0.004814524421748423,0.006619411853038589,0.005689547246869664,-0.47895061686958196,,,0.7612467347130784,0.8910521579380007,0.8752490460341341,0.6726183879589201,0.7765061874690365,0.8068011601649836,0.5541990901954704,0.581148044433209,0.7704958234017195,
2023-11-20,19694.0,16777.30078125,43584.94921875,28287.19921875,52550.1015625,32383.19921875,6771.5498046875,15806.75,5070.25,691.0,,,-0.0019157289123818977,0.00758476906744443,-0.007583284655881206,0.05410880762317727,2.294422643944749e-05,-0.014212954267031508,-0.0008989328630083504,0.05991210434367189,-0.003904761608587659,0.02268290300350939,0.005959663440737728,0.008024766228290625,-0.0047546404445347745,0.009308209166988934,0.00014236451643512282,0.052282050205195496,0.001046368568915934,-0.025757510081713897,-0.002454182441277597,0.21238702552917577,0.005087028419169873,0.006561513483994361,0.005693047130083953,-0.4906151679193549,,,0.7510761447415162,0.8859292022248304,0.9007626504933329,0.6904134288529521,0.7583992154139337,0.8247600025790224,0.584026744250853,0.5927179216251613,0.7873633346783344,
2023-11-21,19783.400390625,16860.099609375,43689.1484375,28356.25,52466.19921875,32325.69921875,6854.2001953125,15968.900390625,5052.5,698.7999877929688,,,0.0045394734754240496,0.006609529632126687,0.004935169799037853,0.05437234868568819,0.0023907156166922405,-0.015136249314698369,0.0024410610861831383,0.06077438488215292,-0.0015966162053980826,0.017222508247915602,-0.001775612088589007,-0.000494717358286656,0.012205535366185627,0.01628021685525982,0.010258300449175195,0.055554282458682325,-0.0035008135693506137,-0.031763522253629106,0.011287970756828969,0.18944678773271284,0.004775701244837623,0.0065370732723912745,0.0056949239615164335,-0.4955390388438309,,,0.7525145928175784,0.8854030047223543,0.906486029888607,0.670838794343249,0.7437330248607125,0.8265726254416426,0.5836175677087194,0.5852598223469117,0.787855322413335,
2023-11-22,19811.849609375,16972.19921875,43449.6015625,28504.650390625,52691.19921875,32564.400390625,6792.64990234375,16069.7998046875,4995.0,693.9500122070312,,,0.0014380348265852216,0.015349253472585422,0.006648810622249757,0.0719611211806348,-0.005482983385283524,-0.009955189807799636,0.00523342792594228,0.07674631017068578,0.004288475310778583,0.02307343419243324,0.007384253941722818,0.007918944155287821,-0.008979938025569068,0.021889080604109434,0.006318494798911445,0.06395390713589544,-0.011380504700643224,-0.012289511591291102,-0.0069404345601883355,0.19061515188261824,0.0047809105011835645,0.00638731146348009,0.005687054590978082,-0.5257109468645285,,,0.7374442431965621,0.8669327982929101,0.9015649258650223,0.6720752958490962,0.7537937428164643,0.8010211519198138,0.5790517010058784,0.5482331359606178,0.7639120909698618,
2023-11-23,19802.0,17033.55078125,43577.5,28594.849609375,52823.05078125,32370.650390625,6828.35009765625,15817.4501953125,4994.14990234375,701.0999755859375,,,-0.0004971574875239915,0.0056958480054414284,0.0036148269124853805,0.06269070939584753,0.0029436043807220535,-0.017643052718876562,0.003164368533341788,0.06889040374103095,0.0025023450681509463,0.019672275528583638,-0.005949748734074056,-0.006103843721451452,0.005255709601665437,0.006663599649608498,-0.015703344935348307,0.04704865991982432,-0.00017018972097093688,-0.032619521111611594,0.010303283022024212,0.15654893016811045,0.004904590531066264,0.006180296445801425,0.005686003605667257,-0.5674174280943854,,,0.7197233390283158,0.8504067228990222,0.8983401088006867,0.6578891902954562,0.7467168537087361,0.7804033740512615,0.566035483647383,0.5153470975386532,0.7476140001368282,
2023-11-24,19794.69921875,17040.349609375,43769.1015625,28558.75,52576.8984375,32055.150390625,6874.25,15954.5,4977.2001953125,702.9500122070312,,,-0.00036868908443588033,-0.0008404470646018458,0.00039914332673873787,0.053447113288145776,0.004396800240950016,-0.01679804526476336,-0.0012624514508082774,0.05763355244884738,-0.004659941826710479,0.006170751458888235,-0.009746483193657784,-0.015143776010972276,0.006721960896455048,0.009116079144835698,0.008664468861619312,0.0512565667308289,-0.0033939123499868717,-0.028820017921462826,0.00263876292328713,0.14992642932147726,0.0027425988427314464,0.006077195853296308,0.0056293476369271,-0.5881886889155513,,,0.7107733603959998,0.8389023806562718,0.8936343629326611,0.6359946827595426,0.7516589062888855,0.7758171628216771,0.5538815909262108,0.5411381552147949,0.7518811855020553,
2023-11-28,19889.69921875,17202.75,43880.94921875,29252.94921875,52489.5,32118.5,7001.64990234375,15900.2998046875,5044.35009765625,706.9500122070312,,,0.004799264638990497,0.004834758954733731,0.009530343822033549,0.05527336375297809,0.002555402150311137,-0.016104549242624944,0.024307759224405867,0.07642385033122423,-0.0016622973225378646,0.002397656844511653,0.0019762692922360436,0.003588640919807151,0.01853291665909018,0.020195117564437037,-0.003397172917515401,0.047022928724159696,0.0134915011871517,-0.014833058595850157,0.005690305043798638,0.15855456909950738,0.002796912431818413,0.006137349590736427,0.005596644582713745,-0.5760697578854059,,,0.7292507385306984,0.8436881402914802,0.8588996292797925,0.6231710262961461,0.7769603499093125,0.7840202593576697,0.5275114757405704,0.552587156030659,0.7467705344785807,
2023-11-29,20096.599609375,17482.44921875,44566.44921875,29311.849609375,52725.44921875,32608.400390625,7016.39990234375,15990.099609375,5097.0498046875,703.4500122070312,,,0.010402389113554511,0.017495212378930036,0.016258982938774258,0.0630892796444198,0.015621813388373429,0.006288392325966896,0.0020134855526718898,0.0775880620008873,0.004495169867306803,0.0038984629497640366,0.015252903797655648,0.025165129835002187,0.002106646319899985,0.028677003175173965,0.005647679967708985,0.0495600483337566,0.010447273882860708,0.009526655545078588,-0.004950845094511491,0.14792758847881715,0.00427429313927828,0.006395247615072404,0.005697888374189554,-0.5241120823901843,,,0.7766020814731933,0.8583834005158609,0.8192232528407356,0.6434732304688198,0.7934604565943312,0.7549192304061308,0.5343532154236803,0.55934256001753,0.6684820280394396,
2023-11-30,20133.150390625,17551.849609375,44481.75,29294.900390625,53013.80078125,32582.19921875,7017.4501953125,16238.900390625,5041.0,713.5999755859375,,,0.0018187545137213768,0.020342868251675528,0.003969717844257703,0.06250246071516274,-0.0019005153032107813,0.005785107177903148,-0.0005782377767310498,0.07472469787810687,0.0054689256663071895,0.011676122198161831,-0.0008035098796975726,0.02619805791081009,0.00014969114978735654,0.01956331644766096,0.015559676757993968,0.07083205398209658,-0.01099651893453224,-0.008760076372949288,0.014428833894055026,0.1684951061439024,0.0038217113518714857,0.006391871177889329,0.005684279333672604,-0.5247923195806006,,,0.7815919337998192,0.8544145679589871,0.8155024070133159,0.6386192832602386,0.7910414864931115,0.7692027761792009,0.5189385881064121,0.5558465932841151,0.6665372821474435,
2023-12-01,20267.900390625,17489.05078125,44814.19921875,29559.75,53851.44921875,32598.69921875,7087.0,16257.0498046875,5134.5498046875,723.0499877929688,,,0.0066929416105065975,0.023037144619286742,-0.0035779037265369906,0.058483047994431825,0.0074738340724005425,0.009112897437485223,0.009040809350550294,0.07449950473005518,0.015800573155589692,0.02252238988298516,0.0005064114883475135,0.025280746857191172,0.009910979451476232,0.026803824978267166,0.0011176504335834725,0.06870253951377281,0.018557787083415933,0.004165609873857168,0.013242730563817418,0.18358153363387664,0.004031990402241406,0.006457779981652795,0.005675223434602203,-0.511513938534303,,,0.7505049977634699,0.8575760896319898,0.8176179784583671,0.6354025703192402,0.7808475930708865,0.7759634570646409,0.5073401149549333,0.5696677011983436,0.6832975137523116,
2023-12-04,20686.80078125,17687.25,46431.3984375,30330.5,54237.69921875,32665.55078125,7202.60009765625,16228.400390625,5332.39990234375,737.75,,,0.020668169003769332,0.0516341837540657,0.011332760206888448,0.06965961405011156,0.03608675926252802,0.05793516928074549,0.026074307123707063,0.11319291962090472,0.007172508922294929,0.0342406219960798,0.002050743253630971,0.03350245525982998,0.016311570150451482,0.049421598644815656,-0.0017622763297581168,0.05851432020546721,0.03853309543820682,0.06055145639968451,0.020330561448318907,0.21330485126362997,0.007487612379096521,0.0072334909133073165,0.005933461602902802,-0.35523458366613453,,,0.7514031162642424,0.8771934711118338,0.8467435132209672,0.6227822883123222,0.6847462179424676,0.7756286319803559,0.43952235209264473,0.640757991849799,0.6719250965487981,
2023-12-05,20855.099609375,17792.099609375,47012.25,31311.900390625,54110.8984375,32479.150390625,7423.39990234375,16229.650390625,5407.4501953125,734.3499755859375,,,0.008135565760247543,0.06269652221978728,0.005927976897200038,0.07065228122367317,0.01250988731864,0.07445519889382801,0.032356881377656244,0.15588769217036913,-0.002337871684759185,0.030362864661348743,-0.0057063293337148435,0.029774828705516176,0.030655569057533638,0.09114696036605618,7.70254596824671e-05,0.06260884777085773,0.01407439320816195,0.07520011837003526,-0.004608640344374804,0.2119985905200994,0.006884147894728053,0.007283776496209815,0.005969756283438502,-0.34510374995671317,,,0.7643046677494479,0.8790204525725777,0.8094852321728859,0.6005986092335361,0.6491387561053273,0.7571854933102607,0.4187819693358307,0.6495588196028296,0.6256291720020587,
2023-12-06,20937.69921875,17788.400390625,46834.55078125,31797.25,54662.55078125,33022.6015625,7425.35009765625,16169.5498046875,5441.7001953125,732.2000122070312,,,0.003960643244200535,0.07138483267316875,-0.00020791355889504537,0.0782253937214119,-0.003779849268009894,0.07116383565197881,0.015500483947640475,0.1796113965347368,0.01019484724296671,0.05478609802621248,0.01673230873772691,0.04935761216565693,0.00026270918152793143,0.10615620984786411,-0.0037031349715467288,0.07032427602771407,0.006333853990867944,0.09928891370199877,-0.00292770947148302,0.2216568649914712,0.006227854917819977,0.0071945624093298355,0.005979771004470194,-0.36307735245966904,,,0.752067778290646,0.8698775555282325,0.7987142233931518,0.5845769545130391,0.6350649919807481,0.7463998652605506,0.38291456536987256,0.6385692481707759,0.5997015831838436,
2023-12-07,20901.150390625,17867.349609375,46841.3984375,32188.80078125,54173.1484375,32961.6015625,7369.85009765625,16294.2001953125,5468.89990234375,734.7999877929688,,,-0.0017455990623970186,0.08398617296796185,0.004438241607806814,0.09764803325646598,0.00014620949994759158,0.08551788329318422,0.01231398253779803,0.21698397921581702,-0.008953155986234584,0.05350859187924106,-0.0018472196954122388,0.06850277956445394,-0.007474395048055471,0.1348706648685325,0.0077089586371084096,0.09271608228936978,0.004998383971002385,0.14801211775575518,0.003550908962840049,0.25735790057452834,0.007213679919835735,0.006610941753079513,0.005967898083660267,-0.4806570537692785,,,0.6994733368679451,0.8566504477180023,0.7318179368047257,0.5380596856836342,0.5692275179740679,0.6894695649506355,0.2555729973680077,0.546241249943128,0.5101015703348828,
2023-12-08,20969.400390625,17769.099609375,47262.0,31896.25,53636.3515625,33392.8984375,7362.89990234375,16163.150390625,5479.4501953125,738.7000122070312,,,0.003265370504707432,0.09660262900691596,-0.005498856973641386,0.09615090236748691,0.008979269973359294,0.10342734404183784,-0.009088589016972959,0.21147235885067506,-0.00990891041932529,0.04724031107315296,0.013084827634427754,0.09375537372463594,-0.000943057894041921,0.1321181202712569,-0.008042727051138177,0.0920936587822363,0.0019291435493686837,0.14823826648458982,0.005307599998438439,0.2762612781382041,0.007178901990866528,0.006276706598661814,0.005932201223549154,-0.5479940631823729,,,0.6724213520298327,0.8465240471187319,0.6842282689079723,0.4831012454470663,0.5242743329772319,0.7056008377950401,0.17930751273431697,0.5619722991026976,0.4616272431284855,
2023-12-11,20997.099609375,17852.30078125,47314.25,32023.05078125,53976.8984375,33514.25,7439.7001953125,16039.900390625,5554.10009765625,744.9500122070312,,,0.001320935183362959,0.11347622847313366,0.00468235159372421,0.11905253226279289,0.0011055393339258757,0.11906537106750203,0.003975413449856857,0.22952777044538308,0.006349180454661818,0.059594252614960874,0.0036340529926484066,0.10880161607357874,0.010430712625103533,0.16280748390889976,-0.0076253698704361605,0.09498213847027182,0.013623611800981594,0.17516003124173496,0.008460809390440804,0.3027018344168493,0.007230818642476989,0.005416039036391592,0.005930524031546828,-0.7213892879997715,,,0.5684756686346325,0.8331251908529708,0.6400204122560079,0.43276848662439327,0.46968297298280764,0.6248387948656554,0.03255390236260288,0.5355805377436818,0.3531796599164168,
2023-12-12,20906.400390625,17726.5,47097.55078125,31603.19921875,53837.0,33493.8984375,7462.60009765625,15963.5,5554.9501953125,731.9500122070312,,,-0.004319607014175553,0.09760728664899143,-0.007046754521530696,0.09631610639715271,-0.004579999022493175,0.10087304897503624,-0.013110917050596194,0.19155509548626526,-0.002591820603808692,0.04751434964490708,-0.0006072510200885173,0.09458260351057879,0.0030780678982438303,0.15643643903286852,-0.004763146201933632,0.08311564948943251,0.00015305767654583136,0.1289287611763723,-0.017450835340596105,0.25548887171017376,0.00819893384744593,0.00546034825942713,0.005932746690388413,-0.712462487424802,,,0.5739058219718535,0.8317540493918792,0.6523225728669315,0.42055360067437814,0.4505807970102454,0.6143445427215859,0.06300002873967453,0.4982697107326967,0.392469912533009,
2023-12-13,20926.349609375,17917.900390625,47092.25,31812.099609375,54215.3515625,33066.6484375,7528.2001953125,16142.400390625,5595.0498046875,743.7000122070312,,,0.0009542158562574343,0.09327927016560267,0.010797415768764251,0.11822985513236728,-0.00011254897891865845,0.0941724385738203,0.006610102641161131,0.1852098531123174,0.007027723730891333,0.059292905139487706,-0.012756054682534268,0.07916348805522011,0.00879051494087868,0.16392364937633452,0.011206840017853326,0.09250391303123662,0.007218716273790893,0.13549740544220445,0.016053008817597414,0.24897136108959406,0.004036700204339472,0.005463401154002803,0.005930144041434634,-0.7118474330594483,,,0.602887729795268,0.8319422014490127,0.6478632742263625,0.4216262764311255,0.45260408550935366,0.6110863327796789,0.04750560168464755,0.497383752641454,0.37394076530411235,
2023-12-14,21182.69921875,18045.05078125,47732.30078125,32075.80078125,54361.44921875,34223.3515625,7574.25,16155.7001953125,5628.0,772.5499877929688,,,0.012250087289956912,0.11022765951239433,0.0070962773457279305,0.1337536949657412,0.01359142494253307,0.11404465653340368,0.008289335665140785,0.1975262262225621,0.0026947654499958063,0.06045045631310475,0.034980960564730657,0.1190593093215837,0.006116973976884044,0.1738564065945758,0.0008239050181919616,0.10025094343211505,0.005889169259028604,0.1405642249074306,0.03879249040257671,0.2811774258589863,0.005253970010768826,0.005586343249991887,0.0059337686869754885,-0.6870787845032984,,,0.5756177047774669,0.8352558795406766,0.6213021664549843,0.41660275075883574,0.5175232335662066,0.5764724972392153,-0.01950800121654567,0.48393289258000716,0.47874723275265413,
2023-12-15,21456.650390625,18038.25,48143.55078125,32580.650390625,54186.19921875,35782.44921875,7735.35009765625,16179.7998046875,5762.60009765625,767.0499877929688,,,0.012932779200891975,0.12994262245762256,-0.00037687792250862273,0.13909119960611038,0.00861575899902034,0.12745856150921697,0.01573926751877419,0.2212004612090266,-0.0032237919061869347,0.06064849905688563,0.04555654502168549,0.1791934934386712,0.021269445510281537,0.21626915775916844,0.001491709370912364,0.09803361359240603,0.023916150969482963,0.16414992273396867,-0.007119280417973273,0.2526333279576012,0.0066518760673377735,0.0056184291059443075,0.005999715950334938,-0.680614576427821,,,0.46740204793375073,0.8232156604305003,0.6179871158752442,0.3211566789526489,0.5547798018531873,0.5721494454454934,-0.029811351878209998,0.5398679607523894,0.4313639519649501,
2023-12-18,21418.650390625,18068.25,47867.69921875,32521.25,54017.05078125,35685.55078125,7768.5498046875,16332.150390625,5720.35009765625,759.7000122070312,,,-0.0017710126840955187,0.11944653368481561,0.0016631325100826544,0.13290150310279247,-0.0057297718598569025,0.11275722474014072,-0.0018231800136836451,0.20624199050560232,-0.0031216147273431805,0.04706528099497964,-0.0027079878436389038,0.16685225433455142,0.004291946274197711,0.20462239115044922,0.009416098331041178,0.10096095073248845,-0.007331759845210173,0.1385367752774942,-0.009582133762997103,0.21009880053957497,0.006655236694812937,0.005677340298043682,0.005974969033276554,-0.6687459759993494,,,0.4672571928158755,0.828946218234336,0.6260227974337321,0.32247465490387794,0.5629332032568996,0.5622178133919401,-0.068611446514444,0.5470952632265609,0.4431875621795597,
2023-12-19,21453.099609375,17932.69921875,47870.8984375,33036.1484375,54776.55078125,35345.0,7716.64990234375,16391.25,5765.75,755.6500244140625,,,0.0016083748565725031,0.1155710193725068,-0.007502153293761138,0.1176224202686591,6.683460459178114e-05,0.10509769987245554,0.015832676711381,0.219685129648044,0.014060375178121198,0.05539436781692242,-0.009543100044540509,0.14831248579413314,-0.006680771012426812,0.19099727875602168,0.0036186055088571756,0.10138858649540672,0.007936560100115342,0.14052437291595377,-0.005331035577060161,0.1738252806432039,0.006695108539261444,0.005685313250616307,0.005966366676260968,-0.6671396973798296,,,0.46184004324998396,0.8296168504984904,0.6057449335717184,0.2728474915658973,0.5639073783502518,0.5611252342601587,-0.06913681348743983,0.5411321418363896,0.45390902735482486,
2023-12-20,21150.150390625,17523.55078125,47445.30078125,32151.599609375,54597.8984375,34741.05078125,7421.5498046875,16121.25,5532.85009765625,737.2999877929688,,,-0.01412146609423337,0.0895540273610056,-0.022815775389362747,0.08352325864494281,-0.00889052994912265,0.08771102951435572,-0.026775180218070793,0.17132559599204122,-0.0032614748683875705,0.04843332411448209,-0.017087260397510295,0.12165782263378766,-0.038241996383251764,0.13011065680820022,-0.016472203157172238,0.06959456810872844,-0.04039368726423276,0.10647039397429259,-0.024283776918187172,0.131696067218678,0.009433298520307073,0.006438714482284061,0.006171793971274141,-0.5153549878479051,,,0.6108514899656866,0.822656993178932,0.701635939439018,0.30200205355959897,0.6144549975293443,0.6865483305588845,0.12462646815429723,0.7180106810059319,0.5543985086630616,
2023-12-21,21255.05078125,17537.849609375,47840.1484375,32720.099609375,54803.30078125,34846.05078125,7524.0,16238.150390625,5623.7001953125,744.0999755859375,,,0.004959794076523361,0.09524296438387592,0.0008159777834695348,0.08635537650019365,0.008322165730816566,0.09379165772818232,0.017681857416333102,0.18946065736433004,0.0037620924912546982,0.051281426841550015,0.0030223610869211104,0.1247337523110208,0.013804420641062354,0.14401269426549335,0.007251322982088748,0.06328026523646613,0.016420126345865427,0.11947849015875378,0.009222823688528559,0.1575917699388556,0.009197729163542183,0.006421353210724575,0.006182196746069054,-0.5188526932537326,,,0.6028745474070312,0.8257524956066639,0.6977267457516401,0.3041922944042197,0.6115376935799257,0.6859549125438222,0.1595407319789873,0.721183205063848,0.5526417336844789,
2023-12-22,21349.400390625,17778.900390625,47491.8515625,32810.1484375,55101.05078125,35637.80078125,7652.64990234375,16394.349609375,5584.9501953125,763.0499877929688,,,0.004438926556610712,0.09802249546763697,0.013744603051057291,0.09605571887319875,-0.007280430483091571,0.08779939971086059,0.002752095170859503,0.18779014118675397,0.005433066909390716,0.050440215687032275,0.022721369631534483,0.15268529109315798,0.01709860477721281,0.15489038043980474,0.009619274054770477,0.05788766454532257,-0.006890481116383018,0.11208578419505066,0.02546702436337145,0.16933568625712359,0.009200623162829213,0.006422284937518392,0.006165659416276497,-0.5186649820119424,,,0.5961522214970304,0.8002509056733846,0.6942605857205899,0.3137465354755319,0.6027740241252072,0.6829948064151206,0.18239040767061337,0.7090590573163966,0.5513560144512137,
2023-12-26,21441.349609375,17953.55078125,47724.8515625,33246.25,55484.3984375,35493.44921875,7739.7998046875,16562.599609375,5576.75,764.9000244140625,,,0.004306875934107168,0.10549198752839017,0.009823464150634065,0.0977206774347501,0.004906104780803666,0.0925118317961493,0.013291666855172135,0.20711968923373725,0.006957175059544296,0.0673566057653463,-0.004050518251281887,0.1554722561084554,0.011388199310811142,0.17275914922984703,0.01026268220508042,0.06911698906191477,-0.0014682665065450795,0.11265734748749145,0.0024245287342770094,0.15788684935329167,0.008301051539723948,0.0063364222019451286,0.006131394734293023,-0.5359634012748825,,,0.6255108944055138,0.8045929329534218,0.6859017971039454,0.28078039683105604,0.5853289517925298,0.6752778116682577,0.17787912552736646,0.7054250000064809,0.576976091084424,
2023-12-27,21654.75,18224.849609375,48282.19921875,33212.6015625,55750.3515625,35741.0,7847.75,16655.94921875,5691.60009765625,770.0999755859375,,,0.0099527499207277,0.1147675813025808,0.015111151628475206,0.11900197036968363,0.011678352849774809,0.10182764295709745,-0.0010120972290107444,0.1973682876378975,0.004793295637864459,0.07055644055430044,0.006974548450456863,0.1665178616392453,0.013947414408202352,0.1808142025154451,0.0056361689334178955,0.07343468042084234,0.020594449752319832,0.13254404490224858,0.006798210231276025,0.1631173598887743,0.00768651875035128,0.006438182065733627,0.006201050339488621,-0.5154622516643961,,,0.6421057989758526,0.8119690576426077,0.6506006181720894,0.28896090745404135,0.5776673460191253,0.6844043996774103,0.18821453526681223,0.7165910344676332,0.5704441927765355,
2023-12-28,21778.69921875,18408.599609375,48508.55078125,33721.3984375,56504.5,35691.6484375,7926.35009765625,16860.849609375,5750.4501953125,777.4000244140625,,,0.005723881307796219,0.1200988679368098,0.010082387725464548,0.12485562923217808,0.004688095533396774,0.10519866217640184,0.015319392371071494,0.2014928406003651,0.013527240929674722,0.08609027676728265,-0.0013808109034442184,0.1650288434167615,0.010015622013475278,0.18055286372974555,0.012301934157816552,0.08799677259213867,0.010339815982588707,0.11058645709257542,0.009479352109537098,0.17175372689792479,0.007703062062061639,0.006427985146333213,0.006219106437138343,-0.5175165839169279,,,0.6468265624967748,0.8122462732481223,0.6628723478651131,0.28636017419315374,0.5673823146483387,0.6951363991640647,0.19018014034306527,0.7854421228526615,0.5707064374833141,
2023-12-29,21731.400390625,18618.19921875,48292.25,33468.05078125,56987.19921875,35515.0,7978.0,16831.80078125,5713.4501953125,783.0499877929688,,,-0.0021717930740454694,0.10449322650868642,0.011385961660454358,0.11831091201910082,-0.004459023775527982,0.09254284006156088,-0.007512964111484277,0.18042679768098058,0.00854266861488906,0.08788558349365339,-0.004949293328643245,0.12999474826568802,0.0065162277350103714,0.1745480411492193,-0.0017228567241859283,0.08478535607830495,-0.006434278837883056,0.09848688394299021,0.0072677684608573045,0.1464021693684736,0.00789863808689895,0.006328529016272254,0.006192737299258099,-0.537553609578613,,,0.5749645476950968,0.8246286573221907,0.6789938007154038,0.23322902535664583,0.546655343178269,0.6836466798152415,0.21879665419885588,0.8092259135707341,0.5216221508152358,
2024-01-01,21741.900390625,,,,,,,16858.75,,,,,0.00048317180721269004,0.10000917015801325,0.0,0.10895882312497895,0.0,0.09353609974457244,0.0,0.17647234099406583,0.0,0.0895016172935097,0.0,0.10044356814092015,0.0,0.1745480411492193,0.0016010894556226507,0.07716073763287645,0.0,0.10109084831870008,0.0,0.13592516939945876,0.0038742898640634544,0.006345114806460032,0.006177620089689716,-0.5342121372791364,,,0.5774578968603908,0.8313032413879836,0.6833232191374635,0.24492779435734013,0.5643265430532006,0.6917707170902281,0.21694675427599386,0.8144650567122614,0.5231734897079962,
2024-01-02,21665.80078125,18339.349609375,47761.6484375,33703.69921875,57209.5,35283.1015625,8023.89990234375,17274.30078125,5735.0,778.4500122070312,,,-0.003500136051024061,0.09801436885769532,-0.014977259943280474,0.08481556945224922,-0.010987302569252844,0.09585407687086644,0.007040996771524588,0.19041130921145077,0.0039008897488834737,0.08441485071113664,-0.006529591369843768,0.09604294292229976,0.005753309393801809,0.17930892833678302,0.024648967524282694,0.09299887887943314,0.0037717673123640605,0.13229148932355073,-0.005874434145516805,0.12379096071730888,0.004733332718623946,0.00640159739087546,0.006190175711163772,-0.5228328186521544,,,0.6162810829081681,0.8432965222671261,0.6592017658125824,0.26352421467763487,0.570923552630747,0.6779007403094834,0.1251076413458752,0.808488849324038,0.542953930193759,
2024-01-03,21517.349609375,18317.5,47704.94921875,33791.6015625,57213.30078125,34395.44921875,7878.39990234375,17379.80078125,5801.0498046875,788.0,,,-0.00685186637566948,0.09258401591220666,-0.001191405902629783,0.09180256340586679,-0.001187128598046483,0.09452804405763993,0.0026080918649160623,0.1945898673524893,6.64361906677069e-05,0.08873815806433538,-0.02515800211547803,0.0621387030480578,-0.018133326907218805,0.16345594872388736,0.006107338371375004,0.09951766057222389,0.011516966815605878,0.14413486606922743,0.01226795252516344,0.14037626628075262,0.005852430019013607,0.00659652835422227,0.006247890119754327,-0.4835608631432976,,,0.6034438240785384,0.8321964041616867,0.6420388720784563,0.25461054158141383,0.6239825717705584,0.7005174052164675,0.09501602032105286,0.7492867074821083,0.4790083659004568,
2024-01-04,21658.599609375,18326.75,48195.8515625,34189.25,57703.8984375,34409.3984375,7883.0498046875,17413.19921875,5860.89990234375,841.2999877929688,,,0.006564470186349425,0.09478649684705487,0.0005049815749966768,0.08698942619588523,0.010290386045669564,0.10315383307246462,0.011767670637466532,0.20570420983028437,0.008574888173743966,0.09982997237730507,0.0004055541958845055,0.0644595250561939,0.0005902089766181007,0.15010498381395654,0.0019216812620792556,0.09044447599992034,0.010317114948382056,0.15999998067169718,0.06763957841747303,0.20392101100353477,0.006112790320348219,0.006623375534726446,0.006272341185429332,-0.4781520698956984,,,0.5938545878898767,0.835374948157393,0.6491608049004731,0.2744826620310302,0.6220313260745389,0.6893144687721301,0.08670920263446133,0.7609013492810321,0.4173594991513225,
2024-01-05,21710.80078125,18406.94921875,48159.0,34216.1484375,57667.3515625,34851.75,7871.7998046875,17358.599609375,5838.4501953125,844.3499755859375,,,0.002410182228605562,0.09584926240185143,0.004376074249389461,0.08453530279181276,-0.0007646210473574166,0.1083876092793572,0.0007867513180312979,0.20037074542592803,-0.0006333519223070683,0.09443991439806232,0.01285554478098394,0.07024080228523122,-0.001427112637714223,0.1588702373680997,-0.003135530047586488,0.08020011576694075,-0.00383041979991372,0.16885889796046039,0.0036253272759101396,0.2167302553977566,0.004912637064068323,0.006617621321498084,0.006257768281780047,-0.47931134804224235,,,0.5991863847465545,0.8398317994273955,0.6483368713610033,0.27678849629915564,0.6186230266601458,0.6937068859065036,0.09205969213191019,0.7669860255518011,0.4159023525661518,
2024-01-08,21513.0,18350.19921875,47450.25,34142.6015625,56672.8515625,34514.6484375,7747.0,17195.94921875,5691.39990234375,845.4500122070312,,,-0.00911070868564301,0.08640541359458642,-0.0030830747303953743,0.07729735593058651,-0.014716875350401781,0.08887040330445761,-0.0021494784877480466,0.194012279445811,-0.017245459918896366,0.07288107605130079,-0.009672442918935209,0.06623277632679048,-0.01585403691455467,0.13453468102917943,-0.00937001799022752,0.087150520875104,-0.025186528624807303,0.13961335034672895,0.0013028206939076359,0.20589080252135883,0.005398669241343002,0.0069562239786788585,0.006303719248903429,-0.4110944354508564,,,0.6068110022004389,0.8602139494335139,0.6487905435943165,0.388540508211647,0.6245117553222594,0.7257119045151137,0.1404471629719022,0.7928276239586497,0.41760857052427997,
2024-01-09,21544.849609375,18519.80078125,47242.6484375,34226.69921875,56573.1015625,34662.44921875,7808.2998046875,17346.30078125,5682.25,866.75,,,0.0014804820050666745,0.0884151040278105,0.009242491619747772,0.08682047057655784,-0.004375141595671206,0.079360707691017,0.0024631297089665605,0.19846629207335753,-0.0017601020109248022,0.07600682512207202,0.0042822623999094755,0.08133790658762718,0.007912715204272613,0.13587661267592832,0.00874342908247594,0.0872356251371087,-0.0016076716626399756,0.14165590633696268,0.0251936690347494,0.2330179741781222,0.00552494018763895,0.006935434864732826,0.006303131166544346,-0.415282734446253,,,0.5944604098950951,0.8629305507072341,0.6462333443418818,0.38224258146061557,0.6196574256069397,0.7284454903858888,0.14718720194263923,0.7910453730395284,0.4000499594116589,
2024-01-10,21618.69921875,18559.099609375,47360.8515625,34330.6484375,56348.94921875,34834.3515625,7882.64990234375,17401.900390625,5667.39990234375,865.7999877929688,,,0.0034277152411805734,0.08692941914225005,0.0021219897875353055,0.07884492940808885,0.0025020427285395996,0.07930326042862945,0.0030370798564489654,0.17357905285992126,-0.0039621717310719395,0.0735280240571925,0.004959324791654174,0.08455723531609505,0.00952193172854554,0.12582748527673338,0.003205271837272594,0.09443850772516993,-0.002613418567688819,0.1235143859219816,-0.0010960625405610491,0.22469760639797265,0.005782134952387617,0.006926665921967337,0.006306990775790101,-0.41704937800166036,,,0.5935447322506273,0.864033088330823,0.6578312176165008,0.3826472794106249,0.6212148207174978,0.7330043133644194,0.15644018604917906,0.7868778324618817,0.3984330130246738,
2024-01-11,21647.19921875,18755.099609375,47438.3515625,34776.69921875,56228.55078125,34735.25,7876.14990234375,17380.55078125,5703.85009765625,865.4500122070312,,,0.0013183031833516878,0.07715731215800559,0.010560857160386794,0.07279588658893843,0.0016363726040213855,0.06444090552634218,0.012992786374601994,0.18643823853501007,-0.002136658077377951,0.06644043084329465,-0.002844937771331546,0.06522397860357709,-0.000824595799702732,0.12253434980420796,-0.0012268550500669217,0.08695700501201253,0.006431555200017813,0.11904931602016244,-0.00040422221167923933,0.23029354920577072,0.005692838943408529,0.006780121667602693,0.006306077012966863,-0.44657305827634186,,,0.5537539556563604,0.8572819488757965,0.6762766667012418,0.3813992112515889,0.6089977331856035,0.7556120061946809,0.14994166865747913,0.7875036520003263,0.4393700761967256,
2024-01-12,21894.55078125,18715.19921875,47709.80078125,34969.94921875,56485.75,36521.69921875,7898.35009765625,17347.44921875,5860.7998046875,881.0499877929688,,,0.011426492637705898,0.08748756932969592,-0.002127442213373021,0.06628074164637421,0.005722146950919438,0.07257022894220655,0.005556881600074615,0.19372139015502987,0.004574174777340456,0.06549142237652883,0.051430440798612365,0.12090957929362078,0.0028186608416242986,0.12552991155279902,-0.0019045174641824092,0.06826501804056795,0.02751645017735327,0.16262642425857954,0.01802527629083417,0.23465529419271336,0.006249203296148378,0.006970924876350354,0.006361893824387827,-0.4081327048495046,,,0.5149099731203066,0.8485126195731052,0.6577089832597875,0.3875960579736876,0.6248604028795468,0.730777825015213,0.13441790726321018,0.8110236429220247,0.454799244800101,
2024-01-15,22097.44921875,18765.25,48158.30078125,35449.8515625,56657.30078125,37201.94921875,7864.10009765625,17520.44921875,5918.2001953125,883.2999877929688,,,0.009267074694848665,0.0902682958206793,0.0026743386840284433,0.07297132558607533,0.009400584212379659,0.07462147312231449,0.01372327825665498,0.19926087204729415,0.0030370629981897324,0.05210354787486504,0.018625913211912204,0.14120962217266375,-0.00433634867744892,0.1096514883104629,0.009972647725811745,0.07771394128953313,0.009793951770727727,0.15262299917893096,0.002553771103994018,0.22163059637017035,0.0066147828911772375,0.00703574323802418,0.006359666505303055,-0.3950740107759388,,,0.528802194823205,0.8499689073123187,0.6633042957776356,0.3769943574773508,0.6426544890172853,0.6932772180654131,0.16349276527729095,0.806661481177876,0.4362358802996012,
2024-01-16,22032.30078125,18712.69921875,48125.1015625,35185.05078125,56755.8515625,36727.1015625,7941.85009765625,17320.150390625,5933.39990234375,868.5999755859375,,,-0.0029482333845447517,0.06504147326731768,-0.002800430649738228,0.0579767470211594,-0.0006893768719291593,0.036477538519108954,-0.007469728915032059,0.16005508584593064,0.0017394189255590664,0.04642808194340731,-0.012764053126836483,0.12433743451775281,0.009886700198942222,0.10263654652165877,-0.01143228838622723,0.06727403648671948,0.002568298896561405,0.11270722582825088,-0.016642151488942103,0.17736357246484236,0.006979362979273017,0.006258421694696417,0.0063661464360876595,-0.5516778490862839,,,0.5109264311399521,0.807729956626361,0.6241716026585243,0.3471796222401267,0.753243663781529,0.673482726676231,0.27378132146407075,0.7513812972396479,0.44039366193939095,
2024-01-17,21571.94921875,18447.25,46064.44921875,34853.25,56259.5,36960.3984375,7693.5498046875,17154.0,5830.0,856.2999877929688,,,-0.020894393512082443,0.034372869120833816,-0.014185511969541098,0.03682254511883398,-0.042818659635945555,-0.020160719413557127,-0.00943016348939918,0.11309915927157532,-0.008745381292595278,0.03970737179649153,0.00635217223997353,0.13797306866033354,-0.031264792197730706,0.036391667685645945,-0.009592895377798394,0.056954375918593314,-0.017426754313813575,0.07814215377402678,-0.014160704741755792,0.16606524989631466,0.010614747609300208,0.00743093178756542,0.006783387507535695,-0.31545696652227057,,,0.5801613038927274,0.858946622338189,0.6305704683553207,0.4496464894813815,0.6426526281359081,0.7501450487336679,0.3697295881587277,0.747549474186116,0.49687453699025047,
2024-01-18,21462.25,18496.25,45713.55078125,34580.5,55953.6015625,36730.5,7629.10009765625,17331.25,5877.5,862.5,,,-0.0050852715087356115,0.025052933265000688,0.002656222472184222,0.0397927634768136,-0.007617554175751939,-0.023935320853953557,-0.00782566905525306,0.0875311544237316,-0.005437276148917092,0.023618560839148595,-0.006220128765352939,0.11228365610390423,-0.008377109223622892,0.027439783622365654,0.010332866969803067,0.07184493132738479,0.008147512864493889,0.08008522870534085,0.007240467470998269,0.17795682275422586,0.010795986730730282,0.007496357580403235,0.006814130113378635,-0.30227589574037006,,,0.5731203550741459,0.8686700495201319,0.6416890436166472,0.4604585451316069,0.6458762454131509,0.7579853670177836,0.3466153316785227,0.7250020635202954,0.49792828475672685,
2024-01-19,21622.400390625,18694.599609375,45701.1484375,34985.30078125,56640.5,37069.25,7732.35009765625,17388.0,5945.10009765625,868.5,,,0.00746195718645537,0.03450766998564392,0.010723774244779438,0.04629953619791172,-0.0002713056312196871,-0.02434278305165083,0.011706041880539697,0.08687804242862507,0.01227621490517894,0.0455456556184215,0.009222580689073112,0.12461920060866283,0.013533706292793157,0.049186889176386694,0.003274432023079754,0.06712816778832531,0.01150150534347083,0.08707422037628065,0.006956521739130528,0.18195429290712162,0.01114261568191526,0.007574405030145531,0.006828537305673176,-0.2865519906139897,,,0.592388076163387,0.8622139892603417,0.6729135968793298,0.480771180981318,0.6443794993600943,0.7635549199779482,0.3563637244063359,0.7334697039920226,0.4934826710152269,
2024-01-23,21238.80078125,18361.0,45015.05078125,34324.30078125,54973.8984375,36521.3515625,7486.85009765625,17520.30078125,5806.85009765625,816.1500244140625,,,-0.01774084294273448,0.012847310157015457,-0.01784470469256294,0.03331065746925699,-0.015012700549271618,-0.04754240655812281,-0.018893649196643603,0.07612339322804407,-0.029424202867206373,0.024937320232182758,-0.014780402557375671,0.09368618093620662,-0.03174972639617202,0.016834426239183964,0.00760874058258576,0.08396570951985804,-0.02325444445493907,0.05975050245439406,-0.06027631040407311,0.10484636649136103,0.012968080845777006,0.008308384625850613,0.007097840949081116,-0.13868007979982597,,,0.668212499524432,0.8650607867418363,0.747294559177221,0.6306081099937605,0.6550944280171496,0.8071730265293073,0.2975429438290564,0.7677208207979809,0.6046832808590576,
2024-01-24,21453.94921875,18593.69921875,45082.3984375,34895.1015625,55858.69921875,37090.1484375,7708.64990234375,17763.69921875,5922.25,818.0999755859375,,,0.010129971071150878,0.02175774834973021,0.012673559106257892,0.04152957350341535,0.0014961141902798403,-0.047170811383462685,0.01662964046631954,0.08968698207016645,0.016094925162637663,0.0348630772742331,0.015574365423650871,0.10669785054118774,0.029625249843981072,0.03615061090777627,0.013892366377664223,0.10746942226228073,0.019873063778644395,0.06628434775583258,0.002389206780058606,0.0981944589304562,0.01274088058174329,0.008493495821580111,0.007114786871554964,-0.10138647329388409,,,0.6836553680688933,0.856184968774823,0.7591884845583966,0.6530419078360352,0.6624089778553864,0.8167439476992211,0.3432284032042425,0.7841062874112112,0.5894466603245823,
2024-01-25,21352.599609375,18614.900390625,44866.1484375,35203.8515625,55214.1015625,36496.19921875,7719.64990234375,17532.55078125,5929.7001953125,823.5499877929688,,,-0.004724053755400193,0.021342708950991218,0.001140234206522095,0.0501170784207261,-0.00479677229905584,-0.047378309630451976,0.008847946736793455,0.11393315970408957,-0.011539789956899527,0.025579091749168725,-0.01601366518526759,0.08963724502993675,0.0014269684236996039,0.03444507294022503,-0.0130124043789267,0.09828989765715535,0.0012580008126135134,0.06746235102453846,0.006661792408840794,0.125145124746618,0.011570544298309905,0.00850214127024354,0.007137988896575979,-0.09964470959747106,,,0.6748408176124722,0.856049136514419,0.7420637335926138,0.6554939969649779,0.6683252800788565,0.8182673422046473,0.3496504963689378,0.7821030762777488,0.5751201029959765,
2024-01-29,21737.599609375,18927.25,45442.3515625,37024.75,55139.1015625,36531.8984375,7843.75,17623.599609375,6073.89990234375,833.9000244140625,,,0.018030591452244726,0.038766914208322234,0.016779547718251964,0.05633191319129738,0.012842714274943212,-0.03503545567476607,0.05172440959385427,0.16385747733195322,-0.0013583486442336756,0.017038531954092218,0.0009781626447189495,0.10479592470793486,0.016075871215166293,0.04191570315624449,0.00519313072358929,0.09175830006113794,0.024318212098689562,0.08558459966791943,0.01256758760792498,0.12128547899219533,0.014487942178248149,0.009069710318706233,0.007360136159209723,0.014701138987777307,,,0.7147704819424079,0.8624653789139465,0.7596511029556016,0.6043545286386489,0.6266282507985547,0.8189924948453706,0.347934936998391,0.8001808263627248,0.56677805582228,
2024-01-30,21522.099609375,18878.349609375,45367.75,36398.80078125,54574.3515625,36381.94921875,7864.0,17470.150390625,6132.4501953125,837.0999755859375,,,-0.009913698102483215,0.01602252796586834,-0.0025835972275423114,0.04617880205639824,-0.00164167477991084,-0.049537749962784816,-0.016906237550557424,0.13477449961364707,-0.010242277875345152,0.003916421412778703,-0.0041046106324460485,0.06307382409077866,0.002581673306772947,0.03825461266792085,-0.008707030467735577,0.08136138820488159,0.009639653914309099,0.08963223086576044,0.0038373319081306256,0.08355444801361789,0.012543993053327165,0.009050382614672276,0.007447559662748138,0.010807264357098502,,,0.7121307193702631,0.8337068691044636,0.783423801223339,0.6287846950017392,0.5993608210802462,0.8060337516023709,0.4009172956929329,0.7734167883380583,0.5208531869895118,
2024-01-31,21725.69921875,19227.150390625,45996.80078125,36748.0,55071.3984375,36638.3984375,7973.10009765625,17938.650390625,6271.64990234375,856.2000122070312,,,0.009460025419002926,0.012539181243431896,0.018476232746361676,0.06590996302995022,0.013865593538361587,-0.04459060383298674,0.009593701200449445,0.1279087298568522,0.009107700976176858,0.016336248556139576,0.007048803713294083,0.023920923174299835,0.013873359315393019,0.030735519013164847,0.026817170403490742,0.10870657283583562,0.022698872815575477,0.08833682644307372,0.02281691217076487,0.11622453012557066,0.012813867913460961,0.008907887513706603,0.007493893357470171,-0.017900649302558205,,,0.7572773867232597,0.834623070516326,0.7772098270514013,0.6804497410894932,0.5650048934367461,0.7990783949051607,0.45561412274863894,0.7675321472771636,0.5813672087495662,
2024-02-01,21697.44921875,19328.69921875,46188.6484375,36910.6015625,55215.80078125,36534.55078125,7891.0498046875,17839.19921875,6466.4501953125,848.1500244140625,,,-0.0013003033741542103,0.013016638445484396,0.005281532939718225,0.06976044823101302,0.004170891300949053,-0.035076905902181044,0.004424773116904257,0.1349687223738325,0.0026220932797609287,0.02219206681339414,-0.0028343939876943613,0.02379114183228692,-0.010290889611792142,0.01576870884268322,-0.005543960649736168,0.09227497862070133,0.03106045394784429,0.13042909698165905,-0.009401994485164988,0.11642755138317296,0.012596411223947031,0.008904247201454291,0.007486675849179855,-0.01863404833961515,,,0.7540081595189075,0.8268312150902776,0.7761657113282283,0.6773010099583735,0.5647997646920918,0.7997276960375437,0.4639527787219628,0.7168565168991119,0.5804503040409552,
2024-02-02,21853.80078125,19380.5,45970.94921875,38077.69921875,55118.3984375,37323.25,8078.25,17972.099609375,6609.75,856.2000122070312,,,0.007205988175093214,0.01867800826785393,0.0026799931368246543,0.08073524033326862,-0.004713262373212346,-0.039689023619027375,0.031619578301203655,0.15260709918373028,-0.0017640302661892093,0.0062407663749251,0.021587762867876004,0.05596972697694147,0.023723104016058594,0.04685972568827079,0.00744990786835964,0.09644472565393114,0.0221605054333176,0.14638165026232497,0.009491230986558019,0.13306422886829927,0.009765626988938195,0.00898719491669366,0.007398493221806724,-0.0019229064742449572,,,0.7637798624628569,0.8093448363038651,0.7754694994597316,0.6822143118391187,0.5844921158120912,0.8060057611617395,0.46896566680484286,0.7230478511495898,0.5852199027681062,
2024-02-05,21771.69921875,19615.30078125,45825.55078125,38481.30078125,54698.3984375,37162.1484375,8109.5498046875,18292.94921875,6582.0,862.75,,,-0.0037568550808078083,0.02938744248364822,0.012115310814994507,0.11936793096968379,-0.0031628330493705947,-0.03413931355326372,0.010599420941411752,0.19687049007755553,-0.007619960156793115,0.0018407301906508966,-0.004316386233781944,0.0696898223227227,0.0038745773759787383,0.09270300922395669,0.017852650293994188,0.1347103493060402,-0.004198343356405343,0.18962196405577236,0.007650067390310822,0.17014785607491034,0.009753403652425866,0.008589960823449894,0.007353557261933178,-0.0819520581730199,,,0.7034963478988822,0.8144576220205596,0.735568366775587,0.7003181187783423,0.5561724502196853,0.7811259084237384,0.3590602591198478,0.6956918853733178,0.5427610913977864,
2024-02-06,21929.400390625,19903.849609375,45690.80078125,38721.3984375,54608.80078125,38246.30078125,8238.25,18488.05078125,6556.2998046875,866.25,,,0.007243402101531293,0.03172655837500393,0.014710395284930788,0.1349082158131425,-0.0029404993001226343,-0.04492769622272352,0.006239333166382588,0.18341322000149107,-0.0016380307067377364,-0.0035490563018522048,0.02917356475160071,0.09757920693353328,0.015870202219870233,0.09492955874534825,0.010665396824041107,0.13855644494609232,-0.003904617944773592,0.16583380638824696,0.0040567951318457585,0.16415808147000166,0.00939120684223411,0.008636238735892534,0.0073653616837453,-0.07262863367807884,,,0.7189837469571032,0.8030530396633339,0.7280585066956374,0.6875246351423474,0.5664546536487853,0.7841835930026964,0.3663716801096379,0.6649294508392875,0.5354170452489958,
2024-02-07,21930.5,19903.80078125,45818.5,38945.5,54772.6015625,37767.75,8276.650390625,18564.849609375,6743.7998046875,882.1500244140625,,,5.014315737827957e-05,0.02721854472457097,-2.453200057206395e-06,0.11951809976647843,0.002794856219775488,-0.035234498286465965,0.005787537938789056,0.1869955442044775,0.0029995308248234043,-0.005960852181457255,-0.01251234162454229,0.05976657291015064,0.004661231526719822,0.08154044628255375,0.0041539710721092415,0.13239317519243432,0.028598448146917477,0.20749506599855327,0.018355006538600227,0.15608418652305645,0.007028886805097078,0.008614484306071679,0.007365297835116062,-0.07701141097203375,,,0.7193710361257157,0.8135652694961831,0.7335568567147566,0.6827032514621579,0.5608627432271777,0.785353742666892,0.36176537364112016,0.6528153700030035,0.5255517050898245,
2024-02-08,21717.94921875,19649.5,45012.0,39354.3515625,53646.19921875,37851.6015625,8221.849609375,18520.30078125,6878.5,876.0499877929688,,,-0.009692017110872975,0.012900289133574772,-0.012776493497139496,0.09446316438535285,-0.0176020603031527,-0.05684358303235948,0.010498043740611918,0.1837230232733016,-0.02056506924296231,-0.03313001979863994,0.002220189513540083,0.06643908652597985,-0.006621130368400396,0.06228194744721338,-0.0023996331272462257,0.11820011459836732,0.01997393149465565,0.23342448558748385,-0.0069149650878777,0.14531306031013735,0.00697028146614508,0.008802438551628426,0.007452819309003941,-0.03914502667641597,,,0.7334572712359674,0.8223876400664903,0.6981712141941692,0.6981428564493993,0.5561561669257474,0.7857259431003514,0.3713179294484242,0.6045644008076424,0.5377470752244593,
2024-02-09,21782.5,19576.0,45634.55078125,39037.6484375,53867.1015625,37699.25,8095.60009765625,18617.099609375,6944.9501953125,875.9500122070312,,,0.0029722318898448563,0.005899398515337273,-0.0037405531947377613,0.0741378074214647,0.013830773599262436,-0.054836947784926204,-0.008047474101994356,0.17538664846950747,0.0041177631773918755,-0.033780056039444784,-0.004024970046470511,0.05479001706723374,-0.015355366215260569,0.03158231310327797,0.0052266336960897775,0.1177447388238484,0.009660564848804176,0.22021049900754064,-0.00011412086904927232,0.13744973377067926,0.006081540828770205,0.008633630526706994,0.007453676032269982,-0.07315409907020373,,,0.7059921725219162,0.7993209386364654,0.7105576950595063,0.6955800903575609,0.5496688478695175,0.7456696682541393,0.37296116082053604,0.5911212141680158,0.5409157068816672,
2024-02-12,21616.05078125,19419.599609375,44882.25,38097.1015625,53292.94921875,37998.0,7901.64990234375,18669.55078125,6637.0498046875,849.9500122070312,,,-0.0076414194307357075,-0.007468234712565858,-0.007989394698865948,0.05491998421678557,-0.01648533333561597,-0.07475590845009683,-0.02409332817538523,0.1297604289190446,-0.010658682704207334,-0.05683707990071585,0.007924560833438399,0.06461880197376346,-0.023957482209212677,-0.0031162130120651055,0.0028173653778265084,0.10727224391286438,-0.044334427456775405,0.15417916498045914,-0.02968205906463861,0.09332388154689175,0.006804407025286167,0.008685160889226272,0.007421768030570905,-0.06277248462852121,,,0.709917411463901,0.8022464036207462,0.707488530675882,0.7026554627592717,0.5387321323583419,0.7465245235102961,0.3579633386650065,0.5770593188900969,0.5564092808842463,
2024-02-13,21743.25,19433.05078125,45502.3984375,38394.30078125,53432.05078125,38204.0,7737.85009765625,18753.94921875,6716.5498046875,850.4000244140625,,,0.005884480011507653,0.0005452759215698322,0.000692659588537925,0.043766400441100695,0.013817231477922798,-0.05777017145608254,0.007801097893560982,0.1471926175861984,0.002610130693443846,-0.06238503534545137,0.005421337965155981,0.07571448683654802,-0.020729823101744205,-0.03010151696462149,0.004520646398453287,0.11419743273347205,0.011978213564685314,0.17556810247474908,0.0005294572628602445,0.08600988145203892,0.0065686734484361586,0.008746846830212169,0.007421817805518752,-0.0503448667256122,,,0.7243649902871269,0.8016466246799175,0.7087179214254783,0.7298363794994449,0.5375060189260525,0.6932690474856478,0.35504943084359536,0.5797081700760376,0.5515158250888423,
2024-02-14,21840.05078125,19716.0,45908.30078125,39253.5,53839.05078125,37775.3984375,7874.7998046875,18584.349609375,6934.14990234375,861.0,,,0.004451992284961959,0.004514342760365331,0.014560205802734982,0.05896385404150295,0.008920460408422759,-0.04936504757492144,0.02237830097871174,0.17286483926309848,0.007617151017958346,-0.055243080562979996,-0.011218761451680437,0.06364630261861182,0.01769867667412317,-0.012935597306655833,-0.009043407732246433,0.10235631997479055,0.03239760055145968,0.21365368827976328,0.01246469341677292,0.0995466616719245,0.006665219793772753,0.008783479579787626,0.00739476659863879,-0.04296461431832841,,,0.7220174853279834,0.8025074201216246,0.7107312415632154,0.731505397109857,0.5130869930227705,0.69366273078254,0.32288057773807705,0.5818526854899295,0.5554513649273828,
2024-02-15,21910.75,19981.69921875,46218.8984375,39942.1484375,53321.3515625,37999.55078125,7910.60009765625,18567.69921875,7160.7998046875,869.4000244140625,,,0.0032371361888359207,0.011305800382046538,0.013476324748934898,0.08955331810324596,0.0067656099433950345,-0.03230102080791486,0.01754361872189736,0.18509686958277372,-0.009615682506243117,-0.06796333541632071,0.00593381812030036,0.07699009152974035,0.004546184519819807,-0.014120291387783368,-0.0008959361492317797,0.0748741412968732,0.03268604018311483,0.24861374100915423,0.009756125916448921,0.11683474954181494,0.006137478626736265,0.008772064141217506,0.007369637015457147,-0.045264436716693335,,,0.7346590897657432,0.8020050873478243,0.7145578678231367,0.7298541003397397,0.5102484460073399,0.7047001654440205,0.3836600187485476,0.5764368161296072,0.553894155901355,
2024-02-16,22040.69921875,20423.44921875,46384.8515625,39682.3984375,53518.6015625,38477.05078125,7976.4501953125,18870.80078125,7135.0,882.7000122070312,,,0.005930843022260657,0.02432221527631717,0.022107729436017243,0.11496924901050898,0.0035905902262991507,-0.02767213209255759,-0.006503155442588393,0.1743272470854791,0.003699268571029979,-0.0645776273750811,0.012565938022499168,0.1186669066754038,0.008324286001482939,0.012445457730519749,0.016324131435408118,0.085789245732238,-0.0036029222141654715,0.22994979188673925,0.015297892131912905,0.1201776804657757,0.006550864327892724,0.008717340860364521,0.00737158834009667,-0.05628931554588957,,,0.7204689731416865,0.8124135276395891,0.6887427278759213,0.7501211985407461,0.49870201509584355,0.6988771794139429,0.4141020824142743,0.5712716384001477,0.5797770256646241,
2024-02-19,22122.25,,,,,,,19037.69921875,,,,,0.0037000088082788096,0.021407219256424526,0.0,0.11440649426384919,0.0,-0.03757584815472159,0.0,0.16066887800990082,0.0,-0.07253057398770313,0.0,0.11821341053486711,0.0,0.011848255806967245,0.00884426895470325,0.0932913004435616,0.0,0.21738984096055658,0.0,0.04920958637200212,0.004689302218596879,0.008668005245743217,0.0073625926139723125,-0.06622876297458188,,,0.7272000022114297,0.8088015381910686,0.6794877323365286,0.7469318704427905,0.5038247778826692,0.7023375432328606,0.42333196202598194,0.5648946525238875,0.6295847194639458,
2024-02-20,22196.94921875,20354.25,47094.19921875,39955.1484375,53882.5,38029.69921875,7955.7998046875,18993.0,7101.2001953125,887.0,,,0.0033766555730090353,0.0223920085858762,-0.0033882238993436786,0.10579160935949172,0.015292657674978338,-0.022110109870429162,0.0068733244647392056,0.1677278204027841,0.006799475824775358,-0.06563248458528514,-0.01162645144097152,0.09118478179001044,-0.002588919897868247,0.010671003084959052,-0.002347931766144118,0.09415508320972488,-0.004737183558163993,0.21628171137159313,0.00487140334598779,0.05051225871649434,0.004696450129939917,0.008676208468206137,0.007309164321192859,-0.06457609280837606,,,0.7126449815656071,0.7964735530273486,0.6827743284572957,0.7438535463630059,0.48246174023829425,0.700098155575897,0.4220340182950689,0.5610840101226335,0.6299645542714131,
2024-02-21,22055.05078125,20252.55078125,47019.69921875,39283.1484375,53892.3515625,37405.8984375,7976.4501953125,18916.44921875,7143.75,904.75,,,-0.006392700010330099,0.02519642919397569,-0.004996461119913587,0.10366925938091187,-0.0015819358060203959,-0.009073730512484168,-0.016818858802418846,0.15056107735639102,0.00018283417621667297,-0.04906229214412494,-0.016402990138361218,0.08376878023936851,0.0025956398013977644,0.02961794182425459,-0.004030473398094037,0.10005263321689806,0.005991917354419396,0.25518328048924555,0.02001127395715896,0.07014014659266166,0.004239402092690888,0.008583111043253898,0.007309679996498573,-0.0833320557808089,,,0.715304428937485,0.7795772297133404,0.691168976400151,0.7134216048929439,0.48319424217774465,0.67453774163022,0.4041310686967133,0.5278701711073931,0.5913954936420475,
2024-02-22,22217.44921875,20584.849609375,46919.80078125,39589.55078125,54419.19921875,38130.1484375,8069.39990234375,18969.44921875,7158.60009765625,909.6500244140624,,,0.0073633218581414805,0.03121857991908783,0.01640775187847665,0.11150491587445788,-0.0021246081782709814,-0.006833817893954763,0.007799841813532105,0.156686203604528,0.009775926285922054,-0.038072905396046575,0.019361919650456194,0.1000419559756387,0.011653016662208193,0.033438790029489684,0.002801794321286577,0.09357317493620876,0.002078753827646551,0.25981787102930176,0.005415887719328438,0.049495269009590226,0.004445672505687238,0.008664461055216406,0.0073197058912829556,-0.0669427967550244,,,0.7238131027017491,0.7701400785796322,0.6896363619249922,0.7197171094117021,0.49638718980341007,0.6817901141033933,0.4007257831614574,0.5172959294798258,0.607858800114187,
2024-02-23,22212.69921875,20621.349609375,46811.75,39561.44921875,54337.75,38045.6484375,8047.75,19048.400390625,7076.0498046875,918.75,,,-0.0002137959201901074,0.02747621371617126,0.001773148732812535,0.11111799836228409,-0.0023028823535239384,-0.011593996821940067,-0.0007098227169910487,0.15236533591181156,-0.0014967000602599256,-0.03569186731313134,-0.002216094179085193,0.09218764612966224,-0.0026829631206481963,0.020944745701209078,0.004162017092038894,0.0946161030140722,-0.011531625156121939,0.24855311547032422,0.010003820526250484,0.06115732611871172,0.004556749505608384,0.008655673685872913,0.007317826513883244,-0.06871315263883322,,,0.7266440018595824,0.769832620247728,0.6918701687093677,0.7244001781835723,0.496494840542724,0.6812646636740195,0.4002780609705914,0.521148444203767,0.605653540021324,
2024-02-26,22122.05078125,20642.400390625,46576.5,39758.8984375,54317.30078125,37598.6484375,7971.75,18956.44921875,7040.64990234375,919.3499755859376,,,-0.004080928508836235,0.021935935346716784,0.001020824613750193,0.10062867276410548,-0.0050254476707236595,-0.018167822744947437,0.004990950095337343,0.14326256748552568,-0.0003763353975827499,-0.03399073910753048,-0.01174904406569166,0.08243494540848273,-0.00944363331365905,0.012137922568970172,-0.004827238507662535,0.09067022428311455,-0.005002777442337902,0.2343679763317763,0.0006530346513606844,0.062279695671218605,0.005142244967398393,0.008703541372349759,0.007330793805258117,-0.059069442776865044,,,0.7314606008567672,0.7712745209475401,0.6900958536679369,0.7191125846480304,0.5065453029220441,0.6856407617835882,0.41187519269440015,0.5276547977213907,0.6045459976559237,
2024-02-27,22198.349609375,20788.55078125,46588.05078125,39659.5,54306.44921875,37870.25,8000.5498046875,19064.19921875,7001.39990234375,929.1500244140624,,,0.003448994348646428,0.013875545160084712,0.007080106376164297,0.11078437040749178,0.0002479959045871283,-0.023511940557941924,-0.0025000299657761405,0.13410230457914363,-0.0001997809600977618,-0.0385814259569891,0.00722370547312301,0.03692464507669091,0.0036127330495185905,0.012939374143667859,0.005684081378142469,0.0989626762039717,-0.005574769452310613,0.19461509276327638,0.010659758621170079,0.054593992721780005,0.0048539214834256075,0.008485559267002656,0.007330280082629635,-0.1029854189560204,,,0.7806630368027511,0.7721345260335939,0.697216381266928,0.7166883641493221,0.4759487062256006,0.6986973510490084,0.4506656586529152,0.48960709231304095,0.5900624956409847,
2024-02-28,21951.150390625,20372.349609375,45963.1484375,38748.05078125,53824.8984375,37741.75,7850.35009765625,18942.55078125,6840.60009765625,909.5,,,-0.011135927809948543,-0.006620620628052576,-0.020020691978701488,0.08564232341029299,-0.013413361007185598,-0.04558201406899853,-0.022981863582495987,0.09303844934117977,-0.008867285344145381,-0.04999183343883096,-0.0033931648193502584,0.014510013388705278,-0.018773673147219005,-0.001748451803671447,-0.0063809885799114285,0.08116809933035829,-0.022966807628524655,0.1558581784837787,-0.021148387125592527,0.0296615108899696,0.00646483834932919,0.00857535176722377,0.0074410887922006985,-0.08489528584854292,,,0.808151219926654,0.774863867634288,0.7137476211642856,0.7224434282421683,0.44943267244731233,0.7410929321037845,0.46020893481491265,0.5264630067754373,0.6244519505322901,
2024-02-29,21982.80078125,20412.400390625,46120.8984375,38838.0,54015.6015625,37720.3984375,7921.89990234375,19003.150390625,6929.85009765625,910.5499877929688,,,0.0014418556686905948,-0.0022467013541375147,0.001965938245609644,0.09083142693662882,0.0034320973510877373,-0.04164569133214491,0.002321386932669256,0.10382105859277724,0.0035430280508832457,-0.04828136526120863,-0.0005657279405433258,0.02704533798589215,0.009114218321149892,-0.0025120337285625682,0.0031991261406558724,0.09717005695926106,0.013047100945219547,0.1679391599610356,0.0011544670620877717,0.048296124091798065,0.006280749560182562,0.008564035655002565,0.0073889111047202825,-0.08717509736773058,,,0.8064250831996485,0.7769580653477324,0.7121252266757796,0.7286980403863881,0.4463796407440058,0.7538096701385457,0.4626150751918231,0.5267300960465815,0.6256116111149304,
2024-03-01,22338.75,20871.94921875,47286.8984375,39707.1015625,54225.1484375,37516.05078125,8208.5,18822.30078125,7080.75,917.0999755859376,,,0.016192168700068565,0.035546198142516916,0.022513218403067414,0.13143960312512704,0.02528138088159948,0.026537801699198837,0.022377608592100584,0.13926539311255048,0.0038793768640628112,-0.036160142953634455,-0.005417431011196516,0.015033721692411017,0.036178202349092636,0.06693271745621932,-0.009516822508767842,0.0972543302582487,0.02177534870412079,0.21453687821612344,0.0071934411957381705,0.07100313985718376,0.008630244848734692,0.008114750223493472,0.0075438853054938535,-0.17769082239193199,,,0.8126846482843475,0.7510856110105405,0.7437553003539975,0.7392108520438722,0.4794279163654606,0.7450484649889182,0.2653485450294784,0.5042222026011469,0.5996408899568294,
2024-03-04,22405.599609375,20840.19921875,47456.1015625,40466.6015625,54221.75,37314.80078125,8318.9501953125,18960.19921875,7139.5,927.4500122070312,,,0.0029925402887358565,0.04395390088993456,-0.0015211803970602844,0.12672564540109477,0.0035782242141264575,0.03811891116462407,0.01912756081691147,0.17021447239050902,-6.267271917048678e-05,-0.030951565478149368,-0.005364370604290292,0.01590778185023356,0.013455588147956332,0.09042352162454659,0.007326332689219894,0.09398913631446093,0.0082971436641599,0.21471714164185451,0.011285614324088256,0.07530436197916668,0.008318136450346274,0.00803271589657823,0.007521388404577647,-0.19421794759308667,,,0.8102525974694015,0.7455490734898824,0.7341375965803421,0.737481044298095,0.46505381969718435,0.7384100578463986,0.2958781510387159,0.5122718902812462,0.6155810103879837,
2024-03-05,22356.30078125,21121.19921875,47581.0,40646.1015625,53653.1015625,36720.75,8300.5498046875,19018.5,7321.9501953125,930.3499755859376,,,-0.00220029050703785,0.03394167055306241,0.013483556325468493,0.12980217068452782,0.0026318731077290547,0.04113357381096994,0.004435756724536555,0.1618051197171313,-0.010487460059846798,-0.05274315088143644,-0.01591997729620731,-0.009401323199147549,-0.0022118645012886295,0.07348344291905207,0.003074903410948737,0.09377156659765351,0.02555503821170957,0.23159409850795432,0.0031268136726909646,0.07121470994350898,0.008409189270510667,0.007977534336094367,0.0073633998276622864,-0.2053351541724024,,,0.7820716339042999,0.7532000957576215,0.731408075747789,0.7335074209266459,0.4580765237448357,0.7347303652125143,0.2971383008501902,0.48508564483425454,0.6126531039838186,
2024-03-06,22474.05078125,21181.30078125,47965.3984375,40451.5,53879.6015625,37001.80078125,8257.650390625,19140.0,7324.7998046875,917.8499755859376,,,0.005266971542034149,0.058160063401060835,0.00284555634732353,0.15360278749795753,0.008078822166410982,0.06554136016833945,-0.0047877054629893445,0.1785090760566066,0.004221563961892327,-0.01990575356856139,0.00765373205204134,0.0131552967837949,-0.005168261750357006,0.10295388353107904,0.006388516444514547,0.092446998426156,0.00038918721091874,0.2614067319636719,-0.013435804082358893,0.12460938323795112,0.00821692359228178,0.007163864282649162,0.007295871110745886,-0.369261980312063,,,0.7345857839209987,0.7244722023070969,0.6870600601189837,0.655243800337642,0.41270526917572303,0.6575119751103473,0.38644559502042813,0.3964403439779512,0.42097849000479304,
2024-03-07,22493.55078125,21126.80078125,47835.80078125,40301.80078125,54406.30078125,37099.8984375,8371.2998046875,19194.099609375,7341.25,916.5,,,0.0008676673462120199,0.04845735169315235,-0.002573024223717413,0.13623440568220047,-0.0027018988786023934,0.0610748859683492,-0.0037007087190833454,0.15494149541494107,0.009775484663505418,-0.02600129358208314,0.0026511589754762976,0.00026287303800986983,0.013762923917380654,0.08596186241929038,0.0028265208659874475,0.08052379028773338,0.0022458218314680423,0.23960487990206425,-0.0014708020066959149,0.12027872796791939,0.008213986032249414,0.006995031060891592,0.007102955485306883,-0.40327612901087057,,,0.7246164791825493,0.7435447445440633,0.6786735992122273,0.6063933456529235,0.3783644157700656,0.6253846681956968,0.35388193328641254,0.38109621001979443,0.4372171097382655,
2024-03-11,22332.650390625,21001.150390625,47327.8515625,39853.1015625,54087.44921875,36988.30078125,8250.75,19202.05078125,7225.0,906.5499877929688,,,-0.007153178801771132,0.04589842919265452,-0.005947440501096302,0.12819031796709401,-0.01061859967752643,0.05486771676934188,-0.011133478158592669,0.13206651527165558,-0.00586056316863004,-0.020405155782072804,-0.0030080313141018777,0.013483638653725372,-0.01440036881966622,0.06879846940921541,0.0004142508394151534,0.09522288118996514,-0.015835177932913336,0.21844271413779914,-0.01085653268634068,0.10078319619970078,0.007239173136149429,0.007084275088783775,0.0071146411743516925,-0.38529649441286445,,,0.7370831723840522,0.7525803759242984,0.7096050569121898,0.6008008020255686,0.35416014146652913,0.6508438177247217,0.32413974754300096,0.410599755046107,0.48111187097934743,
2024-03-12,22335.69921875,20931.849609375,47282.3984375,39599.25,53636.1015625,37224.25,8108.39990234375,18958.69921875,7039.0,872.9000244140625,,,0.0001365188668460693,0.027514519547827687,-0.003299856434575865,0.10591076936031385,-0.0009603885133043777,0.040491893833206616,-0.0063696814688787295,0.06953456809296488,-0.00834477614990825,-0.02725833315032078,0.00637902292796344,0.018951973264803135,-0.017252988838135974,0.03374022659362552,-0.012673206902338974,0.07575635165161065,-0.025743944636678173,0.15889298690678855,-0.03711870700128561,0.04676819625638373,0.0072872298589545526,0.006362892455388137,0.0071089126161295625,-0.5306305460030779,,,0.7247892427084099,0.7506227645435984,0.6203435166036654,0.6698226341112142,0.3859796835912184,0.6296685769478734,0.32577679917980007,0.36114951034298154,0.4077877501710537,
2024-03-13,21997.69921875,20338.25,46981.30078125,37439.3984375,53664.1484375,36946.44921875,7647.39990234375,18635.69921875,6737.4501953125,826.5,,,-0.015132725270416536,0.02209819757398712,-0.02835867925924407,0.07733199251167666,-0.006368070702843176,0.035566030522783176,-0.05454273913016028,0.02858878957314559,0.0005229103939874413,-0.016678221526051695,-0.007462898010033747,0.015515936120021667,-0.05685462058509805,-0.02754324741305314,-0.017037033831970638,0.0667165881268239,-0.042839864282923745,0.09865550974428583,-0.05315617266159278,-0.012662735509600176,0.006944697068027828,0.006730189298870114,0.007310509621756246,-0.4566327313505926,,,0.7904918790126144,0.751479248358109,0.6873001736736395,0.5640286483064748,0.39946452374058244,0.7482741503858644,0.39857239113306303,0.5121057794096965,0.5818032834292886,
2024-03-14,22146.650390625,20514.25,46789.94921875,38159.94921875,54145.80078125,37679.6015625,7799.9501953125,18897.099609375,6784.64990234375,831.5499877929688,,,0.006771215952804832,0.019375724925424054,0.008653645225130013,0.06694177677013324,-0.004072930279026443,0.01724355659586041,0.019245789497736254,0.03842247792396858,0.008975309546017662,-0.016807229932620182,0.0198436482869897,0.028418358045211756,0.019947994732431473,-0.02171676013382151,0.014026862504949333,0.05342928246435408,0.007005574165741324,0.08179665765595256,0.00611008807376745,-0.028790030439875824,0.007535048536409757,0.006627324805986061,0.00729886425284405,-0.477356426132711,,,0.778878946447594,0.7043406134267064,0.6982117600294261,0.5536346451534729,0.41556093740852174,0.7503185958028434,0.3594560751497392,0.48992674062823827,0.5574886864043016,
2024-03-15,22023.349609375,20192.30078125,46594.1015625,37583.1015625,54155.44921875,37500.69921875,7802.64990234375,18718.44921875,6761.0,830.1500244140625,,,-0.005567468627318717,0.015020216770152528,-0.015693930743263862,0.04467975587629058,-0.004185677897071027,0.008778198512317203,-0.015116572953052132,0.018219697635143417,0.00017819364310400765,-0.019203770433409484,-0.0047479892655778455,0.02644478765552094,0.0003461184960991126,-0.01120255283286109,-0.009453852406872576,0.04928752626271815,-0.0034857955361233817,0.045550463668771135,-0.0016835588953851843,-0.02122266047499688,0.007683184353393138,0.006716071507963509,0.007312083072503449,-0.45947698578225576,,,0.7896776238819336,0.7135394407304732,0.7105704620081877,0.5491506307280307,0.42166635009795767,0.7376014966977668,0.38223714419483823,0.5244616302794262,0.5494817890790272,
2024-03-18,22055.69921875,20446.599609375,46575.8984375,37825.3984375,53907.8515625,36886.05078125,7996.89990234375,18814.349609375,6782.5498046875,834.0499877929688,,,0.0014688778023679294,0.00923859604656152,0.012593851036585946,0.055008880543587546,-0.0003906744499747594,0.013159380631263096,0.006446963260790639,-0.006625946063615218,-0.0045719804714365875,-0.02196266417959636,-0.016390319388836394,-0.011713857146684714,0.024895388416908304,-0.010070262452418488,0.005123308533964366,0.04686430736009539,0.003187369425750708,0.026143167999924444,0.004697901902320556,-0.025870151948452214,0.007193414918900839,0.006599767432430455,0.007302579423840506,-0.48290829911192207,,,0.794233661071736,0.7488609451306087,0.7002577998702316,0.5585989698508085,0.3635540428190502,0.7081852228917569,0.36837045889694114,0.5063036882066039,0.5415530466151137,
2024-03-19,21817.44921875,20354.099609375,46384.80078125,37232.1015625,52740.8984375,35814.6484375,7923.60009765625,18405.650390625,6676.5,829.2000122070312,,,-0.010802196640288697,0.0021013518302053225,-0.004523979623369145,0.037664414956675385,-0.004102930113230818,0.012203890416278895,-0.01568514541837074,-0.032462499795710476,-0.021647182946013976,-0.03578715384576936,-0.029046274162118135,-0.036260013391482215,-0.009166027533496712,-0.02292972008430938,-0.021722739676653502,0.006160907709702901,-0.01563568388605241,0.014357338195077451,-0.005814969914179069,-0.03888726490057226,0.007581814891404949,0.0068699415760124765,0.0073685338750816625,-0.4284774033515629,,,0.815771915793972,0.7376612370489752,0.7333958714651635,0.6043319849067792,0.4376772437946892,0.7101581382962274,0.5173709314817162,0.5228664595081834,0.5490822614612525,
2024-03-20,21839.099609375,20406.44921875,46310.8984375,37630.69921875,52993.5,35748.8984375,7860.89990234375,18361.400390625,6679.7001953125,834.3499755859375,,,0.0009923428906801757,-0.004117795272168268,0.0025719442461060726,0.02525137695666002,-0.0015932448238491492,0.01357160841235383,0.010705752281559677,-0.028167867452165818,0.00478948159746162,-0.029579495578387016,-0.0018358409999400527,-0.06529787960498223,-0.007913094368688034,-0.04580464269186413,-0.002404153021538402,-0.006850391754302465,0.0004793222964876165,0.018821651587191512,0.006210761339955795,-0.03682542500901875,0.007699672584243235,0.006739135623950663,0.007366687287041856,-0.4548303512951162,,,0.8080025067265162,0.7655612691736239,0.730957891728063,0.6167790697195171,0.3988999286813614,0.6957957340019831,0.49284856916444564,0.5424142342658497,0.5491684364876943,
2024-03-21,22011.94921875,20700.25,46684.8984375,38328.3515625,53338.3515625,36026.80078125,8052.75,18582.599609375,6822.64990234375,859.4000244140625,,,0.0079146856998078,0.0037139699847243968,0.014397447498119664,0.040014931193457226,0.008075852825544683,0.018909358392352527,0.01853944673455299,-0.01584646332695694,0.006507431335918579,-0.026185537277490845,0.007773731664371564,-0.04609618573386021,0.024405615138166192,-0.027052053676039356,0.012046968860988327,0.0009561079337285783,0.021400617221049245,0.011692235822516883,0.030023430887659686,-0.025789264150517854,0.008745269114834298,0.006896921216235893,0.007399041009289776,-0.42304192397821216,,,0.8165880663372284,0.7719981109719865,0.7449831310658003,0.6323438525475439,0.4261201348492652,0.7129647732886869,0.5219024313516794,0.5818156315072023,0.5894771672177316,
2024-03-22,22096.75,21046.400390625,46863.75,38411.55078125,53775.69921875,35188.3984375,8130.7998046875,18815.599609375,6888.5,874.5,,,0.0038524885010076115,0.017441830139420578,0.016722039136000788,0.07109088733173863,0.003831036769619267,0.0411390295921088,0.002170696504240066,-0.023956709838115486,0.008199497049276694,0.002413964118351597,-0.023271629053067122,-0.07035906051696539,0.009692316871565687,-0.011074126749251123,0.012538611652723297,0.015944602175357758,0.00965168938737837,0.0014538053354655744,0.01757036904465137,-0.0017692914954243744,0.006721823241555033,0.006670259194151002,0.007391778191249032,-0.4687066079977968,,,0.8021372748988831,0.7520369508351358,0.8135531377718855,0.5982346640098037,0.4003782732467103,0.7271871862445852,0.5319196690623333,0.6739228989100354,0.5982994074083756,
2024-03-26,22004.69921875,21038.30078125,46600.19921875,38428.5,53687.69921875,34969.1015625,8161.2001953125,18809.44921875,6895.64990234375,888.2000122070312,,,-0.00416580634029895,0.010200813439687817,-0.0003848453523961348,0.07469865045208413,-0.005623766370595584,0.021160467693192686,0.0004412531752888693,-0.015604127345817398,-0.0016364268857208542,-0.003330462166074577,-0.006232078887861481,-0.07241917113735685,0.0037389176163793447,0.008103179117659565,-0.0003268772057594127,0.010331878402699113,0.0010379476437178958,-0.007098725200653799,0.01566610887024722,0.013984816290070201,0.00632431314037443,0.006709843481974082,0.0074156598513885515,-0.46073172107605104,,,0.8126296527915275,0.7679286282656618,0.816043271308822,0.5955754777970477,0.407109187009278,0.7377129129677346,0.5266057165787719,0.6651348993822295,0.5660469906519803,
2024-03-27,22123.650390625,21146.19921875,46785.94921875,38690.1484375,53543.55078125,34744.3515625,8154.9501953125,18768.400390625,6828.5498046875,895.75,,,0.005405716783151604,0.023482532240130416,0.0051286669309416055,0.0889101549004887,0.003986034461527899,0.042415414083518455,0.006808708055219492,0.015566719006879781,-0.002684943471178869,0.004702339918764231,-0.006427102497852499,-0.08562683397810411,-0.0007658187338168698,0.03205663324739527,-0.0021823514153769263,0.00529469672480154,-0.009730786598293406,0.028853181102355352,0.008500323901379225,0.05388550754183963,0.006334812089462782,0.006595182434816254,0.007427384902057013,-0.48383202010124865,,,0.8039734634990509,0.7574105127487639,0.8055271970567051,0.553213208376479,0.4511744185458374,0.7127646181507648,0.5408483299802207,0.6213449458850749,0.5384879442327564,
2024-03-28,22326.900390625,21419.099609375,47124.6015625,39020.6015625,53949.19921875,34898.1484375,8257.2001953125,18996.150390625,7007.25,900.6500244140625,,,0.009187001078543977,0.02684283125222775,0.01290541093469999,0.10219953884138677,0.007238334359031873,0.035650936669375355,0.008541014659941393,0.016312337209064554,0.007576046630849431,0.009678618543338402,0.004426528862492729,-0.08653155592346351,0.012538396624270476,0.06711813890185825,0.012134758171173932,0.012914675679768228,0.02616956753977684,0.043281179141948734,0.005470303560214829,0.0590898383788534,0.0071206616421401496,0.006709631541645128,0.007389535139314089,-0.460774419839892,,,0.8222006498442228,0.7618039417684435,0.8008157818763845,0.5700842050662178,0.4531080870868623,0.7779220867441315,0.5613973248885273,0.6383940101056469,0.5403360862118177,
2024-04-01,22462.0,21385.25,47578.25,39489.69921875,53889.1484375,35042.80078125,8562.7001953125,19207.900390625,7113.25,939.9000244140624,,,0.006050979178091831,0.028477462116706764,-0.0015803469796734637,0.08466473929803198,0.009626573434224905,0.03637575754997324,0.012021794576863254,0.006017277917892638,-0.0011130986579894753,0.0009305077917058924,0.0041449862020348505,-0.072338023403542,0.036998012979439165,0.08735465125291508,0.01114699534619934,0.03355246722949312,0.015127189696385823,0.02582870289488759,0.043579635747564405,0.0916376590174941,0.004544992005441529,0.006745035989962114,0.0073982839103231566,-0.4536416283364377,,,0.8011783055895296,0.7659283066260345,0.8101876651396838,0.5536835097783528,0.4815820616664592,0.7683254731888771,0.6057435541796726,0.6537877350439201,0.5399622958901257,
2024-04-02,22453.30078125,21614.25,47545.44921875,39693.75,54096.94921875,34793.94921875,8690.849609375,19185.150390625,7176.0498046875,949.3499755859376,,,-0.0003872860275131451,0.024761853485161467,0.010708315310786531,0.08170229985836652,-0.0006894070557450505,0.02870147982959481,0.005167190059353954,-0.006218955344595045,0.0038560783993646375,0.014545723870875493,-0.007101360534890522,-0.0843589331082758,0.01496600501470935,0.09863341618670907,-0.001184408474499632,0.03325404858193126,0.008828567066741622,0.0021296503764869357,0.010054208880105442,0.0919599136493674,0.004732156688506195,0.006735265887039443,0.007393346938515059,-0.4556099715934987,,,0.7920302632468963,0.7662796041098776,0.8121192399263679,0.5852701312106732,0.4792726432201706,0.7585838528047205,0.6107510235444481,0.6706155331426121,0.5336683403428389,
2024-04-03,22434.650390625,21555.349609375,47624.25,39704.55078125,53866.69921875,35047.3984375,8691.2001953125,19153.05078125,7303.85009765625,924.8499755859376,,,-0.0008306302403686683,0.017873805543331622,-0.0027250721456909544,0.05542160770698046,0.0016573779939998978,0.026719896598785153,0.000272102818453801,0.0005582410494893164,-0.004256247409977654,0.006504236771648131,0.007284290068843902,-0.08913501097701804,4.03396622030705e-05,0.08960752997869093,-0.0016731486968528664,0.014956969938469289,0.01780928177021135,0.02366504522161872,-0.025807131858700094,0.04775117570636267,0.004674200653060944,0.006671784614872251,0.007388657312198313,-0.4683992876333527,,,0.7955356318230552,0.7648797589046985,0.8339026631880793,0.5810373051695781,0.4477987629101372,0.7601917806246448,0.6027592541389615,0.6618199230791351,0.5152005463726788,
2024-04-04,22514.650390625,21651.849609375,48060.80078125,39530.3515625,53634.44921875,35426.69921875,8684.4501953125,19125.19921875,7252.89990234375,924.5,,,0.003565912488363576,0.017737815575947335,0.004476846896420916,0.0601465686558591,0.009166564959028234,0.03613139122568465,-0.004387386718206154,-0.0038315948880830453,-0.004311569176660424,0.0021646241282053946,0.010822508892533333,-0.07927716653341965,-0.000776647626140381,0.08876128887710832,-0.0014541580251677955,0.004596143630309246,-0.006975799698962781,0.016524162907322948,-0.0003784133591135941,0.04735469266444836,0.0046639780789786275,0.006669689164354888,0.00738483316329232,-0.4688214496032933,,,0.8017990388590367,0.7688932536996739,0.8285138664492685,0.5675833735932677,0.45144886391012207,0.759678431053883,0.5935411653651632,0.6525567446880076,0.5150792274883962,
2024-04-05,22513.69921875,21600.900390625,48493.05078125,39451.55078125,53925.94921875,35247.8984375,8699.0498046875,19160.75,7306.35009765625,937.75,,,-4.224679746289706e-05,0.014269979035336888,-0.0023531116125958818,0.061247670173305346,0.008993816019990941,0.02970326676545465,-0.0019934247517483517,-0.0126040742168122,0.005434939749471512,0.0008063697629099309,-0.005047062955144455,-0.07314811419487832,0.0016811207441640441,0.09342241110215999,0.0018588450161161063,0.008832201337334755,0.0073694930348104926,0.028889468920925365,0.014332071389940415,0.05721533258173617,0.0038417656703084876,0.006649926082767166,0.007386542003094753,-0.4728030379949233,,,0.813759010225678,0.7729546120308263,0.8274171547891223,0.5559977116203195,0.4699696785621167,0.7679729774195366,0.5997268694164936,0.6579452256413628,0.5085193603917719,
2024-04-08,22666.30078125,22067.94921875,48581.69921875,39951.25,53966.05078125,35064.1484375,8794.650390625,19218.849609375,7241.25,950.25,,,0.006778164752814453,0.027714740086640433,0.02162172963529363,0.08963801434734409,0.001828064765400983,0.03322011892787957,0.01266614895624052,0.01700733238230523,0.000743641291084618,0.0013675264970489653,-0.005213076754797652,-0.06260376298440562,0.010989773375706502,0.10257698290316286,0.0030322200005219457,0.01598610749449003,-0.00891007093639451,0.01364829396325451,0.013329778725673203,0.05029013539651839,0.0040001774188484695,0.006614276333096127,0.007404797289420604,-0.4799852493734823,,,0.8128498946910444,0.7687113471975385,0.8246536059774879,0.5626960949253894,0.4289623951505148,0.7817706555822501,0.59507635469033,0.6510649810497411,0.5717118695014909,
2024-04-09,22642.75,21999.349609375,48730.55078125,39693.44921875,53629.3515625,35079.3515625,8894.400390625,19182.30078125,7180.75,955.2999877929688,,,-0.0010390218270411866,0.01914264671261523,-0.0031085629523160963,0.068715585823653,0.0030639431080778934,0.03859244860058331,-0.006452883983604996,0.0026243904123612882,-0.0062390931683106166,-0.014514135959168284,0.0004335803285540063,-0.08001009699714734,0.011342122264045074,0.10223814636347739,-0.0019017177858122736,0.011220756071800508,-0.008354911099602957,0.00309416674232188,0.005314378103624007,0.0501840951505621,0.0033864949273906555,0.006509660132076417,0.007407064646302849,-0.5010618537333656,,,0.8057153674497387,0.7962645148776583,0.8256796546189665,0.5424641509782265,0.39124313725828186,0.7744695367016383,0.5979457990492,0.6598667874694457,0.5723284260058615,
2024-04-10,22753.80078125,21985.150390625,48986.6015625,40120.1015625,54290.8984375,35293.1484375,8999.599609375,19117.0,7290.35009765625,960.9000244140624,,,0.0049044741142307835,0.02436000943294858,-0.0006454381153135902,0.06613537945304904,0.005254420012599681,0.04645952271598475,0.010748684030927214,0.014121129402034915,0.012335537457114798,-0.0008622286071837681,0.0060946643959221,-0.07234730154545022,0.011827578490944068,0.118275245798515,-0.0034042204840114554,0.003601331763729787,0.015263043227552897,0.030285300257042902,0.005862071278815106,0.04587757759353739,0.0031801270380777723,0.006553092388090873,0.007407595983311837,-0.4923117321694849,,,0.7936750949223547,0.7996756174962801,0.8282778556806565,0.5472745942926713,0.4025438724966432,0.7763910549861861,0.5870750728591082,0.6688373904033988,0.5771103758366273,
2024-04-12,22519.400390625,21851.30078125,48564.55078125,39756.0,53701.3984375,35018.1015625,8951.2998046875,18788.650390625,7198.7001953125,952.4000244140624,,,-0.010301592814249916,0.017961698637442014,-0.0060881825685430435,0.058563944490391595,-0.008615637088266292,0.04268355890309494,-0.009075290149323179,-7.29003471903189e-05,-0.0108581735975255,-0.011338971835702982,-0.007793208800486506,-0.06863403293045567,-0.005366883726381055,0.12287763724244982,-0.017175791671025786,-0.008851806906908899,-0.012571399331455235,0.02244825338015133,-0.008845873435358809,0.03594936608015975,0.00561680939754076,0.006807121637231699,0.007450109044009104,-0.4411334832195854,,,0.7951917188480312,0.8097435925304964,0.8354847879933726,0.5874600991903933,0.39856393688445035,0.7618657086079376,0.6245324631310322,0.6753971168072501,0.5825158094391293,
2024-04-15,22272.5,21680.30078125,47773.25,39629.25,53174.94921875,34463.6015625,8899.7001953125,18617.650390625,7056.10009765625,942.0499877929688,,,-0.010963897188301042,0.003340356014290613,-0.007825621079122658,0.042896208080281495,-0.01629379389946939,0.02543998297578476,-0.0031881980078478644,-0.000762742848497866,-0.009803268333183235,-0.02083546275401371,-0.015834667650681533,-0.0899557947861448,-0.005764482309929875,0.11238607502926734,-0.009101239122812355,-0.023423424346395327,-0.01980914523278876,0.007812751174831378,-0.010867320827150584,0.01388361732761223,0.007105473600099739,0.0071024867460045184,0.007560993009667536,-0.3816274652353749,,,0.7947098628907908,0.8318083405572305,0.8149873328500096,0.6149963750978484,0.43315142897880005,0.7560869391385378,0.6355288480600163,0.7052338074838691,0.5841967969322023,
2024-04-16,22147.900390625,21703.05078125,47484.80078125,39712.75,53402.25,33574.94921875,8851.9501953125,18695.599609375,6966.25,937.75,,,-0.005594325260972033,0.008963083779154779,0.0010493396853459291,0.0653189836906507,-0.006037881424228009,0.033105920622890306,0.002107029529955673,0.024896716074729985,0.00427458388939761,-0.007852284904740992,-0.025785243081412168,-0.11040295644081155,-0.005365349276052034,0.12758667896292697,0.00418684512355294,-0.013036848876733176,-0.012733676735410038,0.018368257250822362,-0.0045645006620537165,0.031061022539857097,0.0069635076481392505,0.006867403098655513,0.007570726345380671,-0.42898882015324136,,,0.7645401126314876,0.8189749507613157,0.7844078732016997,0.5629491923814971,0.4747058235162631,0.7424111708573227,0.6076451047381752,0.6882743329974041,0.5581399275384578,
2024-04-18,21995.849609375,21520.75,47069.44921875,39359.55078125,52825.5,33498.6484375,8824.25,18525.75,6953.35009765625,932.75,,,-0.0068652458503182245,0.0005935926115534507,-0.008399776745096843,0.0542978575848454,-0.008747042330732646,0.020566615425660295,-0.008893849424932765,0.01342887845022922,-0.010800106737075654,-0.022032552227025826,-0.002272550905524251,-0.11192220058319735,-0.0031292760014813847,0.11390576866406543,-0.009085004649427186,-0.025122170840710778,-0.0018517713753812837,0.0033911267442781057,-0.005331911490269237,0.0243808824388001,0.007067853302233772,0.006987055531208743,0.007319753530011533,-0.40488292683039995,,,0.7727591521300992,0.8259013786163681,0.7875680815383571,0.5819447348083467,0.4602988276894646,0.7408351242093045,0.619515457790357,0.6835937237239601,0.5595685149150699,
2024-04-19,22147.0,21609.69921875,47574.1484375,39357.8515625,53055.44921875,33368.30078125,8909.0,18404.599609375,6933.25,926.25,,,0.0068717686886063944,-0.008583739018521608,0.00413318396199025,0.03534648308444788,0.010722437316070366,0.006074621290285354,-4.317170080125887e-05,-0.008795655846354666,0.004352996540496479,-0.021571157524782003,-0.0038911318017261776,-0.11055934496370257,0.009604215655721449,0.08533836876408607,-0.006539567392683132,-0.022191823238267294,-0.0028907069792193374,-0.02083112664618858,-0.006968641114982632,0.009977128620264564,0.007090146065146838,0.006429183236933131,0.007306545738643064,-0.5172752094327119,,,0.7276907926689201,0.7920079688922099,0.7531826923213727,0.60418287472553,0.5125644471347671,0.6973946299142573,0.7386624698486566,0.6372694569719757,0.5609833703432925,
2024-04-22,22336.400390625,21812.69921875,47924.8984375,39570.05078125,53499.44921875,33538.80078125,8931.2001953125,18643.0,7146.14990234375,933.0999755859376,,,0.008551965982977361,-0.0030884787712195383,0.009393929917537402,0.04666462109081171,0.00737270159361425,0.009878537418051225,0.005391534606837611,-0.022155326778931284,0.008368603160240351,-0.013321236980547435,0.005109639868021265,-0.10119309016644595,0.0024918840849141866,0.07359702674322843,0.012953304917514341,-0.016729740816030958,0.03070708575974468,0.0009314240974507282,0.007395385247975783,0.006091933047109865,0.008401683822287436,0.006604126232818251,0.007345530933137873,-0.48203014916610265,,,0.7421287167001321,0.7988203999608695,0.752371232775522,0.625611748240086,0.53206055129219,0.6725625827774961,0.753603118707501,0.6615113695431882,0.5556314380579392,
2024-04-23,22368.0,21914.30078125,47970.44921875,39446.6015625,53905.30078125,33714.55078125,8900.4501953125,18463.75,7150.0,957.2000122070312,,,0.0014147135985376202,0.0005233074498538492,0.004657908747609962,0.03755002518019612,0.000950461716875628,0.008184973387486583,-0.0031197639707982727,-0.029510825242503813,0.007586088612623776,0.004700552463984042,0.005240199288766956,-0.08186649833540982,-0.003442986309515117,0.07227236806485071,-0.009614868851579694,-0.02916896705839056,0.0005387653084336641,-0.023484207175102356,0.025827925465285784,0.02886014653161406,0.008024751918214388,0.00659711849791803,0.007341041118615567,-0.4834419692715095,,,0.775927287010667,0.8055885234055111,0.7577824394313126,0.6270775042438492,0.5321035092407076,0.6668250756813596,0.7427554999199873,0.711364204578026,0.5505406810995702,
2024-04-24,22402.400390625,21896.900390625,48189.0,39561.8515625,53932.5,33442.55078125,9140.099609375,18586.19921875,7133.89990234375,965.75,,,0.0015379287654238016,-0.003188138681468944,-0.0007940198867713022,0.03378449778723969,0.004555946104515041,0.004661726364920238,0.002921671207021248,-0.02199296534121109,0.0005045741022831063,0.0009817896934267711,-0.008067733180394887,-0.09619126433985847,0.026925538461943566,0.10686444412224749,0.006631871572676085,-0.0289342100966562,-0.002251761909965011,-0.026062132404162552,0.008932289682336059,0.05218720454122572,0.007299772430239004,0.006529997777183363,0.007336728499988811,-0.4969645103453176,,,0.7775401112952454,0.7997848961111622,0.7762395085153216,0.62217031969342,0.5133077706727207,0.6781780971986124,0.7350265684591678,0.7158493870822478,0.586399625398199,
2024-04-25,22570.349609375,22174.05078125,48494.94921875,39989.25,54291.6484375,33554.44921875,9242.0,18878.150390625,7403.14990234375,963.3499755859376,,,0.0074969296067168845,0.0034142598859498996,0.012657060391235042,0.04956973897010619,0.006348943093859694,0.013779395907141723,0.010803297131449785,-0.007755255973460384,0.006659221017011996,-0.0021073357700054363,0.00334598991063606,-0.09556493058121995,0.011148717736126246,0.10401015560629578,0.015707954511779754,-0.016460747061856518,0.03774232939707245,0.008431793270049281,-0.002485140475342873,0.051118358522572516,0.006240351923717425,0.006673955267811006,0.007370824178545466,-0.46796197493468067,,,0.7909030110659774,0.8105333383564587,0.7840557892573068,0.6459763897879162,0.52267671774708,0.6800863097979059,0.7484211009601748,0.7238444049992617,0.5653481571163845,
2024-04-26,22419.94921875,22111.55078125,48201.05078125,39968.30078125,54300.75,33666.25,9222.650390625,18994.650390625,7380.0498046875,969.0499877929688,,,-0.006663626980883297,0.00390902228790746,-0.0028186099426112943,0.0528733126505625,-0.006060392726143227,0.01845000755204107,-0.0005238712591508765,0.002890596069902829,0.00016764203633412578,0.003943628038130198,0.003331921216204181,-0.08981355485608045,-0.0020936603954772037,0.11779539928188343,0.006171155414560925,-0.010800950012460064,-0.0031203066209609664,0.021460180579584875,0.005916865470998012,0.06894269576039447,0.006463927506923992,0.006656094641925126,0.007393331706368006,-0.4715602832439802,,,0.7852957976444789,0.8095543049281294,0.7655683621184065,0.6243904667695271,0.5006330510501817,0.665438434980794,0.7251228758794918,0.7079884606292777,0.5375473249759833,
2024-04-29,22643.400390625,22078.75,49424.05078125,40352.1015625,54332.1484375,33579.3984375,9268.7998046875,19096.900390625,7569.0498046875,959.3499755859376,,,0.00996662256880243,0.01377620502772059,-0.0014834229211012628,0.05479211880594259,0.025372890843195828,0.04529491765484206,0.009602629427519993,0.01901176316470643,0.0005782321146576841,0.012977208535354112,-0.002579781309174578,-0.09791605102856338,0.005003921010538592,0.14311083768923805,0.005383094602808169,0.007289591457747324,0.025609583268659586,0.07530186172574238,-0.010009816138714434,0.09903763174930025,0.005817463975402843,0.006893073117116846,0.00745615591891402,-0.42381718499781745,,,0.744160349947701,0.7935787360256106,0.76869246317065,0.6177660623735701,0.49351124423298137,0.6626325484830954,0.7414678978195738,0.7585752638375016,0.5226436846893485,
2024-04-30,22604.849609375,22479.900390625,49396.75,40366.69921875,54240.6015625,33200.94921875,9175.7998046875,18970.599609375,7605.60009765625,973.25,,,-0.00170251731563964,0.027600631529114183,0.01816907164694559,0.10530160611778294,-0.0005523784638946649,0.05141299152180978,0.00036175702589846814,0.078187708761847,-0.0016849485550034515,0.01074186662388521,-0.011270279884685652,-0.10137645373778414,-0.010033661526810289,0.19985876531385927,-0.006613679637351155,0.017970905555722005,0.004828914317106747,0.12885437029987323,0.014489002728720335,0.17755595886267383,0.006051281485237306,0.006250337467231943,0.007362057317920084,-0.5533065458097667,,,0.6122288068353614,0.8048002641650571,0.760038965812756,0.6853441128755006,0.5180240819982773,0.5638486580553325,0.705114531724743,0.6920457889949975,0.3488282762309666,
2024-05-02,22648.19921875,22733.5,49231.05078125,40801.1015625,54490.55078125,33203.3515625,9279.5498046875,19124.44921875,7586.14990234375,972.6500244140624,,,0.0019177127972140884,0.022646712675669978,0.01128117140059759,0.10818089864362568,-0.003354455885255625,0.05217149416186562,0.010761403636099676,0.06921267972894118,0.004608157202349528,0.006367068083318106,7.23576827328376e-05,-0.11879769993255218,0.011306916258896349,0.18969346884601745,0.00810989702713294,0.012030926124885877,-0.002557351827963461,0.11813431960919929,-0.0006164660528513721,0.16968316841130582,0.005522877720785961,0.006155947369463103,0.007247909831583174,-0.5723229383643936,,,0.6027806631834912,0.8393976943473368,0.750601906834211,0.6725525029643101,0.49699828476514024,0.5474181436677251,0.6901426221814647,0.691052765842996,0.34866763486936625,
2024-05-03,22475.849609375,22541.349609375,48923.55078125,40571.05078125,54273.8984375,32908.3984375,9276.2998046875,19133.400390625,7528.7001953125,962.6500244140624,,,-0.007609859296553445,0.0205463750077044,-0.008452301256955619,0.11633388654284804,-0.006246058028830714,0.04999450876041345,-0.00563834731024615,0.07950246505816172,-0.003975961715265819,0.0021872077594915496,-0.008883233502641974,-0.1224590708152421,-0.00035023250786991866,0.1888653112452343,0.0004680486100601122,0.02216803149800195,-0.00757297282162861,0.11354832056093778,-0.010281190303803367,0.15960970439472222,0.006624475850884189,0.006239126669706875,0.00729558796580819,-0.5555651400015984,,,0.6126494667531824,0.8420431125911098,0.7592899935238157,0.6861192641599269,0.5080957179354657,0.547683801020197,0.6572415161812902,0.6961833929643625,0.37225860714559444,
2024-05-06,22442.69921875,22526.599609375,48895.30078125,39882.1015625,54660.1484375,33217.1484375,9189.75,19203.30078125,7252.85009765625,989.2000122070312,,,-0.0014749338156797576,0.0175464852037428,-0.0006543530114925256,0.10172840666603045,-0.0005774315140434361,0.04979833822985502,-0.016981300840953284,0.05437360107120481,0.007116680598221459,0.01395523756178263,0.009382103495142236,-0.09946584863498009,-0.009330207788644795,0.1491640651031092,0.003653317716554527,0.020673112807534366,-0.036639803750984634,0.06933974781043561,0.02758010400418276,0.18602005477467198,0.006659213043334712,0.006249708921321718,0.007297857377329728,-0.5534331764209216,,,0.6224002862188664,0.8448872362628308,0.7165058289209201,0.6720588967318548,0.49589240210495966,0.5664173435347272,0.6516276651504254,0.6484902039699385,0.33848640644966377,
2024-05-07,22302.5,22114.0,48285.3515625,39035.25,55765.55078125,33473.0,8969.900390625,18846.30078125,7085.4501953125,954.7000122070312,,,-0.006246985595782073,0.022232240643106138,-0.018316107025904027,0.08646417303639398,-0.012474597947128241,0.040973567833415325,-0.02123387507984964,0.0484299398053889,0.020223185910553276,0.05734927605251805,0.007702393930093088,-0.06538242142977901,-0.023923350403982746,0.1320485991308722,-0.018590553992080983,0.023941038826285954,-0.023080568340692054,0.061252182327941274,-0.03487666758416841,0.15135069724126549,0.006184478287897365,0.006014054524943024,0.007166273667064574,-0.6009095178453738,,,0.6292390680127418,0.863524314320009,0.6819263283245949,0.4126222799221604,0.3378901731878356,0.5638508788131812,0.6153702205730757,0.6499686859311673,0.3685315736561607,
2024-05-08,22302.5,22458.650390625,48021.1015625,39635.1015625,56008.80078125,33335.1484375,9102.349609375,18850.849609375,7147.60009765625,960.8499755859376,,,0.0,0.021218841386028364,0.015585167343085793,0.1005663038128839,-0.005472674246928877,0.03692873994461676,0.015366919963366366,0.053265083704617355,0.004362011969615276,0.0568994458046741,-0.004118291234726512,-0.06751956299352757,0.014765963163696938,0.15792717404544332,0.00024136450849421287,0.026656420988450558,0.008771482493076688,0.07004803938238124,0.006441775741354849,0.15161503410024446,0.00579124482354352,0.00601540856530634,0.007151542555540853,-0.6006367247908876,,,0.6039473179685976,0.859246335843415,0.6591224708680952,0.41074605033031675,0.3383784659573957,0.5651844161489147,0.6175375634652156,0.6467517764428575,0.3678871317042134,
2024-05-09,21957.5,22633.30078125,47487.8984375,38458.0,54625.1015625,33205.8515625,8841.25,18437.05078125,7095.2001953125,939.4500122070312,,,-0.01546911781190452,-0.002473620950552591,0.0077765309841550945,0.09338296789893841,-0.011103517154974707,0.017200422982070362,-0.029698462123121994,0.003382572748754642,-0.024705032056555276,0.024124292601960695,-0.0038786950429340328,-0.07830140777357486,-0.028684858369544486,0.09791686069976091,-0.021951203086316484,-0.007832533186130197,-0.007331118365300315,0.03994786437380027,-0.02227190916652355,0.09314636434592449,0.005934914785316643,0.006542581513090384,0.007335726993466669,-0.4944293157913539,,,0.4761838773938483,0.8559614103839672,0.7199253305573199,0.5451624159913618,0.28496402773552637,0.6302628311922089,0.6741629963088311,0.6052102588251587,0.4088771848471565,
2024-05-10,22055.19921875,22846.900390625,47421.1015625,39089.44921875,55276.5,32935.1484375,8977.4501953125,18609.44921875,7074.35009765625,935.3499755859376,,,0.0044494691449390444,-0.0018804023781777701,0.009437404267253369,0.08554907093766118,-0.0014066083612420677,0.01189302099170475,0.016419190253003313,0.01764829650748978,0.01192489201607616,0.027908531233503897,-0.008152271731097893,-0.06403388901038276,0.015405083592535007,0.1041287955628789,0.00935065155189152,-0.010956355093902248,-0.0029386200645931115,0.026979763033497806,-0.0043642946062255605,0.06958259072148376,0.006789607149986134,0.006555792007528897,0.007336609001463082,-0.49176785072222445,,,0.47576693562323236,0.8424206559526296,0.7225816473901338,0.5482306161975086,0.3495913445219026,0.6341490774662838,0.6786121761788496,0.5894396123009366,0.38308319816612213,
2024-05-13,22104.05078125,22462.650390625,47754.1015625,38868.1484375,55340.69921875,33074.6015625,9094.7998046875,18939.0,6987.2998046875,946.9000244140624,,,0.0022149680905385605,0.0045150157024342885,-0.016818473991232263,0.06770269254085504,0.007022190312494292,0.024761747011710522,-0.005661394204138581,0.011440686925068722,0.0011614197488987177,0.030789175622238263,0.004234173265216468,-0.054176399030840816,0.013071596814457687,0.11439489131895408,0.017708787475448684,0.006887537202357796,-0.012305058665048274,0.013290973822873253,0.012348371336503572,0.06608873159230355,0.006829880272799824,0.006520799284443513,0.007267713457949838,-0.4988176936027421,,,0.41495845039762363,0.8387495469754094,0.715556976990057,0.5453869249090174,0.34658630626834586,0.6403667951553049,0.6626310193011824,0.5774327438105535,0.41320130536732497,
2024-05-14,22217.849609375,22874.80078125,47859.44921875,39494.19921875,55054.30078125,33122.8515625,9347.150390625,18860.849609375,7060.14990234375,955.25,,,0.005148324587705533,0.00425785153384628,0.018348252920190378,0.08174526044222996,0.0022060441470586056,0.022944922950709046,0.016107038961649778,0.020781796238100725,-0.005175186463906578,0.028215349523084576,0.0014588233182135646,-0.04666945638870712,0.027746689466153773,0.14619343671746532,-0.004126426454670207,0.0049257910544247,0.010426072974194955,0.033916439695184764,0.00881822301261903,0.0664247837008094,0.00722504842502987,0.006513839506586628,0.007263098357083684,-0.5002198519959206,,,0.4319341346914926,0.8352498939732379,0.7170810156810725,0.5357750172309736,0.37465991955862654,0.6645670307008061,0.6569075952653946,0.6120221868416093,0.41352030450857796,
2024-05-15,22200.55078125,22759.849609375,47687.44921875,39949.55078125,54555.94921875,33117.3984375,9376.900390625,18886.55078125,7160.75,965.0,,,-0.0007786004689536163,-0.0056590752484413365,-0.0050252316063544855,0.06259600190724934,-0.0035938566533401106,0.011943817827372305,0.011529580837375653,0.02380663499669744,-0.009052000578122388,0.011246691494711358,-0.00016463331937799364,-0.051027062458319006,0.0031827882035404542,0.13560288824632583,0.0013626730718547808,-0.005769569471775204,0.014249003073270927,0.021905883192407938,0.010206752159120702,0.07144836933502763,0.007232256492379012,0.006287920673537083,0.007259366838151066,-0.5457348087160057,,,0.401598013772995,0.8334244546605525,0.6981494287181175,0.5137963636367597,0.35273830038083437,0.6635878283357605,0.6345254397957886,0.5705496805584214,0.41487794281450574,
2024-05-16,22403.849609375,22886.849609375,47977.05078125,40076.6015625,54997.0,33668.44921875,9405.400390625,18996.150390625,7097.5498046875,980.75,,,0.009157377676264788,-0.0025888340586323055,0.005580001721438688,0.07021660300323829,0.00607290948130923,0.008381997682764819,0.003180280598039431,0.01486216292757514,0.008084375536782318,0.020557971217245674,0.016639313691561686,-0.039219227112558874,0.0030393838915570015,0.0984152400633882,0.005803050575217128,-0.011024109647265301,-0.008825918418112644,-0.002207176088637408,0.016321243523315987,0.043462043328920785,0.007871685559159833,0.006418126730362195,0.007319648625911105,-0.5195027192478902,,,0.42320100571871494,0.8244062180358566,0.6729069641865881,0.5462303984459828,0.4040443760139803,0.6339749917600771,0.624697378462435,0.5040686744463102,0.409711907039444,
2024-05-17,22466.099609375,23285.650390625,48115.6484375,40302.5,55064.69921875,33381.8515625,9557.9501953125,18981.599609375,7109.25,997.0999755859376,,,0.0027785403439750667,0.0005700198937204082,0.017424887568913805,0.07732863229697995,0.0028888323478224454,0.011992719137568608,0.00563666650096839,0.015336167532671974,0.0012309620297470403,0.017889178853445875,-0.008512350966565885,-0.040584575420631985,0.01621938443360227,0.09977167076992566,-0.0007659857892671207,-0.010609808998394255,0.0016484837210684056,-0.009308715310736182,0.016670890222725054,0.05029757331644613,0.007901993497243923,0.006438663212574179,0.007312363340086375,-0.5153653169497107,,,0.4343886044882024,0.8249609583465017,0.6780719795042697,0.5473613150217514,0.387288554338765,0.6471722899842357,0.6218786834039338,0.5078730361095816,0.41990411149833956,
2024-05-21,22529.05078125,23353.75,48048.19921875,40971.05078125,54969.25,33379.75,9981.150390625,19205.19921875,7264.75,1004.7000122070312,,,0.002802051667603722,0.004207794147951027,0.0029245311267929175,0.08343174308074452,-0.001401814605857643,0.008901961054504692,0.016588320358538633,0.031898106768106116,-0.0017334012553272826,0.020468133322455895,-6.295524069610536e-05,-0.047582659822066886,0.044277296560935264,0.1484202603005531,0.011779808550200555,0.002722722249086873,0.0218729120512009,-0.005353354345100425,0.0076221410161279035,0.0863383670097464,0.0030648155047363723,0.0064558791790726,0.0072750626940177076,-0.5118968855688782,,,0.4330932689252769,0.8201404177443422,0.6732976140194404,0.5414048732325464,0.4005622215808756,0.5934528048170845,0.6210939691759649,0.5264170167917566,0.44358142168934706,
2024-05-22,22597.80078125,23324.099609375,47781.94921875,41331.55078125,55753.8984375,33613.1015625,9919.4501953125,19317.400390625,7240.2998046875,1018.9000244140624,,,0.0030516154749500313,0.0036931681897056645,-0.0012696201091901838,0.07723358651428724,-0.005541310690705403,-0.005802058183949077,0.008798895637916582,0.045564968373787096,0.014274315867507825,0.03951656537211279,0.0069908121690545055,-0.051192961699636164,-0.006181671741010253,0.14220819651503103,0.005842229002522403,0.010049629793480452,-0.0033655934908289886,-0.001737249627859705,0.014133584188814607,0.10210927465014863,0.0030519679898459834,0.0064472005595088535,0.0072517465028191196,-0.5136453320728815,,,0.4235706875974092,0.8011177661240617,0.6914412421826457,0.5585424923259282,0.39782831004522823,0.5853700770307662,0.6308420783571539,0.5331948988279864,0.4568820294284831,
2024-05-23,22967.650390625,23849.25,48768.6015625,41559.25,55899.0,34042.8515625,9959.4501953125,19216.349609375,7364.9501953125,1030.4000244140625,,,0.01636661960848307,0.020163331110728322,0.02251535533718596,0.10408592089757551,0.02064906015518586,0.005682273579630914,0.005509089652965482,0.05342500299764441,0.002602536621948648,0.03658815115606662,0.012785193273549211,-0.034187765183695595,0.004032481560207968,0.14488943263042708,-0.005231075569518184,0.0029017449408295093,0.017216191868781427,0.008020433851787079,0.01128668144513334,0.09880034594941356,0.005652198557919891,0.0070944884508172545,0.007439881696916432,-0.3832388495293215,,,0.5038674772051539,0.8524626276081412,0.6535830121028379,0.5216348015211907,0.47109449060618463,0.5289491144967168,0.5271983459434224,0.5593756104650611,0.46528689503162224,
2024-05-24,22957.099609375,23891.44921875,48971.6484375,41634.6484375,55449.1484375,33824.30078125,9928.400390625,19119.5,7359.0498046875,1023.6500244140624,,,-0.0004593757337192361,0.012829567159258426,0.0017694149187081898,0.0826311489991407,0.0041634754431041365,0.008026668993074138,0.0018142396097138302,0.04213631457088329,-0.008047577997817523,0.02748204908048013,-0.006419872931289539,-0.03535941157846634,-0.003117622366555328,0.1289135951565017,-0.00503995875094565,-0.005169383776567837,-0.0008011446742376416,0.016267882573795855,-0.006550853882052787,0.07724285652624308,0.006091302392947087,0.007002783296558863,0.007367855448669793,-0.40171431733666474,,,0.483686133896363,0.8537820803933227,0.6429292239855776,0.5255391637429372,0.49334458743714693,0.5241757292328993,0.5257065480559582,0.5883749965953644,0.45212790141079084,
2024-05-27,22932.44921875,23877.150390625,49281.80078125,41292.6484375,55260.5,33995.25,9866.400390625,19111.94921875,7456.75,1032.3499755859375,,,-0.0010737589261899938,0.012794347804484962,-0.0005984914516520279,0.0853571043959307,0.006333304139145568,0.011312205406307507,-0.008214312185520045,0.040288744118376796,-0.003402188181711008,0.030415218345480888,0.005054035554365788,-0.030904264594756925,-0.0062447118932214,0.10928224020862842,-0.00039492566489707226,-0.003667524730337157,0.013276197050639205,0.03843609650802482,0.008498950778470293,0.08065527978386933,0.00613642281551106,0.0070030406451702856,0.007369925373674555,-0.40166247034917474,,,0.4837757149755656,0.8458848533283936,0.6415041242638944,0.5269193123217264,0.4854747001178218,0.5310881537451279,0.5248637615118452,0.5759747491415517,0.44914130365488575,
2024-05-28,22888.150390625,23814.25,49142.1484375,40794.8515625,55271.94921875,33880.8515625,9815.0498046875,19215.75,7361.10009765625,1010.0,,,-0.0019317094176221072,0.005904490887769009,-0.002634334063988497,0.08319704786531612,-0.002833750827610393,0.0031752942649336813,-0.01205533899704836,0.016818252539786194,0.00020718630396032722,0.01807026241017895,-0.0033651300549341068,-0.040016177006735765,-0.005204591736039155,0.09060960828335451,0.005431198045888763,0.005165559449704427,-0.012827291024072096,0.009704609388065721,-0.021649611192417706,0.05109790231910738,0.00621290629646432,0.006964129850167548,0.007369458571050717,-0.4095016713869444,,,0.49853740031134236,0.8447118779449259,0.6320748846020349,0.5164163159183626,0.4774409652942296,0.5274357402461842,0.5281105741406394,0.5692604988670841,0.4426561796805732,
2024-05-29,22704.69921875,23757.94921875,48501.3515625,40572.19921875,54974.25,33542.69921875,9841.2001953125,19321.349609375,7325.2998046875,1000.9500122070312,,,-0.008015115627261094,0.00822840861260854,-0.002364163526040075,0.08725560352617734,-0.013039659342834353,-0.00130134465846643,-0.0054578539992695685,0.020530214778901268,-0.005386081420284183,0.023702391362887765,-0.009980632958006108,-0.04213256224403583,0.0026643156321541905,0.0994157731326335,0.005495471650859285,0.028352181113328045,-0.004863443302469017,0.01758645393475855,-0.008960383953434459,0.050976466346520644,0.00750431453566302,0.006856696558237871,0.007425563741726486,-0.43114582369806737,,,0.4853589170831927,0.8500966077934362,0.6236984852585693,0.4943626199012997,0.4832778069746809,0.5093178600967869,0.44330041975233236,0.5541935452127013,0.44124398165457984,
2024-05-30,22488.650390625,23471.0,48682.3515625,39986.8515625,54280.1015625,32806.75,9545.25,18971.0,7292.39990234375,996.0499877929688,,,-0.009515599658179275,0.009704810444494338,-0.012078029804169166,0.08259568152756769,0.0037318547662894552,0.019029510500123026,-0.014427309032325919,0.009023677271207564,-0.012626792316402624,0.02078332673537031,-0.021940667742642805,-0.048075403828450325,-0.03007257137736774,0.07253612936619058,-0.01813277107749267,0.0189792805193576,-0.004491270421819071,0.0334887262676431,-0.00489537374924276,0.05732179894881262,0.008531386890591354,0.006779347097419275,0.007409245397574723,-0.4467291078092607,,,0.49525564440334024,0.7809463241260295,0.6596528095396045,0.4995957631350396,0.4888658165632653,0.5507815448824768,0.46547294021525865,0.5171695849835793,0.4228583187355078,
2024-05-31,22530.69921875,23419.599609375,48983.94921875,40255.5,54107.3515625,32386.099609375,9723.599609375,18796.30078125,7386.0,1019.4000244140624,,,0.0018697799732139142,0.017283752471951574,-0.0021899531602829203,0.07909251309534726,0.006195215443995039,0.031571121976612826,0.006718419355424832,0.013666895392537626,-0.0031825658948166913,0.013203592779330364,-0.012822068343404935,-0.03540882821979319,0.018684645176920478,0.09846976031610266,-0.009208751186020714,0.005386356895689115,0.01283529412946316,0.060254799928225466,0.02344263531675983,0.08707014067082097,0.008467181244868791,0.006690268698675721,0.007349722097566108,-0.464675373770267,,,0.49193361334250146,0.7743724611185737,0.673672264332522,0.5161245993930762,0.4481511436404821,0.5422768797031965,0.4697970024167606,0.5032590095004185,0.4099238138945343,
2024-06-03,23263.900390625,23992.69921875,50979.94921875,42981.8984375,54653.6015625,32511.400390625,10048.5498046875,18864.150390625,8006.14990234375,1080.050048828125,,,0.03254231769535276,0.05764954769965036,0.02447093968018077,0.11486352560900537,0.04074804158983514,0.08307936601990784,0.06772735247357509,0.092032240824649,0.010095670629323372,0.03460642232444555,0.0038689679449306347,-0.029471279974681797,0.033418714094233026,0.1387426472150608,0.0036097320512493702,0.018266488030174166,0.08396288956725573,0.15140900284056813,0.05949580435700241,0.15792018100040206,0.014122487583919001,0.008732419940713398,0.008091291012152847,-0.0532513940048055,,,0.5676554120005078,0.864893764074229,0.8232135410181528,0.48885419235037647,0.4100304221316563,0.5974080197477973,0.37402345018866107,0.7327080801435121,0.6274760020129603,
2024-06-04,21884.5,23193.30078125,46928.6015625,37624.1015625,55172.5,32315.55078125,8980.150390625,18603.150390625,6794.25,976.0999755859376,,,-0.05929359941641077,-0.01185262112249963,-0.033318403661530493,0.07328198076565373,-0.07946943295031661,-0.01356927861458368,-0.1246524018195887,-0.044050930911379016,0.009494313689585532,0.03990260778909449,-0.006024028710601925,-0.031549403935832165,-0.10632374171685022,0.007986349828824846,-0.013835767558856515,0.010788106531198993,-0.15137112308988543,-0.020048317888436196,-0.09624560765028922,0.05381913693488549,0.027212808708728508,0.014125399450177444,0.010021561759601364,1.0332504511588978,,,0.7144918094636542,0.9498291244867698,0.9390749651217896,0.15576827271031002,0.3458083336789103,0.8403441280360194,0.44534039245366414,0.9063060313161924,0.8475818386092601,
2024-06-05,22620.349609375,24283.75,49054.6015625,38712.3515625,57567.3984375,33087.94921875,9496.599609375,19281.25,6989.75,1000.7999877929688,,,0.033624236760035675,0.012712398317733298,0.047015697723868044,0.11328496104351493,0.045302862843005665,0.023572363465167667,0.02892427871512715,-0.021675464191125426,0.043407466355521285,0.0760372167966974,0.02390175685782081,-0.013442685844392233,0.05751008572074223,0.06330609567561218,0.03645079436205201,0.03423536984390929,0.028774331235971617,-0.021885897228723805,0.025304797484708486,0.07255386772946704,0.03122745320056941,0.015355297009300994,0.01060539845100939,1.28103295524686,,,0.7664231203643853,0.958499695035807,0.9213502807114642,0.3661544105496613,0.46500783674191865,0.8672383813794508,0.5558163762181575,0.8795126267948199,0.8325259271966876,
2024-06-06,22821.400390625,24396.69921875,49291.8984375,39339.6484375,57373.6015625,34023.80078125,9632.5,19232.099609375,7193.7001953125,1047.75,,,0.008888049244237806,0.020270046075867354,0.0046512263859577185,0.11327755616204538,0.004837402964075865,0.02754715122062046,0.01620404986215429,-0.0027113393996829327,-0.0033664344795848455,0.06434062570811938,0.0282837584255502,0.009172597375136426,0.014310426491060957,0.0822486266001512,-0.00254912884927061,0.041613952169792245,0.02917846780106581,0.006111915428321568,0.04691248279345861,0.09459881596134356,0.03147115995050233,0.015430466926785867,0.010616764437836473,1.2961771355473402,,,0.7637482229062952,0.9566962580938453,0.9225411714469718,0.35439693144434925,0.4536222336825806,0.8691145194763451,0.5558847157559029,0.8802265568277383,0.8287223727639907,
2024-06-07,23290.150390625,25020.19921875,49803.19921875,40283.30078125,57953.3515625,35169.8984375,9833.599609375,19578.0,7281.89990234375,1069.5,,,0.020539931466807104,0.03962744993931566,0.025556735950608145,0.1426365728668253,0.010372917202576604,0.033497254949262256,0.023987310035299636,0.018235982145836882,0.010104821454662405,0.07455340587771753,0.03368517419963246,0.05165119334194035,0.020877197962626548,0.07587444662951781,0.017985576075967513,0.05336221621091086,0.012260687078497146,0.020746015787434402,0.020758768790264837,0.10742945896971268,0.03210127035112797,0.015846787313980676,0.010638244283515588,1.3800515259604014,,,0.7787998102065885,0.9476071559429994,0.9219076116157793,0.37085998122663544,0.5020853755103696,0.8770527979346133,0.5825917286207827,0.868969103076152,0.8285813560484744,
2024-06-10,23259.19921875,25022.650390625,49780.8984375,40510.05078125,57991.75,34526.25,9795.849609375,19774.69921875,7333.85009765625,1083.6500244140625,,,-0.0013289382574128705,0.0305201125058725,9.796772014358801e-05,0.12846545890405037,-0.0004477780865451697,0.02651717837561529,0.005628883323919309,0.013023519602143097,0.000662574923878001,0.0681523156689472,-0.01830111732178641,0.028961905317371972,-0.0038388790981493948,0.05992746260279169,0.0100469516166104,0.04749134897083085,0.007134153999532433,-0.009360853907005251,0.013230504360974837,0.12487678608696173,0.03166904024914488,0.0158119537025004,0.010597225428713553,1.37303373865366,,,0.7776420035251718,0.9476567024279399,0.9199016138701162,0.3682486014025744,0.4890235769816571,0.8767634628465706,0.5728392205818428,0.8713922019688132,0.8309203918210316,
2024-06-11,23264.849609375,25230.80078125,49705.75,40620.80078125,57792.8515625,34531.44921875,9789.5498046875,19689.69921875,7344.60009765625,1095.8499755859375,,,0.0002429314342191624,0.037685205366941865,0.008318478953092345,0.14106880294642377,-0.0015095837933569722,0.031217145567609128,0.0027338894388959645,0.016325437590434255,-0.003429771260567205,0.06431037439630205,0.00015058741537243847,0.025699304756247043,-0.0006431095758626659,0.0614681669641044,-0.0042984218905036675,0.03659182000359684,0.0014658057987080308,-0.004803450920986219,0.011258202276580587,0.1308497904032364,0.03170404306121,0.01574477696349885,0.010580241907008204,1.3594999118054059,,,0.7743881835021527,0.947626141243358,0.9228240726250138,0.3665860407675902,0.4946948850752952,0.8782050793647566,0.5825090677934329,0.873458646394634,0.834009409264558,
2024-06-12,23322.94921875,25217.599609375,49895.1015625,40995.6484375,57495.55078125,34547.44921875,9838.349609375,19739.099609375,7429.5498046875,1095.4000244140625,,,0.002497312914139238,0.030010900147592334,-0.0005232165237026853,0.14216609225499632,0.0038094498624403617,0.00953080077015267,0.009227973083756336,0.015948286460451877,-0.005144248349270075,0.05822339875605986,0.0004633457431411081,0.02882871124245412,0.004984887524054793,0.061448064117153756,0.0025089459252864987,0.03362845307949902,0.011566280791565298,-0.018430318679315327,-0.0004105955941956507,0.14181482492354291,0.029301449894740546,0.01566275220654312,0.0104250162530583,1.342974714625423,,,0.7856043960317044,0.9536565887192037,0.9229564156730473,0.366940978049395,0.5031858948295096,0.8812744575532652,0.580219351095048,0.8713440860769213,0.8520638452793818,
2024-06-13,23398.900390625,25393.19921875,49846.69921875,40943.25,57117.0,34902.05078125,9840.25,19838.5,7424.60009765625,1119.9000244140625,,,0.0032564994745150067,0.03512745251446758,0.006963375265491845,0.12959571784134605,-0.000970082076882206,0.00910888304898605,-0.0012781463276494431,0.014282831948325247,-0.006584001302818221,0.053030356497532516,0.010264189412500624,0.05123653397052008,0.00019316152611503767,0.07241332738897177,0.005035710472720334,0.04574976060303837,-0.0006662189717238087,-0.02379825361259491,0.022366258402363393,0.15068073404989724,0.012877621937692164,0.01565825315627484,0.010364677063382214,1.3420683091014647,,,0.8029291643768954,0.9532086613145487,0.9226714896900845,0.35926951462127393,0.5045487289710696,0.8812345183929164,0.5811114318952718,0.8726924097900319,0.8532157648607307,
2024-06-14,23465.599609375,25722.099609375,50002.0,41040.0,57225.8515625,34598.55078125,9912.099609375,19895.650390625,7464.14990234375,1129.0999755859375,,,0.0028505279152657437,0.03609118688554669,0.012952302220436529,0.13146236212527773,0.0031155680051846435,0.01565981644746084,0.0023630268725614023,0.005855195775389843,0.001905764702277768,0.050197708447300426,-0.00869576409427053,0.042019830923506696,0.0073016040623967715,0.06816600136872708,0.0028807818446454636,0.040325405613192755,0.00532685992070947,-0.016081939003381396,0.008214975418621373,0.16084917210187988,0.007446183160908503,0.015660506310060978,0.010327287316867526,1.342522242913336,,,0.8025768792318682,0.9541773154495379,0.9240154786533925,0.3592871713706178,0.4963255541553095,0.882278749362922,0.5837338556459849,0.8729187453533646,0.854271967794593,
2024-06-18,23557.900390625,25715.30078125,50440.8984375,41307.25,57167.3984375,34802.94921875,9890.2001953125,19826.650390625,7482.89990234375,1150.300048828125,,,0.003933450786960613,0.048142819962572636,-0.00026431855207198485,0.14080572933197155,0.008777617645294278,0.03101466741517722,0.006511939571150149,0.018145924361669064,-0.0010214461367369365,0.05331291989890974,0.0059077167362389105,0.05757043402911721,-0.002209361782622432,0.06617944692934397,-0.0034680947164468234,0.036232451412017586,0.002512007428215224,-0.006083426326003227,0.018776081569912284,0.19493068057446927,0.007279455109059306,0.015575551473126904,0.010329438596870159,1.3254067343299138,,,0.7968582090783692,0.9537945860761509,0.9258570283492997,0.3513582864272973,0.48901253765092306,0.8838005723116862,0.5816112050733199,0.8742236835154986,0.8513574110362615,
2024-06-19,23516.0,25381.69921875,51398.05078125,40600.8984375,56646.55078125,34927.1015625,9773.2998046875,19644.5,7489.9501953125,1117.699951171875,,,-0.0017786131162043084,0.0478240505203269,-0.012972881994957719,0.1267434792149802,0.0189757195727982,0.05118590048554794,-0.017099941596208867,0.018023044093440355,-0.009110921092892355,0.03634096138654486,0.0035672937649522396,0.0514780228115419,-0.01181982046029817,0.06350007396147883,-0.009187148965471681,0.0229751761832937,0.0009421872617247917,0.03269061051363353,-0.028340516623868273,0.12990288857573296,0.002311575405714671,0.015577776180573513,0.010311873242713496,1.3258549371724144,,,0.7871680067721764,0.9339686727140022,0.9260865897644907,0.35789593877383846,0.49493698867898445,0.8833783141921314,0.5826654620338647,0.8843144961694278,0.8536333719271869,
2024-06-20,23567.0,25267.849609375,51783.25,40753.94921875,56669.6484375,34936.44921875,9951.0498046875,19544.55078125,7469.60009765625,1140.300048828125,,,0.0021687361796223215,0.05669767963232819,-0.004485499902658119,0.1426177810154201,0.007494432432650244,0.07244222780427223,0.003769640257729856,0.04402941491984813,0.00040775044431562435,0.016212476046304714,0.00026763332288748387,0.043720288553461106,0.0181873065957463,0.10938242024269962,-0.0050878983303214165,0.037049711139847785,-0.0027169870460534984,0.05421672466174288,0.020220183093462962,0.19440665575360394,0.0019825575152145536,0.015505761545219997,0.01030092372492504,1.311346438845455,,,0.7892773418728908,0.9329063458123673,0.9260309134855274,0.40706002537238367,0.5077530843866779,0.8804196937025082,0.5805901772247274,0.8830739128613257,0.859757609664017,
2024-06-21,23501.099609375,25092.30078125,51661.44921875,40457.55078125,55990.1015625,35200.30078125,9990.900390625,19528.400390625,7384.25,1131.9000244140625,,,-0.00279629951309035,0.05374283642528854,-0.006947517530730751,0.11726663645489466,-0.002352127015009642,0.07580725010050116,-0.007272876449569532,0.02075052633467056,-0.011991372696611324,-0.00033386215182562573,0.007552329111866207,0.0559515235771928,0.004004661489959371,0.09761773820847686,-0.0008263372643230182,0.035942718513495286,-0.011426327586537166,0.03310900149846785,-0.007366503599377294,0.17801951727564602,0.0026287147227100614,0.015526328288972447,0.010286178530030688,1.3154899378142222,,,0.799607487978356,0.934191612566115,0.9321048373066542,0.41198735968823724,0.5002024882375804,0.8832582632930532,0.5811038802201156,0.8850888403348215,0.8601831237988357,
2024-06-24,23537.849609375,25309.80078125,51703.94921875,40464.1484375,56392.69921875,35143.80078125,9926.849609375,19521.150390625,7335.2998046875,1135.3499755859375,,,0.00156375661610908,0.07197311212000446,0.008667997482419976,0.118254956529243,0.0008226637200989817,0.08878158267624436,0.00016307601727238996,0.052164658523584206,0.0071905148412811926,0.032358706998971476,-0.0016050999209101802,0.05836167806455417,-0.006410911804315633,0.12278802311607517,-0.0003712541659828261,0.05880005550982714,-0.006629000279310682,0.033839723019179146,0.003047929231789537,0.2085262236770664,0.002589965088103625,0.015178133982127459,0.010286139294742192,1.245340634224494,,,0.8275899600852274,0.9354923564202462,0.9292087669477556,0.3622987342417046,0.49466113853063925,0.8759575088263142,0.554086303862174,0.8953189999986523,0.8540512136452943,
2024-06-25,23721.30078125,25250.25,52606.0,40255.19921875,56246.3515625,35426.8984375,9857.4501953125,19532.30078125,7344.60009765625,1115.5,,,0.007793879853915442,0.07554234926536418,-0.002352874357435364,0.10519368353184544,0.017446458053592462,0.10933736810534467,-0.0051638110974394635,0.02982262537075675,-0.0025951525335276004,0.017545458965383176,0.008055408065055891,0.07565625534460585,-0.00699108144007321,0.09802337867153921,0.0005711953651232893,0.04959048232175389,0.0012678817793931874,0.038201388999610675,-0.017483574239470223,0.19260173102715883,0.0035478129596175907,0.015205716033579718,0.010250065769680503,1.2508974789600784,,,0.8193986835392779,0.936182669961987,0.9255973065176148,0.35914705327130403,0.5072155930795269,0.867966997802572,0.5532803863796438,0.8944169514911073,0.8337464253893196,
2024-06-26,23868.80078125,25018.900390625,52870.5,40822.6015625,56465.19921875,35406.6015625,9714.2998046875,19545.349609375,7368.85009765625,1099.5,,,0.006218040121837909,0.07983830735210606,-0.009162270051781718,0.11380001716390842,0.00502794358058023,0.10714050249283225,0.014095131927349014,0.05028418392871892,0.0038908773666292973,0.02031958424585656,-0.0005729227196055175,0.07050727415697788,-0.014522050610316306,0.06811584788053349,0.0006680640581535613,0.03201592530624642,0.003301745456194105,0.05460625758648319,-0.014343343792021512,0.16115743125085014,0.003899248910563823,0.015220286537390701,0.010262666611450174,1.25383293963591,,,0.8267232256042971,0.936407199224606,0.9260932468815777,0.36077247857294303,0.5045590802021785,0.8579992579161724,0.5787529953406885,0.8961942880242719,0.819625930461173,
2024-06-27,24044.5,25191.400390625,52811.30078125,41342.3515625,56670.6015625,36123.69921875,9767.400390625,19514.80078125,7301.39990234375,1098.949951171875,,,0.007361040898544724,0.08221544491210486,0.0068947874329696734,0.10127299605922113,-0.0011197022678053337,0.10346653886188073,0.012731917616868538,0.046795539099640404,0.0036376803162290194,0.02935830186404753,0.020253219021435065,0.09059750337580863,0.005466228859014377,0.044960226639928935,-0.0015629716907364921,0.03467241324854986,-0.009153422096882302,0.034170662569064314,-0.0005002717854706296,0.15043177301426325,0.004311037876280028,0.015238024480027723,0.01024140709460661,1.2574065314455418,,,0.8367035396743239,0.9324087574428112,0.9278835521627029,0.36792094379274753,0.502378795904648,0.8661464980871111,0.5802124007192168,0.8896191060408831,0.8152950282388723,
2024-06-28,24010.599609375,25200.599609375,52342.25,41789.19921875,56756.8515625,36157.5,9814.2998046875,19731.55078125,7365.9501953125,1104.75,,,-0.0014099020825968367,0.08153170819769562,0.00036517297995963816,0.10723928505198166,-0.008881636587457997,0.09761060525375731,0.010808472168654326,0.04604928970473998,0.001521953140110499,0.04034211438472379,0.000935695457027208,0.09179771678736648,0.004801627064199732,0.046646481869404344,0.011106954276892012,0.04474083223490921,0.008840810506493435,0.028656243453897945,0.005277809805569467,0.14481865284974083,0.004245633305684899,0.015243502027220274,0.010233067419519234,1.2585100708009636,,,0.8380341397653963,0.9309443827162732,0.9275683863026745,0.3657760645014937,0.5020461885164207,0.8650531967399844,0.5614268550115302,0.8916730987910464,0.8170027883050116,
2024-07-01,24141.94921875,25323.849609375,52574.75,41569.80078125,57154.69921875,36869.19921875,9882.7998046875,19758.25,7310.25,1101.050048828125,,,0.005470484349075377,0.07758039978306597,0.004890756645097749,0.10648036062603161,0.004441918335570172,0.09583121813204154,-0.005250123036613763,0.03725862873929908,0.0070096850917089615,0.03923303487008378,0.01968330826937703,0.09506674867036935,0.006979611522289542,0.05075801074224939,0.0013531231805343769,0.04011863423397144,-0.007561847940262489,0.029968115922486938,-0.003349129822923791,0.12266127843805763,0.004322468133760547,0.015204710207496266,0.01023731666288226,1.2506948392330655,,,0.8388184167318137,0.9318906345315264,0.9267198962558644,0.36137485135586206,0.4912719563016911,0.8673504966015259,0.5582359655109067,0.8970592428781853,0.8122071142445799,
2024-07-02,24123.849609375,25130.849609375,52168.1015625,41714.55078125,56669.19921875,37299.1484375,9835.7001953125,19786.400390625,7178.0,1110.1500244140625,,,-0.0007497161563467802,0.07378895441682398,-0.007621274133951195,0.07924190167747658,-0.0077346718244023505,0.08422318427785402,0.0034820951094209907,0.03503630745611308,-0.00849448963315913,0.029138450273304306,0.011661474289122786,0.11734810058890055,-0.004765816398776046,0.02905957808152393,0.001424741089165238,0.042398996808072464,-0.01809103655825728,0.009670499701093682,0.008264815569122286,0.11337885026192285,0.0038750389970385367,0.01521698002045631,0.010236881458533109,1.25316678899618,,,0.8497644844031874,0.9304994630332161,0.9256560017726642,0.36263024028381385,0.49044525657419846,0.8717337684227009,0.558324929432295,0.8956133575082136,0.8129308321223403,
2024-07-03,24286.5,25182.80078125,53089.25,41784.5,57177.55078125,37314.3515625,9940.099609375,19915.30078125,7254.2001953125,1113.8499755859375,,,0.006742306607722792,0.07800813428911324,0.002067227040968067,0.0783193611839641,0.01765731184211128,0.10491653929212852,0.0016768541777378854,0.019854243502152702,0.00897050901562424,0.04017338386916314,0.00040759978811522046,0.1178739074588635,0.010614334718361373,-0.004112830650118027,0.006514595281619462,0.036974443972793036,0.010615797619462297,-0.0014521910165525842,0.003332838887093459,0.10863935707449213,0.003882488958013902,0.0152367615210288,0.010241520705375706,1.2571520881864326,,,0.8482602205939201,0.928820395250406,0.9288581988100292,0.3663741145030071,0.487653049298143,0.9138047570324459,0.5699993135713689,0.9014681108982402,0.8118831587992581,
2024-07-04,24302.150390625,25366.44921875,53103.69921875,41847.69921875,57058.3984375,37725.8984375,9936.7998046875,20192.599609375,7266.0,1119.5,,,0.0006444070008029268,0.07542103879370177,0.007292613680871307,0.08756392073347552,0.00027216844747290914,0.11137574098613179,0.001512503889001815,0.012488000758349216,-0.002083900798861671,0.023397467021294416,0.011029184690793281,0.12235695856131246,-0.00033196897588305685,0.0017490494970375803,0.013923908615333325,0.04530626280204597,0.001626616907419276,0.0035496037464997077,0.00507251832643818,0.09873390241970936,0.0038080014685042125,0.015240753335420952,0.010237973153917534,1.2579563029428606,,,0.8466300469402959,0.9326569036632226,0.9294499757219358,0.37593168134061306,0.48273184582169126,0.914946775835722,0.5506272442313003,0.9014299751617719,0.813174814600275,
2024-07-05,24323.849609375,25398.30078125,52660.3515625,42523.8984375,57673.0,37720.75,9970.5,20453.849609375,7356.75,1119.1500244140625,,,0.0008928929498506211,0.05904823504730716,0.001255657117215092,0.06495176079960596,-0.008348715113493665,0.07980031978182689,0.016158575772954986,0.023211401493049122,0.01077144783818662,0.031735809227356526,-0.00013646957960533612,0.10803731969243735,0.0033914535841410576,0.0011094793859907082,0.012937908196758663,0.0643982871437907,0.01248967795210576,-0.0011134081147919916,-0.0003126177632313265,0.08613159733809961,0.0036973793548413076,0.015016904285225204,0.01023510675915454,1.2128583370319919,,,0.8431434089246569,0.927126250254553,0.9323044564055696,0.36772553833313615,0.47145215891949427,0.9236703403849958,0.5708742255650481,0.8998262151781954,0.8169745884802074,
2024-07-08,24320.55078125,25260.5,52425.80078125,42644.94921875,58611.19921875,37742.25,9877.349609375,20325.80078125,7238.89990234375,1114.300048828125,,,-0.00013562113637344275,0.059391264361557505,-0.005425590571465744,0.05730296093447396,-0.004454029916067359,0.07053371601648983,0.00284665295746378,0.024265865551059473,0.016267564003086266,0.057026137828142476,0.0005699780624721651,0.11583237874119945,-0.00934259973170859,-0.0051418938843568185,-0.006260377902960079,0.06309269495802705,-0.01601931527593703,-0.016326822828025667,-0.004333624161315441,0.08855568041035378,0.0031733500574858287,0.015015173619854692,0.01020505574638891,1.212509666855307,,,0.8415379865321048,0.9275335519855237,0.932201754681034,0.34854188605184205,0.4727780981927539,0.9229160356955619,0.5692435795522457,0.898587036067969,0.8171484167428875,
2024-07-09,24433.19921875,25823.55078125,52568.80078125,42609.19921875,59182.6484375,37668.6484375,9881.900390625,20645.80078125,7331.5,1127.050048828125,,,0.004631820986013446,0.06544220312817517,0.02228977182755676,0.08151728153411586,0.002727664582495848,0.06669804974437121,-0.0008383173307726643,0.03188341826130903,0.00974982983400885,0.07097562341093555,-0.0019501106187362893,0.10805622660518743,0.0004607289839857476,0.001570988342894264,0.015743537164606636,0.0802561551908687,0.012792012447398138,-0.016796861903644378,0.011442160496545561,0.09173252819465416,0.0030248629165320947,0.015010563458024526,0.01019038802829587,1.2115808761328153,,,0.8202116813536188,0.9299562446846594,0.9312934292532016,0.3474838803239067,0.46977545321982117,0.9223995265954592,0.5594689927384607,0.9040273107703328,0.819856262112604,
2024-07-10,24324.44921875,25302.80078125,52189.30078125,42675.44921875,59349.6015625,37280.75,9722.7998046875,20725.94921875,7228.64990234375,1126.6500244140625,,,-0.004450911197766749,0.0627529443669379,-0.020165700852343926,0.06250672522754241,-0.007219110848261101,0.062006901216894006,0.0015548285631907799,0.0460988969004783,0.0028209809700610045,0.0737743539243001,-0.01029764681213885,0.10034867132038316,-0.016100201342693077,-0.00939883157352328,0.003882069692970669,0.07859173952356802,-0.014028520446873083,-0.017993261001120198,-0.0003549304793326602,0.1154950736772895,0.003658743875258985,0.01504163880330744,0.010206341891559792,1.2178415006966086,,,0.8069131024759864,0.9302813476521739,0.9286219537706539,0.3444593777304026,0.4730717450222477,0.9224532559657626,0.5595491522659047,0.9044348347927222,0.8242443602455599,
2024-07-11,24315.94921875,25257.25,52270.6484375,42756.8515625,59516.69921875,37332.6015625,9723.25,20601.69921875,7241.14990234375,1109.9000244140625,,,-0.0003494426502141934,0.07096548535949765,-0.0018002268461819737,0.06310733167434912,0.0015587037004187732,0.077715295627232,0.0019074747949983095,0.05384604201441423,0.0028154806746938377,0.08262867103689464,0.0013908401118538638,0.11298739910685196,4.630305277730784e-05,-0.011985346601188107,-0.00599490033911676,0.06626605466285618,0.0017292302392384329,-0.011487571101172156,-0.014867083510437196,0.10884660660206547,0.003628343543073057,0.014927824694968854,0.010192786692528384,1.194911831021705,,,0.8077778163808799,0.9288624768405478,0.9305727909498713,0.3324373799779529,0.4614123888869816,0.9321368137034945,0.5702947888437812,0.9078835518264438,0.8192451335734456,
2024-07-12,24502.150390625,25145.44921875,52278.8984375,42846.3515625,59725.75,39023.0,9708.2001953125,20612.650390625,7203.0,1093.199951171875,,,0.007657573644356042,0.08953405228974431,-0.004426482742578841,0.07134119631673119,0.00015783236379518506,0.07387783785223756,0.0020932317682271773,0.07151100644997177,0.003512472700840652,0.10032494930448288,0.04527941709794958,0.18948082330617932,-0.001547816284421355,0.01707133865666166,0.0005315664382203877,0.08653473146513102,-0.0052684867539342095,-0.01225932526204676,-0.015046466235554723,0.0975352287229776,0.0038722022990174162,0.014783816651095055,0.010213303187807337,1.1658991108523216,,,0.7929819929066503,0.9378352693278107,0.9282466667303688,0.3059773056372799,0.40458946191857464,0.9293252546372183,0.5554212337153398,0.9108520472524396,0.8040439121154356,
2024-07-15,24586.69921875,25419.80078125,52455.8984375,43303.0,60070.69921875,38911.3515625,9729.599609375,20844.55078125,7423.85009765625,1107.9000244140625,,,0.003450669707641296,0.09125327092773938,0.010910585057093636,0.08540714637471036,0.0033856872522211034,0.07087932423017085,0.010657813812545713,0.07570394107637468,0.005775552734792022,0.11021326093482275,-0.002861093137380477,0.20148310638914046,0.002204261720193168,0.0006170554363649217,0.011250391688129247,0.10897090995921954,0.03066084932059554,0.005124573200142146,0.013446829398802596,0.0868157719055076,0.003941278661102922,0.014782577564201677,0.010131559988355987,1.1656494770100994,,,0.7899154893819819,0.9389641729894458,0.9280493468518548,0.30647667347958446,0.41067414803171853,0.9397892515881222,0.5617029344259468,0.9027598122656675,0.8127141724834278,
2024-07-16,24613.0,25482.900390625,52396.80078125,43204.30078125,60645.1484375,39141.5,9722.0,20765.44921875,7405.5,1126.25,,,0.0010697158254551198,0.057991118717077406,0.0024823014907946472,0.06211060949367564,-0.0011266160338557762,0.02779232981226465,-0.002279269767683556,0.005174325747230535,0.009562885503598295,0.10962766777864164,0.005914686287119331,0.20393152954699723,-0.0007810814093189844,-0.032497207162686226,-0.0037948317202955995,0.10078899864315627,-0.0024717764252868424,-0.0750235643436945,0.016562844283393163,0.042775750273797764,0.003936023612298374,0.013691925064817957,0.010131582319774065,0.9459201138754376,,,0.770084017929547,0.9293567154385775,0.9161079291301739,0.27989207053211856,0.457080939445756,0.9424701865322641,0.6017362893815181,0.8864874478730858,0.7722488134460772,
2024-07-18,24800.849609375,25576.69921875,52620.69921875,43236.6484375,61225.3515625,40010.3984375,9636.9501953125,20768.349609375,7407.25,1122.699951171875,,,0.007632129743428306,0.1332609659519295,0.003680853697466402,0.10276236487334289,0.004273131835562882,0.12129271844312695,0.0007487138008268612,0.14917424315572325,0.009567181216448839,0.10970776315193254,0.022198904934660035,0.2381159370712218,-0.00874817986911125,0.0731390651734718,0.00013967386857105524,0.11638884668916849,0.00023631085004383046,0.09022335062736864,-0.0031520966287458263,0.1501895085059659,0.004400999462046635,0.007347660678656453,0.010029953177872563,-0.3322332612068042,,,0.7845697779449995,0.7691538229057137,0.6509080414183736,0.707455523747226,0.5951070173250527,0.7816861566389736,0.633847537957802,0.517182657218703,0.341327003612601,
2024-07-19,24530.900390625,24963.349609375,52265.6015625,42062.80078125,61087.8984375,39923.30078125,9256.2998046875,20425.400390625,7302.60009765625,1096.199951171875,,,-0.010884676251089243,0.08446159384106844,-0.02398079611951487,0.027985776882688995,-0.0067482504322836645,0.06545767160923521,-0.027149367461884455,0.08654729262160155,-0.0022450361082808623,0.06115440502009406,-0.0021768755036531973,0.20658129995637808,-0.03949905135030707,-0.025303773410671915,-0.016513070378745498,0.05934005267423004,-0.014128037037193342,0.04475841019439186,-0.02360381326492378,0.09532370557806336,0.006657292702584487,0.005451260343661137,0.010108643483931827,-0.7142933931849882,,,0.6688754609199516,0.5170860046115737,0.6231813656940797,0.34356373125291795,0.634994214552178,0.6276372985167579,0.42554772228773935,0.42841405023955864,0.34994741556421816,
2024-07-22,24509.25,25250.75,52280.3984375,41945.5,60881.75,39773.1484375,9350.599609375,20641.55078125,7321.5,1090.9000244140625,,,-0.0008825762723847497,0.0739590726460575,0.011512893707063432,0.03500681684814233,0.0002831092450414907,0.06062862447445161,-0.00278870591285707,0.06623982841737863,-0.003374619896458153,0.061145689689332094,-0.0037610202766731327,0.1689801704757916,0.010187635089319969,-0.02926554794964964,0.010582431016833871,0.07328639100787204,0.0025881058925596445,0.017765517218909954,-0.004834817545965708,0.0411835117290027,0.006335889934500518,0.005361217208791311,0.01010482397101862,-0.7324340206449491,,,0.6348169409859015,0.516479561768028,0.6063696178684421,0.3992196223603215,0.6182419149342379,0.5706288379761739,0.4277047820028891,0.3741059776328398,0.2930330987457003,
2024-07-23,24479.05078125,25321.69921875,51778.30078125,41719.5,62511.25,40044.69921875,9263.099609375,20755.349609375,7218.89990234375,1065.949951171875,,,-0.0012321559717249908,0.05104734708383707,0.002809786590497243,0.012050263763449864,-0.009603937063529577,0.039658126254596304,-0.005387943879557988,0.03565247114552439,0.02676499936352017,0.07864771086767108,0.006827490201755548,0.1386071896088341,-0.00935768866760922,-0.05801537815878799,0.005513094889574299,0.06013635761441405,-0.014013535157583856,-0.008651588300427338,-0.02287109055258163,-0.0033193537429874187,0.006378167149228814,0.004159143759472245,0.01009773687004581,-0.9746109134767297,,,0.5059559391253666,0.5158676886156819,0.4872424499463598,0.2017535544532913,0.49206445979761343,0.47862308987445207,0.25192773692996573,0.3391088393152557,0.19214625976624913,
2024-07-24,24413.5,25309.05078125,51317.0,42234.3515625,62182.3515625,40115.05078125,9267.150390625,20908.5,7193.5,1074.25,,,-0.002677831825905974,0.04962770946643258,-0.0004995098232046802,0.011445645691165574,-0.008909152565644729,0.030857248677996107,0.01234078937906724,0.042564764743471706,-0.005261427942970243,0.07226202972836648,0.0017568258439324413,0.16187106277832086,0.000437303000164313,-0.0539717574108135,0.0073788393598450686,0.05733593055994257,-0.003518528125802556,-0.019137301115699556,0.007786527706108659,-0.00867440982077694,0.0057368707355135015,0.004199767352837477,0.010105176017470649,-0.9664266418563668,,,0.5035849073300565,0.5373649487365902,0.4396666175201148,0.22513168195830208,0.4811252370136816,0.46152745031605785,0.25303388261436643,0.3664436740147415,0.1957888602528708,
2024-07-25,24406.099609375,25627.349609375,50888.75,42770.30078125,62139.5,40055.5,9148.0,21105.5,7151.64990234375,1065.3499755859375,,,-0.0003031269840456652,0.049054690623923536,0.012576482258307653,0.015716854631886656,-0.008345187754545291,0.02380006337294982,0.012689888655136095,0.05291623893815944,-0.000689127403889378,0.07521083178945287,-0.0014844997099651147,0.15997158839920722,-0.012857284667090019,-0.06553414789108158,0.009422005404500666,0.0719056581576305,-0.005817765712969991,-0.026271028067828106,-0.008284872621887374,-0.027832276935254807,0.0054751189698897815,0.004207137765449135,0.010069102205567363,-0.964941754534223,,,0.4844978288490915,0.5393220633257354,0.4101574556629496,0.22408362251842784,0.4833518407722724,0.46997345217774933,0.22618369674281152,0.37455055159360884,0.2160883239830505,
2024-07-26,24834.849609375,26250.69921875,51295.94921875,43238.30078125,62728.80078125,40977.3515625,9423.400390625,21603.099609375,7270.64990234375,1077.6500244140625,,,0.01756732976027453,0.06482458013541192,0.0243236081325775,0.04096740472439464,0.008001753211662743,0.028075855392242444,0.010942172288981533,0.05470464376649731,0.009483513405321942,0.09102008640478365,0.023014356642658385,0.18611800550126545,0.030104983671294328,-0.042176710040329635,0.02357677427092475,0.0944318655302141,0.016639516982088542,-0.021387554632650296,0.011545547575912751,-0.016204125985385676,0.008969901607014196,0.005118240784335976,0.010218109346676607,-0.781385501554291,,,0.5960623292589292,0.5317236612790355,0.4367748042719065,0.2783220624317223,0.54844926571415,0.6148215038843837,0.4303131834421639,0.4670631837310369,0.27077936572605515,
2024-07-29,24836.099609375,26426.55078125,51406.25,43438.69921875,62513.8515625,40820.1015625,9450.2998046875,21674.94921875,7434.5,1093.050048828125,,,5.03324972633834e-05,0.061421656349536224,0.006698928704131246,0.04069402809776679,0.0021502824868222525,0.03128694187765535,0.004634743592581314,0.06094897739554139,-0.0034266432017340254,0.09448765800899905,-0.0038374856842604554,0.169561691900044,0.002854533708369411,-0.03962807807855495,0.0033258935372320053,0.0925699633918895,0.02253582552550526,0.0013333919960045737,0.014290376342204203,-0.02397533261952156,0.008527080799041794,0.005126908872357274,0.010069153617963946,-0.7796391767976968,,,0.5843897696840135,0.5312706864773741,0.4351106949694733,0.3022811497152116,0.5504804725375158,0.607083372022255,0.4275482930276264,0.4075020052651659,0.24900817078995258,
2024-07-30,24857.30078125,26580.94921875,51499.30078125,43908.3515625,61819.0,40776.3515625,9468.349609375,21540.80078125,7428.5498046875,1097.800048828125,,,0.0008536433743000504,0.0593081444771173,0.005842549743932057,0.03338956082193123,0.0018101063829787378,0.029944817832286752,0.010811841795374866,0.06989160727339172,-0.011115161602309853,0.08026352272772264,-0.0010717758732915472,0.17855663436047542,0.0019099716475181605,-0.0447685170133173,-0.006189100428616201,0.08268894749981182,-0.0008003490903893962,-0.004769477853743487,0.004345638157276177,-0.027721129602867656,0.006992185895198211,0.0051284698266303285,0.010052993898041143,-0.7793246976317898,,,0.5848261640453628,0.5293596174883145,0.4214467922609932,0.3005458906505629,0.5739895653485079,0.6052064972303112,0.4269291212131156,0.40662460575564485,0.24325403126660736,
2024-07-31,24951.150390625,26685.25,51553.3984375,44086.80078125,62082.19921875,40851.1015625,9583.400390625,21777.150390625,7396.9501953125,1093.75,,,0.00377553501085659,0.0591415184247257,0.003923892273058005,0.037718758454391654,0.0010504541892673025,0.022055515156583994,0.004064129314806708,0.06728965935156661,0.0042575780706579636,0.0859720910095858,0.0018331703827261236,0.17378275345962835,0.012151091372469391,-0.031020585896017416,0.010972183057406548,0.09837768667784097,-0.004253805952146972,-0.01148614950793736,-0.0036892408890383255,-0.04916112877308465,0.006903121678253778,0.005126428569718496,0.010029134217280116,-0.7797359414344535,,,0.5896870593344012,0.5254988106478925,0.4191147360460162,0.30984372864559945,0.5686246947042924,0.6076625286824198,0.44647552171240007,0.3987888192303041,0.22972784794392365,
2024-08-01,25010.900390625,26487.44921875,51564.0,44954.44921875,62173.19921875,40709.3984375,9573.2001953125,21790.349609375,7323.5,1075.1500244140625,,,0.0023946791656728195,0.06356950121725635,-0.007412363805847755,0.043564853183003516,0.00020564235959841248,0.0032287064631357776,0.01968045814449315,0.10722794196172147,0.0014657985887283065,0.09756372385040812,-0.003468771210078714,0.16555329862264467,-0.001064360758888716,-0.020474109397424556,0.0006061040362601577,0.10923411689658691,-0.009929794492741895,-0.022223137800925663,-0.017005691964285696,-0.0380691854850671,0.0067028406548124055,0.005078729227882618,0.010029640906952499,-0.7893457355801253,,,0.5694870185705743,0.6598802448452625,0.3817539401472297,0.28546851020177916,0.5622102063960992,0.5986908147540893,0.4275648687957236,0.399086872989171,0.18325327460770727,
2024-08-02,24717.69921875,25714.44921875,51350.1484375,44334.25,61745.1484375,39730.30078125,9314.5498046875,21902.849609375,7197.5,1037.1500244140625,,,-0.011722935491954689,0.04882671611787659,-0.029183633109254092,0.017674618785498142,-0.0041473035935923885,-0.00836373851583283,-0.013796169890372578,0.08785162787617118,-0.006884811890473075,0.08956293430331908,-0.024050899640612022,0.13721633622478135,-0.027018174210087786,-0.06396310062684774,0.005162835935023091,0.12066272868176764,-0.01720488837304568,-0.036427666019446914,-0.035343904698983075,-0.09045866876886377,0.008603438171156092,0.0056683729430162585,0.010042738189006395,-0.6705525928734606,,,0.6642797629998355,0.6468142723119631,0.4681755369425819,0.349713936590606,0.647557526426576,0.6853288867096419,0.3774353066209449,0.4580890642531125,0.3661062743014106,
2024-08-05,24055.599609375,24706.5,50092.1015625,42640.8984375,61550.44921875,38435.94921875,8862.5,21583.05078125,6903.4501953125,992.2999877929688,,,-0.02678645789462286,0.023594640643061604,-0.03919777593428064,-0.015375265290072049,-0.024499381467829817,-0.030377538376922253,-0.03819511015749677,0.053966382395591594,-0.0031532715310754744,0.09930947615880203,-0.03257844861599557,0.09192104515264599,-0.048531578462333025,-0.1129428126101466,-0.014600786373847763,0.10521345064244869,-0.040854436219173285,-0.06511152854893865,-0.04324353812403536,-0.12333247955653937,0.013885238103016367,0.007654933819954007,0.010474202155699188,-0.27032817990561125,,,0.7713835151756717,0.767591461423452,0.6842723397709877,0.33755436991152504,0.7503675387620071,0.8115146163800895,0.5135439493999626,0.6343481770540529,0.5715941408026423,
2024-08-06,23992.55078125,24520.05078125,49748.30078125,42474.94921875,61604.1484375,38624.19921875,8888.9501953125,21562.55078125,6816.2001953125,1000.5999755859376,,,-0.0026209626510589334,0.01931787225345749,-0.007546565428126151,-0.03120332739185616,-0.006863373077311219,-0.03782396639038166,-0.003891785230398903,0.04969339177755927,0.000872442353087477,0.09241354450040662,0.004897758578267908,0.09903306870999762,0.0029845072284908625,-0.10455476358605242,-0.000949819384097883,0.10457377509910382,-0.012638607874544183,-0.07076733374187083,0.008364393726769448,-0.11868587034624045,0.010930404546723282,0.007678743281680346,0.010456376574454002,-0.2655313836165423,,,0.7769018711021821,0.7691457577280164,0.6873056866450846,0.33997075483372785,0.7486661291980665,0.8006789144794395,0.5204756291422381,0.6397657215849183,0.5503781012327261,
2024-08-07,24297.5,24937.599609375,50119.0,43400.3984375,62322.6484375,39194.80078125,9128.4501953125,22036.94921875,6916.0,1018.9500122070312,,,0.012710162480444431,0.024290371934638788,0.017028872894679692,-0.01238207109335554,0.007451495084827453,-0.04727597612439649,0.021788118309073123,0.07813150300558025,0.011663175585146623,0.10803006250544311,0.014773162267219364,0.10635710462764103,0.026943564170974543,-0.073954215903283,0.022001035142489744,0.12823110116675718,0.014641560081543936,-0.058355811338594354,0.018339033648634873,-0.08655310425187701,0.012771560999377554,0.007885763605414617,0.010524869486302735,-0.2238238333970486,,,0.8053452500321648,0.7928643900292417,0.7440186539750937,0.406385986552801,0.7539956084996299,0.8374901601337726,0.5860086814527029,0.6625066438514361,0.6287946405664472,
2024-08-08,24117.0,24917.349609375,50156.69921875,42687.1484375,62042.55078125,38448.30078125,8969.25,22114.25,6862.35009765625,1006.6500244140624,,,-0.007428747813561065,0.010398478793495647,-0.0008120268316597068,-0.0040589626108449295,0.0007521941529160525,-0.05132920591350565,-0.016434180921798158,0.045674376537353956,-0.004494315682538663,0.09877502673625504,-0.019045893463428665,0.08590768626525103,-0.017440002618872796,-0.0766961921772259,0.0035077805227334835,0.13143281864821788,-0.007757360084405751,-0.06873528342788493,-0.012071237691363534,-0.08444745392081643,0.012732519119366629,0.007957550821135237,0.010548842822891098,-0.20936115238690503,,,0.8210045156543475,0.7622197091482352,0.7492734730099225,0.42828917874887235,0.7768259583999451,0.8758959306193652,0.5933582912590001,0.6609643791555492,0.6653266423584633,
2024-08-09,24367.5,25346.650390625,50484.5,43216.05078125,62157.3515625,39043.30078125,9038.2998046875,22209.55078125,6994.4501953125,1022.25,,,0.010386864037815746,0.013433425523508458,0.01722899056200089,0.0061628173738914604,0.006535533365550128,-0.04405876671903719,0.012390200870980861,0.045321544322833196,0.0018503555995750265,0.09681827700291579,0.01547532629296744,0.08082233064836775,0.00769850374195169,-0.07464632929733372,0.0043094738121347564,0.13808749729021774,0.01924997934765349,-0.04203984319948273,0.015496920685039273,-0.06979385284114648,0.013639110221263599,0.008067558145518128,0.010584827725334105,-0.18719842013216834,,,0.8296891167286166,0.7804329699805334,0.749729581960024,0.41358259303955364,0.77657186451053,0.8738563935863547,0.6081503718765217,0.7068418265584037,0.6866996611346465,
2024-08-12,24347.0,25278.94921875,50577.94921875,42916.05078125,61668.44921875,39109.55078125,9106.25,22205.599609375,6911.9501953125,1035.699951171875,,,-0.0008412844977941925,0.01401049520202946,-0.0026710106002819645,0.0031090375066256115,0.0018510477225683886,-0.03370701070836657,-0.006941865223144328,0.026965138925045595,-0.007865559446470383,0.08653752843991724,0.0016968339939080757,0.08164421714028891,0.007518028476689809,-0.07214470912630178,-0.0001779041779780277,0.12538542233973704,-0.011795065758748224,-0.061634953802554016,0.013157203396307215,-0.0625028728926228,0.013467875954137457,0.00806364037290166,0.010551790884429242,-0.18798771799047737,,,0.8307187540692587,0.7814475334602383,0.7616175789892504,0.4075846203979534,0.7764925857633257,0.8717583466137271,0.6208537040410428,0.7172333564032266,0.6765058243118517,
2024-08-13,24139.0,25081.849609375,49831.8515625,42570.3515625,61495.75,39114.8515625,8957.150390625,22191.599609375,6800.7001953125,1028.0999755859375,,,-0.008543146999630324,-0.00012216158369304786,-0.007796985850535565,-0.00955620901770049,-0.014751441443841884,-0.05217140238422435,-0.008055243025787306,0.024069174315150876,-0.002800446921202848,0.0759526485238835,0.00013553674598942855,0.06090862810516273,-0.016373327041866892,-0.09366266972477333,-0.0006304716038422198,0.12315613019245131,-0.016095312734667355,-0.06970347179474023,-0.007338009022147984,-0.06625500204993418,0.013205508304614734,0.008170692693248905,0.010585669529600009,-0.1664203184885466,,,0.8300066191103639,0.7864293105151868,0.7847163281332442,0.4139966164903251,0.7643488306772915,0.8731446173084999,0.6356202935099522,0.7412324001319942,0.6806645346568851,
2024-08-14,24143.75,25093.5,49727.30078125,42298.94921875,61305.30078125,39731.25,8844.2998046875,22012.69921875,6774.5,1023.1500244140624,,,0.00019677699987563635,0.0008249259942851861,0.0004644948760335055,-0.001486205598121404,-0.002098071373464183,-0.04678722644959199,-0.006375384129763129,0.014009462562945219,-0.003096949281047867,0.08180990072939065,0.015758680216773513,0.06520528388403646,-0.012598938391792047,-0.10079611730108262,-0.008061626641345021,0.11251661667474622,-0.0038525731998241275,-0.056213429924770186,-0.004814659361366158,-0.07836778641329922,0.008196489233400498,0.008169411987790807,0.010585077545543975,-0.1666783370552577,,,0.8323716245540915,0.7920270503926574,0.7817648497359301,0.4187649425562144,0.761264473282095,0.8678906002600507,0.617439999749455,0.7524122366232321,0.6882152803506083,
2024-08-16,24541.150390625,25597.349609375,50516.8984375,42762.69921875,62213.0,40878.25,8994.099609375,22106.5,6843.7998046875,1048.6500244140625,,,0.016459762490292462,0.010485265090688145,0.020078889328909888,0.016461585497418385,0.01587855451321274,-0.04845334154277936,0.01096362932331263,0.02341057614067421,0.014806210999418479,0.0880668925119692,0.028868963347491006,0.09551012648660451,0.016937440837103468,-0.09517007245156583,0.0042612121447651585,0.11002591639554771,0.010229508404679288,-0.056574174902174756,0.02492303121881223,-0.058535666921909035,0.009950685905128574,0.008623529957844631,0.010710164057036653,-0.07518901996817882,,,0.8479766017360887,0.8470916907975518,0.7817519654511661,0.46066377207092596,0.7992713149481299,0.868120348610408,0.5824931447541625,0.7444536159425774,0.7207545643602096,
2024-08-19,24572.650390625,25368.75,50368.3515625,43332.3515625,62326.05078125,41236.8515625,9161.9501953125,22237.849609375,6926.14990234375,1050.199951171875,,,0.0012835584110202358,0.011130702248651536,-0.008930596833793936,9.070174663228237e-05,-0.002940538306875351,-0.05150955011593983,0.013321243844687691,0.035477514211457395,0.0018171568844131958,0.09232036804397903,0.008772429409282356,0.09306479820000968,0.018662300088664985,-0.07797778204301542,0.005941673687603233,0.10128710713653888,0.012032803414244508,-0.04677265313188139,0.0014780210000744365,-0.06190267872096922,0.009041001174669019,0.00862498538391046,0.010706853442745804,-0.07489580114484602,,,0.8424963595430777,0.8466603422899971,0.7733003137519879,0.4634769346917085,0.8017648557345518,0.848702640477953,0.5943340352908073,0.7371279141283278,0.7227208812760817,
2024-08-20,24698.849609375,25500.0,50803.1484375,43527.6484375,62240.6015625,41572.80078125,9204.650390625,22374.25,7042.5498046875,1052.3499755859375,,,0.005135759339910173,0.015416967545115234,0.005173688100517326,0.004004174122745896,0.008632342761118128,-0.035267579305766295,0.004506953072193953,0.023604373937522904,-0.0013710032591333077,0.07919826543616604,0.008146820283813971,0.10212020655077114,0.004660601116817542,-0.07681155502482317,0.006133704158494568,0.09388943535327376,0.01680585953017877,-0.04270910324701804,0.002047252441464531,-0.05968819851752993,0.008141894530816067,0.008667938911483904,0.010714938017800173,-0.06624212707044291,,,0.8428969553924167,0.8548871867149467,0.7892576348013987,0.4556693005832391,0.803390799520574,0.8508728708613861,0.6063022902586028,0.7465885666017233,0.7229213482607068,
2024-08-21,24770.19921875,25586.75,50685.55078125,43591.44921875,63091.8984375,41570.8515625,9264.0498046875,22577.900390625,7012.4501953125,1038.550048828125,,,0.0028887826964991703,0.018488415066926,0.0034019607843136512,0.01291542130995027,-0.0023147710302772184,-0.033194533494324774,0.0014657529993058471,0.02219489100912897,0.013677516823887848,0.07644783383508402,-4.688687587484086e-05,0.1014407345216568,0.006453196106502634,-0.06209153557806557,0.009101998530677058,0.11080004343309824,-0.004273964715871159,-0.0312823371073182,-0.013113438568883695,-0.06797989471477084,0.00754710024495948,0.00867731404709903,0.010699559475710156,-0.06435335628490245,,,0.8443517421026728,0.8536816512328511,0.7895887895874034,0.4805843468583315,0.7997308864934602,0.8520977123042102,0.6158294339678956,0.7531760729019307,0.7101161341228549,
2024-08-22,24811.5,25563.650390625,50985.69921875,43321.1484375,63483.6015625,41506.19921875,9326.25,22546.099609375,7059.7001953125,1043.449951171875,,,0.001667357653657442,0.015483063755306059,-0.0009027957585469037,-0.010064471490640603,0.005921775197736068,-0.03011485023384164,-0.006200775291814287,0.016708814805341587,0.006208453616085574,0.07267253559194864,-0.00155523260457624,0.10187651907971373,0.006714147335545206,-0.05622910256737135,-0.0014084915204606308,0.09204287342784023,0.006738015769664152,-0.03707287794960101,0.004718022351719142,-0.07417602948793178,0.007427894140296133,0.008647202322198759,0.010697442482975198,-0.07041984413411323,,,0.8567825438353778,0.8444183086467583,0.7883443880548071,0.474614825448108,0.8069833018540163,0.8516098857610305,0.6111545757205556,0.7507673250366291,0.7072936294951232,
2024-08-23,24823.150390625,25850.69921875,50933.44921875,43338.1484375,63409.25,41089.8515625,9290.5,22527.849609375,7017.7001953125,1018.0999755859376,,,0.00046955607782672715,0.020502054019401417,0.011228788679971569,0.02165366760133547,-0.0010247971647073806,-0.024063391225796815,0.00039241803629752603,0.015528816471340967,-0.0011711932006063241,0.06840228629378164,-0.010030975229886163,0.10217341556969739,-0.0038332663181879223,-0.044462481319329616,-0.0008094526466303487,0.0869393421554312,-0.005949261135464012,-0.029182448988552268,-0.02429438571295861,-0.09634762035759825,0.005737563011709854,0.008595615897560709,0.010689811334472882,-0.08081275318490423,,,0.8542047462535812,0.8425606471054756,0.7946193262796243,0.47753061478119263,0.7945180017986966,0.8498364540301271,0.6156179178387898,0.746127804458481,0.6950712847395322,
2024-08-26,25010.599609375,25941.44921875,51148.1015625,43792.05078125,63657.94921875,41662.1015625,9490.75,22554.94921875,6982.5,1036.0,,,0.007551387144671073,0.028567685529189868,0.003510543340900396,0.02708922066931274,0.004214368888078024,-0.021475663848751214,0.010473505678365358,0.02421130604616173,0.003922128376380396,0.06958131170512472,0.013926796477460535,0.11597102314854246,0.02155427587320391,-0.023911757899879205,0.001202938134127196,0.09481014062288162,-0.005015916088295103,-0.03571945144514033,0.017581794365293613,-0.06658259553879708,0.005593523643948537,0.00868255222454358,0.010642813697887396,-0.06329804178782143,,,0.8498129425826397,0.8478820352718374,0.7994321359875903,0.4783292056952995,0.797954212943376,0.8515938459651387,0.6099690255511272,0.7316552605615402,0.7056277557017284,
2024-08-27,25017.75,25911.900390625,51278.75,43523.69921875,62981.1484375,41709.25,9432.75,22729.0,6985.39990234375,1038.0999755859375,,,0.0002858944102370753,0.021043035046110825,-0.0011390584957621241,0.03048071105062955,0.0025543164557213505,-0.019131015904929383,-0.006127860141569297,0.015808759242008197,-0.010631834508590399,0.054505777449425086,0.0011316864904011847,0.06883760858980592,-0.006111213550035521,-0.028372941407357688,0.0077167445407198,0.10267236717591421,0.0004153100384891584,-0.030209648432076963,0.0020270034613296684,-0.05040246802688941,0.00268821762510108,0.008590762818488086,0.010563841915856385,-0.08179048346514663,,,0.8720786813717206,0.8508316484827934,0.8027537869994501,0.46255214487523755,0.851329253329801,0.8612990401314734,0.6217300633975478,0.7482226263297893,0.7409663271299181,
2024-08-28,25052.349609375,25879.400390625,51143.8515625,43398.1015625,62713.6015625,42394.3984375,9414.7998046875,22989.099609375,6954.10009765625,1036.199951171875,,,0.0013830024432652799,0.018939117710843112,-0.0012542499589014433,0.01808037810091756,-0.00263068888184681,-0.025012380191395844,-0.002885730268898934,0.0021961887744497144,-0.004248046941625727,0.04399653039039486,0.01642677433662798,0.08951235912238809,-0.001902965234157561,-0.032354857067722786,0.011443513105503955,0.10288294771284079,-0.004480746288698323,-0.06327579272489658,-0.0018302903947089444,-0.06471709690602068,0.0026793962332871254,0.008576466708452649,0.010537891154680843,-0.08467066313297372,,,0.8726886381261404,0.8489153742039909,0.8023399161583784,0.4538691915681763,0.8468478822197264,0.8610384970835051,0.6147249913908674,0.7940666218421885,0.7428161491856621,
2024-08-29,25151.94921875,26020.400390625,51152.75,43661.1015625,63162.94921875,42591.6484375,9369.9501953125,22878.05078125,6965.0,1034.5,,,0.00397565940632294,0.021896933277129937,0.0054483487975662825,0.02109257548241028,0.00017398841166915702,-0.023742876715770356,0.006060172923030738,0.010573039558326558,0.007165074960687523,0.041516936574816254,0.004652737325446354,0.08814553447108575,-0.004763734790480645,-0.03621166474876569,-0.004830499237112984,0.10173637662470814,0.0015674065933308778,-0.05948281682533252,-0.0016405628758739965,-0.08146503884572698,0.0025408916673849893,0.008597622920112681,0.010503961097216904,-0.0804084064407387,,,0.8733334391662714,0.8483169587426257,0.8042655902103717,0.4641852064438438,0.8466188373835049,0.855436181173543,0.5998945354334658,0.7947224517687267,0.7572580501235426,
2024-08-30,25235.900390625,26172.80078125,51351.0,43757.3984375,63059.75,42787.80078125,9405.25,23217.599609375,6985.7998046875,1053.4000244140625,,,0.003337760073577778,0.01754176925799933,0.0058569579382763415,0.023306430489787644,0.0038756469593521636,-0.02412927303515522,0.0022055530335658435,0.012044180546342709,-0.0016338568737915837,0.029961419423250035,0.004605417985590332,0.06941701288200264,0.0037673417629433548,-0.024042896416046733,0.014841685219235679,0.11793185525413108,0.0029863323312993018,-0.05689698542812782,0.018269719104941906,-0.061726133225068036,0.0025549332701808114,0.008514576712031081,0.010490425307955149,-0.09713939126205404,,,0.8785272781426885,0.8456861779960838,0.8126761966651737,0.4435718449800861,0.8468965847070108,0.8811977826197591,0.6144625748516434,0.8003650295143382,0.7587861293112865,
2024-09-02,25278.69921875,26071.400390625,51439.55078125,43782.94921875,63578.6015625,42975.6015625,9307.150390625,22987.44921875,7021.2001953125,1050.9000244140625,,,0.001695950113232314,0.030483953553159804,-0.0038742659401450608,0.044387103437187436,0.0017244217493330716,-0.015804865084393938,0.0005839191122500864,0.040894767004359345,0.008227935608688508,0.0407724473865847,0.004389119744903969,0.0764541188108252,-0.010430303221604986,0.005493619157813878,-0.009912755603385781,0.1254344482422458,0.0050674785442959,-0.03853420680040587,-0.0023732674597103376,-0.04132451083343447,0.002553090517758241,0.008233850912774307,0.010463549544382696,-0.15369608656235798,,,0.8669002195166736,0.8447909337953422,0.8012615449364305,0.4369028325285632,0.8603191624894262,0.8727184581152048,0.5448291839573569,0.7919365092539218,0.7423443241682627,
2024-09-03,25279.849609375,26034.650390625,51689.1015625,43477.6484375,63485.75,42851.30078125,9254.75,23014.30078125,6996.9501953125,1045.4000244140625,,,4.550829989491412e-05,0.03144117463304674,-0.0014095905647329987,0.031044637906794792,0.004851340601927712,-0.011310106515482699,-0.006973051991647328,0.03652712299293137,-0.0014604215918263552,0.04277143807462824,-0.0028923569823502415,0.07739272510917883,-0.0056301218338302705,-0.01025063775363666,0.0011680966532858772,0.11495018107628407,-0.003453825460807969,-0.044328321339547894,-0.005233609165692599,-0.04170867997224459,0.002618239170315606,0.00822814181328514,0.01046456827320495,-0.1548462758256988,,,0.8837160519078839,0.8366211114054226,0.7970529373379253,0.43559425541244445,0.8596373419025681,0.884094576460672,0.5582512886236416,0.7964406022347768,0.7419588483812103,
2024-09-04,25198.69921875,25934.25,51400.25,43249.8515625,63742.8984375,42450.5,9185.5,23184.400390625,6878.89990234375,1052.199951171875,,,-0.0032100820170585243,0.029398543429274726,-0.003856414014345777,0.02419074549295752,-0.005588248852627764,-0.007301336188052399,-0.005239401926888099,0.03668192481932908,0.0040504906612901515,0.01970282849087157,-0.009353293224306891,0.06007788366964539,-0.007482644047651199,-0.008377283268816704,0.007391039640603836,0.11703251580753049,-0.016871678327485595,-0.047098589064742735,0.006504616987763834,-0.012899292302498533,0.002382533774179347,0.008255066037373181,0.010475905799477792,-0.14942196091778537,,,0.8870242973561724,0.8490238325792897,0.7989493050911907,0.5608204194647142,0.8658766253311296,0.8857120981561311,0.5492614615045909,0.7992332708308988,0.7401888882156404,
2024-09-05,25145.099609375,25835.30078125,51473.05078125,42911.6015625,63700.3984375,42644.6484375,9212.9501953125,23156.69921875,6901.2001953125,1041.949951171875,,,-0.0021270784221717465,0.02996701043992056,-0.003815387711231244,0.020792956818035613,0.0014163507230022798,0.003040917848861069,-0.007820836090297267,0.016035524991967254,-0.0006667409396463597,0.024412825132130944,0.004573525341279749,0.06305856796851783,0.0029884269024549326,-0.005848636638867033,-0.001194819422036919,0.1075256100987636,0.0032418400158944483,-0.04063387845798294,-0.009741494464606482,-0.03006753439899934,0.0026723849957031504,0.008247215023899895,0.010461695549338408,-0.15100367295844144,,,0.8891799354084565,0.8488482894622795,0.8288287099092098,0.5576635570553258,0.8632551771418484,0.8839835489184843,0.5630594149718611,0.7915850341249381,0.7561340600456804,
2024-09-06,24852.150390625,25527.150390625,50576.8515625,42212.44921875,63175.69921875,42228.8984375,9161.150390625,23043.400390625,6655.0498046875,1032.0999755859375,,,-0.011650350298901935,0.018276200965706924,-0.011927493828469027,-0.003909854911931521,-0.017411037526387618,-0.006129025324850823,-0.016292851310424683,-0.01304296561656526,-0.008236984879534281,0.016675371040159703,-0.009749171706956883,0.05425967563755285,-0.0056224991549238545,0.0014375153722125944,-0.004892701980309111,0.09181968636729754,-0.03566776555651763,-0.06943853578368031,-0.009453405679283655,-0.031210401053149317,0.005344702293943762,0.008564005222206964,0.010517168393112595,-0.08718122854039984,,,0.9086822508364494,0.8688542944821113,0.8599988135968382,0.5863214809637343,0.8644781397691274,0.8734013218222466,0.5901560149990606,0.8044727495271825,0.7524455177415413,
2024-09-09,24936.400390625,25495.25,51117.80078125,41926.75,64465.8515625,41919.05078125,9099.0,23009.400390625,6641.9501953125,1029.6500244140625,,,0.003390048695012693,0.0040890435354867805,-0.0012496651657881719,-0.028778251293603896,0.010695589030122354,-0.0034729533269828305,-0.006768127034502802,-0.030333078718457585,0.020421655157036867,0.027691439332747647,-0.007337336935477556,0.022980968335976737,-0.006784125134393748,-0.03442498219090151,-0.0014754766841543754,0.0650971761774275,-0.0019683713509962564,-0.08647090913132593,-0.0023737537349365345,-0.04454136214222093,0.005255241187212253,0.007968119432000806,0.010478351290629679,-0.20723193695300493,,,0.8915994496260156,0.8638224943240008,0.8570288678692739,0.5155098774897877,0.8315311393968402,0.8437474481768148,0.4974777484309627,0.791494841461808,0.7560003201324641,
2024-09-10,25041.099609375,25556.44921875,51272.30078125,42243.3984375,64584.94921875,42644.19921875,9156.2001953125,23256.849609375,6638.35009765625,1038.75,,,0.0041986500501236534,0.00825411410101684,0.0024004164991517918,-0.03292527918994825,0.0030224304965926763,-0.0026056990881458963,0.007552420292534112,-0.027516956141588556,0.001847453393748033,0.03313022001498922,0.017298780005399195,0.04468625962277706,0.006286426564732439,-0.031120664471313564,0.010754266280264435,0.07298288797173158,-0.0005420241872320375,-0.10708856040671866,0.008837930724195253,-0.04967755034304322,0.00538799164430922,0.008001949572316364,0.010478908331635419,-0.20041631493729034,,,0.8983292185062348,0.8658606414565798,0.8615799340076712,0.5177317012740564,0.8287335741024747,0.8462474642111558,0.5039856232334019,0.841797209660689,0.7729538456722052,
2024-09-11,24918.44921875,25240.599609375,51010.0,41626.25,64768.1484375,42473.30078125,9028.2001953125,23220.400390625,6522.0498046875,1026.6500244140625,,,-0.004897963449619458,0.002459978983161637,-0.012358900357067992,-0.05042519732250672,-0.005115837933021394,-0.009501115040927766,-0.014609346319829908,-0.05197420265827135,0.002836562093275097,0.0477061815542148,-0.004007542423844046,0.04161601403080417,-0.013979598225203671,-0.04648639226699969,-0.0015672466117382378,0.07797294197330817,-0.017519457584771136,-0.12202920136955775,-0.011648592621841147,-0.06481146042033192,0.005395350973024132,0.008057067673693616,0.010498220962663776,-0.18931189320840902,,,0.9031364302447701,0.8679376158322779,0.8737294601817943,0.5404229629814007,0.8308773241530446,0.848565758233012,0.5240525998484198,0.8435287597520196,0.7772430337644923,
2024-09-12,25388.900390625,25779.80078125,51772.3984375,42497.8515625,65513.19921875,43152.1015625,9290.849609375,23429.599609375,6633.64990234375,1035.699951171875,,,0.01887963282727112,0.017544281251435923,0.021362454942422504,-0.03393070024639078,0.014946058370907567,0.0042480225676198025,0.02093874808564311,-0.03604138178757976,0.011503351558196151,0.05526543909810089,0.015981823139812557,0.05632651047315318,0.029092112312581353,-0.030526824438660505,0.00900928559502634,0.0758799562435577,0.0171111998525435,-0.103191217030562,0.008815006616278653,-0.05307433035714282,0.009635966103372341,0.008737015965052946,0.010621409926803972,-0.0523254515055667,,,0.91339711586281,0.8831924879286124,0.8866313418400923,0.5766822960045238,0.8294385198902491,0.8699895972338337,0.5358021850231334,0.8565582268357587,0.763022400528154,
2024-09-13,25356.5,25820.849609375,51938.05078125,42229.3984375,65062.80078125,43394.3515625,9370.650390625,23457.650390625,6715.2998046875,1053.6500244140625,,,-0.0012761636040355961,0.013817959528739765,0.001592286475497362,-0.025166621514582266,0.0031996266108855753,0.00725410715324637,-0.006316863444383647,-0.06061804401139037,-0.006874926623505417,0.046476642650046696,0.005613863316694667,0.06595413413249362,0.008589180172443589,-0.021158003651347235,0.0011972369019390694,0.07651555900382001,0.012308443096296307,-0.08304774975250906,0.017331345069464765,-0.019997209237582525,0.009533873668376144,0.008736965058606735,0.010620823660928943,-0.05233570742210451,,,0.9192296774074595,0.8789113011943036,0.9195768768262359,0.5721103048207226,0.8320153404880499,0.8607709273517378,0.5391585467356482,0.8382974602077745,0.7570718605636553,
2024-09-16,25383.75,25829.650390625,52153.1484375,42569.30078125,64597.0,43352.6484375,9427.7001953125,23448.75,6714.4501953125,1059.699951171875,,,0.0010746751326089488,0.026946309822588832,0.0003408401111171244,0.004480017086696986,0.00414142720056887,0.015637734737560915,0.008048950644017783,-0.03981006149308941,-0.007159248843530253,0.0461874598194012,-0.0009610265736990087,0.091173426453381,0.006088137141961436,0.012147703646187669,-0.0003794237903962383,0.07057987513932029,-0.00012651845780686788,-0.0671135539683918,0.0057418750226641,0.021742203371736935,0.00943904149371111,0.008426788466167278,0.01058948120527012,-0.11482573532238707,,,0.9243676473201189,0.8864193881518929,0.9097709528705761,0.5336976975655224,0.8180825399011895,0.8476244119206665,0.5772180115053053,0.8321307125867603,0.7368857710548704,
2024-09-17,25418.55078125,25896.400390625,52188.6484375,42648.80078125,64686.44921875,43415.0,9388.150390625,23383.650390625,6675.39990234375,1066.199951171875,,,0.0013709866056039743,0.05665837451600364,0.002584239391185461,0.048161430822860396,0.0006806875723437411,0.04185384141617887,0.001867543007307626,0.00018532310620944514,0.0013847271351610235,0.05095007493535375,0.0014382411397515504,0.12954150690835808,-0.00419506389343649,0.05931175070521855,-0.002776250732981489,0.08342655668211862,-0.005815858608350655,-0.03303424903732888,0.0061338117387019775,0.07447340954147474,0.007531524338420567,0.006605574689957016,0.010588292517260841,-0.4817383343444169,,,0.8735263369947102,0.8324797928406066,0.8612825910418309,0.5919181729740025,0.7286457082619507,0.7527803802200307,0.4380574153115567,0.7607658422755971,0.5852739691976774,
2024-09-18,25377.55078125,25804.44921875,52750.3984375,42350.69921875,64615.05078125,42089.30078125,9310.5498046875,23025.19921875,6676.9501953125,1063.75,,,-0.0016129951842196455,0.05772625064452774,-0.003550731780787908,0.052381556994252065,0.010763834987463694,0.06034573260000631,-0.006989682172518608,-0.0029252536444505095,-0.0011037618908181779,0.048874993326215366,-0.03053551120004605,0.08971322726654418,-0.008265801324933153,0.04742962893383362,-0.015329136635514828,0.06783281126330687,0.00023223971468810944,-0.02042927085618207,-0.0022978346314705966,0.06311215865969078,0.0077500752448313864,0.006584527935250941,0.0104383078651431,-0.4859785391853086,,,0.8739341866657939,0.7816565207970547,0.8626274338958376,0.596805031340871,0.6769457084406507,0.7637471031859948,0.4296032970400977,0.7509335083220057,0.6080955090077359,
2024-09-19,25415.80078125,25907.650390625,53037.6015625,42326.8984375,64975.80078125,41945.6015625,9251.2001953125,22930.150390625,6633.7998046875,1069.0,,,0.0015072376499098983,0.0460253433995268,0.003999355731259424,0.03889912407148133,0.005444567880189322,0.05823343567309802,-0.0005619926397688602,-0.024734795961514622,0.005583064559080864,0.042571238711248016,-0.003414150771875346,0.07018279788185389,-0.006374447333402311,0.013446970446640893,-0.0041280349942683925,0.04053197940461861,-0.006462589859557943,-0.04080396114986984,0.004935370152761465,0.04911917875594418,0.007720421609693839,0.006259574563950078,0.010434093132947561,-0.551445585164432,,,0.8578414042403008,0.7801332713873431,0.8481999027829122,0.5601987174808944,0.6603832664686345,0.72946670908806,0.3306107644634891,0.7302477320791035,0.5725042831325772,
2024-09-20,25790.94921875,26394.55078125,53793.19921875,42850.0,65870.796875,42204.3984375,9404.2998046875,23005.25,6628.0,1101.5999755859375,,,0.014760441377741573,0.06940951273997586,0.018793691565376136,0.05928404084033123,0.01424645221484222,0.07250277742839528,0.012358608398213011,0.003815002136730694,0.013774298784914318,0.06170355740607203,0.006169821515478402,0.09769216272053627,0.016549161853893768,0.04850459120745887,0.003275146830511222,0.04029076274347987,-0.0008742809337420887,-0.034150122672448546,0.030495767620147385,0.09432270289482414,0.008284494838011622,0.006473041109279441,0.010525377137738297,-0.5084393406619151,,,0.8944366034276104,0.8216451570382552,0.8451783244320634,0.5925908757801578,0.6023731810850272,0.7280309861196581,0.35572509431811167,0.68389491165903,0.6145667832448708,
2024-09-23,25939.05078125,26805.400390625,54105.80078125,43370.5,66305.203125,41987.44921875,9454.849609375,23134.25,6853.7998046875,1126.1500244140625,,,0.005742385099666292,0.06449372242741358,0.015565698116251303,0.057551983300308196,0.005811172546715593,0.07173094278937109,0.012147024504084003,0.0035738855346081344,0.006594823056784271,0.06673147195355145,-0.005140440967812299,0.07540726266960207,0.005375180049268957,0.04608718605145912,0.005607415698590579,0.04163520585615177,0.03406756256600785,-0.02010885583533928,0.0222858109769537,0.10163856631358525,0.005685317349643497,0.006325823772099369,0.01052770502160402,-0.538098624218535,,,0.8765420619748908,0.826189484020023,0.8308328882855784,0.6157030770431073,0.5596222988275509,0.7294700317909807,0.35532420660706326,0.6186620009400443,0.5987007051534197,
2024-09-24,25940.400390625,26920.44921875,53968.6015625,43707.8515625,65796.6484375,42243.94921875,9735.400390625,23188.400390625,6795.0,1122.75,,,5.2030021699067674e-05,0.06544545079989317,0.0042920018521803716,0.06493545225299391,-0.002535758029064139,0.06703815390152346,0.0077783646141962315,0.01844999171256312,-0.007669906184304409,0.06694183607741566,0.0061089683887121105,0.08014406647193462,0.02967268574762083,0.06908995367192872,0.0023407022326205063,0.0442591417722884,-0.008579154098910968,-0.01691999971177638,-0.0030191576080917937,0.08404948627218678,0.005535866913401197,0.006313568673065527,0.01052580295592961,-0.5405676096262427,,,0.8698348741028402,0.828337093810657,0.8097962280103852,0.61085622272929,0.5549013007298996,0.6478388204610726,0.3508406367843069,0.6167827824837756,0.6234745441701987,
2024-09-25,26004.150390625,26888.349609375,54101.6484375,44064.69921875,65521.69921875,41960.94921875,9777.150390625,23249.0,6736.0,1130.1500244140625,,,0.0024575565157058943,0.07726709435457146,-0.001192387582917509,0.07202419391450188,0.0024652644528118106,0.08568409041844949,0.008164383365760308,0.03510301422002726,-0.004178772403752085,0.06546711307285458,-0.006699184267421443,0.07276258358547882,0.00428847282338829,0.09154697244541676,0.002613358763612794,0.04764867829438901,-0.00868285504047095,-0.009513754974391553,0.006590981442050836,0.09926082214909537,0.005468706011260466,0.0059828250915267035,0.010496740732428025,-0.6072011859243467,,,0.8622790219220222,0.8073503526118244,0.7972940173173271,0.6001199649530903,0.5651995836473609,0.6123853795018427,0.3507429978893964,0.5837503155184905,0.6117911228981441,
2024-09-26,26216.05078125,27496.25,54375.3515625,44145.05078125,66156.8984375,42160.8984375,9985.7001953125,23250.900390625,6804.64990234375,1131.300048828125,,,0.008148714241454025,0.08583176935024595,0.02260831919609707,0.09575188793910772,0.005059053335799701,0.0934708039291483,0.0018234905474132646,0.04364414711469178,0.009694486350687148,0.07913830605874539,0.004765126205978465,0.06115207645115617,0.02133032594931472,0.1290549185159977,8.17407469138054e-05,0.056249402200540866,0.010191493815877362,0.004450498537714953,0.0010175856206866563,0.10570299744262623,0.005633033526156275,0.0060529505658832115,0.010518111704338293,-0.5930732892491194,,,0.845318558833958,0.8038464075505883,0.7879986753920529,0.6091504627515373,0.5972170489636156,0.6294476896376587,0.3308060479113541,0.5926414454433928,0.5936157639092907,
2024-09-27,26178.94921875,27610.75,53834.30078125,44545.0,65845.453125,42312.6015625,10064.599609375,23519.099609375,6853.75,1117.800048828125,,,-0.0014152231703233875,0.06673684004441194,0.004164204209665012,0.07865659614570397,-0.009950294861599263,0.06566916113930321,0.009059888066090371,0.041678865315137203,-0.004707677050402093,0.058387364779065365,0.0035981947876393416,0.03508837982301105,0.00790124002516479,0.11902247545537126,0.011535003558750034,0.06389974031958934,0.007215668456262314,0.001453899236749212,-0.01193317370929503,0.06594194707876944,0.005598021852987907,0.005514339398459839,0.010522863875292556,-0.7015851102572114,,,0.8100968711086363,0.7614488718731263,0.7544475313683827,0.5658091802487502,0.4882035848288801,0.5982306756724506,0.28593784093231545,0.5697532112484084,0.5376988859181127,
2024-09-30,25810.849609375,27027.19921875,52978.1015625,44016.69921875,65540.3515625,41946.1015625,10198.349609375,23281.19921875,6756.14990234375,1099.0,,,-0.014060900852023384,0.05038932305089894,-0.021134912352978485,0.06537370657797492,-0.015904343630821494,0.051813289874330426,-0.011859934476372236,0.015792996031220197,-0.004633601076763805,0.051572348014339076,-0.008661722193059718,0.01719942170960942,0.013289152593354503,0.11311995721093848,-0.010115199755783566,0.04691773834710822,-0.014240393602954593,-0.02454466079956963,-0.016818794065928455,0.04646738820895102,0.009017165321085962,0.006260580423029167,0.010652431480433095,-0.551242938789921,,,0.8679065385637725,0.8146096359651768,0.7967446020019894,0.5674869151683131,0.5168275621298399,0.4667920745268049,0.39267440171198204,0.6010533255045417,0.5897991451524729,
2024-10-01,25796.900390625,27083.44921875,52922.6015625,43688.75,65470.94921875,42434.80078125,10222.9501953125,23296.55078125,6762.25,1096.8499755859375,,,-0.0005404401234794243,0.04445756780644605,0.002081236740245629,0.062096047794117704,-0.0010476026577608266,0.04171893258953108,-0.007450563639953778,0.00370113176987541,-0.0010589254115278557,0.05190097099248292,0.011650646914632468,0.02073471076764144,0.0024122124539529555,0.11062884101764969,0.0006593974114372791,0.041221528375252836,0.0009028955461947152,-0.03980089775168272,-0.0019563461456437725,0.042286312569373985,0.00713444237474467,0.006237611673891305,0.010536381244089616,-0.5558703601023134,,,0.8662615466269085,0.8139460383075285,0.7929141798671974,0.5822841041770167,0.4848496658335324,0.4678766322602427,0.38515359350053935,0.5942939673964948,0.5936277232132122,
2024-10-03,25250.099609375,26302.099609375,51845.19921875,42550.5,64502.05078125,41762.6015625,10155.0,23178.75,6678.39990234375,1049.0,,,-0.021196375260987388,0.019374102985079578,-0.02884970828730593,0.02795781446940304,-0.02035807598153727,0.022879270711782196,-0.02605361792223393,-0.023879665333591538,-0.014798906218126406,0.022350767351642098,-0.015840753494170134,0.004612606978033895,-0.006646828363074397,0.09617286328293373,-0.005056576072403396,0.02661228896308221,-0.012399733469814045,-0.0476367437435844,-0.0436249046369136,0.010062058331870016,0.010173482495691073,0.007475773508265736,0.010799776339082844,-0.3064228857890304,,,0.9036197505243561,0.8664794953125313,0.8441055650813712,0.670564316202426,0.549482824221767,0.47254212772893517,0.40700222933372393,0.5836922072315771,0.7410048720336568,
2024-10-04,25014.599609375,25926.30078125,51462.05078125,42080.6484375,63380.05078125,41912.5,10113.2001953125,23094.69921875,6714.64990234375,1031.800048828125,,,-0.009326695880144675,0.008185704587590381,-0.014287788188249828,0.014186173926005408,-0.007390239468140214,0.009342846519692749,-0.01104221013854123,-0.028634974942773894,-0.017394795768666538,-0.0016311421958008498,0.0035892983648460053,0.009788918014600023,-0.004116179683653409,0.08438013084707152,-0.0036261999137140455,0.024332350999943353,0.005427946892979207,-0.04887605470808187,-0.01639652161284555,-0.011164792648335697,0.01020016727738454,0.0076913979372502115,0.010853487504013333,-0.26298190116394965,,,0.9107127786816378,0.8732873394635358,0.857011215658545,0.6945489076113498,0.520339564850575,0.4822799898412806,0.42373160241313007,0.5397466406432734,0.7533277121983886,
2024-10-07,24795.75,25807.150390625,50478.8984375,41039.3515625,63028.3515625,42190.6015625,9886.2998046875,22977.80078125,6492.35009765625,1020.1500244140624,,,-0.008748875168602677,-0.0011038240591471071,-0.004595734332881407,-0.0016846286344708306,-0.019104414395164526,-0.008924406028301468,-0.02474526685458711,-0.053043264603590656,-0.005549052334524851,-0.00600698537673916,0.0066352892931702545,0.02678885316306623,-0.022436062397950818,0.0641300042718369,-0.005061699933510799,0.01997310793870688,-0.03310668581691889,-0.07486072118144338,-0.011290970985409654,0.002013602668976544,0.009676176257496056,0.007866557498211387,0.010898050848777137,-0.2276932104043413,,,0.9180572152416614,0.8685728972990964,0.8531472745939581,0.6998185227965644,0.4939387245322557,0.5187810432245218,0.44242921898898513,0.5680605294008378,0.7985605460850094,
2024-10-08,25013.150390625,26236.099609375,51021.0,41712.75,63326.55078125,42387.55078125,9794.4501953125,23307.94921875,6580.10009765625,1029.949951171875,,,0.00876764730346924,0.00010198800867788904,0.016621332160168478,0.011358285658614298,0.010739171798116676,-0.0024849712622214692,0.016408603251795162,-0.047481237899465345,0.004731191778898136,-0.005205923872307006,0.004668082735398871,0.017412689027741513,-0.009290595186224326,0.031999599116244726,0.01436814778938289,0.03338513390994602,0.013515906979766568,-0.0576297747717508,0.009606358401492265,-0.005839815471163079,0.009836342476722122,0.007909868637198997,0.01088651763988292,-0.2189674897996923,,,0.9267897601736749,0.8757773192049281,0.8534654005559399,0.7009922581060745,0.4760401299379422,0.44363312638058006,0.4821953896024288,0.6028333416627031,0.7941731275545141,
2024-10-09,24981.94921875,26450.25,51007.0,41377.80078125,62334.3515625,42622.75,9800.75,23783.80078125,6623.4501953125,1052.050048828125,,,-0.0012473907279866303,-0.0014310152291873157,0.008162432442834433,0.020776153090252603,-0.00027439681699692464,-0.005299466153133592,-0.008029900180400507,-0.04930413719465154,-0.015667981383943874,-0.010269690074671378,0.00554878058333208,0.021901616547888025,0.0006432014622439475,0.039013013172192634,0.02041584860315404,0.046407707389238384,0.006588060517755734,-0.051815173374656465,0.02145744813241124,0.013438082622353908,0.009851410028270715,0.007913135789657478,0.010830365768582975,-0.21830926976226375,,,0.9165250707716585,0.8763930375036091,0.8543148366175365,0.6906985127274343,0.47119728911748976,0.44732371343398114,0.425839265281807,0.5955383925591043,0.7557143880518897,
2024-10-10,24998.44921875,26528.5,51530.8984375,41509.19921875,62056.30078125,42088.80078125,9839.9501953125,23305.150390625,6606.0,1047.8499755859375,,,0.0006604768849507447,-0.0021515103958484882,0.0029583841362557095,0.0250817097605609,0.010271108622345926,0.007567808508262441,0.0031755780882278817,-0.04352499938343357,-0.004460634855104062,-0.010480992398354538,-0.012527329155204714,-0.007208444217000176,0.003999713829298868,0.04515766659353959,-0.020125058859488343,0.013747853835959445,-0.002634608066480193,-0.05005681436388454,-0.003992275126897149,0.011243027372165981,0.009565867901405208,0.007909825361300965,0.01083031020497913,-0.21897620842044363,,,0.9185364835158262,0.865358000791476,0.854354435170027,0.6920701743676613,0.46539382026460707,0.4501324450117191,0.37838390591048326,0.5972121106992069,0.7551680506502915,
2024-10-11,24964.25,26436.599609375,51172.30078125,41515.80078125,62080.19921875,42335.69921875,9932.7001953125,23582.25,6606.0,1040.5999755859375,,,-0.0013680536120755926,-0.00746261123213765,-0.003464213605179345,0.015995112008343915,-0.006958886165839506,0.0003822039137679756,0.00015903854143783924,-0.049135287578098374,0.00038510896072008194,-0.017142169790871353,0.005866131439173472,-0.006009375737724421,0.009425860716671508,0.0600590172060389,0.011890058838087025,0.03078056017460784,0.0,-0.051543431442928944,-0.006918929397260243,0.005896544790659819,0.009513472605166362,0.007876339624864826,0.010305308477853837,-0.22572244477470457,,,0.9176283719790509,0.8647102195133987,0.8514310490985993,0.6878078809387563,0.4541081353169905,0.45755786142552907,0.37696534654884367,0.5953435696477977,0.7605526691431173,
2024-10-14,25127.94921875,26463.55078125,51816.8984375,41534.94921875,62372.30078125,42872.75,9905.0,23680.0,6632.25,1057.3499755859375,,,0.006557345754428789,-0.004277682595193011,0.0010194643892644795,0.011108860776118723,0.012596612745741309,0.009072821123249808,0.000461232522067867,-0.050790250291602446,0.004705229141915845,-0.010901553189633595,0.01268552997022776,0.0019853607149453723,-0.0027887880201571402,0.05313521703304014,0.004145066734514202,0.01991594300895283,0.003973660308810079,-0.05060978192507992,0.016096483176033516,0.003749716233462319,0.0068811471178674595,0.00794808998900454,0.008086993317665984,-0.2112671881040346,,,0.9069115918052433,0.8662877060724796,0.8451871579099934,0.6971417078043215,0.4689859754630858,0.43863792231782883,0.37560483048049503,0.5961946225743628,0.7712978703336065,
2024-10-15,25057.349609375,26242.599609375,51906.0,41283.6015625,62607.69921875,42731.30078125,9762.0498046875,23555.69921875,6618.2998046875,1079.050048828125,,,-0.0028096049048969007,-0.008756368650916113,-0.00834926400094238,0.006566552474548404,0.0017195464257180326,0.00906791003548224,-0.006051473782386019,-0.05708495432234739,0.003774086165677648,-0.015270898067733851,-0.0032992802829302503,-0.005684639013015524,-0.014432124716052486,0.048876336469293014,-0.005249188397381754,0.024720011106604156,-0.002103388037619225,-0.057383407311756285,0.02052307537072795,0.026786586506892363,0.005883622596687577,0.007955307980771424,0.007341920644939235,-0.20981300839514944,,,0.9108538157867383,0.862771182679301,0.8455638306584425,0.692047895927663,0.4693866465129852,0.45568567440115554,0.4005173903419264,0.594404016592081,0.7334249519748373,
2024-10-16,24971.30078125,25909.0,51801.05078125,41304.6484375,62373.25,42230.69921875,9741.7001953125,23467.349609375,6618.10009765625,1084.949951171875,,,-0.0034340754096676696,-0.012205326886540302,-0.012712140349686374,-0.004826275319227857,-0.00202190919643197,0.002165818622609228,0.0005098119883784058,-0.04997970401098695,-0.0037447346201118226,-0.01752361750471565,-0.011715102356997686,-0.01448267733266917,-0.0020845631585723057,0.052616245205164835,-0.003750668089048892,0.019685535199666093,-3.0174975015229144e-05,-0.05414503277585925,0.005467681828250193,0.03783233770247896,0.004763856792339909,0.007976001284872873,0.007311094575377205,-0.2056440118229758,,,0.9050184493244976,0.8653978122059441,0.843874236781398,0.6939629083915787,0.47397323397274455,0.46181427209671205,0.4046106355868343,0.5912743940522976,0.7295914214385669,
2024-10-17,24749.849609375,24991.19921875,51288.80078125,40983.0,61352.75,42734.3515625,9603.2998046875,23254.0,6584.9501953125,1044.1500244140625,,,-0.008868227322834543,-0.01781241188199978,-0.03542401409741791,-0.03636314068268798,-0.009888795541294626,-0.002168262192304482,-0.007787221285437185,-0.05241293277560022,-0.016361180474001258,-0.03749670153207019,0.011926213703948862,0.006686648272694162,-0.014207005743370638,0.04548471010696198,-0.009091338089997514,0.0030020016995195853,-0.005008975665915072,-0.04273208088565106,-0.03760535378958607,-0.007650567507484718,0.004644282791346269,0.008111022660434468,0.007082821173241058,-0.17844179949734557,,,0.8714336858296312,0.8700979059509604,0.8426609744208395,0.7182090808390658,0.409931068041897,0.48268622094520514,0.4428015769010008,0.5894546521729411,0.736037894252668,
2024-10-18,24854.05078125,25146.900390625,52094.19921875,41205.55078125,61042.1015625,42106.5,9753.900390625,23356.19921875,6671.25,1047.300048828125,,,0.004210173941240125,-0.011574773321497811,0.006230240114215135,-0.02664572773716678,0.01570320275053949,0.012067449433680544,0.005430319431227515,-0.03975733179674423,-0.005063317251467914,-0.041731244077039875,-0.014691964182064421,-0.012619366256207076,0.015682170608064316,0.05871628347537716,0.004394909209168407,0.008615217484815973,0.013105612362707353,-0.03332031948134018,0.003016831241114293,0.005134697353008866,0.005127024937791826,0.00815141602992217,0.007089051257642983,-0.17030391015366267,,,0.8725712787183834,0.8621483486235019,0.845727961189248,0.7047872950377471,0.3717488643194072,0.49267236967595607,0.4474078427844124,0.5993994825690213,0.7358460838727934,
2024-10-21,24781.099609375,25251.849609375,51962.69921875,40984.69921875,60280.25,41562.69921875,9606.7998046875,23122.69921875,6600.0,1032.6500244140625,,,-0.00293518237799828,-0.0028589389704000157,0.0041734455189206265,-0.010784626448203438,-0.0025242733734675005,0.027400828905639774,-0.005359752710804577,-0.029085021663577293,-0.012480755789837206,-0.04583169247916541,-0.012914889179817868,-0.015775908048749954,-0.015081206496519672,0.04864557343350162,-0.009997345792998269,0.0034412815288000775,-0.010680157391793177,-0.008271884704563082,-0.013988373657057629,0.0005329414215058392,0.005145554175393968,0.007885992015176872,0.00709957397722625,-0.22377781660286125,,,0.8645106983493434,0.8521088457419292,0.8358243736577322,0.6941932054363666,0.3508520145747297,0.4837315617732486,0.4390251100331531,0.5618732958782631,0.7362141609160565,
2024-10-22,24472.099609375,24627.25,51257.1484375,40009.3515625,60000.94921875,41238.80078125,9318.7998046875,22828.19921875,6323.85009765625,997.75,,,-0.012469180337869368,-0.018619398709388557,-0.02473480632258762,-0.034045557505809954,-0.013578024079923368,0.0027260103940369707,-0.023797848339552785,-0.04573210271485384,-0.004633371315646451,-0.06925996066958418,-0.007793007759079318,-0.016227705239553525,-0.02997876565091684,0.024156479249093366,-0.012736402321109286,-0.007875093170564673,-0.04184089429450755,-0.047892574967024926,-0.03379656571825018,-0.030981424423522586,0.006676278238302819,0.008172723715167179,0.007231688037459673,-0.16601113668878265,,,0.8792714567310866,0.8650169875319015,0.862582514078157,0.7247378042136237,0.38286650409702416,0.5508420561634053,0.4832614498351149,0.6073222224964613,0.7639735980317456,
2024-10-23,24435.5,24451.30078125,51239.0,39812.3984375,60097.6484375,42222.1015625,9295.25,22471.599609375,6352.60009765625,997.1500244140624,,,-0.001495564743491773,-0.024184225885522714,-0.007144493142758557,-0.04324342666074232,-0.00035406646786306784,-0.0006494887247614489,-0.0049226772568990995,-0.05754745332804401,0.001611628149372324,-0.06947904791333748,0.023844068271186902,-0.00989812598156159,-0.002527128512370691,0.015186409397064837,-0.01562101355248846,-0.033764246369958006,0.004546281071819758,-0.043045334427433635,-0.0006013285752318742,-0.04004811127406749,0.005353679932180084,0.008123553933086777,0.007229129984033064,-0.1759171745038537,,,0.8790470179433572,0.8655432420692486,0.8605300449957884,0.7170792712121468,0.330401917972426,0.5477589940052756,0.4570217404515101,0.6065015722154161,0.7609923578842402,
2024-10-24,24399.400390625,24324.849609375,51531.1484375,39942.5,58396.8984375,42139.8515625,9273.4501953125,22570.80078125,6430.0,985.8499755859376,,,-0.0014773427748562273,-0.02082990091271164,-0.005171551935264196,-0.03628083382218339,0.005701681092527222,0.010216593560086196,0.0032678654792486217,-0.040449235758685975,-0.02829977618456625,-0.09837011175559751,-0.0019480318827391763,-0.007850795973389557,-0.002345262869476339,0.02716488277778062,0.004414513145455601,-0.02797538364744434,0.01218397209865385,-0.014113631058343401,-0.011332345736806082,-0.039740951500401134,0.005425081176016455,0.008087743550790831,0.007227764541262236,-0.1831317478899167,,,0.8780684688269453,0.8577827406041787,0.859184842691557,0.6465446429703317,0.3268843257139291,0.5421586708254217,0.45347141209568653,0.591042845187712,0.7558725711038742,
2024-10-25,24180.80078125,23799.30078125,50787.44921875,39063.75,58908.5,42038.8515625,9048.9501953125,22574.55078125,6283.89990234375,974.3499755859376,,,-0.008959220549493163,-0.047583770497642286,-0.021605429696981537,-0.07682371236322527,-0.014432032688966756,-0.01902460091623992,-0.022000375539838468,-0.08080647459200607,0.008760766002796405,-0.10081478690571599,-0.0023967811051778254,-0.0257982800301767,-0.024208896933902713,-0.026036307144441273,0.00016614386154678584,-0.03649438498227109,-0.022721632605948727,-0.052723614472996116,-0.011665060896476676,-0.05923527901736503,0.0057578616714518424,0.007328825779388376,0.007285672187276994,-0.3360278524475694,,,0.8764942027663959,0.8601811237679189,0.837341654190586,0.5223943123193124,0.23733291225281558,0.4761582501132825,0.40219744024293963,0.5818229742362738,0.7998830590805469,
2024-10-28,24339.150390625,23964.44921875,51259.30078125,39123.5,59252.6484375,42205.3984375,9278.400390625,22857.25,6521.2998046875,987.75,,,0.0065485676346082045,-0.040121846839074826,0.006939213845732484,-0.07189540308352138,0.009290711972315346,-0.01306845347082286,0.0015295510543662516,-0.07354825198603687,0.0058420845463726945,-0.08930067986597323,0.003961737031574097,-0.027398799202877244,0.02535655411512372,-0.009844567469115328,0.012522916690098862,-0.025595077965052893,0.03777907128266089,-0.028889253740329135,0.013752783650457845,-0.06254450992938543,0.006709839694014981,0.00747837521740865,0.007311597923634401,-0.3058987299342946,,,0.8781742463550261,0.8667606304684181,0.8341628238338116,0.5412415668649985,0.24920180024060964,0.5093800933052812,0.4329869447860029,0.6056212352903386,0.8219450455216815,
2024-10-29,24466.849609375,23588.599609375,52320.69921875,39359.80078125,59203.8515625,42031.44921875,9338.75,22601.400390625,6758.9501953125,1001.8499755859376,,,0.0052466588480091225,-0.03612154983503224,-0.015683632281476845,-0.08676272219555092,0.020706455634842413,0.0032126685784041875,0.006039868141909599,-0.07539470794910619,-0.0008235391376888446,-0.08348914713531586,-0.00412149215953006,-0.03047562874168408,0.006504311824695241,-0.009434983449805312,-0.011193367941244037,-0.03613623793912257,0.03644218142741695,0.006627497219514167,0.014274842405403776,-0.05459090143579193,0.006888267751867463,0.0075630776950507215,0.007327103943722619,-0.28883406316028826,,,0.8265502524160827,0.8553157187427421,0.8418792903605605,0.5482052227036038,0.23725742939128117,0.512759373471196,0.3878872077924174,0.6135739121756385,0.8261518387411587,
2024-10-30,24340.849609375,23594.0,51807.5,39296.1484375,59748.8984375,41668.6015625,9342.4501953125,22374.94921875,6741.5498046875,1001.0499877929688,,,-0.005149825253829232,-0.04239821464054383,0.0002289407050197756,-0.08890812452291685,-0.009808722482938181,-0.007303282397827515,-0.0016171917155719528,-0.0786107061004152,0.009206273926698927,-0.07633052734974988,-0.008632765774065576,-0.04022569244500751,0.0003962195489224385,-0.004867859313175904,-0.010019342516888075,-0.04313702758228932,-0.002574422080675709,0.009909504046420547,-0.0007985105679131355,-0.06110482682661822,0.006976870389894909,0.00758038795621542,0.007342977662821644,-0.28534663461309917,,,0.817385644888618,0.8563706848993412,0.8357261784246188,0.5066594766706219,0.2441643726615991,0.5151095377066387,0.3992237103017861,0.6206076355580906,0.8205749909111999,
2024-10-31,24205.349609375,23514.69921875,51475.3515625,39301.94921875,59203.0,40407.55078125,9326.849609375,22735.55078125,6725.35009765625,999.5499877929688,,,-0.005566773640794054,-0.04619047685015654,-0.0033610571013816815,-0.0887346976712925,-0.006411203734980497,-0.024171322165664977,0.0001476170434164814,-0.0719881857027338,-0.009136543966095645,-0.08375836149339477,-0.030263813374166393,-0.03995671034642578,-0.001669860219894681,0.0017506812196304011,0.016116307526536033,-0.012579627856775799,-0.0024029648227157363,0.007248803859242425,-0.0014984266702875448,-0.060352537914952986,0.005712258328047554,0.007618221223361533,0.00736888667303907,-0.2777245187695869,,,0.8137900876723161,0.8745188264197298,0.8283002859535314,0.5129456039542407,0.29135129685571165,0.5173708035103195,0.3590506247589979,0.6202528542230691,0.8160207590065763,
2024-11-01,24304.349609375,23805.599609375,51673.8984375,39635.6484375,59433.19921875,40433.6484375,9390.2998046875,22807.150390625,6778.5498046875,1009.0999755859376,,,0.004090004961616156,-0.04373071623597835,0.01237100198130725,-0.08113629563299385,0.0038571251865842093,-0.02571200591325762,0.008490653145284632,-0.06358249952979445,0.0038883032743273205,-0.08530255103988538,0.0006458608786086284,-0.03604557018325638,0.0068029611251287925,0.015035844694559763,0.0031492357525839676,-0.005364116584699263,0.00791032530035718,0.02182007360211835,0.009554287338900957,-0.05603369917124634,0.006098288135038048,0.007668355477074242,0.0073370509716300806,-0.26762417274209443,,,0.816072538168078,0.8740875621269446,0.8321385256140614,0.5179104230273641,0.29659141207664447,0.5321130150108643,0.37081316428436084,0.632166797892533,0.8179696604747977,
2024-11-04,23995.349609375,23573.19921875,51215.25,38604.75,58743.69921875,40421.80078125,9242.900390625,22638.30078125,6762.39990234375,979.5,,,-0.0127137736646451,-0.0696213076201786,-0.009762425414123088,-0.10689144080846469,-0.008875824185294201,-0.04792332964371149,-0.026009374846625355,-0.09907234539089849,-0.011601260054371676,-0.10819813930253142,-0.000293014771306499,-0.042237248302207875,-0.01569698701088551,-0.017162299949439297,-0.007403362826265525,-0.015950672944219257,-0.0023825010967069016,0.02027759540491103,-0.029333045587232598,-0.1108387602505101,0.0076118682363815575,0.007295820378710978,0.007436092553525895,-0.3426773174925281,,,0.7899344309340668,0.8652702682146607,0.839309969631338,0.46753029916566635,0.25497310722597594,0.5251880986132215,0.3951555540417404,0.6813988559478312,0.8058826574999369,
2024-11-05,24213.30078125,23839.599609375,52207.25,38924.8984375,58542.19921875,40424.6015625,9505.400390625,22661.25,6886.5,985.5999755859376,,,0.00908305881860727,-0.06653096192893282,0.011300985842138234,-0.11064191312312077,0.01936923084432851,-0.035089597674117234,0.008292980462248911,-0.10250288934875085,-0.0034301551090551996,-0.11707986010713245,6.928887867108102e-05,-0.037221781397286935,0.02840017623323643,0.005346545248046786,0.001013734156629198,-0.020445875703772542,0.018351487555954504,0.004771104532428128,0.006227642252105703,-0.12480579477077514,0.008046252652844001,0.007447923611518164,0.00745720704601655,-0.3120336922367008,,,0.7896890698754889,0.8758081271328312,0.8365253694313343,0.42779066211206396,0.27035978153087953,0.5693223054375174,0.37468317252873223,0.6816859116869841,0.7914128759286878,
2024-11-06,24484.05078125,24137.900390625,52317.3984375,39562.8515625,58754.80078125,42039.5,9656.4501953125,22920.349609375,6982.5,1011.0499877929688,,,0.011181870759630508,-0.056142140732003964,0.012512826814955913,-0.1033619017838292,0.0021098302917699208,-0.030595625552531147,0.01638933306465362,-0.09483421975277972,0.0036315950773491146,-0.10702441269389318,0.03994840703632474,-0.004839727878927946,0.015890946039103904,-0.008109599209553564,0.011433597412984664,-0.011559692636598284,0.013940318013504704,0.02759381898454749,0.025821847440591794,-0.09948787549056448,0.008808148726268486,0.007834503251957649,0.007546051393698683,-0.23415105020122923,,,0.8000183689080614,0.8496762751488746,0.8570088120246803,0.45571944950177906,0.3879908386087002,0.6145022989410004,0.41396637347798604,0.6961011582939622,0.8126855565673615,
2024-11-07,24199.349609375,23812.5,51916.5,38990.55078125,58180.25,41752.3984375,9392.849609375,22526.94921875,6982.75,996.5499877929688,,,-0.011628025706147627,-0.06940433562100401,-0.013480890440304538,-0.11439339543184768,-0.0076628129355270636,-0.04038968313552138,-0.014465610001490936,-0.11515223132036934,-0.009778788688078577,-0.11204607490779384,-0.006829328667086854,-0.004970115908550787,-0.02729787661157912,-0.03930601104576381,-0.017163804101142044,-0.031057283377779688,3.58037952021828e-05,0.036631532066508266,-0.01434152630934915,-0.11821442616909206,0.009680381519697277,0.007985321776159146,0.007627816476524711,-0.20376625001012338,,,0.8037473821294416,0.8478543777745552,0.8606841441127197,0.4714803303429619,0.41185307404414656,0.636641272780958,0.44722008797227164,0.7017258552536185,0.8103440011093037,
2024-11-08,24148.19921875,23805.19921875,51561.19921875,38403.6484375,58359.3984375,42050.1484375,9308.900390625,22542.25,6845.2001953125,967.6500244140624,,,-0.002113709312467793,-0.0788773099256792,-0.0003065944881889271,-0.13423833363640492,-0.006843696729363469,-0.05175419124445313,-0.01505242506172122,-0.13005766766925053,0.003079196763506431,-0.11786374791083176,0.007131326849299624,-0.0026268415547210378,-0.008937566578965606,-0.06777690011214277,0.0006792211897590494,-0.03047840637219945,-0.0196985148669937,0.0059592034198237,-0.029000013780453027,-0.14465660510099165,0.009558362593236207,0.0077353488579836585,0.007630788212989182,-0.2541272863096315,,,0.7895801806658964,0.8478489942229321,0.8543648850038937,0.42879766950431586,0.4074692656909427,0.6059342193399465,0.4570526926902574,0.6810087166187511,0.7937108319908499,
2024-11-11,24141.30078125,23729.44921875,51876.75,38247.44921875,57843.94921875,42590.30078125,9216.25,22344.25,6878.35009765625,966.2000122070312,,,-0.00028567088740283353,-0.0778353791236428,-0.003182077969771213,-0.14057208809068933,0.006119927116343238,-0.03636251893015763,-0.0040673015482944885,-0.14137503156919973,-0.008832325770150251,-0.12151945998549163,0.012845432509063226,0.00656303816109749,-0.009952882374625882,-0.08429044793642626,-0.008783506526633289,-0.049953001130480845,0.00484279515542152,0.0035892901924128306,-0.0014984882658470866,-0.13562357308896844,0.009352818444308082,0.007744591648030367,0.007597317632595341,-0.2522651786523363,,,0.7923806083484001,0.8603597345279627,0.8673645015576271,0.42102657789445297,0.40975021625802216,0.5983131026460697,0.4497196686758457,0.6818736533304344,0.7986222796572265,
2024-11-12,23883.44921875,23269.099609375,51157.80078125,37705.6484375,56902.55078125,42609.55078125,9078.5,22151.599609375,6745.9501953125,967.9500122070312,,,-0.010680930776533315,-0.07467403901051484,-0.019399928128599475,-0.13904879965393657,-0.01385879452259442,-0.0343594943488591,-0.014165670974585987,-0.14337855616764772,-0.016274795379891627,-0.13179362904413017,0.00045198084180886333,0.01581670748976416,-0.014946426149464287,-0.1098069444830132,-0.008621922446490737,-0.04851982059692417,-0.019248787930824296,-0.0015096922328072804,0.0018112191863903782,-0.1192447568634839,0.009840106519058632,0.007596306744614835,0.007679238446274085,-0.28213954047554823,,,0.7880653922870337,0.8566741631441379,0.8785757802471867,0.46310251303658095,0.385222157582881,0.7073861707318423,0.4423884671207083,0.6859484405107235,0.7704566342437936,
2024-11-13,23559.05078125,22765.19921875,50088.3515625,37114.6484375,56647.8515625,42369.5,8836.75,21809.30078125,6538.14990234375,937.25,,,-0.013582562322921432,-0.08674877894199529,-0.02165534546175485,-0.15944239469359966,-0.020904909953478046,-0.05355462347505413,-0.015674044194721293,-0.15047584475408426,-0.0044760597768127575,-0.13476355179715627,-0.005633731800703035,-0.0015388497188103534,-0.02662884837803603,-0.13559688434637096,-0.015452555759455477,-0.06383992265485916,-0.030803709922605504,-0.033139871737402515,-0.03171652649399925,-0.1455075708969945,0.009995377779656709,0.007846094027967886,0.0078073785549479,-0.23181590327550805,,,0.8001579010346178,0.867472799063235,0.8831711649315264,0.4444053740640034,0.3896020999499429,0.7271920387298485,0.4747049169153396,0.7101894030914337,0.7862584102780453,
2024-11-14,23532.69921875,22914.5,50179.55078125,37047.55078125,55782.69921875,42390.8515625,8828.7001953125,21752.0,6492.64990234375,946.9500122070312,,,-0.0011185324376894457,-0.0680155887380085,0.006558290125879163,-0.12879578663627067,0.0018207670227718964,-0.032127341829127576,-0.0018078483583912064,-0.12932748660415272,-0.015272465237193833,-0.1351794471166584,0.000503937089179729,0.0150433635955316,-0.0009109462967153981,-0.1306055937653865,-0.00262735526575264,-0.06155422531413468,-0.006959155216629376,-0.027813548561955947,0.010349439538043459,-0.09728311515058985,0.0086678150224602,0.0070561359562789855,0.00780779855030919,-0.39096557202276583,,,0.7662912125375894,0.8573849801599371,0.8712602606759244,0.38502466974351607,0.330070987923564,0.7976283409489708,0.5030451343188127,0.732763362131901,0.739152410261964,
2024-11-18,23453.80078125,23043.849609375,50363.80078125,36757.19921875,56314.3515625,41406.55078125,8996.650390625,21544.150390625,6534.75,952.25,,,-0.0033527151631265184,-0.06239551511910035,0.0056448802886819305,-0.11117865198723609,0.003671814456913225,-0.021340968409291228,-0.007837267413827176,-0.12650587422997095,0.00953077479569675,-0.11148143827048296,-0.023219651056048507,-0.012071559051595626,0.01902320744809871,-0.11040519154411921,-0.00955542521952002,-0.06713873228823641,0.006484270411847071,-0.026792149249800223,0.0055969034528191575,-0.07709831853417204,0.005621264858923825,0.006934866903659532,0.007796075045531505,-0.4153971592745009,,,0.7474025179382088,0.8517511429445584,0.8714576130879085,0.33114395269034297,0.3371164169710955,0.7710726985386612,0.5068614141201511,0.7549677988110892,0.7263319643596176,
2024-11-19,23518.5,23359.5,50626.5,36584.19921875,56378.55078125,41748.3515625,8920.349609375,21768.849609375,6494.0498046875,966.2999877929688,,,0.002758581406631766,-0.05151084359214786,0.013697815077589492,-0.09484388448846959,0.005216032441455409,0.0029240250296418413,-0.004706560991506459,-0.10855805889050463,0.001140015235348013,-0.10550491352539881,0.008254751356994827,-0.010482192327712192,-0.008481021039731584,-0.09770593795410731,0.010429708977884644,-0.05261387647078519,-0.006228271213512326,0.00026180150572341354,0.014754515928557366,-0.052786389582280435,0.005890596722752978,0.006873660629510121,0.0077912743625472795,-0.4277281406331783,,,0.759314495947563,0.8530948478875647,0.8668560997921382,0.3386547170379026,0.3718966971413885,0.7467478371145412,0.5177380110600698,0.7335468755906396,0.729100875167338,
2024-11-21,23349.900390625,23145.900390625,50372.8984375,35789.30078125,55693.69921875,41952.80078125,8717.400390625,21740.099609375,6318.89990234375,975.2999877929688,,,-0.007168807933116472,-0.06649502257913864,-0.009144014613968632,-0.11778424631555262,-0.005009265157575604,-0.01270264327433801,-0.021727916818597537,-0.14200572292045,-0.012147377912519186,-0.1205316169653119,0.004897180633441911,-0.010256549198693232,-0.02275126285820761,-0.109965315378597,-0.00132069450227712,-0.06726673353628854,-0.026970828313839568,-0.039695474451146406,0.009313877795399828,-0.05306079515487683,0.005922908325192303,0.006645755042536632,0.007824414557046787,-0.4736433606586335,,,0.7387498810463394,0.8494944555475671,0.8482028860403088,0.3219565095506788,0.35378579959330547,0.8075205431778415,0.4687865291277557,0.732164446511025,0.7011266191601084,
2024-11-22,23907.25,23554.099609375,51135.3984375,36523.5,56956.44921875,43332.1015625,8846.2001953125,21962.05078125,6508.14990234375,1006.25,,,0.023869464111237804,-0.043019029833884725,0.01763591875282322,-0.10949425395317625,0.015137107922151172,0.0025172709137961657,0.02051448904345876,-0.11731654871927566,0.022673121335328394,-0.08627509886515472,0.03287744216272803,0.016642557378395262,0.01477502453896884,-0.09739558755069766,0.010209298754973783,-0.07659625207742993,0.029949833503424506,-0.017407890082777322,0.0317338384029604,-0.04353409695588295,0.012433303948888466,0.008183232811491544,0.008190513046880347,-0.16389391140962314,,,0.7586442059294151,0.820296342753321,0.8693431791385385,0.5197687694136915,0.5022576784075496,0.7661159020168313,0.5360502429361419,0.7484101005867645,0.7492300388889443,
2024-11-25,24221.900390625,23716.44921875,52207.5,37006.0,57358.19921875,43618.1484375,8883.0,22177.05078125,6779.10009765625,1028.5,,,0.013161295867362366,-0.03106388005630978,0.006892626424589876,-0.10600112261341577,0.02096593739873498,0.01313001680575443,0.013210672580667326,-0.10848677650991334,0.007053634935299646,-0.07570708378285274,0.00660126937502481,0.036336213621256386,0.004159956125229902,-0.09725152834293471,0.009789614009250602,-0.04840559234617947,0.04163244537666899,0.026203466190773517,0.022111801242236107,-0.01846636067831886,0.012705888668409358,0.008601082799496725,0.008302865530388427,-0.07971135848641019,,,0.759960376000732,0.844192217769458,0.8811435286148319,0.5430911156589783,0.5130423191336111,0.7524702625425452,0.6126071964827868,0.7782001689826034,0.7670724703787295,
2024-11-26,24194.5,23413.0,52191.5,36722.19921875,57838.25,44085.94921875,8916.7001953125,21961.75,6789.9501953125,1029.1500244140625,,,-0.0011312238174179257,-0.030834092752636266,-0.012794884088723313,-0.11437172911991167,-0.00030646937700518073,0.01991700985083411,-0.007669047755769376,-0.11546450923006069,0.00836934889498897,-0.06833014829418926,0.010724911487710376,0.04134217769633142,0.00379378535545416,-0.10228839892695818,-0.009708269299361971,-0.06871693752716557,0.0016005218244234953,0.02784592723471091,0.0006320120700655796,-0.011003220680865233,0.01088930550349793,0.008600856921274219,0.00830252762796888,-0.07975686526148783,,,0.7541502391973268,0.8499354338678449,0.8820357234271243,0.5336678833210494,0.5103949323882735,0.759350992464828,0.6307936095192898,0.778160517580094,0.7682184798951794,
2024-11-27,24274.900390625,23517.349609375,52301.80078125,37256.0,58028.6015625,44018.69921875,8987.349609375,21828.599609375,6783.9501953125,1024.9000244140625,,,0.003323085437806128,-0.03394820726111902,0.004456908955494887,-0.11133053142522531,0.0021133859201210026,0.009357996297961968,0.014536187717685722,-0.10302045143270255,0.0032911016930836645,-0.06964147809753041,-0.0015254293304723943,0.02672908126373974,0.007923268980114528,-0.09264516816002022,-0.006062831542340663,-0.07818413811760982,-0.0008836589116871796,0.022873111736213092,-0.004129621434367348,-0.030689886907022124,0.010678237339821237,0.008522675487272811,0.008269467298282703,-0.09550776365652283,,,0.7573434075490079,0.8438100432372577,0.8726717039307964,0.5288887726222109,0.49251273433589576,0.7712553813171704,0.6117821572247839,0.7791570005471139,0.7541191508489649,
2024-11-28,23914.150390625,23134.69921875,51906.8515625,36979.19921875,57706.05078125,42968.75,8964.849609375,21728.599609375,6846.85009765625,1025.3499755859375,,,-0.014861029054492936,-0.045623309590663186,-0.016270982784236,-0.1184295929857011,-0.007551350294837,1.64058586675786e-05,-0.0074296967267016845,-0.10426421583479062,-0.005558479311320252,-0.07829146412765853,-0.023852345421028875,0.005556798281558306,-0.0025035189436193317,-0.0816631968963838,-0.004581145918176599,-0.0775650763922412,0.0092718697120171,0.034533082470346255,0.0004390195737697944,-0.04976606349307622,0.012768973246155077,0.008881731959676504,0.008337513365795095,-0.02317010335205194,,,0.7639641280009528,0.8409993082257066,0.851997050279223,0.5288368754953547,0.5348874726430026,0.7412838523219479,0.596651308898236,0.7232552133131329,0.7443858613294687,
2024-11-29,24131.099609375,23368.55078125,52055.6015625,37481.94921875,57943.69921875,43146.25,9034.0,22240.19921875,6813.85009765625,1020.1500244140624,,,0.009072001940535257,-0.03364667220323081,0.0101082603360787,-0.09805277003164925,0.0028657103161207065,0.004914008063754194,0.013595480989893494,-0.09254888646575232,0.004118258558376553,-0.07101683464065123,0.004130909090909185,0.02167974478725898,0.007713502583767351,-0.07264647660302981,0.023544987646339832,-0.05229181867792876,-0.004819734553747068,0.0295779751154448,-0.005071391520640178,-0.05972618984665701,0.012982606123794344,0.009079944011095508,0.008394839185900503,0.016762879746159958,,,0.7744934375365912,0.8305320432356256,0.8639088573783437,0.5378743536508469,0.531502828530919,0.7456840460904899,0.6152186756133976,0.6938087627273144,0.7255771864078246,
2024-12-02,24276.05078125,23599.599609375,52109.0,37594.3984375,57917.0,43547.0,9133.599609375,22450.19921875,6800.39990234375,1051.199951171875,,,0.006006820004948565,-0.019143503318320376,0.009887169738843404,-0.05568358673764373,0.001025796185178729,0.015991780003751677,0.0030000899391258162,-0.08268310183490712,-0.00046077863702154165,-0.055999934803248386,0.0092881768403974,0.019016280996132284,0.011024973364511803,-0.04891029176067507,0.009442361461535542,-0.03456612975187068,-0.0019739494000794444,0.032718502136070526,0.030436627961310414,0.006751833159002851,0.012057542460022457,0.009047223812665246,0.008418881662995615,0.010170873248413235,,,0.8005849923717175,0.8188298549872363,0.8665824712119983,0.5190495381900871,0.5732680006582638,0.7452342017307241,0.6164847399711347,0.6833885000800666,0.7262553589841768,
2024-12-03,24457.150390625,23752.400390625,52695.75,38014.05078125,57689.19921875,43754.94921875,9246.25,22445.69921875,6977.5,1054.5999755859375,,,0.007460011144599932,-0.015969243569922353,0.006474719223172665,-0.05545415054492686,0.011260051046844133,0.01154736593078276,0.011162629572266214,-0.07745315714727075,-0.003933228261995603,-0.05492770166697192,0.004775282309918083,0.03914951892819407,0.012333624796665221,-0.05204588629108109,-0.00020044365558424815,-0.038983226314881936,0.02604260046460105,0.04590593966647938,0.003234422157527783,0.006970234333494751,0.009171080477253844,0.009125975554918564,0.008451186629085521,0.026036669348311586,,,0.802003760207859,0.8309050498324898,0.8689818957361997,0.5145687380169329,0.6059123391950402,0.751259516713599,0.6073410720671795,0.6904061361007148,0.7222027142179255,
2024-12-04,24467.44921875,23584.0,53266.8984375,37736.05078125,57270.3515625,43949.25,9230.099609375,22422.900390625,7134.35009765625,1077.1500244140625,,,0.00042109681465385407,-0.012656839105975037,-0.007089826200953886,-0.06604861169281617,0.010838605342935681,0.025098758116079534,-0.00731308540622877,-0.07926490859822588,-0.007260417234459804,-0.04993175107103898,0.004440658364808225,0.05742049544687333,-0.0017466962957956023,-0.039211829430305656,-0.0010157325865773892,-0.03026458206737126,0.022479412061089166,0.08096213600852264,0.021382561492660823,0.04309301210276906,0.008085546791957556,0.009115612543678526,0.008451186405209407,0.023948875242290182,,,0.8075026333329932,0.8204617468969373,0.865446341242571,0.5107057274402728,0.6079162239744818,0.7537258216141695,0.6076086037632834,0.6814823186628304,0.7107840931233698,
2024-12-05,24708.400390625,23736.25,53603.55078125,37884.69921875,57605.19921875,44806.3984375,9282.75,22463.400390625,7125.5498046875,1074.449951171875,,,0.009847825562885104,0.009655925932872345,0.006455647896879135,-0.03617943538153878,0.006320104110153935,0.04577707530123476,0.003939162536156449,-0.05310389348427724,0.005846788907600375,-0.03992853498476556,0.01950314140741871,0.08651070323732779,0.005704206114040433,-0.003868502966376197,0.001806189176888795,-0.015980184184890556,-0.0012335101093007284,0.12677398968207299,-0.002506682617081313,0.07687291523114514,0.0085484469681751,0.009005348640250245,0.008309524755554638,0.0017344510414302444,,,0.7965492275882466,0.8063372241021513,0.853086034678906,0.5256514132056479,0.6167934103086946,0.7325976235928391,0.5820781281383239,0.6306728949748075,0.6606980710222694,
2024-12-06,24677.80078125,23960.25,53509.5,37842.80078125,57744.30078125,44716.05078125,9397.150390625,22434.75,7155.25,1073.9000244140625,,,-0.0012384293961259507,0.009915933017536016,0.009437042498288584,-0.020082808094469717,-0.0017545625220577454,0.04431194988192577,-0.0011059461567339834,-0.04947196686333777,0.0024147397177081142,-0.039158731122357016,-0.0020164007686541696,0.05906738713747561,0.012323976259729141,0.010962630442968191,-0.0012754253642274227,-0.0016398302753501959,0.004168126829029006,0.1263498236950067,-0.0005118216602018055,0.07696936079914285,0.008695733894662546,0.009003644348919485,0.008310508166256165,0.0013910943362327765,,,0.7805778423181802,0.8062159160228569,0.852071148597466,0.5250720135786097,0.6526265299286282,0.7181972018723761,0.5959613180035418,0.6309430210848871,0.660618536817887,
2024-12-09,24619.0,23775.05078125,53407.75,37689.3984375,56460.6015625,44832.0,9455.25,22309.099609375,7114.85009765625,1076.9000244140625,,,-0.0023827399277279726,0.00900020516321276,-0.0077294359929466205,-0.02260235261282373,-0.0019015315037517189,0.03641683951166064,-0.0040536731051367125,-0.05640862646304057,-0.022230751803766324,-0.033157529369001404,0.0025930111609637763,0.06388604462707037,0.0061826837881580055,0.019604332892130705,-0.005600703846710964,-0.011594678204434827,-0.005646190188148603,0.10650856884234061,0.0027935561335301617,0.09235690123541307,0.0051105966665878095,0.00901155732563049,0.00831361305974024,0.002985289860646698,,,0.7805983563556602,0.8127193147322128,0.8581518034160102,0.55591213304468,0.6505782482187604,0.7109299520979622,0.603649430798795,0.6382115929977582,0.6627824653660579,
2024-12-10,24610.05078125,23767.05078125,53577.69921875,37451.55078125,56530.25,45199.75,9475.349609375,22291.44921875,7152.64990234375,1092.3499755859375,,,-0.0003635086213900074,0.01775168671555516,-0.000336487188759671,-0.001355081827673188,0.0031821078167495465,0.05493975466225787,-0.006310731030754413,-0.04127097932866153,0.0012335759020014603,-0.04037193274315254,0.008202846181299073,0.0751899331217607,0.0021257618122207944,0.04712142346450099,-0.0007911744953428279,-0.012540739580746751,0.0053128040884447,0.13825013343639925,0.014346690334863021,0.12110638164591636,0.0048391572155052145,0.008840794559164353,0.008303527621486421,-0.03141759643349286,,,0.7741998246633833,0.8043523614017595,0.8544194885577573,0.615062889604076,0.6487263463183686,0.6976373980430995,0.6174451762535091,0.61983138964822,0.6432085590500921,
2024-12-11,24641.80078125,23851.849609375,53391.3515625,37308.8515625,56766.80078125,45350.3515625,9483.650390625,22302.599609375,7089.0498046875,1094.3499755859375,,,0.0012901233029631864,0.012434714678519532,0.00356791546858215,-0.0046986103601706075,-0.003478082466534582,0.0415934425315041,-0.0038102352445560372,-0.04638256898028037,0.004184499117729112,-0.04195335941602818,0.0033319114043772746,0.07451542317879589,0.0008760395755516015,0.022121269977461555,0.0005002093186305956,-0.024265840843714748,-0.0088918231039673,0.0870608647055151,0.0018309150406921049,0.10792202033504172,0.004646254883696163,0.008771143031084422,0.008300586649440033,-0.04545000906263655,,,0.7702496470749233,0.7956315773676207,0.8549028525054844,0.6060936453078696,0.6516917588950456,0.6992485630120904,0.6100725155339443,0.6115240073316647,0.6372481440181758,
2024-12-12,24548.69921875,23660.30078125,53216.44921875,37024.94921875,56146.69921875,45701.6484375,9507.75,22229.30078125,7033.5498046875,1089.8499755859375,,,-0.003778196379659149,0.0033453268680589954,-0.008030774604989577,0.0030396536065033786,-0.0032758553329608198,0.017120375174171754,-0.007609517094741003,-0.059320715962878134,-0.010923665839291385,-0.05163772732797023,0.007746287799243579,0.08732031102826565,0.002541174377202138,0.018096640342658343,-0.0032865598364680837,-0.016463564334241232,-0.007828975889448753,0.040627553309305675,-0.004112030063865624,0.08783750276435609,0.004441860906790273,0.0087556769127908,0.008217756643429806,-0.048565905578477425,,,0.8335089248646236,0.8199404887995113,0.8543277034899613,0.6113087695908438,0.6576942430801695,0.6918672822806191,0.6506127357593043,0.6242010334925423,0.6352089258670116,
2024-12-13,24768.30078125,23773.099609375,53583.80078125,37194.19921875,56869.3984375,45995.80078125,9439.2998046875,22157.349609375,7020.7998046875,1085.050048828125,,,0.008945547808588916,0.01756106211306463,0.004767430015699015,0.007590896387852819,0.006902970188596758,0.034286556603773555,0.0045712419212255995,-0.05348995518207389,0.012871624312843943,-0.0481933571212545,0.006436361790150169,0.10384795881041264,-0.00719941051379136,0.010366617680615864,-0.003236771708792996,-0.00972514427843496,-0.0018127404161555338,0.041422226059330436,-0.0044042087125174545,0.08391195450723954,0.005455877330264849,0.008839358409172705,0.007761679332313223,-0.0317069317838533,,,0.8372177550191702,0.8218951092767423,0.8607407015823523,0.6693950345695973,0.6484824635516047,0.6614720185032306,0.6224605313464799,0.6061262699729371,0.6068910686343557,
2024-12-16,24668.25,23790.5,53581.3515625,36969.94921875,56697.19921875,45653.6015625,9347.75,22255.55078125,7056.5,1118.6500244140625,,,-0.004039468921733236,0.019123887822124708,0.0007319361341564523,0.011728867066693516,-4.57081937879078e-05,0.040912785169479715,-0.006029165964324679,-0.05933547944455286,-0.0030279767938683477,-0.042325571022583275,-0.007439792610144047,0.1298284770994902,-0.009698791921201266,0.0022408842750065716,0.004431990901720972,-0.021112310170900095,0.005084918571337749,0.04923905782379334,0.030966291022451964,0.11915365722135585,0.00445854944399534,0.008806846608675745,0.007769225319781747,-0.03825695318993334,,,0.832938108589974,0.8168461102167979,0.87323356130503,0.6624403721835166,0.6709634075214088,0.6678714039682705,0.6966355185611822,0.5983468303794744,0.5418393410214519,
2024-12-17,24336.0,23417.80078125,52834.80078125,36375.3984375,56467.44921875,45413.75,9194.9501953125,22074.55078125,6928.0498046875,1117.5999755859375,,,-0.013468730047733413,0.001302252112633795,-0.01566588422899895,-0.016290235679351617,-0.01393303377909727,0.0224659330697512,-0.01608200156651718,-0.08225549798033371,-0.004052228384572865,-0.049900561285355916,-0.005253727072805914,0.12316725685039165,-0.016346158667861266,-0.02080334104748016,-0.0081328025434666,-0.03212148807841153,-0.01820310285729465,0.02205486487635122,-0.0009386750147124534,0.10752155646124062,0.006736737813907627,0.009148492894934891,0.00779086293494047,0.0305731470844099,,,0.8504375186907216,0.8313684133790721,0.881241733638385,0.6463221026031359,0.6827605977294355,0.6847027937689305,0.7021716996626639,0.6202053145511434,0.5318164921440764,
2024-12-18,24198.849609375,23241.25,52139.55078125,35981.80078125,56467.80078125,45526.8515625,9069.900390625,22314.55078125,6794.9501953125,1112.4000244140625,,,-0.005635699812006956,0.008480809961630698,-0.007539170005723128,-0.01408163633920212,-0.013158940503599448,0.018047374195186094,-0.010820435600898737,-0.06794369135274803,6.225932016823421e-06,-0.03874285187633486,0.002490469571440279,0.1262944916501103,-0.013599834912781716,-0.018717068527047243,0.010872248426629483,-0.014300985004499278,-0.019211699269965576,0.004813423257838956,-0.004652783898951629,0.13568149506285088,0.006880536076372598,0.00889482251680763,0.007773803586191797,-0.02053280156882988,,,0.8510032082494697,0.8216726236847036,0.87685987528441,0.62001391150722,0.6891644299301077,0.6740528031860031,0.6404237167641063,0.6404909142830632,0.4909886917825479,
2024-12-19,23951.69921875,23070.900390625,51575.69921875,35628.19921875,56157.8984375,44954.19921875,8977.2001953125,22697.900390625,6754.7001953125,1103.25,,,-0.010213311567061067,-0.010804043813083752,-0.007329623379766614,-0.032244636291949624,-0.010814277339396772,-0.01209699383227425,-0.009827233624289833,-0.08469384252969514,-0.005488124904147185,-0.04072789907227048,-0.012578342760290684,0.11205052075149946,-0.010220640946434045,-0.055568432007709445,0.01717935588903341,0.0016173154889955743,-0.005923516559071529,-0.019138866577724567,-0.008225480234848148,0.11936894006528331,0.007375500324760543,0.008936855339976697,0.007769821317462598,-0.012064618099842573,,,0.8448106911221146,0.8322486704220491,0.8722346058324713,0.6410005904988765,0.7277352951412862,0.6726490394605803,0.5223163017052895,0.6243998118820557,0.5100973818526032,
2024-12-20,23587.5,22580.0,50759.19921875,34910.6015625,55600.80078125,43771.05078125,8813.25,22501.849609375,6575.7001953125,1060.0999755859375,,,-0.01520556915080562,-0.03661774717182753,-0.021277903433039813,-0.06454166954927354,-0.015831098993674297,-0.02978357611973914,-0.02014128336501364,-0.11759137211458426,-0.009920201285132046,-0.05368071984011413,-0.026318974824637076,0.04118866259708143,-0.01826295412216694,-0.08731989274089691,-0.008637397198684282,-0.018258883792454106,-0.02650006585402842,-0.05825990758145361,-0.03911173751557895,0.04851390968318037,0.00806515611984729,0.009063084739728626,0.007929828269410267,0.013366310295805676,,,0.8503441208518286,0.8594677382057605,0.8762768150309176,0.6503744080433286,0.7537484650419569,0.6726640765031837,0.5143264833030257,0.6419231596026346,0.5385778031735925,
2024-12-23,23753.44921875,22557.75,51317.6015625,35147.75,56135.05078125,43828.3515625,8891.400390625,22572.05078125,6646.5,1075.6500244140625,,,0.0070354729729729115,-0.018426131190412476,-0.0009853852967227628,-0.05269291338582682,0.011001007745286229,-0.011535801479298446,0.006793020655213811,-0.09855723256666449,0.00960867456031611,-0.03515280905032203,0.0013091022542814912,0.04972057181595302,0.00886737476243149,-0.0533862714302914,0.003119795620967647,0.0020021158685110674,0.01076688452706076,-0.04815438043750675,0.01466847390457704,0.0793738774672752,0.009512043965337051,0.00896281550326127,0.007918354886331998,-0.006834528636320151,,,0.8350314678773091,0.8620273926948973,0.8752603240972721,0.650405261723163,0.7392553337685329,0.6626348750062707,0.48319154964227484,0.6698244833116679,0.5304105937403771,
2024-12-24,23727.650390625,22685.55078125,51233.0,35084.94921875,56439.30078125,43668.8984375,8817.599609375,22558.900390625,6609.5498046875,1074.75,,,-0.0010861087115143775,-0.017415328750413073,0.005665493289445989,-0.04703377725224478,-0.0016485876175831304,-0.006365236335128754,-0.0017867653334850964,-0.08641624829346661,0.005419964812815703,-0.03290125854032455,-0.0036381273608389053,0.038495702397007836,-0.008300242707303451,-0.052777531247921505,-0.0005825961828831439,0.000738630377402405,-0.005559346319491509,-0.03442563897347661,-0.0008367260666896081,0.11068048662613261,0.00770572246451723,0.008958718533671079,0.007918882142368676,-0.00765992858666503,,,0.8283435175091506,0.8652293189638117,0.8875652622738993,0.6488806739020108,0.743656410453488,0.6611287470774846,0.4839604386809886,0.6774395797202238,0.5558902110757562,
2024-12-26,23750.19921875,22876.099609375,51170.69921875,35159.55078125,56258.0,43664.25,8805.25,22712.55078125,6630.14990234375,1077.25,,,0.0009503186263191132,-0.01620051736415795,0.008399568075838415,-0.03596162732258945,-0.001216028365506605,-0.013610158332008071,0.002126312397799701,-0.08073475488101889,-0.003212314446500608,-0.027417720265820233,-0.0001064473267319288,0.025215816724703632,-0.0014005636366012375,-0.04459514444595147,0.006811076247708048,0.016483022757532773,0.0031167172144825894,-0.036084263201006994,0.0023261223540358422,0.11493478202231033,0.008145037983122503,0.008962801625374875,0.00771934016515635,-0.006837324558156931,,,0.8221172906572548,0.8701726196837015,0.8867268338570138,0.6549965583251661,0.7539983104258678,0.6674820148208567,0.49341310224308593,0.678982418336964,0.5564379865989488,
2024-12-27,23813.400390625,23099.05078125,51311.30078125,35039.3984375,56444.25,43721.3984375,8720.7001953125,23008.349609375,6570.89990234375,1071.3499755859375,,,0.002661079652128029,-0.0029329443784864573,0.009746030821776497,-0.007307924714735736,0.002747696721886461,0.003000519913988642,-0.0034173458158650583,-0.07071221714750542,0.00331064026449579,-0.0080541342164403,0.001308815277944797,0.02609386008216874,-0.009602203763379835,-0.03941177558930442,0.013023584667962274,0.03867666512161971,-0.008936449533223256,-0.025948945352485042,-0.005476931458865186,0.10682366039041935,0.00774538999114058,0.008769417052049469,0.007723948704282951,-0.045797735102184725,,,0.8100435349425047,0.8640055683395972,0.8787811395956034,0.6353334970176898,0.7694320148770429,0.6356536273785405,0.46964857719200104,0.6543041054853198,0.5540281002299526,
2024-12-30,23644.900390625,22768.25,50952.75,34832.19921875,56618.3984375,43971.44921875,8609.849609375,23241.150390625,6493.25,1054.8499755859375,,,-0.007075847935867907,0.003644018181043318,-0.01432096861393617,0.00013401074247965106,-0.0069877546620493725,0.017257474253697724,-0.005913321232371649,-0.061497260915554075,0.003085317592137482,-0.0005199336636360075,0.005719185345991473,0.037809018722194,-0.012711202478567496,-0.025676905041446263,0.01011809995946611,0.06565316438782842,-0.011817240179850197,-0.00686737120047598,-0.015401129767120159,0.1254734335406109,0.007843389343266907,0.008499775138463395,0.0077342989085828285,-0.10012140463043338,,,0.7946656360471026,0.8592117843780926,0.868740991416912,0.6198488784805911,0.7536067824488369,0.6044123426146325,0.3680663313446063,0.6251895698256028,0.5150321189525904,
2024-12-31,23644.80078125,22834.0,50860.19921875,35188.25,56799.6484375,43337.80078125,8649.900390625,23412.25,6540.7001953125,1052.3499755859375,,,-4.212721278373799e-06,0.004763650844212597,0.002887793308664399,-0.003513059416526687,-0.0018164040459053288,0.013564259282973223,0.010221886336087005,-0.050186874490796396,0.0032012562170948833,0.01823054877215724,-0.014410451526118973,0.022338527862641344,0.0046517399335743725,-0.020252109680022,0.007361925141365466,0.07632631482162555,0.007307618729064824,0.007400721383638009,-0.002370005268864217,0.11130467503057884,0.007266443282671808,0.008496447089496208,0.007726253936468281,-0.10079189324202514,,,0.8029282512108542,0.8597273931521736,0.847193257911934,0.6434587813116255,0.7335164499100189,0.6015353005442632,0.36458398670404857,0.622608341070026,0.5180362512203285,
2025-01-01,23742.900390625,,,,,,,23459.75,,,,,0.004148887118253564,0.01232634369462704,0.0,-0.009106534408627076,0.0,0.009856254488338934,0.0,-0.0426841340498455,0.0,0.008617641179112123,0.0,0.04664117062545858,0.0,-0.038542122339368934,0.0020288524170040123,0.08891506857511433,0.0,0.0009105467405026157,0.0,0.10511942828662368,0.004465872254372246,0.008498876930541648,0.007738446792015305,-0.10030236296016666,,,0.816315026037922,0.8665629314851387,0.8453159873554302,0.6710008672404978,0.7557822763074541,0.6726311663687363,0.35478270375297843,0.6300029642446244,0.5158919792520715,
2025-01-02,24188.650390625,24016.19921875,51605.55078125,35715.8984375,57671.3515625,44351.75,8723.349609375,23553.400390625,6598.5,1051.6500244140625,,,0.018774033191665485,0.028494605975083465,0.05177363662739776,0.028112725818189688,0.014654908434279523,0.019338701692789284,0.01499501786818036,-0.02373431152772043,0.015346980993362846,0.022930720341962862,0.023396416072609894,0.062359310968303605,0.008491336944134842,-0.02208433622298378,0.003991960299022823,0.08197726628978419,0.008836944510761002,0.016083984332412538,-0.0006651315513979128,0.08832664565797366,0.00796566481627909,0.009128965047178025,0.007999281338830369,0.026638950304563445,,,0.8086424947680767,0.8795437635875683,0.862893354407048,0.7073151877111236,0.7854836085373089,0.692729447141981,0.3385076909536501,0.6261918548227463,0.4606648571929791,
2025-01-03,24004.75,24005.0,50988.80078125,35894.05078125,57817.0,43726.55078125,8729.9501953125,23263.5,6619.0,1045.0999755859375,,,-0.007602755327609123,0.02804507078916374,-0.00046631936419216924,0.03711670727326588,-0.011951233746430368,0.01222685934013068,0.0049880403838014065,0.0029268523752461473,0.002525490274701836,0.03812461393361999,-0.014096382188977907,0.04227965635116182,0.0007566572742203626,0.0014396269673464523,-0.012308218168803786,0.070073293958969,0.003106766689399132,0.04749245949361214,-0.006228354182537532,0.07156771113154736,0.008807819655343987,0.009142650978728104,0.007992583216416283,0.02939619977229289,,,0.7957469816154972,0.8805486200584914,0.841034288714493,0.6813356786215093,0.8118707101518183,0.6809420425721242,0.36376584420859664,0.6005201599286656,0.4924741930199679,
2025-01-06,23616.05078125,23482.19921875,49922.0,34731.1484375,56714.3984375,43674.8515625,8455.5,23073.05078125,6354.14990234375,1012.0499877929688,,,-0.016192595996625703,-0.012180372847148901,-0.02177882862945224,-0.003052563749725401,-0.02092225674862891,-0.023729128442854908,-0.032398191857394565,-0.04907392671841415,-0.019070542617223296,-0.004249751952063674,-0.001182330136411558,0.007909840225626574,-0.03143777331740849,-0.04416587762953039,-0.008186610731403254,0.050587261229197766,-0.040013611974051955,-0.023662638739243014,-0.0316237571189677,0.0057639630240682305,0.011126760264740767,0.008590566745496155,0.008163055437382332,-0.08182998550055137,,,0.8210706805231549,0.8928577179179741,0.8266856472369123,0.6483723080352464,0.7180670549171215,0.6927608129195387,0.3713329661567713,0.5948286793660471,0.4702346790209595,
2025-01-07,23707.900390625,23482.099609375,50202.1484375,35164.75,56719.55078125,43375.8515625,8560.5498046875,23228.55078125,6385.85009765625,1020.0999755859376,,,0.0038892874268343647,-0.02122046543461731,-4.241909970725821e-06,-0.009881310950617617,0.005611723037939109,-0.03841117775223868,0.012484515543166763,-0.04975544506296281,9.084719034224698e-05,-0.01113438786779819,-0.006846045019114122,-0.005554955532951711,0.01242384302377153,-0.036299695520938924,0.006739464211917845,0.04741387889543058,0.004988896359024775,-0.058009174423602206,0.007954140497075546,-0.00816725757322545,0.011199072285534482,0.008246768610239373,0.008174189616781846,-0.15109361011933967,,,0.8299258148554977,0.8888588059647617,0.8091139944488326,0.6344420197548686,0.7010868480757075,0.6984083330608547,0.34602022826221923,0.5444654086380937,0.42875854009386954,
2025-01-08,23688.94921875,23370.150390625,49835.05078125,35157.3984375,56967.6015625,43634.25,8503.2001953125,23011.099609375,6335.39990234375,1018.5,,,-0.0007993610384197103,-0.020895277077434993,-0.00476742798183627,-0.0018301631305257526,-0.007312389363316241,-0.045150057360872964,-0.00020906056491232228,-0.04261184826999764,0.004373285363395318,-0.01505316010598523,0.005957195725083908,-0.01024587712762437,-0.006699290429172833,-0.04637365740045585,-0.009361374883986584,0.04778078292371957,-0.007900309988644438,-0.0669445695319758,-0.0015684497835798394,-0.010348369199258411,0.0108377841363512,0.008246367532450732,0.008159774180713848,-0.1511744136448579,,,0.8392537645556661,0.8825231911547242,0.8123836314534977,0.645212172969404,0.7113450298553147,0.6993938786589666,0.3447970790950751,0.5441331169657173,0.4289000895239568,
2025-01-09,23526.5,23305.19921875,49503.5,34444.94921875,57495.6015625,43126.44921875,8398.849609375,22868.099609375,6255.2998046875,990.7000122070312,,,-0.006857594959147506,-0.030830214690151014,-0.002779236367304483,-0.009021016149729166,-0.006652963648122623,-0.05350295285154272,-0.020264560246587515,-0.07545229711321666,0.009268426009136466,-0.009185125707810271,-0.011637664936374525,-0.02026979478802815,-0.01227191922342652,-0.06548092881422085,-0.006214392290133763,0.047621011819446,-0.012643258340585106,-0.07792663203663863,-0.02729502974272824,-0.03336912029696115,0.01117583698953233,0.008285730480212418,0.008174789842459796,-0.14324411921316166,,,0.8354745074112236,0.883066224368971,0.8170102055920767,0.5922038318752587,0.7225114434435734,0.703279619986446,0.38230049371235364,0.5533707343894175,0.451910476808972,
2025-01-10,23431.5,23017.75,48734.1484375,33743.0,57117.69921875,44609.5,8262.9501953125,22380.849609375,6085.10009765625,963.2999877929688,,,-0.004037999702463213,-0.02018262755486444,-0.012334124074714459,-0.005055143256637473,-0.015541356924257843,-0.06112301227092942,-0.02037887221990431,-0.08751404268130047,-0.006572717451076793,-0.01019566500452962,0.03438842770772821,0.03818472727272737,-0.016180717643855203,-0.07829461113641978,-0.0213069738335514,0.030018041278581986,-0.027208880844321492,-0.11125553928232712,-0.027657236374734828,-0.06051591092837372,0.011015590841147678,0.007887925409271697,0.008177887854401293,-0.22338830348719485,,,0.8256374054844676,0.8794604566500929,0.8203715390347179,0.5918813599575303,0.535764005058236,0.7356170720746305,0.35638702339555983,0.6385713930911744,0.4825496961848546,
2025-01-13,23085.94921875,22382.25,48041.25,32623.099609375,56420.1484375,43999.1015625,7951.35009765625,21903.349609375,5897.25,901.0,,,-0.014747275302477436,-0.043311345423270975,-0.02760912773837587,-0.042206330657071356,-0.014217924385990233,-0.07711661073938814,-0.03318911746510389,-0.12963172168603243,-0.012212515398747237,-0.026293640236848992,-0.01368314904896939,0.019766528087608926,-0.03771051383475821,-0.1198416982891023,-0.021335204352563197,-0.015145979856646785,-0.03087050248008294,-0.1345201441944741,-0.06467350626226542,-0.11679657066370985,0.0071844871448078045,0.008072298144381708,0.008308126175328124,-0.18624347166586758,,,0.8416331417688917,0.890262922152822,0.8267238336282615,0.6186644025874284,0.5707586303051237,0.7520413362243744,0.38195746359356836,0.6952567216363705,0.5715658153551624,
2025-01-14,23176.05078125,22833.05078125,48729.1484375,33567.75,55627.19921875,43061.19921875,8267.5,22203.900390625,6144.75,908.2000122070312,,,0.003902874499386977,-0.04531214775879455,0.020140994817321678,-0.03248143361807232,0.014318912132802453,-0.06486118640733851,0.02895648794676564,-0.10710767042048108,-0.014054362505415918,-0.03953590105236804,-0.021316397618204252,-0.011155780679495741,0.039760531036979296,-0.09482565980733482,0.0137216812318679,-0.01097089721677369,0.041968714231209514,-0.09641343329203056,0.007991134525006993,-0.1360349558667956,0.008170904899288674,0.00801427105808811,0.008320439338737867,-0.19793395486107127,,,0.8337449420285492,0.8799651513203527,0.7856890276718597,0.5634873228015344,0.4877418816401087,0.68404341497991,0.3778909205646902,0.6646940989297797,0.5604187132789308,
2025-01-15,23213.19921875,22712.75,48751.69921875,33821.19921875,55549.8515625,43401.25,8280.9501953125,21972.69921875,6150.9501953125,920.8499755859376,,,0.0016028803979861728,-0.05086247383717424,-0.005268712551928845,-0.04377032946258963,0.00046277806965822066,-0.07484570921279232,0.007550378525519319,-0.11029741572734675,-0.0013904646887907823,-0.037084024136612936,0.007896918511780093,-0.008083639109754293,0.0016268757559720903,-0.10439905958496687,-0.010412637771182731,-0.021073079318682075,0.0010090232006998434,-0.11845930558043716,0.013928609567143146,-0.12682533955653486,0.006743714780034181,0.00785794767791641,0.008323522502791073,-0.22942779619696385,,,0.8281583451304368,0.8746315030635383,0.7761380410014463,0.587419937001825,0.4885140862909539,0.6718438205356683,0.3621531247711041,0.6463131034926867,0.5611617367671237,
2025-01-16,23311.80078125,22861.25,49278.69921875,34275.1015625,55240.0,43188.8515625,8422.0,21909.75,6307.60009765625,927.0499877929688,,,0.004247650725383689,-0.047232076673296985,0.0065381778956752346,-0.030645776797828983,0.010809879623586927,-0.07487199998005323,0.013420646051437446,-0.09171466401750894,-0.005577900818535597,-0.03545205341168978,-0.0048938322628956366,-0.01730173865310558,0.017033045889750964,-0.08755047546336492,-0.0028648832864505147,-0.022885103250940175,0.025467594008992123,-0.11588301508663013,0.006732923246358435,-0.13934923939935262,0.006800848246636934,0.007924485503897027,0.008260271797101476,-0.2160226885798747,,,0.8369080185273536,0.8911449930638199,0.7844170449661297,0.5781866902674645,0.4719096841162241,0.6786534090482378,0.35325370107646986,0.6656846626014655,0.574935801885436,
2025-01-17,23203.19921875,22791.099609375,48540.6015625,34686.1015625,55800.8515625,42032.19921875,8521.7001953125,22061.69921875,6294.0,939.25,,,-0.004658651792672774,-0.060918600479135554,-0.0030685282136803105,-0.0398188589446522,-0.01497802636740786,-0.09445175076948387,0.01199121173282447,-0.08442980206285866,0.010152997148805243,-0.03132265282857838,-0.026781271136051665,-0.06191524682841232,0.011838066410888137,-0.0819853819921359,0.0069352328871850055,-0.01788247393046727,-0.0021561445630174925,-0.11669973931562028,0.013160037072084796,-0.12583178120527239,0.006807392294563852,0.007640551125647705,0.008259315216076814,-0.2732258033575082,,,0.8459595386554116,0.8784526449268178,0.7608473835981012,0.5326102665385363,0.4189333597891229,0.6537155482905689,0.33931661548574316,0.6802710547984706,0.5690256450398222,
2025-01-20,23344.75,22671.80078125,49350.80078125,34970.55078125,55738.05078125,42192.80078125,8613.349609375,22182.400390625,6419.25,945.3499755859376,,,0.006100485537167577,-0.05401821633404391,-0.005234448103413447,-0.05377444804415643,0.016691165594781454,-0.07771889512609909,0.00820066845037215,-0.07589950904012144,-0.0011254448541822004,-0.0347436885174206,0.0038209174272365587,-0.05642828371279229,0.01075482731872146,-0.08340834706997491,0.005471073224152079,-0.01124815785221589,0.019899904671115243,-0.10286153523636488,0.006494517525619026,-0.1197039257897996,0.0073066284577463616,0.007784055975647692,0.008274579840884023,-0.24431445962973986,,,0.826042647078459,0.8734628504444174,0.7664487710812304,0.5227689095776097,0.42566016796749007,0.6729022643961018,0.3530200002664776,0.6958384589825731,0.575490896231705,
2025-01-21,23024.650390625,22303.19921875,48570.8984375,34308.5,55622.6484375,41697.94921875,8532.099609375,21882.900390625,6308.14990234375,906.4000244140624,,,-0.013711845677293555,-0.06476094111763275,-0.016258151086297468,-0.06190739931713474,-0.015803235842250185,-0.09056460087721352,-0.018931665829094335,-0.08970422924384203,-0.0020704409668523827,-0.014841377913276665,-0.01172834117046595,-0.06990655739761775,-0.0094330317106327,-0.09763363111763301,-0.013501694799746722,-0.01910427700860229,-0.017307333046111317,-0.1133825989641356,-0.04120162075186351,-0.15832481765683737,0.008733867223189971,0.008081427365850926,0.00837581866993451,-0.18440424421213686,,,0.833217062107929,0.8809098417772804,0.7780423858029787,0.565800694422124,0.44442552991736045,0.6727180383064445,0.3961807703296937,0.7028223824819002,0.6148695005814429,
2025-01-22,23155.349609375,22274.349609375,48724.3984375,33805.19921875,55596.05078125,42590.69921875,8470.25,22034.94921875,6244.60009765625,865.0499877929688,,,0.0056764909144164655,-0.05911004348610749,-0.0012935188845349943,-0.06280548586417811,0.003160328611123475,-0.09058434483038691,-0.01466985677747501,-0.09736183112410757,-0.0004781803275671903,-0.016525651642262273,0.0214099258291236,-0.05772268167965533,-0.0072490491446021155,-0.10607520047392716,0.006948294120560972,-0.01150665429972364,-0.010074238195241447,-0.1269529219359603,-0.04562007447851091,-0.20808348319964476,0.0072292692439040115,0.008203020439837406,0.008138765476163785,-0.15990737768156735,,,0.8218598022287527,0.8831344930256388,0.7345301397038324,0.5563591670965907,0.47014011289130686,0.6525916072120128,0.41104154374895713,0.6790733270864832,0.5098753655799204,
2025-01-23,23205.349609375,22518.94921875,48589.0,33866.6015625,55781.80078125,43351.75,8515.5498046875,22343.30078125,6238.64990234375,873.7000122070312,,,0.0021593282262408753,-0.05829327104080795,0.010981223410090113,-0.05588247504718047,-0.002778863194661696,-0.08994624451262223,0.0018163579913454964,-0.09226362795524601,0.0033410646509921538,-0.017351691242838974,0.017868943107535395,-0.04407025510586415,0.005348107161831095,-0.10208100742457882,0.013993749631046049,0.0018249519153763494,-0.0009528545014008127,-0.1199596456187173,0.009999450362552675,-0.20162650733442533,0.007119739092489469,0.00821655253867988,0.008145461459818601,-0.15718112026941058,,,0.8216102995621983,0.882718027981212,0.7383970458671513,0.556855290033571,0.4738430335430988,0.6547937778918077,0.41990407109444733,0.6855512221733727,0.5130509977569029,
2025-01-24,23092.19921875,22171.05078125,48367.80078125,33263.55078125,56069.3515625,43524.1015625,8438.7998046875,21872.400390625,6152.9501953125,853.5499877929688,,,-0.004876047658393667,-0.05933104589458427,-0.015449141703749114,-0.0629429868102176,-0.004552454645084247,-0.09111183682265767,-0.017806651787516503,-0.10159091415026633,0.005154921089364661,-0.001377599348247549,0.0039756540970088405,-0.0476470094503908,-0.009012923623293423,-0.11242935450684965,-0.02107568596221776,-0.016055403367704613,-0.013736899549220416,-0.12519988253841974,-0.023062863834878544,-0.21681882193549296,0.007325479449960289,0.00822733351481243,0.00815297625757002,-0.15500912046111806,,,0.8190541570798862,0.8828305964273748,0.7358754499391547,0.5504568097237875,0.4757419604217492,0.661884554142351,0.4140237551628747,0.6866622401707521,0.5179617002715319,
2025-01-27,22829.150390625,21970.44921875,48064.6484375,32417.55078125,55654.5,42060.69921875,8189.7998046875,21292.30078125,6093.39990234375,844.5999755859375,,,-0.011391241935562957,-0.07829161991172873,-0.009047905057781414,-0.07582731828179945,-0.006267647874275917,-0.10300038935799527,-0.025433243900013003,-0.12842455376998785,-0.007398900663896035,-0.0213629556647269,-0.03362280417548824,-0.08555349609445495,-0.02950656559735998,-0.13237210660260057,-0.026521991140197154,-0.03904116888416065,-0.009678331707303145,-0.13209319851629486,-0.01048563333727337,-0.2216027486491321,0.007917633575047487,0.008131303373918783,0.008221657034846392,-0.17435592589384402,,,0.823689098832922,0.8703811482767294,0.7500528888449393,0.5295880790735978,0.49938680529465374,0.7103498959006846,0.47625299917576136,0.6983426214962909,0.5206035897159125,
2025-01-28,22957.25,22264.150390625,48866.8515625,31966.099609375,55441.94921875,41820.6484375,8157.4501953125,20796.599609375,6197.5498046875,862.9000244140625,,,0.005611229817278129,-0.0693604126762134,0.013368009408945003,-0.06415794579243816,0.016690086187629793,-0.08798770211126106,-0.013926134485647612,-0.135349106912952,-0.0038191122236297392,-0.022139541587530176,-0.005707246567669744,-0.08395730005556445,-0.003949987807575495,-0.12733543416196413,-0.02328077068644052,-0.06555448509071038,0.017092248008158784,-0.121724678709346,0.02166711976924862,-0.22862378261150917,0.008481278855435755,0.008265533488609518,0.008252389214348043,-0.147313125706659,,,0.8322011672739249,0.8705945460239884,0.7120020611131549,0.504309084982031,0.48337605464451544,0.6992311505961887,0.39138349737057065,0.7176277278088777,0.586709680138037,
2025-01-29,23163.099609375,22586.349609375,49165.94921875,32607.849609375,55163.05078125,42914.5,8308.650390625,21163.900390625,6245.0,888.0,,,0.008966649288351114,-0.04819610415125741,0.014471660184512292,-0.03550509202985108,0.006120665577717066,-0.06944005670978137,0.020075955710648685,-0.10357409100544646,-0.005030458730799436,-0.023100006385039173,0.02615577719065576,-0.055032892020588475,0.018535227515012354,-0.09638984288781982,0.017661578726765548,-0.041253405319509384,0.007656283016331811,-0.09859193047736903,0.029087930091300285,-0.20544021170505344,0.008964246987292524,0.008240711362111474,0.008315874385131266,-0.15231393948569957,,,0.8349096667965799,0.8668033900195875,0.7258086225538859,0.45744105893648485,0.5305364511852476,0.7114025854948552,0.42362875770214875,0.71309397677292,0.6529142293985809,
2025-01-30,23249.5,22495.69921875,49311.94921875,33026.05078125,55558.94921875,42426.6484375,8299.75,21419.650390625,6232.4501953125,903.7999877929688,,,0.003730087599762788,-0.03923118762667166,-0.004013503385574713,-0.032078772925294485,0.0029695348573544056,-0.054231413967548825,0.012825168690509647,-0.08214569409600625,0.007176877128676873,-0.016095040889245738,-0.011367988966433207,-0.0680961458699596,-0.0010712197777683619,-0.08491277273795172,0.012084256459328646,-0.04010389451249663,-0.002009576411128866,-0.08278206371373276,0.017792779046136076,-0.1875225027354438,0.007097965772627948,0.008260416824134992,0.008160877571829648,-0.14834395947543177,,,0.8232383375672578,0.869515296192876,0.7276990232187526,0.4716607529152565,0.5190940496176155,0.7059897452268831,0.45962256562066284,0.7070467410672614,0.6633645116724068,
2025-01-31,23508.400390625,22867.599609375,49587.19921875,33895.6015625,56691.94921875,42662.75,8399.7001953125,21438.599609375,6317.2998046875,921.3499755859376,,,0.011135740150325812,-0.018508032523136153,0.01653206628558679,-0.008812000303751177,0.00558181139380598,-0.03855497899439231,0.02632923890929373,-0.0486299530776787,0.020392754289485948,0.009509807099429946,0.005564935510939728,-0.050972973794943255,0.01204255493388362,-0.06432963367593669,0.0008846651744742751,-0.05548093698438006,0.013614165651707255,-0.06475496735273889,0.01941799959062296,-0.16487652337553804,0.007899430609827908,0.008384742069573344,0.008231325786504845,-0.12329665337457407,,,0.8348237780488709,0.8612204627717336,0.7499303980545167,0.5146181855309492,0.5112300256358714,0.7149503273192307,0.5354085527190007,0.7249726210980921,0.6918099506078325,
2025-02-01,23482.150390625,,,,,,,,,,,,-0.0011166221250199504,-0.00446633214096448,0.0,0.012736918041408307,0.0,-0.02308941074797477,0.0,-0.029074262675848117,0.0,0.019624689252100813,0.0,-0.025320406101028703,0.0,-0.04692364390973813,0.0,-0.04725167123848417,0.0,-0.039296254839781386,0.0,-0.13088388189360167,0.007998031935451563,0.007919457294001087,0.008230474978189945,-0.21703570176121942,,,0.8217561167663437,0.8501030378541985,0.7371420788217005,0.47827852720158104,0.45932777849408496,0.702956782041693,0.5334604078774292,0.6995503965577482,0.6601782158906186,
2025-02-03,23361.05078125,23327.0,49210.55078125,32177.400390625,57419.55078125,42314.25,8155.14990234375,21361.599609375,6117.60009765625,949.7000122070312,,,-0.005157091976693451,-0.01651964032197295,0.020089576451944646,0.03410136205960268,-0.007595678792795768,-0.04105902686593432,-0.05069097737376971,-0.08451037717563714,0.01283430138717745,0.022882316522799817,-0.008168718612841408,-0.03454616723015158,-0.029114169230137876,-0.08280478394129509,-0.0035916525054335846,-0.05362610529303302,-0.03161156082588812,-0.07957570184965768,0.030770106227076433,-0.11709199958010497,0.00803728752133041,0.007852213468340632,0.008232921246418928,-0.23058304428824697,,,0.7833344718888684,0.8473127368769423,0.6938982438109871,0.4098610589176492,0.4670385258515661,0.6941402233361041,0.5301624485816441,0.6886163217427915,0.5856722129430839,
2025-02-04,23739.25,23535.05078125,50157.94921875,32896.69921875,57274.69921875,42860.19921875,8301.4501953125,21733.94921875,6264.9501953125,954.9500122070312,,,0.016189306820631133,0.0004888646445828648,0.008918882893213853,0.03744674344438348,0.01925193728701302,-0.02098356101048149,0.02235416221922537,-0.06237004894482112,-0.0025226871427789233,0.014801714867763494,0.012902254411929714,-0.01851888295069848,0.0179396203283404,-0.05853627256036009,0.017430792458612787,-0.036568766987323253,0.024086258549770534,-0.05213662345514203,0.00552806142204787,-0.11146777184737733,0.007285067824545333,0.008422414926072343,0.008377392904029262,-0.11570685481759461,,,0.7627123597674025,0.8665676199009246,0.7146734506745304,0.3598037471106385,0.4883637701376101,0.7119783356652633,0.5737789750536973,0.7156219460835535,0.5728603515498129,
2025-02-05,23696.30078125,23517.099609375,50343.05078125,33345.44921875,56383.75,42888.30078125,8427.099609375,21868.5,6329.35009765625,937.2999877929688,,,-0.001809207062143936,-0.0022693888587447253,-0.0007627420073085256,0.0280205109675824,0.003690373418034465,-0.016174264767457647,0.013641186217984602,-0.051596266794950885,-0.01555572060443633,0.0022352376550891506,0.0006556563667978743,-0.017770812936212077,0.015135839052970335,-0.04294601409670362,0.006190811430346166,-0.037162306839916615,0.010279395739160702,-0.04536847720157389,-0.01848266839985757,-0.12991414454122185,0.007808127295763365,0.008427317093851486,0.008377679649327846,-0.11471923483350356,,,0.7641033409326291,0.861084324475417,0.7003511296574239,0.35504056130845935,0.48739435124091146,0.6924030845153063,0.5674332518370298,0.7049974112312325,0.572924281809687,
2025-02-06,23603.349609375,23298.849609375,50382.1015625,33059.75,55841.80078125,43020.94921875,8363.650390625,22009.05078125,6283.14990234375,916.7999877929688,,,-0.003922602634608197,-0.008820696658369487,-0.00928048116584046,0.008649655348053509,0.0007756935792326836,-0.01810905598966117,-0.008567862345346788,-0.05649778608588596,-0.009611798057951093,-0.010673349699039325,0.0030928816270099357,-0.016020741416844064,-0.007529188177556878,-0.04094279091023212,0.00642708833481942,-0.04343200816619308,-0.007299358480676865,-0.04379156649416671,-0.021871332835787904,-0.14425723742462682,0.008110418258661475,0.008440227746530535,0.008268512212574778,-0.11211817767512974,,,0.7651879982230296,0.8555758975657611,0.704349471480393,0.36042574791897597,0.48151318423694184,0.7038164282987999,0.5530386006580579,0.7145786137265455,0.5784594365111697,
2025-02-07,23559.94921875,23459.94921875,50158.8515625,32817.30078125,55113.30078125,42921.6484375,8585.7998046875,22077.0,6196.75,917.7000122070312,,,-0.0018387386257991967,-0.0035927904314065895,0.006914487714027695,0.0303799905021247,-0.004431137111719163,-0.015581071433828364,-0.007333667639652486,-0.05784585764585859,-0.013045782725628174,-0.026583190231201037,-0.0023081959615787184,-0.023874600448746452,0.026561298438719128,-0.0027932897528561984,0.003087330727042925,-0.05009005023669544,-0.013751049025827133,-0.04566280368074538,0.000981702035390608,-0.13001845433301884,0.008266601052086178,0.008348068870507869,0.008268906115008362,-0.13068505497757857,,,0.7533423375402075,0.8537563388211721,0.7075961976060566,0.37443144823481506,0.5003918811585668,0.6577716233134455,0.5896323126732633,0.7090967746953138,0.5713269604781778,
2025-02-10,23381.599609375,23112.650390625,49981.0,32109.900390625,54856.6484375,42596.55078125,8359.25,21665.650390625,6133.64990234375,890.2999877929688,,,-0.007570033692307909,-0.011131460751562572,-0.014803903660943418,0.012203310441665893,-0.0035457662398508116,-0.017286586215845556,-0.021555715241186713,-0.0874823160962821,-0.004656813148765648,-0.03420795820836808,-0.007574211804175834,-0.01710400589410388,-0.026386569666324244,-0.03360158816857761,-0.018632495781809144,-0.0746019545056541,-0.010182772849679278,-0.06223344302808276,-0.029857278031593992,-0.1539886839477912,0.007803657647881289,0.00845904715198164,0.008015326015312657,-0.10832670791122158,,,0.7607104574212135,0.8502249260939554,0.7204228754854921,0.3812873967273078,0.5133658938789046,0.6694303009316762,0.6084713594573956,0.7137123535335511,0.58475207077088,
2025-02-11,23071.80078125,22573.900390625,49403.3984375,31436.75,53794.25,41968.30078125,8213.5498046875,21249.5,6001.7001953125,863.0,,,-0.013249684936046169,-0.02826527502259102,-0.02330974556767096,-0.011390891187483598,-0.011556422690622403,-0.028643237809279687,-0.02096395138060092,-0.10661229245557824,-0.019366812733928263,-0.0529122718216648,-0.014748846760534895,-0.03160058829271539,-0.017429816707539514,-0.05044573535325669,-0.01920784205052406,-0.09421455897867625,-0.021512428836349184,-0.08240707935004932,-0.03066380789316281,-0.17993061241865793,0.00913369837798396,0.008732777930838601,0.008072557683685864,-0.0531792711771735,,,0.7822905491776667,0.8577463339985427,0.7298549616063229,0.43563153719558834,0.5343336746560344,0.682139365472392,0.6296978045860444,0.7278597507001969,0.603834561391939,
2025-02-12,23045.25,22407.44921875,49479.44921875,31317.30078125,53739.0,41733.0,8268.400390625,21142.05078125,6052.35009765625,839.3499755859375,,,-0.0011507892904301098,-0.0472701193394468,-0.007373611515718692,-0.06698603660582614,0.0015393835981993842,-0.0411990867322064,-0.0037996681829387535,-0.12315517314921243,-0.001027061442440358,-0.06818552809948286,-0.005606631120865457,-0.059045020771446466,0.006678060916632811,-0.052153042021962026,-0.005056552801242398,-0.10237798234580153,0.008439258992528398,-0.08276879629366518,-0.027404431534255536,-0.20187328854616837,0.009063217818164307,0.007901566761807642,0.008028800849163478,-0.2206400351737657,,,0.7265228286782228,0.8521490580178503,0.7355055720623003,0.3465042931309966,0.47168588424418395,0.7076995982922312,0.6506599628284034,0.7505609464340455,0.636928963444436,
2025-02-13,23031.400390625,22344.30078125,49359.8515625,31286.80078125,53314.75,41315.55078125,8336.349609375,21427.099609375,5997.85009765625,846.1500244140625,,,-0.0006009745771905495,-0.040548208557681265,-0.002818189472774013,-0.06918138799208495,-0.0024171177759326756,-0.0319471961252521,-0.0009739025790581612,-0.12835692544366417,-0.007894638902845252,-0.07787069547019043,-0.010002856702130192,-0.055138124478682604,0.008217940053682371,-0.04508623498778286,0.013482553375465223,-0.07893912741526421,-0.00900476659820204,-0.09384346613442363,0.008101565527988575,-0.1903645161414661,0.0045969977773185075,0.007820607559070233,0.007964077597501082,-0.2369505594401408,,,0.7379911836871539,0.8480808672818387,0.759057634037855,0.3621131473143583,0.45521279819960103,0.7171013284043696,0.6314868574038465,0.7658405351315962,0.6424032892201436,
2025-02-14,22929.25,22069.30078125,49099.44921875,30572.30078125,53138.55078125,41311.1484375,8187.5,20811.55078125,5872.4501953125,831.4500122070312,,,-0.004435266153706374,-0.02908194886654325,-0.012307388926251939,-0.06016891451852746,-0.005275590090060844,-0.016476719307119136,-0.02283710645251391,-0.11974402930366679,-0.003304886898091053,-0.06305008524758715,-0.00010655415858562556,-0.05412046155709249,-0.017855490274496733,-0.031695346224350995,-0.02872758513035889,-0.09801478016239518,-0.02090747522895775,-0.07580867849113437,-0.017372820165325487,-0.17844965936888302,0.004464524490354723,0.007330345573062491,0.007972790133977902,-0.3357216657416313,,,0.7117112470564225,0.8268064160440671,0.7377516847614594,0.2770399905455216,0.4866202381658832,0.6857802397153592,0.6382481840885705,0.7298269810739603,0.628279683796838,
2025-02-17,22959.5,21951.849609375,49258.8984375,30737.55078125,52945.0,41073.19921875,8250.2001953125,21076.0,5904.39990234375,831.5499877929688,,,0.0013192755977626813,-0.031567552515993635,-0.0053219253767562424,-0.06516665994334947,0.0032474746924271436,-0.01878903651253716,0.005405219619628587,-0.12589878269431742,-0.0036423797488713827,-0.06654761416935917,-0.005759927471152171,-0.053086043519678716,0.007658039122137472,-0.036253466944969115,0.012706848304079976,-0.09266832018584348,0.005440609280390918,-0.07539328170092863,0.00012024244929897954,-0.18483481257282375,0.005018238731521731,0.007286639258359308,0.007974560486070498,-0.34452700080492604,,,0.7086181027666058,0.8249264980250695,0.733981070607818,0.2710787982921663,0.4949324206910326,0.6817382677283782,0.6298919411418099,0.7290180826485032,0.624211849223397,
2025-02-18,22945.30078125,21818.900390625,49087.30078125,30849.05078125,52480.5,41464.3515625,8255.599609375,20969.19921875,5872.60009765625,832.0499877929688,,,-0.0006184463402948426,-0.031392208689079215,-0.006056401675293088,-0.06637740767908318,-0.003483586959779905,-0.015004499609767352,0.003627484856991714,-0.12254455243350937,-0.008773255264897584,-0.07876585005210612,0.009523298676267666,-0.04972924795315603,0.0006544585506624845,-0.029118517763934704,-0.005067412281742234,-0.08873545485818957,-0.0053857809791774125,-0.07304981718932846,0.0006012867624796137,-0.18306334040945627,0.005123186754365615,0.00728692267937415,0.007974471840828608,-0.3444699011154049,,,0.7075207855065022,0.8308589391532631,0.7329466659206628,0.26918710969271414,0.49324006754081484,0.6833824688584246,0.6319632639519488,0.7298812995379701,0.6240480330910131,
2025-02-19,22932.900390625,21809.150390625,49570.1015625,31198.5,52360.44921875,40924.25,8359.2001953125,20820.0,5950.89990234375,845.9500122070312,,,-0.0005404326900405598,-0.025231105747773763,-0.00044686028284857127,-0.06419377985498476,0.009835553667974617,0.0013453909824558963,0.011327713816153828,-0.09425037029762273,-0.0022875312020654848,-0.0893138293051493,-0.013025684525317938,-0.05106377312863852,0.012549129177710006,-0.004720814862340439,-0.007115160535867804,-0.08956142593219074,0.01333307281024454,-0.04866271990922699,0.01670575640645411,-0.1461088101508481,0.004937001528718946,0.007203720933755447,0.007934840139360173,-0.36123222145742034,,,0.714340132348423,0.8143216832228368,0.7199464067401794,0.32248893911497284,0.4772864239619888,0.6727734945708206,0.6320426403558371,0.7177856039363647,0.6064775524594985,
2025-02-20,22913.150390625,22074.900390625,49334.55078125,31769.650390625,52337.30078125,40865.94921875,8523.0,20785.75,6051.85009765625,855.4000244140625,,,-0.0008612081186238907,-0.02212191320978174,0.012185252301907035,-0.04096184941512526,-0.004751872072584096,0.01231995147139986,0.01830698240700679,-0.05848174760320657,-0.000442097763586613,-0.08369382000475856,-0.001424602314031409,-0.08391824120983193,0.019595152749105393,0.03147178653394578,-0.001645052833813665,-0.07127073534808248,0.016963853697613107,-0.0054641664831128756,0.011170887251809036,-0.11201075962444207,0.0017193168684110898,0.007178186497571527,0.007932460956121521,-0.36637654139788334,,,0.6963119707863521,0.8267681613845641,0.703575512172191,0.3173607191693381,0.5814315207280294,0.6571621390337804,0.6324582570592948,0.7117404716057925,0.5985326265698798,
2025-02-21,22795.900390625,21505.900390625,48981.19921875,31592.0,52098.1484375,40544.55078125,8609.7001953125,20385.650390625,5970.60009765625,844.5,,,-0.005117148798882476,-0.012563868410895851,-0.02577588074832937,-0.039153776290363984,-0.007162354919714731,0.01956546132230108,-0.005591827056347531,-0.0316064267871925,-0.004569443593386069,-0.07660383958024752,-0.007864700163444094,-0.07851412093819388,0.01017249739675008,0.08279727210732513,-0.019248745384458088,-0.0692907361575601,-0.013425646486430076,0.012438017322692785,-0.012742604749782283,-0.06270810210876798,0.0023289537403786546,0.006730662532963742,0.007940333503994111,-0.4565373907851373,,,0.640694325392455,0.8115618404971614,0.6666168117922335,0.2679084198023431,0.5744405542167004,0.578141561963326,0.6078399246779317,0.6777681528513841,0.5215288299131933,
2025-02-24,22553.349609375,21552.5,48651.94921875,31240.80078125,52285.80078125,39446.6015625,8422.7998046875,20389.69921875,5953.2001953125,837.6500244140625,,,-0.010640105330068539,-0.026868303739599142,0.002166829034291995,-0.05608320997129124,-0.006721966902638932,-0.00158425134083795,-0.01111671368542666,-0.06932097679320182,0.0036019004394201026,-0.06006770940165773,-0.02708006865518786,-0.08394094270082719,-0.021708118329922477,0.01878437311006964,0.00019861167279033864,-0.08170641823996827,-0.0029142635680089457,-0.03117292073518041,-0.008111279557060369,-0.07768111301994385,0.004079700429527897,0.006930848808631097,0.007962275223931541,-0.41620666868479567,,,0.5993936584404311,0.8179801434846548,0.6652716676367203,0.2634439934767731,0.6656744673481457,0.6164877951850023,0.5672206525948917,0.6917326963153784,0.5109464882517097,
2025-02-25,22547.55078125,21662.650390625,48608.3515625,31018.30078125,52453.3515625,39131.30078125,8293.4501953125,20249.150390625,5880.75,826.6500244140625,,,-0.00025711604818956513,-0.028675428631239064,0.005110794136411023,-0.04623392629140022,-0.0008961132482888656,-0.002940362255001494,-0.007122096567176994,-0.08287401104175252,0.0032045178374715544,-0.055742723209909584,-0.007993103810233992,-0.09838309308487658,-0.015357079875389368,0.001509488610023979,-0.0068931290558594815,-0.07844046882752764,-0.012169957826976274,-0.043928204055109,-0.013131975979699284,-0.10229674069539463,0.004137349650674553,0.006916136830466339,0.007943327365805797,-0.41917063162846474,,,0.6038997344931808,0.8185802071720377,0.6615639682415299,0.2634003231099686,0.6617695692111806,0.6027678690262427,0.5768596756513681,0.6822814993769514,0.5038169606259563,
2025-02-27,22545.05078125,21335.349609375,48743.80078125,30659.25,52055.1484375,38946.6484375,8334.7998046875,20201.25,5816.85009765625,809.3499755859375,,,-0.00011087678764998277,-0.032891066940513136,-0.015108990605860795,-0.06674614864125983,0.002786542114596058,-0.010854556755355182,-0.011575449725055198,-0.1054949919231184,-0.00759156685203477,-0.05765480743120932,-0.004718788797291373,-0.09822449478335793,0.0049858151193058475,-0.010353858384291148,-0.0023655506379752778,-0.07797898196008624,-0.010865944368277813,-0.07780296664373998,-0.020927899736514766,-0.1269618831312863,0.003955070881814356,0.006848719164119336,0.007941376260136466,-0.43275299713793963,,,0.5777009825338243,0.8158115144364284,0.6481105664658786,0.27341235179678536,0.6709040289470719,0.5924801745726571,0.5831017134980738,0.6743068302697794,0.4875064738559098,
2025-02-28,22124.69921875,20498.599609375,48344.69921875,30018.150390625,50689.0,37318.30078125,8219.25,19813.5,5652.10009765625,797.9000244140625,,,-0.018644959666695105,-0.04648065940529822,-0.03921894955179561,-0.10058751176081882,-0.008187739899296442,-0.00403584499252152,-0.020910479198773646,-0.13457699082913477,-0.02624425207701142,-0.09160884501510602,-0.04180969920590483,-0.11214969773452144,-0.013863536904931362,-0.03549176671092791,-0.019194356784852373,-0.10190507977006957,-0.02832288906093383,-0.10198600291448201,-0.014147095221181294,-0.1504923881670881,0.007085537780967153,0.007540973100226936,0.008067112821481242,-0.2932873867860302,,,0.667187630712895,0.8200601294546637,0.6797815979230947,0.45659411032408637,0.7457176767541881,0.6173761377993843,0.6262568930562077,0.7183370605924222,0.49713043903406046,
2025-03-03,22119.30078125,20538.150390625,48114.30078125,30007.05078125,50786.6484375,37614.44921875,8316.2998046875,19879.80078125,5631.25,807.9500122070312,,,-0.00024400049223838316,-0.052493567879287606,0.0019294382057157833,-0.0941103184176516,-0.004765743529761002,-0.025055317855547043,-0.00036976326757520717,-0.14193370962464957,0.0019264226459390077,-0.08883343199751126,0.007935742820551761,-0.10851025477632115,0.011807622920278593,-0.03448714125851604,0.0033462427763897296,-0.10380299556526595,-0.0036889116073680617,-0.12275577364956969,0.012595547669457696,-0.14534295967347377,0.007118608957829143,0.007406562505585781,0.008067480450079679,-0.32036654754139515,,,0.685429748188836,0.8160991239030055,0.6723207935905948,0.4585129915242747,0.7407936658273154,0.6052951239216338,0.6191057867661824,0.7056695151386897,0.48759696394181196,
2025-03-04,22082.650390625,20269.19921875,48245.19921875,30239.150390625,50524.25,37276.94921875,8347.75,19820.650390625,5718.89990234375,808.75,,,-0.0016569416451024388,-0.040912673331342186,-0.013095199263793877,-0.09119767886438657,0.0027205723740042487,-0.0067056453396492355,0.0077348357580022675,-0.11861053702070912,-0.005166681511242444,-0.09166047609596983,-0.008972615763618963,-0.10602439886928638,0.0037817534301460842,-0.02160659366569495,-0.002975401578510173,-0.09424024983833967,0.015564910516093322,-0.09341090638652516,0.0009901451585889731,-0.10773391635463347,0.0070451462976051605,0.007054956525590335,0.008067603619989322,-0.3912031871698681,,,0.6671770200752137,0.7918024058411403,0.6573985650253714,0.487964695138767,0.7473122414712072,0.6046608318635457,0.6117266717873413,0.6707673139212469,0.42896753583184405,
2025-03-05,22337.30078125,20796.75,48489.94921875,31099.44921875,51279.1015625,38072.30078125,8685.2001953125,20126.80078125,5890.4501953125,827.5499877929688,,,0.011531695069225467,-0.035328718500272305,0.026027213781686598,-0.06633637503620293,0.005073043618086581,-0.004811741679083714,0.028449834635291715,-0.08003946323437905,0.014940381351529197,-0.07764848686349335,0.02133628365971396,-0.10608885320931372,0.04042408976221146,0.02537707804521716,0.015446031517200254,-0.08659645268782001,0.029997079140770433,-0.05671298350660936,0.02324573451989953,-0.04335009598193862,0.009481907007259916,0.007332090980907749,0.008131507932639977,-0.33537002545797945,,,0.7132304565777737,0.7868947666299096,0.729721953361003,0.5448386495434608,0.7664124974055677,0.681326048080881,0.6325648997493063,0.7402391264203284,0.6004867276962089,
2025-03-06,22544.69921875,20959.69921875,48627.69921875,31729.849609375,51890.30078125,38145.30078125,8888.650390625,20423.349609375,5929.14990234375,826.1500244140625,,,0.009284847776867,-0.028469745198671625,0.00783532132424547,-0.06924168551797782,0.002840794890887066,0.0007964604900285721,0.020270468013463327,-0.06309319077031317,0.011919070344964089,-0.06976289659885015,0.0019174044778493826,-0.12009778656570957,0.023424928699087966,0.04381403367896719,0.014734027098895153,-0.08592961222122475,0.006569906500872635,-0.04961009270350725,-0.0016916964528509437,-0.05442370050202239,0.00974427139957443,0.007555736862265789,0.008164522422974406,-0.2903129911539643,,,0.7158371134739199,0.7883991593652109,0.7448602172937073,0.5723291808346069,0.7687505124939136,0.6995123126843875,0.6546512012215374,0.7394966292555986,0.576961452288947,
2025-03-07,22552.5,21009.69921875,48497.5,31788.44921875,51891.80078125,37820.44921875,8926.900390625,20378.30078125,5931.39990234375,816.3499755859375,,,0.00034601398645017767,-0.02337149500736091,0.0023855304161650714,-0.05238143983153709,-0.002677470265749271,0.002681519867661075,0.0018468290929964937,-0.04434588394367944,2.89071363515081e-05,-0.07450685026370107,-0.008516162039536979,-0.1310458375702399,0.00430324046048014,0.05784004802038023,-0.002205751210581086,-0.06830981431811223,0.00037948104484764045,-0.03600716500802059,-0.011862311370232748,-0.043582699008899994,0.009744428981558305,0.007521881947409787,0.00813992824485681,-0.29713360439648734,,,0.7131285246833428,0.7814264767625456,0.7425263087319536,0.595852518500982,0.7852214891621517,0.6963903592814348,0.6534909242195597,0.736697447733144,0.5651671195727478,
2025-03-10,22460.30078125,20752.80078125,48216.80078125,31302.19921875,52006.3984375,37644.3984375,8850.2998046875,20256.55078125,5821.14990234375,799.7000122070312,,,-0.004088203913091726,-0.016156957357750468,-0.012227611391539162,-0.055422100175395395,-0.0057879111036651665,0.0031655769613678775,-0.015296436660181323,-0.03440579364018792,0.0022083962114378686,-0.06554908520425118,-0.004654909840751453,-0.10499827305013709,-0.008580871588748318,0.08064910202346542,-0.005974492245792273,-0.04864434382366423,-0.018587517586941882,-0.04467948999954563,-0.0203956193750795,-0.053161217945521644,0.009872009037582105,0.0072802695894496556,0.008134426971549778,-0.3458102723269621,,,0.7192254725833481,0.7763197891473876,0.7266167788704869,0.5823925118665219,0.7657696045911856,0.671717221225165,0.6229073771712641,0.7389170666311617,0.5669693063006433,
2025-03-11,22497.900390625,20682.650390625,47853.94921875,31462.650390625,51951.44921875,37400.1015625,8897.2998046875,20332.099609375,5822.2001953125,828.7000122070312,,,0.0016740474556060647,-0.020008912625641084,-0.003380285454692933,-0.07103347633988044,-0.007525417626652264,-0.02072780036697297,0.005125875365935562,-0.0157494728760198,-0.0010565857356193975,-0.06295774317436054,-0.0064895943391312105,-0.10570249482397209,0.005310554561677838,0.09069618467301677,0.003729599818885765,-0.022335382164621054,0.0001804270610394898,-0.06056419410959879,0.03626359829602244,-0.039633806048683495,0.005789082134590218,0.0072010409620513575,0.008123154421883503,-0.36177214455491596,,,0.7084062530284075,0.7682988190585978,0.7663882694320824,0.5951804653661268,0.7762846596865454,0.6947221239712351,0.7233629911295018,0.7309843290345743,0.5331286003828278,
2025-03-12,22470.5,20783.69921875,48056.6484375,31535.30078125,51957.25,36310.6484375,8854.2998046875,20424.0,5759.2001953125,815.0499877929688,,,-0.0012179087892316698,-0.029900989982129977,0.004885680810560178,-0.07981149773209772,0.004235788729231471,-0.0225623790220032,0.002309099510785284,-0.03289235079815367,0.00011165773693000425,-0.05811500154265681,-0.029129683596698097,-0.15388392180964472,-0.004832926949066674,0.06567244840126851,0.0045199655908938485,-0.034960492960586564,-0.01082065162422996,-0.07779020091072864,-0.01647161121394114,-0.08215091464755775,0.005874479597549415,0.006968430938812963,0.008106652259289415,-0.4086351483932531,,,0.6865128440059534,0.7476848325560355,0.7523266289883919,0.6299012308749163,0.7159635322167998,0.6806938355139698,0.6985585699362723,0.7259077869284349,0.49091275067730666,
2025-03-13,22397.19921875,20554.05078125,48060.3984375,31483.0,51879.25,36122.5,8777.650390625,20386.849609375,5783.85009765625,800.1500244140625,,,-0.003262089461738671,-0.036658886481429676,-0.011049449623136476,-0.08631198428727438,7.80329074525632e-05,-0.02538027397169118,-0.0016584836660602509,-0.046722231231051126,-0.001501234187721634,-0.06623054018286179,-0.005181632540213421,-0.14858935762476821,-0.008656744830564889,0.05758009465646552,-0.0018189576295044585,-0.04821744344165568,0.004280091246665174,-0.07197812795899239,-0.018281042392569224,-0.11468241289979864,0.006080907152717522,0.0069219654071561885,0.008011754236179036,-0.4179963717750596,,,0.6954947485237333,0.7412055901684329,0.7466033215289262,0.6203081310371187,0.7352632679531075,0.6923481737675263,0.691999537269933,0.7226522071627852,0.4806536546046276,
2025-03-17,22508.75,20741.150390625,48354.1484375,31660.150390625,51773.1484375,36137.19921875,8845.25,20703.94921875,5770.25,797.0999755859375,,,0.004980568336268254,-0.04252311403644693,0.00910280953210818,-0.09298961216192636,0.006112100805448106,-0.02486631228778402,0.005626858641965438,-0.0659510694257206,-0.002045163769715197,-0.08676365602231195,0.0004069269499620276,-0.1529566373768686,0.007701333086494344,0.05304353659385863,0.015554125107646755,-0.03426764826111783,-0.0023513917938089435,-0.0865955109937292,-0.0038118461976658358,-0.13485646420187147,0.00473051286807096,0.006628055041110362,0.007966817825428935,-0.4772093086054584,,,0.6778613861831359,0.741922302264791,0.7189314588232659,0.5522473468095571,0.7329085875086162,0.697706014281651,0.7316698939598301,0.6995000343078684,0.4302073627111637,
2025-03-18,22834.30078125,21234.94921875,49314.5,32165.5,52475.0,36619.3515625,9033.4501953125,21041.30078125,5902.64990234375,822.2999877929688,,,0.01446329899483545,-0.027589023943635382,0.02380768755951923,-0.07139579223503911,0.019860789477893492,-0.005499387403329781,0.015961693268666144,-0.0510420668979682,0.01355628513392948,-0.07438356374868316,0.013342272067942362,-0.1416551543794059,0.021276978639665378,0.07544912142860372,0.016294068292752817,-0.018531939369363593,0.02294526274316544,-0.06563720500269365,0.03161461921825692,-0.1075052807484772,0.006350801403303023,0.007235663940843953,0.008029436522895743,-0.35479679256679814,,,0.7213462484980308,0.7891934887364097,0.7259064805582113,0.6108493461469188,0.7573425681912856,0.7098584795060943,0.7521476755975847,0.732998369284288,0.5118033904627496,
2025-03-19,22907.599609375,21319.5,49702.6015625,32735.05078125,52184.1015625,36223.5,9148.5498046875,21145.650390625,6019.35009765625,845.3499755859375,,,0.0032100316461272094,-0.019410564024754717,0.003981680407097121,-0.08605907317700523,0.007869927962363965,0.009998887909977938,0.01770688412274013,0.017330498544173123,-0.005543562410671776,-0.09117886064095793,-0.010809900929686922,-0.14394087098317943,0.012741489340886147,0.12181258643182646,0.0049592755913638875,-0.010109225090766394,0.019770814336483422,-0.0160602194376257,0.0280311177613346,-0.10987684034939849,0.0063305659930663494,0.007227438794025318,0.007955415744707218,-0.356453879744583,,,0.7961837652409681,0.7879364102105745,0.8050884053364901,0.6757405421794832,0.7424728201280231,0.7251382948556587,0.7542570524780616,0.7446055951786917,0.5889991471421284,
2025-03-20,23190.650390625,21623.05078125,50062.8515625,33001.05078125,52857.8984375,36676.6484375,9254.099609375,21340.599609375,6044.85009765625,854.4000244140625,,,0.012356195589090069,-0.023109390961171927,0.014238175437979228,-0.08124053004054954,0.007248111540941959,-0.0018959638049645955,0.00812584656665205,0.0031720982645129236,0.012911918665362121,-0.0771160886307033,0.012509791640785695,-0.14427256274965916,0.011537326345801624,0.114756987231029,0.009219353160044186,-0.01809839552931569,0.004236337741831742,-0.035131978833755295,0.010705682959122553,-0.105293456733492,0.0066300049093036655,0.006948377739570834,0.008069431326404834,-0.41267518561938643,,,0.8255579113479338,0.7431123735045657,0.7709261776688936,0.7741527926615853,0.7443540099446223,0.7177857237715649,0.7323230875218201,0.6890897716070723,0.6176036175752201,
2025-03-21,23350.400390625,21756.0,50593.55078125,33475.05078125,52986.05078125,36702.80078125,9203.5498046875,21625.900390625,6130.9501953125,862.75,,,0.0068885519512889015,-0.01459723160244053,0.006148494960076745,-0.07488591869861982,0.010600659015347125,0.004975860543066313,0.014363179013357597,0.003886634174570469,0.0024244691434627264,-0.060260256168665594,0.0007130516245115182,-0.14422348023412923,-0.005462422798679367,0.09213729886955568,0.013368920577314425,-0.011093564230514219,0.014243545541291924,-0.0313460148802982,0.00977291122113888,-0.07953695589872922,0.006538698289929018,0.007083057772127516,0.00810609790828307,-0.38554174229316013,,,0.8281782124487783,0.7615174511259424,0.7989811535680843,0.7951146248700163,0.7496011961430646,0.6906364407645648,0.7508528090007821,0.7134376463788318,0.6286357240785331,
2025-03-24,23658.349609375,21938.69921875,51704.94921875,33955.0,53232.75,37217.05078125,9262.849609375,21771.150390625,6326.10009765625,875.9500122070312,,,0.013188177230298859,0.002330177746388884,0.008397647488049165,-0.05837843556351818,0.021967195825122632,0.02625630164730186,0.01433752025908297,0.027079757106451163,0.004655927647230884,-0.04672218203475342,0.014011192308318599,-0.1349086559663928,0.006443144867570361,0.10751276975397395,0.0067164833545134695,-0.010809207220680017,0.031830286681003184,0.00683577440934191,0.015299927217654385,-0.044557129286483144,0.00639411436189344,0.007473268897971453,0.008154212806060258,-0.30692747953009286,,,0.8183151006253221,0.7913913420093421,0.8004617739254436,0.7865279423876288,0.7891266200388897,0.6601919086605715,0.7569981513089595,0.7467439347414818,0.6381325120882355,
2025-03-25,23668.650390625,21737.599609375,51607.94921875,33502.3984375,53131.30078125,37706.8984375,9132.900390625,21542.5,6216.9501953125,863.2000122070312,,,0.00043539728764163677,0.004613811806881696,-0.00916643267542172,-0.07341659580398574,-0.0018760293060073874,0.02889016815794454,-0.013329452584302737,0.02087611229261821,-0.0019057670090311118,-0.03596228082703212,0.01316191492789609,-0.12149463475507971,-0.014029075741279207,0.06372156332352463,-0.010502448723309521,-0.02421071703582911,-0.0172539006115614,0.003259804786783338,-0.01455562511823627,-0.05938759864340604,0.00544907548508031,0.007464405647081824,0.008026126160648702,-0.3087131229631583,,,0.8269112658726736,0.7902049384919723,0.7847317833655607,0.7996170713502999,0.7698340029686712,0.6877642681007176,0.7517718150269277,0.7320129115467274,0.6340334159232703,
2025-03-26,23486.849609375,21742.80078125,51209.0,33205.3984375,52988.5,37336.69921875,9097.7001953125,21360.599609375,6142.7998046875,852.0499877929688,,,-0.007681079328545448,0.004501402887670647,0.0002392707552105744,-0.05926839138840789,-0.0077303831054975625,0.02456933634781211,-0.008865036948147553,0.03411714248714537,-0.002687695937239165,-0.0340550961590087,-0.009817811437437984,-0.12348069188773991,-0.003854218682668775,0.0883392882510392,-0.008443792068005052,-0.014079927246587465,-0.011927132805552909,0.00149175490766984,-0.012917080927228097,-0.04296304675328677,0.00806538828356308,0.0074684079949747404,0.008066875221102176,-0.3079067860647871,,,0.7988855891852044,0.797290298487191,0.7814600522891124,0.7929162003087687,0.7741374707839741,0.6764167480408974,0.7450755513142889,0.7339808038821388,0.6226540540275391,
2025-03-27,23591.94921875,21516.75,51575.8515625,33682.94921875,53276.6015625,37548.30078125,9159.7998046875,21275.150390625,6296.14990234375,863.5499877929688,,,0.004474827877002596,0.022544769800661335,-0.010396580621064078,-0.046830648329787006,0.007163810316545893,0.04397375876374898,0.014381721157445515,0.07145138154389374,0.00543705827679597,-0.009622746622547917,0.0056673880371764795,-0.10531758297859661,0.006825857968698168,0.11520597336123428,-0.004000319294056531,0.0012071056083673426,0.024964202404778035,0.04906104894430152,0.013496860706245561,0.0006372975584805207,0.00717872785696147,0.0070595269998131585,0.008072401920614663,-0.3902823921496653,,,0.7557241651176241,0.7783348104010281,0.757447172921652,0.7648432000967645,0.7809777991648904,0.6456110616190078,0.7044788133589701,0.7067545093612562,0.5839788396772634,
2025-03-28,23519.349609375,21295.5,51564.8515625,33571.6015625,53589.80078125,36886.1484375,9092.5,21137.44921875,6263.39990234375,851.2999877929688,,,-0.0030773044101545244,0.02057255223419152,-0.010282686744048197,-0.04962408741373148,-0.00021327810722948648,0.04214683826673937,-0.003305757329230996,0.07198260146990942,0.0058787386876126835,-0.0027763676054634034,-0.017634681995533863,-0.11613954334699161,-0.007347300827804104,0.09966856591867423,-0.006472394758519684,-0.0002176497704792224,-0.0052015915294215676,0.03487071984967094,-0.014185629289750978,0.014237222320390375,0.007765027551392028,0.007086290170785519,0.008074224451233413,-0.3848905239638374,,,0.7578925867153683,0.7788772825757714,0.7588775751645535,0.7394818577104673,0.7819811078952623,0.6536095625010504,0.7068464857130728,0.7162026192004409,0.6027419836306308,
2025-04-01,23165.69921875,21235.25,50827.5,33289.1484375,53101.75,35980.6484375,9016.849609375,20771.80078125,6254.39990234375,824.8499755859375,,,-0.015036571865236992,0.005831118640083455,-0.0028292362236153057,-0.04963461565020866,-0.014299499371316582,0.029733647712486544,-0.008413453986523711,0.06399975728582619,-0.009107157969147739,-0.003995142057310552,-0.024548510439746263,-0.1291257708749004,-0.008320086953533146,0.08163045360222343,-0.017298607495915386,-0.03058271254959244,-0.0014369192675423026,0.04277362730151446,-0.031070142824275226,-0.02517289867464667,0.009452229286759069,0.007645927094636154,0.00819476262699418,-0.27214272855345173,,,0.7083296930733565,0.808546317838223,0.7523816897002041,0.755472137195048,0.7990475362877695,0.6592400303261308,0.7565037298479246,0.6779048441425006,0.6558428087197148,
2025-04-02,23332.349609375,21408.849609375,51348.05078125,33463.69921875,53702.6015625,36283.5,9080.0498046875,20952.849609375,6300.85009765625,854.6500244140625,,,0.0071938424586863725,0.017580148036896004,0.008175067841207362,-0.029926239096624063,0.010241518493925517,0.04579687956339251,0.005243473907952767,0.09457575529524087,0.011315099078655688,0.010614718936765355,0.008417067942120715,-0.12170197701248542,0.007009121594618861,0.10901371660305337,0.008716087258473282,0.006789442536512036,0.00742680289680453,0.0729507936373317,0.03612784107431932,0.027903075189629645,0.009490558608973413,0.007696286353965068,0.007828068429430865,-0.26199705155135605,,,0.7093786968015724,0.8113368254571454,0.7631365846386513,0.7608168256606564,0.8176263698642044,0.6561373416929984,0.8028316628144438,0.6762429887582098,0.6567093866310572,
2025-04-03,23250.099609375,21164.0,51597.3515625,33559.80078125,53806.75,34757.25,9005.150390625,21423.55078125,6423.2001953125,853.7999877929688,,,-0.0035251486188494496,0.012657053044491384,-0.011436841018668265,-0.03588989645038987,0.004855116746535382,0.047472704408261235,0.002871815272776246,0.09181766042730977,0.0019393555334332735,0.016276324487675797,-0.042064574806730315,-0.15377300378069303,-0.008248788902439075,0.09150689406802992,0.022464780717196264,0.016490357812203538,0.019418030227660976,0.087866726771473,-0.0009946019970882292,0.02675726093034303,0.00749018547457777,0.007731626773923243,0.00770371346770919,-0.25487715958328266,,,0.715159399788044,0.7980882099206477,0.7597177737201805,0.758744280249675,0.7754367250770949,0.6603724008791116,0.7175727256306783,0.6393555043620648,0.6557935157817246,
2025-04-04,22904.44921875,20593.150390625,51502.69921875,32308.900390625,53830.69921875,33511.44921875,8414.4501953125,20560.0,6266.9501953125,823.0499877929688,,,-0.014866619775066536,-0.0017803890604642936,-0.026972671015639715,-0.056178358123247674,-0.0018344419022233716,0.0492061775460797,-0.03727377283252176,0.04732235100933124,0.00044509692092531417,0.025727636336353443,-0.03584290417826497,-0.19180095778810002,-0.0655958168036217,0.01924155645304193,-0.040308480609376085,-0.019514298780856976,-0.024325880441034342,0.06715085159870404,-0.036015460810074784,-0.010816657811476782,0.008647978962928696,0.008221511597461385,0.00785246872552814,-0.15618203868437497,,,0.7474655939395091,0.7773787562628296,0.7876250698954552,0.7285370470844618,0.8161447452641275,0.6861808458408163,0.7491315495878389,0.6782581231837553,0.6963109113045448,
2025-04-07,22161.599609375,19815.55078125,49860.1015625,31414.55078125,53241.1484375,32668.80078125,7846.35009765625,19995.5,6089.2001953125,776.2000122070312,,,-0.03243254628305536,-0.03363293644118859,-0.037760109289980304,-0.09141115420213619,-0.031893428522519085,0.00585030070261916,-0.0276812147291311,0.006925037461736894,-0.010951943589925572,0.01681993244692448,-0.0251450909210017,-0.20172511942796756,-0.06751482087002258,-0.06135157499204713,-0.027456225680933866,-0.039601344860710874,-0.02836307844491115,0.02324023176969936,-0.05692239387739617,-0.08245168035168715,0.013687672642604527,0.010130488945692066,0.00852829585316314,0.22841193345821031,,,0.7950271537377979,0.8657372834549905,0.8110108950569953,0.7246026049498481,0.766466486796644,0.7934362624505589,0.7774656863624998,0.7169351770840912,0.7808312796843145,
2025-04-08,22535.849609375,20138.150390625,50511.0,31866.75,54300.25,33244.3984375,7965.60009765625,20377.900390625,6249.9501953125,795.4000244140625,,,0.016887318902814252,-0.016466560678813247,0.016280123269662106,-0.08773539022728816,0.013054494818549367,0.02384635514299882,0.014394578547336723,0.0030563637994471815,0.019892537888120287,0.03750574044608035,0.017619185353763056,-0.1865012541481137,0.015198149268870864,-0.06539949575780246,0.01912432250381335,-0.019621596977496547,0.02639919773433408,0.032733807754585564,0.02473590814877502,-0.07014262133216465,0.016177988524910987,0.010649266803068129,0.008603761488288625,0.3329280174299775,,,0.8186290281469835,0.875430228493293,0.8340166168979135,0.7552275972835892,0.7858853824116664,0.8043622294077324,0.7940874011082735,0.7506380529455703,0.7981278034137121,
2025-04-09,22399.150390625,20140.400390625,50240.1484375,31558.94921875,55264.75,32517.349609375,7847.5,19976.30078125,6092.5498046875,780.2999877929688,,,-0.006065856008070525,-0.017404445238020316,0.00011172823503424745,-0.06349420276285,-0.005362229266892338,0.02570270305403377,-0.009658995073234644,-0.0010461756536465083,0.01776234916045505,0.06078146071349999,-0.02186981453407444,-0.19798471106966153,-0.01482626496539774,-0.08852807624212922,-0.01970760488944967,-0.02008028203815626,-0.025184263187097322,0.02042503350360403,-0.01898420437215509,-0.07602132884195534,0.016114747937008265,0.01066485343105904,0.008559964101600252,0.33606819254881226,,,0.8233036191567771,0.8770361500286279,0.8347778547556447,0.6806904374143226,0.7894427819314489,0.8220511312946034,0.7963249882808965,0.7440697498621986,0.7987514250903562,
2025-04-11,22828.55078125,20548.650390625,51002.3515625,32411.099609375,55741.1015625,32740.849609375,8168.2998046875,20461.900390625,6171.2998046875,790.1500244140625,,,0.019170387409190415,0.012202230561823235,0.020270202780577895,-0.04657694510497623,0.015171195721051633,0.048310548323194036,0.027001861966897023,0.037460589961169743,0.00861944661832359,0.06608487829623311,0.006873253899375653,-0.16999568245442565,0.04087923602261867,-0.03021560596256423,0.02430878542992243,0.0035410611554584914,0.012925622690751037,0.03663569210165818,0.012623397123142421,-0.05670625991233791,0.018257287322867195,0.011071379436967333,0.008786872709354151,0.4179693484407038,,,0.8584750491198156,0.881573396714509,0.8479021036724285,0.6968777563652545,0.7780915617360051,0.8365782128299489,0.82919868558641,0.744130773453683,0.794688374159242,
2025-04-15,23328.55078125,21246.19921875,52379.5,33106.55078125,55896.94921875,33275.30078125,8429.849609375,20912.19921875,6268.39990234375,834.75,,,0.02190239778210845,0.03463790846185666,0.033946211301704166,-0.019224386876281252,0.02700166551756733,0.0775823148960546,0.021457191525641406,0.06732315914810871,0.0027959199205143115,0.06565066966496569,0.016323680608519187,-0.1496500214172778,0.03202010344152728,0.016446642935119327,0.022006696324810227,0.03274452583610521,0.01573414041276955,0.06591844617502018,0.05644494615944695,0.009798554825760641,0.020225167938315348,0.01174059796733764,0.009064052267953267,0.5527941084437955,,,0.878513713522589,0.8953581498342069,0.8575251320490954,0.6616424191328101,0.790179408761137,0.85125505835604,0.8426218892544235,0.7474559944739249,0.8219928548417836,
2025-04-16,23437.19921875,21155.80078125,53117.75,33456.8984375,56345.6015625,33295.5,8454.7998046875,20874.30078125,6417.0498046875,840.7999877929688,,,0.004657316201027051,0.03957180873781718,-0.004254805133344641,-0.008415555939430441,0.014094254431600062,0.08973344607202849,0.010582426981442516,0.0912497349902559,0.008026419152040276,0.08242130228773292,0.0006070333934105054,-0.1450997367993997,0.0029597438232769058,0.014397466383357038,-0.0018122645592444364,0.033317283893323335,0.023714170228381626,0.10318294213445256,0.007247664322214797,0.03885835936952087,0.020213619227769666,0.011754470502199297,0.009079791305749707,0.5555889521285966,,,0.8823304579420561,0.889255388619901,0.8661772106944717,0.6712637536927939,0.7911261198028818,0.8522326513302961,0.8389955098679976,0.7451441272760652,0.8302656573777185,
2025-04-17,23851.650390625,21373.099609375,54290.19921875,33797.5,56674.19921875,33372.3515625,8476.5,21126.75,6522.5,845.0999755859375,,,0.017683476937954135,0.07805535138807507,0.010271359159214066,0.04266145086321149,0.022072644619736348,0.12298142497686904,0.010180308946935668,0.12590214787368548,0.005831824439490818,0.11807688490106338,0.0023081666441411297,-0.10573764443027855,0.0025666125530812156,0.0312984761383337,0.012093780835847667,0.06628056628056633,0.01643281547160047,0.1539958400072705,0.0051141625302062454,0.05915521961104875,0.01960367919619387,0.011490647959532651,0.009216061168677733,0.5024376878042903,,,0.8657517273340439,0.8995441469008746,0.8429385717306809,0.6209983686477851,0.7546733576446966,0.8415730263118162,0.8261821340555756,0.7182165436960042,0.8209625254901847,
2025-04-21,24125.55078125,21826.0,55304.5,34640.75,56130.19921875,34135.05078125,8653.5,21351.05078125,6683.89990234375,864.0999755859375,,,0.011483498464016417,0.0907013300212749,0.02119020632956503,0.06270523805117634,0.01868294454332542,0.1494399607185397,0.024950070271469782,0.15442034782189862,-0.009598724066665287,0.10521566091973922,0.022854224621289054,-0.09250164523918092,0.020881259953990483,0.040546902256029416,0.010616908954287796,0.07400728086710195,0.02474509809793024,0.18693006034961157,0.02248254709370534,0.06949682843066562,0.009880913882077636,0.011590579045651661,0.00929946726224916,0.5225704009486628,,,0.8674841970981602,0.9027879926852285,0.8430592929216351,0.542459298985599,0.7687233663852805,0.8525810017135961,0.8295452743290448,0.7242467698656602,0.8318247400026608,
2025-04-22,24167.25,21903.69921875,55647.19921875,34516.3515625,57193.80078125,33941.05078125,8669.5,21438.05078125,6734.2998046875,885.0,,,0.0017284255654137493,0.09439988282656508,0.003559938548062025,0.08063959421189204,0.006196588320118712,0.1534245918736572,-0.0035911011597612452,0.14144581169188708,0.0189488292809179,0.1320069230369576,-0.005683307789498326,-0.08948957753823028,0.0018489628474027686,0.038543320056302566,0.004074740905791963,0.08160178191680423,0.007540493286872341,0.1775516130169743,0.02418704432885832,0.09428129829984555,0.010344321013545071,0.011560485347318985,0.0092987649738307,0.5165075448393686,,,0.8704183598896722,0.902562067260419,0.8463854151617956,0.5012311440917394,0.7677595980028857,0.856189591820055,0.8280175068657427,0.7374322193389933,0.8191607916044344,
2025-04-23,24328.94921875,22424.44921875,55370.05078125,34755.05078125,57497.8984375,35414.6484375,8737.2998046875,21738.94921875,6696.0,896.75,,,0.006690840652122221,0.08916244881171131,0.023774522960680056,0.07826699935086001,-0.0049804561845157025,0.14188716782239097,0.006915540256848374,0.11754554033375042,0.0053169688339664845,0.12127351465821623,0.04341638288535421,-0.06980540417086778,0.00782049768585269,0.005998665339127074,0.014035718105638972,0.08009958736223322,-0.0056872734802868585,0.13675521869763707,0.013276836158192085,0.08362034104016347,0.007848367893370008,0.011471838446045234,0.009326744685806958,0.4986482109344364,,,0.8597316498580286,0.8902659484440142,0.8508368684759429,0.4876632660949869,0.7060886924133382,0.8644714387183577,0.8233173851180535,0.720686892153614,0.8161670696948377,
2025-04-24,24246.69921875,22367.55078125,55201.3984375,34726.75,56887.55078125,35307.1015625,8753.2998046875,21974.599609375,6685.39990234375,884.1500244140625,,,-0.0033807460922566923,0.07549446472918464,-0.0025373393542448275,0.06716945447578615,-0.0030459127519368856,0.1351842535090637,-0.0008142926168667186,0.09445050725168036,-0.01061512981928281,0.09630412475476935,-0.003036790699470049,-0.07440495056064922,0.0018312293680726732,-0.015227349483815544,0.0108400083303819,0.07595472974168382,-0.0015830492318175127,0.12754779562936336,-0.01405071155387505,0.07020516647825059,0.008922618478904824,0.011462382544383427,0.009332003357069296,0.4967431685390018,,,0.8597062864557351,0.8991913244005717,0.8521117935737765,0.4833442935242323,0.7034714209639571,0.8592359012268344,0.8031056477152712,0.723682867618701,0.8267585430228235,
2025-04-25,24039.349609375,21994.5,54664.05078125,33956.5,56532.3515625,35562.25,8569.75,21482.55078125,6535.5,859.3499755859375,,,-0.00855166336268387,0.06592837199312718,-0.01667821322496854,0.04687362589042299,-0.00973431238084288,0.12715193115624523,-0.022180307687877487,0.06820247085130537,-0.00624388313210833,0.08942743769506567,0.007226547244280068,-0.059708418736350355,-0.020969212615019384,-0.04000833155930339,-0.022391708466673377,0.054187540553725544,-0.022421979916444235,0.10184781124225739,-0.028049593556885632,0.05267348721256049,0.00882543329178408,0.01163367683940164,0.009366435279042898,0.531253139748182,,,0.8647119667724041,0.9041937810666443,0.8526154007598236,0.5004617017835009,0.6732133726504023,0.865842107470005,0.8072099115015084,0.7326652363383304,0.8340343137535462,
2025-04-28,24328.5,22352.94921875,55432.80078125,34538.8515625,56620.30078125,35482.94921875,8689.900390625,21908.099609375,6695.0,871.5,,,0.012028211882747275,0.08317783617170371,0.01629722061197114,0.07710517989194599,0.014063172944799085,0.1496573784050408,0.01714992895321954,0.10340015796114566,0.0015557325375501474,0.08871797475641152,-0.0022299146215438714,-0.05741755237073576,0.01402029121327919,-0.018123613617873735,0.019809045604417763,0.08153159172852464,0.024405171754265265,0.15011640523196546,0.014138621934303375,0.08978365224081153,0.009298038371000917,0.011705363935697497,0.009405770127679763,0.5456956501013537,,,0.8675266353623838,0.9057010056160711,0.8587463154055496,0.49132236064503143,0.6658438628081582,0.867697145944735,0.8101571966704979,0.7400177175090145,0.8331161668308121,
2025-04-29,24335.94921875,22299.05078125,55391.25,34438.75,56474.5,35920.3984375,8607.150390625,21676.650390625,6691.39990234375,869.25,,,0.0003061930965739812,0.08169868281979431,-0.0024112450206252856,0.07815247853136276,-0.0007495703024995581,0.15750634805072172,-0.002898230774085242,0.0945915100102881,-0.0025750619342926884,0.08706303383770808,0.012328434596942772,-0.039564147239740555,-0.00952254873821956,-0.03261095168554806,-0.010564550229220093,0.06612946065983438,-0.0005377292989171556,0.14929059082012497,-0.002581755593803803,0.048932046815076236,0.00763828028012488,0.011712294293640683,0.009396756206258397,0.5470918813830974,,,0.8687682845668118,0.9176242467798053,0.8592703996521651,0.4924846457557013,0.6540066731189168,0.8694757416863318,0.8065857273538828,0.7406362193864445,0.8648826056710848,
2025-04-30,24334.19921875,22308.400390625,55087.1484375,34241.6015625,56445.3515625,35794.94921875,8581.7998046875,21772.44921875,6542.25,885.8499755859375,,,-7.191007773188485e-05,0.08293981970806175,0.0004192828415308103,0.07336043289634842,-0.005490064992214494,0.1462960948919172,-0.005724610721933865,0.0858181375856446,-0.0005161344943293011,0.08638066030246017,-0.0034924228072881203,-0.01420242383271264,-0.002945293713597974,-0.030776007816647133,0.004419447949690181,0.06602277804298873,-0.022289790555113598,0.13596502606817462,0.019096894548101817,0.0868658227757102,0.006660281789880228,0.011700980137630403,0.009288196886374443,0.5448124639738404,,,0.8725005133869359,0.9140061489694192,0.8594482994638812,0.49205632218115514,0.6648331533378098,0.8693709090178221,0.8079095104170828,0.7242583458724445,0.8531720380774543,
2025-05-02,24346.69921875,22286.5,55115.3515625,34138.75,56252.25,35891.8515625,8518.400390625,21627.44921875,6554.4501953125,881.5499877929688,,,0.0005136803511647248,0.08704213330245159,-0.0009817104875974314,0.08428748362976646,0.0005119728611837626,0.14679347975390988,-0.003003701865763153,0.0843550487564717,-0.003421035694785024,0.08429188933918663,0.002707151312264955,-0.006385173714443915,-0.007387659407746883,-0.029535238755566406,-0.006659792774950102,0.06085293378553702,0.0018648317188276753,0.13323306874230978,-0.004854081290824208,0.10173087657969404,0.006661561014024103,0.011654565075946597,0.00926855918125277,0.5354614085740667,,,0.8726488474257684,0.9137204855202398,0.8592985104380376,0.4876482098143617,0.6620218704896685,0.8690843441364682,0.8071034262041596,0.7277438708824411,0.8529356426635134,
2025-05-05,24461.150390625,22699.19921875,54919.5,34583.6015625,56936.19921875,35991.25,8600.150390625,21775.75,6552.10009765625,887.3499755859375,,,0.004700890697612925,0.08673961862053647,0.018517901812756588,0.09440406106934351,-0.003553484772348847,0.13577638681789672,0.013030692761158535,0.0923385118454989,0.012158610877787135,0.0997244891815452,0.002769387289115244,-0.004038752916807997,0.00959687221206118,-0.02770974357706113,0.006857062973539607,0.05176793904997368,-0.0003585499296234751,0.13549674583531912,0.006579306758870862,0.11322293660046645,0.006420118764226715,0.011652915256948957,0.009215081830469367,0.53512902619027,,,0.8631715464591635,0.903366544877317,0.8559950751478683,0.4905364597353979,0.6625487115963873,0.8683102735743725,0.8121305506667548,0.7296494232079229,0.8569211923441511,
2025-05-06,24379.599609375,22737.599609375,54271.3984375,33771.1015625,56883.3984375,35869.19921875,8524.7001953125,21534.349609375,6235.2001953125,855.5999755859375,,,-0.0033338898599493128,0.06767445357441804,0.00169170684194353,0.07076307907052559,-0.011800937053323524,0.10051604370925382,-0.02349379368518456,0.04991688493883206,-0.0009273675091506783,0.08400949857074802,-0.003391123710624111,-0.0204851345461341,-0.00877312510659678,-0.056318459614023486,-0.011085744032926503,0.023432430972345486,-0.04836615705201275,0.05633915249432375,-0.035780696313238436,0.040496155037463843,0.006415065398913574,0.01149282782129215,0.009074885788532995,0.5028768557669612,,,0.8553249657795494,0.8936419352493327,0.8370615663515557,0.47232029208738946,0.6539698724659847,0.8639132483356079,0.8075953029365832,0.6739529041579295,0.8379156515736729,
2025-05-07,24414.400390625,23114.099609375,54610.8984375,34048.05078125,56590.25,35920.30078125,8608.0498046875,21462.44921875,6253.14990234375,865.1500244140625,,,0.0014274549954715887,0.06577733184376666,0.016558476113053056,0.08417643984966805,0.006255597050644823,0.09875331915630037,0.00820077539482833,0.04010991181208312,-0.005153497251436101,0.08443468998355441,0.0014246641579132024,-0.008370235309950735,0.009777424128162515,-0.05908040198054787,-0.0033388698488343582,0.01498174907239802,0.00287876996230918,0.03884137006394339,0.011161815218127868,0.02342230957586655,0.004927077574069503,0.011492297023518451,0.009048080573405693,0.5027699180788948,,,0.8408843031400945,0.8932217666612512,0.8455768264422122,0.4781476074149996,0.6593301691676516,0.8631130182756381,0.807507347988059,0.6807051388599884,0.849015622416261,
2025-05-08,24273.80078125,22674.150390625,54365.6484375,33534.75,56020.69921875,36002.44921875,8428.400390625,21115.05078125,6168.4501953125,843.7999877929688,,,-0.005758880297096702,0.04670633951098124,-0.01903380301136881,0.04861014386954321,-0.004490861842909921,0.08594789830595762,-0.015075775836561833,0.0161721886459818,-0.010064468371318358,0.05983591619689044,0.0022869640763942822,-0.018382247219205117,-0.020869931998380387,-0.08922523569051644,-0.01618633707454531,-0.010569001445766113,-0.013545126592839796,0.020447173322655665,-0.024677843170094582,-0.012406409548458397,0.003368394857840723,0.011415357048502899,0.009069768568679056,0.48726913142199263,,,0.8353005048121744,0.8986480792874426,0.8483955737663769,0.47107280119697625,0.6431522470288188,0.86387131546157,0.8086912844624808,0.6912839565230562,0.852082667250823,
2025-05-09,24008.0,22627.80078125,53595.25,33337.55078125,55633.0,35880.1015625,8420.5498046875,21071.75,6266.4501953125,823.75,,,-0.0109501096942064,0.028162241262424725,-0.002044160798817196,0.040071740267052736,-0.014170684239803832,0.05932968080711243,-0.005880443979752292,-0.004107536711401072,-0.006920642265390353,0.049955586040518085,-0.0033983148064904434,-0.022415161819756335,-0.0009314443516746929,-0.08507586926961674,-0.002050706943525382,-0.02562438467834749,0.01588729695418012,0.02210097875262451,-0.023761540747839094,-0.045204288611996546,0.005206705599458821,0.011592847185325768,0.009146509698039065,0.5230273539069823,,,0.8264693223243779,0.9018386086433481,0.8440252943205504,0.49107309943735594,0.6378086654082324,0.8497116592726255,0.7955253552539969,0.6408791275038982,0.8559133155334107,
2025-05-12,24924.69921875,23400.44921875,55382.8515625,34734.30078125,57101.3984375,38282.55078125,8914.25,21102.69921875,6471.39990234375,872.5999755859375,,,0.038183073090219954,0.05352654053574346,0.0341459802023818,0.06662883635100436,0.03335373120752316,0.0711325008402921,0.041897199022358,0.02295098752024738,0.02639437811191203,0.07267421723469103,0.06695770396761969,0.02862935073127293,0.05863039905513889,-0.03763416487105431,0.0014687540783275832,-0.030703530125024803,0.03270587025243721,0.02296830629368829,0.05930194304817915,-0.0038244609560003084,0.016118283884004648,0.013275680030128805,0.00998369404929831,0.8620609044279799,,,0.8478489944360347,0.9177249074431162,0.8732265973778708,0.6098567184638232,0.7371765231133007,0.8857336246689458,0.6963794581289153,0.6626576421629344,0.8800654548340585,
2025-05-13,24578.349609375,23167.25,54940.8515625,34549.25,56334.1484375,37354.6015625,8834.650390625,21359.75,6572.5,866.2999877929688,,,-0.01389583907654357,0.03843477358178071,-0.009965587265869491,0.06576854925639619,-0.00798080971871229,0.0645811816629811,-0.005327609224536123,0.03124706323497839,-0.013436623637856915,0.06028174746627468,-0.02423948247472818,-0.009343035083724471,-0.008929479134531793,-0.03265665749581115,0.012180943233157882,-0.00848323082279212,0.01562260085636713,0.057190389743765335,-0.007219789100656793,0.0035912598958514064,0.017435554799249405,0.013581706699799316,0.010067800395816,0.9237148641144236,,,0.8544038840867626,0.9182476337113185,0.8738670514412507,0.6322320106966589,0.7550212395387351,0.8795950680595428,0.6448960742289168,0.6213508092149285,0.8731165323289151,
2025-05-14,24666.900390625,23356.849609375,54801.30078125,35040.75,56351.69921875,37853.55078125,9052.099609375,21480.5,6609.60009765625,881.0,,,0.0036027960647213586,0.05024304242059663,0.008183949729683171,0.07423371277525947,-0.0025400185341366566,0.0701497936153801,0.014226068583254259,0.05527268603490909,0.00031154782200126796,0.063470360903781,0.013357101879809319,0.013842990229849805,0.024613222836836757,-0.005012320142292137,0.005653156052856323,0.005613156597550573,0.0056447466955116266,0.07599145468041146,0.016968731864445363,0.03397689410455751,0.017406681087204477,0.013478927250379079,0.010073028020774345,0.903008302696189,,,0.8582106513297686,0.9126861254565831,0.8675184845081333,0.6272335790340184,0.7511137649344455,0.8734543864098365,0.640921349422313,0.6152432439010497,0.869385956912854,
2025-05-15,25062.099609375,23804.849609375,55355.6015625,35362.55078125,56685.94921875,38293.80078125,9210.0498046875,21650.650390625,6621.64990234375,897.9500122070312,,,0.01602143814146184,0.06231576615367507,0.01918066894690207,0.10634039106161475,0.010114737667680451,0.07328526598188434,0.009183615683168833,0.04986503858649738,0.005931498155938186,0.06399333959487663,0.011630348828941761,0.019854427084281534,0.017449012066649727,0.005485927757316711,0.007921155961220672,0.01764969897300772,0.0018230762087667607,0.05169826084967144,0.01923951442341809,0.039835591338471144,0.018068015535937534,0.013722864684586673,0.01019804740309772,0.9521533943669324,,,0.8777520875609888,0.9111279136315493,0.867696458930285,0.6269038363062198,0.7514114382204627,0.8744165427656587,0.6462448191696866,0.6102496059428237,0.8708979352604368,
2025-05-16,25019.80078125,23953.150390625,55354.8984375,35664.80078125,57061.80078125,37972.3515625,9201.849609375,21633.19921875,6628.60009765625,912.5499877929688,,,-0.0016877607536591732,0.06379645682365753,0.006229855835409026,0.12479868472799427,-1.270196656077971e-05,0.0735005873216994,0.008547177545808138,0.0623502937401752,0.00663041843137524,0.06478844760353697,-0.00839428868882075,0.029447453068743856,-0.0008903529824916268,0.012026352419576503,-0.0008060345329190532,0.02345363411022383,0.0010496168500300218,0.058307021906080614,0.016259229787249474,0.071948785244075,0.01818252851598918,0.013707096120273076,0.010015965609074156,0.9489765652704673,,,0.876669749686819,0.9114419774549748,0.8601937816846474,0.6275566435044383,0.7523123761513146,0.8733102302179592,0.6441862843437134,0.6079631314729336,0.8603144305941346,
2025-05-19,24945.44921875,24052.599609375,55420.69921875,35690.8515625,56955.69921875,37477.80078125,9210.75,21740.44921875,6725.2998046875,933.2000122070312,,,-0.0029717088137536374,0.07682694932685186,0.0041518220830327746,0.13267324893161137,0.0011887074695708932,0.09036838756086762,0.000730433948300524,0.07214672761933727,-0.001859414898361611,0.07257668944526308,-0.013023970360013126,0.0416099322487371,0.0009672393054469541,0.02150422808686958,0.00495765785335367,0.04663285806083639,0.014588254775761866,0.07529098070100804,0.02262892410311168,0.13135726474881282,0.0179715719706624,0.013357875321223078,0.009986111997924452,0.8786204584335113,,,0.8834871852491879,0.9052552751314163,0.8615858829194879,0.6109625441231575,0.7401235754089752,0.88180914537134,0.6197275368273297,0.602472549145557,0.8319683453897341,
2025-05-20,24683.900390625,23531.19921875,54877.3515625,35435.1484375,56206.25,37283.5,9156.0498046875,21456.150390625,6662.5498046875,922.7999877929688,,,-0.010484831354666824,0.05792604704958393,-0.021677506759883558,0.09913422010520434,-0.009804056316672582,0.0687329066547302,-0.007164388458264281,0.05891306893068715,-0.013158458750046842,0.04662061733799261,-0.005184423237214242,0.02756073697410666,-0.0059387341218142264,0.008369998142605528,-0.013076952792668517,0.02402063636369567,-0.009330439061804086,0.05740490591353575,-0.011144475222912065,0.07974019941745047,0.0179076235892985,0.013535009652663625,0.009896786317962484,0.9143069982422117,,,0.8843648536055686,0.9080341301212089,0.8619835017404378,0.6252577062739768,0.7364393833515152,0.8756842073666516,0.6288030735936089,0.6077730271553479,0.8414916464951171,
2025-05-21,24813.44921875,23700.099609375,55075.1015625,35647.1015625,56413.1484375,37540.1015625,9208.150390625,21723.650390625,6707.10009765625,938.7000122070312,,,0.00524831270888626,0.06724055533700257,0.0071777213330639356,0.11983082637379505,0.0036034902262873647,0.06740171529516181,0.005981437480749863,0.06219645923572292,0.003681057489158146,0.04843999010347222,0.006882442970751246,0.08006535506980561,0.005690290796673825,0.02254265516890608,0.0124672877067864,0.01400793045183013,0.0066866731618886455,0.04419913652246632,0.01723019573514528,0.0994378374653353,0.010078324645637881,0.013507004180539935,0.009902989127211399,0.9086648486505672,,,0.8862908837789574,0.9138669959115719,0.8654938107531754,0.6282209667966214,0.7682089685045904,0.8752605542662176,0.6715210862773898,0.6323423152541069,0.8413489574122535,
2025-05-22,24609.69921875,23459.900390625,54941.30078125,35357.1015625,55598.05078125,37050.1484375,9179.650390625,21521.75,6667.9501953125,934.4000244140624,,,-0.008211272774042211,0.07445060056733666,-0.010134945536472983,0.139208909060611,-0.00242942414002012,0.06676546306621822,-0.008135303777546787,0.09434555602392125,-0.014448717698375635,0.032831666468200016,-0.013051459761883821,0.10559672294834876,-0.0030950841147225905,0.09093882280493815,-0.009294036084843804,0.04677772373540856,-0.005837083355507144,0.06398646670272523,-0.004580790174764093,0.1352895185864491,0.008999249419367498,0.013268569390741955,0.009945107657566168,0.8606283525704124,,,0.8845006469403132,0.9257956478595876,0.8733006286587529,0.6517300023312015,0.7597130619448773,0.8945548861430498,0.6642855808426298,0.6118368514379076,0.8296163061719566,
2025-05-23,24853.150390625,23515.25,55398.25,35637.8984375,56502.05078125,37403.55078125,9249.599609375,21434.25,6702.7001953125,936.8499755859376,,,0.009892488718005854,0.12145110590804986,0.002359328405210137,0.18670685763883754,0.008317044049782396,0.11107374963041128,0.007941739073369591,0.13443921849013796,0.016259562831739904,0.06124778370583028,0.009538486582480354,0.1449318581267749,0.007620030804379896,0.17884105275112683,-0.00406565451229568,0.07195368958015558,0.005211496634217383,0.10075214811828248,0.002621951100024278,0.20696980269572207,0.009681792085285244,0.011569623371389934,0.009963104018129165,0.5183485457177908,,,0.8380339784849608,0.9034061739915275,0.8539303865022077,0.6445847343872071,0.7409933504899373,0.8577210970903376,0.5679165962417404,0.5538226580617567,0.771291309717342,
2025-05-26,25001.150390625,23763.150390625,55572.0,35882.6015625,57049.69921875,37785.8984375,9336.4501953125,21501.80078125,6714.2998046875,944.0,,,0.005954979456279652,0.10939462341035622,0.010542111635002849,0.1800066008886081,0.0031363806618440737,0.10019599691156378,0.006866373600260101,0.12602011697145143,0.00969254088882976,0.05063419079562248,0.010222228859664062,0.13660948049753685,0.009389658969613413,0.17209627408481132,0.0031515346349884066,0.05515290432679021,0.001730587529949812,0.07429652955046984,0.007631984416277993,0.18682420294795032,0.007628615591162327,0.011315576367654276,0.009965856831622029,0.4671667198212311,,,0.8357027943156017,0.9012180378979229,0.8528916143420647,0.6216836503787196,0.7358425325205707,0.8600521773739958,0.544058589510481,0.528787213746056,0.7646022178809257,
2025-05-27,24826.19921875,23596.900390625,55352.80078125,35880.8984375,56547.6015625,37501.44921875,9294.9501953125,21524.94921875,6731.5,946.2999877929688,,,-0.0069977248703164685,0.10835450388961276,-0.006996126240297995,0.17162022268479515,-0.003944418389656645,0.10176427623637041,-4.7463810477488266e-05,0.1369484512552217,-0.008801057027921666,0.0232128357135426,-0.00752791995194968,0.15327508758395392,-0.004444944184550548,0.18444730109111185,0.001076581340116789,0.07752428512458032,0.002561725840793061,0.10487402086083941,0.0024364277467889828,0.21273869357542985,0.008039878801150493,0.011344062882451326,0.009863232098988747,0.4729057831414167,,,0.8415598243126683,0.8997174855709779,0.8445156128874566,0.7177978032332498,0.7353139124894785,0.8578628403370256,0.5234608288211975,0.5044827073790965,0.7518358598971379,
2025-05-28,24752.44921875,23437.05078125,55417.0,35888.55078125,55703.8515625,37465.75,9239.5,21393.30078125,6797.10009765625,944.9000244140624,,,-0.0029706520659956714,0.08427597774100382,-0.006774178249212226,0.14056399499320826,0.0011598187958674622,0.08655774297171659,0.00021327068393595106,0.10729198372736293,-0.014921057245326885,-0.000668268099406566,-0.0009519423780601777,0.14431208862924794,-0.005965625866447777,0.13114114576178704,-0.006116085857490572,0.045518762814999336,0.009745242168350376,0.1014049410617539,-0.0014794075842391452,0.19584888340002915,0.008039837401010398,0.011004331830861773,0.009865984119271967,0.40446153747653046,,,0.8362288233089897,0.8948563693121689,0.8316453388355347,0.7080730214181966,0.7569624898962269,0.8521313373628701,0.4832279607152883,0.484935038077726,0.766794340962343,
2025-05-29,24833.599609375,23555.75,55546.05078125,35988.69921875,55630.44921875,37754.1484375,9351.650390625,21589.349609375,6780.7001953125,955.7000122070312,,,0.003278479228775888,0.06451531611362094,0.005064597071443799,0.10870418550965089,0.0023287218949059607,0.060454009321394775,0.0027905400279446546,0.08705674162626198,-0.0013177247477698106,-0.004767702061110102,0.007697655525379821,0.13459976472320112,0.012138144988906419,0.1093496116733621,0.009164028970079618,0.03238063981419348,-0.0024127792894215183,0.08172744256109143,0.011429767715019468,0.1448936953663147,0.006968409286432406,0.010395603278409885,0.009869135947836772,0.2818234495175176,,,0.8142621318342412,0.8817429098473595,0.8192096525951987,0.7322458966788205,0.7629968938216116,0.8311468997896383,0.41163032363357144,0.46613358026611856,0.7333318316683807,
2025-05-30,24750.69921875,23325.599609375,55749.69921875,35879.05078125,55283.0,37321.75,9193.25,21442.05078125,6976.0,949.3499755859376,,,-0.00333823496911434,0.05604338589011881,-0.009770454798722183,0.10256283137474309,0.0036662991272233825,0.04954933555638186,-0.0030467463364964864,0.07239620098900579,-0.00624566624266798,-0.018858642609775544,-0.011453004647047238,0.12092474959078547,-0.016938228441879755,0.0873409438864643,-0.006822754311275658,0.02719851581855015,0.028802306408195255,0.08710392038787051,-0.0066443826932985894,0.12910322237028526,0.006826613875680409,0.010431214423743469,0.009871736953285928,0.2889978834358056,,,0.8249527866807425,0.8858901496831304,0.8213197883595937,0.7369478195203155,0.7679169457071563,0.8267491053027898,0.4226876156855891,0.41824669179062357,0.7358133835551114,
2025-06-02,24716.599609375,23327.05078125,55903.3984375,35933.80078125,55732.55078125,37061.8515625,9128.5498046875,21394.099609375,7125.9501953125,971.25,,,-0.0013777230725331435,0.03626370521890476,6.221370079662059e-05,0.09142104830774889,0.00275695153344091,0.02971437279590705,0.0015259601022836744,0.06320884033582375,0.008131808716060895,-0.01661511676354599,-0.006963725910494545,0.11055558950019684,-0.0070377935237810885,0.07692441511089476,-0.002236314630731595,0.012654554504360593,0.021495154144567152,0.0925182361536987,0.023068441541324924,0.14927230867164365,0.005945420164943386,0.010006751255168742,0.009857722566766603,0.20348299967792075,,,0.8358128612642508,0.8731798855671141,0.828225848287957,0.7210568250044943,0.8063022940780812,0.8629109251746641,0.3889294032848719,0.3752020922238776,0.7436723413284066,
2025-06-03,24542.5,23268.69921875,55599.94921875,35549.6015625,55460.80078125,36814.8984375,9122.2998046875,21354.19921875,7084.0498046875,982.9000244140624,,,-0.007043833380258491,0.01728247460671639,-0.002501454772281031,0.06610002834921658,-0.005428099672495912,0.005342227463407179,-0.010691861433997585,0.026236486291434158,-0.004875965592650133,-0.011925816170564985,-0.00666327003613254,0.07850721164656971,-0.0006846651586203123,0.05417458885855431,-0.0018650184561875838,0.0001474605410412,-0.005879972421441004,0.05986772815126007,0.01199487713159586,0.1374841478818094,0.004905067399354994,0.009923876989748549,0.0098749200508017,0.18678665545157777,,,0.8285259746180481,0.8780752262364652,0.829721410423771,0.77976118220518,0.8005487007008218,0.8521945056910197,0.3664107534957704,0.3528235782589158,0.7144862942678718,
2025-06-04,24620.19921875,23332.599609375,55676.8515625,35734.19921875,55530.55078125,36938.1015625,9177.400390625,21371.69921875,7100.85009765625,976.0,,,0.003165904807986175,0.018742273893388672,0.002746195222357306,0.06523557397107749,0.0013831369422199202,0.0005328631838852349,0.0051926786275073855,0.035283209294145745,0.0012576450216632562,-0.029080948936432094,0.0033465561560399593,0.08830164983889222,0.006040207745549697,0.05858473852298296,0.0008195109458675187,-0.00309503709908332,0.0023715661848726644,0.054430349642825115,-0.007020067395130725,0.10282485875706215,0.004239717918526943,0.009932887887462778,0.009759581292667399,0.18860204469529934,,,0.8278841655623224,0.8825583307966374,0.8337556829768301,0.827187661297255,0.8054390142309588,0.8527393549238449,0.36630760249456495,0.3521350014393322,0.714544715461053,
2025-06-05,24750.900390625,23306.19921875,55760.8515625,35824.8515625,55632.44921875,37107.94921875,9231.5,21644.19921875,7059.64990234375,993.0999755859376,,,0.005308696762106768,0.017343583895921277,-0.0011314808922702202,0.039320921169503364,0.0015087059997582752,0.007057981268500768,0.002536851132302287,0.030781160067449687,0.0018349977816969343,-0.03244378089362232,0.004598169615257941,0.047813570258599336,0.0058948729566452585,0.05656211946022105,0.012750506977045939,-0.004358536332486507,-0.005802149706849669,0.05430852782911444,0.017520466788870426,0.10744351891378612,0.004456634613981874,0.009907152721699817,0.009757589718070602,0.1834172845755951,,,0.8332871421945154,0.9041938854719889,0.8308701939936232,0.8252184978079995,0.849532334704122,0.8522399558402703,0.36039344450058675,0.3551584530592074,0.7141147157094927,
2025-06-06,25003.05078125,23661.30078125,56578.3984375,35924.05078125,55802.69921875,37294.8515625,9406.4501953125,21684.400390625,7100.2998046875,1039.5999755859375,,,0.01018752395450262,0.03119400111645354,0.015236356609117152,0.057840485650512585,0.014661664090327653,0.024945020216454505,0.002769005715960615,0.034477766599235515,0.003060264331174123,-0.019070104928081477,0.005036719831867265,0.05629887223909669,0.018951437503385238,0.07461761909208575,0.0018573647132287263,-0.01320612088086437,0.005758062071924419,0.06206059598593283,0.04682308039788685,0.17581852273871013,0.0057820096406319636,0.010027184187858118,0.00980684241374963,0.20759954027114086,,,0.8380186449803921,0.9026015475291782,0.8229558912117997,0.8263658392549755,0.8424097216662874,0.8592592951151553,0.3885517696598431,0.355109562615516,0.7153482172137589,
2025-06-09,25103.19921875,23777.150390625,56839.6015625,36352.80078125,56026.1015625,37669.19921875,9477.0,21826.80078125,7208.4501953125,1038.1500244140625,,,0.004005448710087123,0.04425450882248971,0.004896164012538229,0.08104982566664387,0.004616658163071552,0.03979856505614521,0.011934901289689215,0.07056972247581461,0.0040034325736511,-0.00895504938336611,0.010037515650723305,0.05924679171734071,0.007500151834393121,0.10586656553575069,0.006566950806099481,0.016024633364323915,0.015231806205366238,0.1029684332204881,-0.001394720282729689,0.20806429732683984,0.005826589866318451,0.009872481178226684,0.009792978695883503,0.1764321484570312,,,0.8344962617490094,0.8993698597236616,0.8219977914283564,0.8247648999358171,0.8701541146116538,0.8572335923720175,0.35252585043923224,0.32481923851328803,0.6985134229051582,
2025-06-10,25104.25,23759.0,56629.1015625,36515.25,56198.80078125,38300.0,9509.7001953125,21948.0,7170.85009765625,1026.300048828125,,,4.18584595869298e-05,0.03188647060032479,-0.0007633543266041265,0.06290224916140286,-0.0037034038630361366,0.021581099356153155,0.004468685087774205,0.057222471161891386,0.003082477879660095,-0.0074443264020875866,0.016745797477319746,0.07939167524895052,0.003450479615120905,0.09433937880023713,0.005552770649472016,0.0018212620599882268,-0.005216113954799928,0.07107544401138899,-0.01141451168642571,0.17762484088138275,0.005483104291284335,0.009671839146873848,0.009704510303411094,0.13600960709567628,,,0.826879449542469,0.8933673094204008,0.8118399804511721,0.8316582900271391,0.8832431355895057,0.8550120075103935,0.29539975545846286,0.2892837998299361,0.6934421424108597,
2025-06-11,25141.400390625,23805.19921875,56459.75,36624.69921875,55820.6015625,38784.30078125,9495.7998046875,22057.150390625,7107.75,1027.25,,,0.0014798446727146697,0.033097175073591556,0.001944493402500136,0.06754316371019864,-0.0029905394545787223,0.019290050323832686,0.0029973564127316887,0.06347353544335954,-0.006729667065710432,-0.01157864943470066,0.012644929014360207,0.07972913632161038,-0.001461706503834037,0.10324548471122652,0.004973136077319085,0.017553450055390662,-0.008799528200550966,0.06222167315249205,0.0009256076456001239,0.18176589013517397,0.005289085945487115,0.009670926752421817,0.009692707625973638,0.13582579066286604,,,0.8280481186041737,0.8901165474700926,0.813316230708313,0.8242097399620657,0.8855838211053066,0.861937161203523,0.30069237783621633,0.2853642069291495,0.6934030528697164,
2025-06-12,24888.19921875,23411.80078125,56082.55078125,35918.3515625,55104.1015625,38460.30078125,9348.5,22036.150390625,7017.5,1006.4500122070312,,,-0.010071084662786611,0.022766313163620877,-0.016525735990906676,0.04946120615123517,-0.006680851735085591,0.018069592853936722,-0.019286101219047946,0.04896821186764555,-0.012835762781914228,-0.02376192127202681,-0.008353895609138684,0.07446166625943529,-0.015512100899050862,0.08934025644524102,-0.0009520722136856508,0.012111690753096704,-0.012697407759136192,0.07264320379074474,-0.02024822369721957,0.1361404751874875,0.006234021581439351,0.009883767887794655,0.009725822500190951,0.1787060363421803,,,0.8354279817529281,0.8973182723760025,0.8232172948198712,0.8326209798575122,0.8871569894139751,0.8695061513533056,0.30478933935429653,0.32034771856379124,0.7166942867036211,
2025-06-13,24718.599609375,23327.400390625,55527.3515625,35740.55078125,54527.1484375,38469.25,9258.7998046875,21985.150390625,6934.85009765625,1007.0499877929688,,,-0.006814458847919758,0.015275187296789339,-0.0036050362555876125,0.04670542214457174,-0.009899678438585191,0.007475231279851169,-0.004950137562427237,0.046920311412983695,-0.010470239213420607,-0.030667245532400966,0.00023268717530067207,0.07181012751632121,-0.009595143104508708,0.08691765825862707,-0.0023143788318715774,0.016539221442947172,-0.01177768469451368,0.05803688959537712,0.0005961305366988245,0.14236288552870313,0.007019269501788617,0.00998109540583703,0.00975414912618551,0.19831421911993244,,,0.8364085842588538,0.8978673534218601,0.8270906043495843,0.8369263777207943,0.8819424259766485,0.8789632869018545,0.31516877356672135,0.3365155067579687,0.7168383810971463,
2025-06-16,24946.5,23368.25,55944.8984375,36010.44921875,54873.30078125,39073.05078125,9358.25,22039.44921875,6952.89990234375,1020.2999877929688,,,0.00921979376770854,0.019841651010862327,0.0017511428059260314,0.029474642466565504,0.007519661270536604,0.01867093541456133,0.007551602636230115,0.04125792548446339,0.006348256853130119,-0.036231755294629076,0.01569567332999733,0.08562638922654808,0.01074115408156362,0.08814957587269667,0.002469795619326476,0.01210976516308282,0.0026027678224220807,0.06117119682449146,0.013157241607279602,0.14982815784633496,0.007589841003868943,0.010079465257377488,0.009733247400156709,0.2181323966263791,,,0.8395813642116868,0.9118128291758119,0.8301992705423136,0.8506832870060987,0.8871988965681128,0.8784297957903237,0.31154270498733555,0.3366893797640929,0.7188903708331199,
2025-06-17,24853.400390625,23227.30078125,55714.1484375,35836.0,54708.75,39356.1015625,9224.400390625,21622.80078125,6903.10009765625,1013.7000122070312,,,-0.0037319707924959866,0.01943431347690394,-0.006031654862901581,0.021537065490109697,-0.004124594135384574,0.026583984226267843,-0.004844405513807604,0.061143946805481075,-0.002998740351085716,-0.03822993170651312,0.007244143356879285,0.0972116027036165,-0.014302846085005205,0.08207915578042813,-0.01890466650797873,0.004107445707879354,-0.007162450975414347,0.10711763558864784,-0.0064686618297565834,0.1847826567699733,0.006584169682323478,0.010085224278037888,0.009742651738201574,0.21929264330687911,,,0.8439715656834179,0.9266793480714747,0.8756788318727222,0.852929570284245,0.8784211761906761,0.8739482096381457,0.3069327370320086,0.38166781723344273,0.7515109986039847,
2025-06-18,24812.05078125,23312.349609375,55828.75,35667.55078125,54452.3984375,39030.8984375,9158.25,21588.400390625,6874.64990234375,1008.9000244140624,,,-0.0016637405234334324,0.016287534580521346,0.0036615889605930985,0.008577015905892882,0.0020569561900163347,0.02230052237455471,-0.0047005586212188755,0.047565131126150906,-0.004685750679735867,-0.03777773666841899,-0.008263092940838046,0.08659720516242708,-0.007171240169955184,0.06391693912050656,-0.0015909313031654548,0.005868443558853853,-0.0041213650258612455,0.09938990903881173,-0.004735116637237025,0.1661561532028586,0.0062280522311266295,0.010093222250081309,0.009726089715045483,0.22090396249833805,,,0.8650077768118518,0.9289326416614907,0.8778837926763907,0.8567112288593994,0.8759820155173916,0.8743840084608904,0.31048697192593255,0.3838201358017617,0.7516566539645505,
2025-06-19,24793.25,23434.650390625,55577.44921875,35273.8515625,54283.5,38664.94921875,9040.4501953125,21441.849609375,6734.2998046875,992.75,,,-0.0007577278241026608,0.0213995831732805,0.005246179956087227,0.033540396746880585,-0.004501279022904869,0.022289824844876405,-0.011038022239445833,0.051859684730018785,-0.0031017630507839122,-0.03100995244573035,-0.009375885091038705,0.07395330200516947,-0.012862698079600388,0.07261755212392251,-0.006788403892751704,0.015477056224519892,-0.020415599288685415,0.0917328650566065,-0.016007556768017572,0.1765228897390989,0.006199147494521362,0.010025866030025051,0.009586207613210985,0.20733397632539805,,,0.8752651378076041,0.9248554668424427,0.8706952116458522,0.8551291187887807,0.8762533792382838,0.871657253521366,0.28903220393501994,0.35342101796240866,0.7433136919722356,
2025-06-20,25112.400390625,23679.349609375,56252.8515625,35600.19921875,54630.94921875,38991.44921875,9138.599609375,21613.0,6844.75,1013.6500244140624,,,0.01287247095983779,0.04600134915965515,0.010441769545147306,0.04647154349159477,0.012152453076636371,0.04958651303053907,0.009251829380518828,0.067870865869744,0.006400641424189724,-0.018011805605485987,0.008444340587460797,0.08671512957761007,0.01085669540145151,0.08527350604681194,0.007982072150630515,0.02568604885688175,0.016401140209947318,0.09228507155775145,0.02105265617130425,0.23053113737670694,0.008323765695543616,0.010010292212850979,0.009670535398148506,0.20419638215019711,,,0.888189002799416,0.9281442456538691,0.8699845904825455,0.8577819810197206,0.876474701544592,0.8815658798181663,0.3093784109448809,0.44100808985543316,0.735068669475325,
2025-06-23,24971.900390625,23461.150390625,56059.3515625,35608.94921875,54226.8515625,38414.1015625,9198.5498046875,21626.19921875,6839.5498046875,1012.6500244140624,,,-0.0055948454872697395,0.0018937509119263396,-0.009214747125639411,0.0025940173758016716,-0.0034398256199512645,0.012214972340970354,0.0002457851414323642,0.025181115434232293,-0.007396863170580081,-0.050341094152822174,-0.014807032511435003,0.0034363118069560272,0.0065601074426107076,0.0318927340704489,0.0006107073867580581,0.02480725307096554,-0.0007597348789217806,0.05688875790389902,-0.0009865337896854953,0.16049742464648076,0.007571155739330521,0.00731317645278532,0.009681100514985363,-0.3391806592030839,,,0.836555537197903,0.8630056601259961,0.7419153495947494,0.8025910603131189,0.7520849784724646,0.7424483705500838,0.41009784340811267,0.20025388967802482,0.5825777606363056,
2025-06-24,25044.349609375,23598.25,56461.8984375,35727.05078125,54346.30078125,38417.94921875,9291.099609375,21672.099609375,6939.10009765625,1014.25,,,0.0029012296868362597,0.018959775876174145,0.005843686566613826,0.018603848104544074,0.007180726565329643,0.02768517108384594,0.0033166258789185665,0.03409048767339384,0.002202768836990776,-0.03528672592708881,0.00010016259898049107,0.02846630968532371,0.010061347348506722,0.051665793049871844,0.0021224437156392995,0.014623280205760869,0.014555094386552003,0.055777877163370126,0.0015799886904297455,0.17078380964076478,0.006863333730660349,0.006832795955488393,0.009680177656103914,-0.4359609818017206,,,0.8344976746512902,0.8486340786588398,0.7458786382791709,0.7854948099322525,0.7063192357850108,0.738398935059815,0.5762859777474003,0.32061791719105454,0.5652117132212993,
2025-06-25,25244.75,23827.80078125,56621.1484375,35820.55078125,54747.25,39046.30078125,9329.2001953125,21804.80078125,6952.9501953125,1019.7000122070312,,,0.008001820520425307,0.023426113545852,0.009727449334166804,0.020163300263147166,0.0028204861049134777,0.03320811057960604,0.0026170646038623513,0.02225411217653739,0.007377672683994918,-0.02847206456937057,0.016355676845793976,0.03150959356211325,0.004100761754728621,0.030611747317773164,0.0061231340879217555,0.01509745030376397,0.001995950117642531,0.051947181763386974,0.00537344067737866,0.15743474711354288,0.006659003216032196,0.006944662491512557,0.00966940028120542,-0.41342368167123955,,,0.8410522558429154,0.8578987279398639,0.7576287156428138,0.7939809605854599,0.722996160567876,0.7708635166273055,0.5840834605728537,0.3117129205266024,0.5513088337973596,
2025-06-26,25549.0,23961.69921875,57206.69921875,36179.1015625,55118.80078125,38996.25,9544.5498046875,21808.19921875,6982.64990234375,1009.5499877929688,,,0.012052010814129765,0.01942775737922875,0.0056194207232656,0.006588977118058725,0.01034155606886622,0.03344011453222118,0.010009638976229196,0.023090833755209594,0.006786656521560408,-0.027646153219599512,-0.001281831575554393,0.018343679771111843,0.023083394596163043,0.03631902183957303,0.00015585730564993128,0.007276863525227828,0.004271525927407538,0.054518134501829074,-0.009953931835397167,0.12428306038065617,0.007159462063422552,0.006677227911539925,0.009621128585026853,-0.46730264859312964,,,0.8011678657595259,0.8621934750833571,0.7667871609061202,0.8116763846410149,0.666063779829071,0.7709081732240695,0.5327436087614476,0.3369708215748797,0.4319918199512227,
2025-06-27,25637.80078125,24007.94921875,57443.8984375,36542.6015625,55109.0,38822.94921875,9578.2001953125,21928.599609375,7015.5,993.9500122070312,,,0.003475704773181043,0.024700436482417265,0.0019301636156008328,0.0022877503472966687,0.004146353870951192,0.03773830426874758,0.010047236783148117,0.024612524450479567,-0.00017781194639732156,-0.03422255790237294,-0.004444037086899333,0.022400447200378704,0.0035256131838166116,0.040899449775191776,0.005520877236002253,0.013654956330683143,0.004704531677182322,0.058368267302857824,-0.01545240530391312,0.08920061969529036,0.006736073370502378,0.006681088056158914,0.00962089776063622,-0.4665249608152009,,,0.8196837689136331,0.8631169494175959,0.7913232018518651,0.837927714204663,0.6531220654993724,0.7708015112618632,0.5359578962587,0.3390863809225976,0.4173452205242831,
2025-06-30,25517.05078125,23872.55078125,57312.75,36568.6484375,54883.8984375,38950.0,9534.7998046875,22038.69921875,7202.39990234375,986.5499877929688,,,-0.004709842354665206,0.022914061698690924,-0.005639733584335227,-0.0074856286243097925,-0.0022830699354901007,0.034139785457810934,0.0007127810797884493,0.024594450302281246,-0.004084660627120762,-0.03637565352841732,0.0032725690295738463,0.0392818998997011,-0.004531163448247777,0.03518169581060171,0.00502082263966952,0.013718667769881066,0.026640995273857992,0.0709410898416325,-0.007445066978399639,0.05716885435927499,0.007403066247262512,0.006722647044085267,0.009639419231022009,-0.45815223902275237,,,0.8407799171846074,0.8690682110651382,0.7866293769649773,0.839663733149687,0.6377116804752069,0.7773636774105768,0.5266501198840373,0.2782105923428213,0.4736894058791841,
2025-07-01,25541.80078125,23824.0,57459.44921875,36480.1015625,54502.94921875,38833.1484375,9564.5498046875,22041.25,7253.60009765625,984.2000122070312,,,0.0009699396772837598,0.03475546315811706,-0.002033749208238511,0.01244308794159088,0.0025596262393621227,0.04705215508276206,-0.002421387685446863,0.02948917024696751,-0.006941001452070883,-0.030304472923384895,-0.003000040115532787,0.041563920702187396,0.003120149411566464,0.044615309955049254,0.00011574100742883786,0.027269552026940147,0.007108768744684468,0.08871232640586202,-0.002382013699270047,0.06653665499163153,0.006356755527190416,0.0063773672626251275,0.00962082809272862,-0.5277143649302999,,,0.827819581891632,0.8529517080526919,0.7739471007248233,0.8159529780329221,0.6311410569594574,0.7812546725179638,0.4661380098210642,0.23313120542227792,0.44700852465647345,
2025-07-02,25453.400390625,23899.849609375,56999.19921875,36331.25,54439.69921875,38879.1015625,9699.2001953125,22110.80078125,7193.64990234375,970.0499877929688,,,-0.0034610085397696055,0.025790496364827442,0.0031837478750420534,0.008428234618937491,-0.00800999672391245,0.03493588938853809,-0.004080349454207988,0.019192259889643015,-0.0011604876599639047,-0.03498207906152195,0.00118334790891228,0.035668523639200034,0.014078068845332359,0.053327735088628314,0.003155482617818839,0.017821608415870882,-0.008264888400984605,0.07254249938174051,-0.01437718374167829,0.033397225075377124,0.005944927440181415,0.006383030158018646,0.009633601936632577,-0.5265734842198818,,,0.8064334791213238,0.8468490520974757,0.7740204853618493,0.8066503038877255,0.6209312993031352,0.7239960302782839,0.43987795052065837,0.2446477867419456,0.44834119527445154,
2025-07-03,25405.30078125,24004.94921875,56791.94921875,36362.80078125,54515.75,38854.30078125,9623.4501953125,22204.25,7129.89990234375,963.1500244140624,,,-0.00188971251922454,0.03232878043035314,0.004397500866857973,0.023233211524751995,-0.0036360159939198278,0.0336841030551569,0.0008684199208670584,0.02844405152872187,0.001396972840434163,-0.019466523844663186,-0.0006378949166335746,0.04869487491510127,-0.00780992231056421,0.04834604650529428,0.0042264058943195515,0.03171210519590639,-0.008861982563153292,0.06927911779485041,-0.007112997748296435,0.03076840673032777,0.006194761784625171,0.006173856765193247,0.009637217879143971,-0.5687148045911389,,,0.7748469046587215,0.8535803862301374,0.7564408909116176,0.7803796443560661,0.58968136109442,0.7311939871212213,0.37855229313372424,0.23038998468453709,0.45043606395833646,
2025-07-04,25461.0,23980.400390625,57031.8984375,36509.6015625,54735.6015625,39166.55078125,9580.400390625,22384.599609375,7152.9501953125,971.9500122070312,,,0.0021924250859925998,0.024457648218484618,-0.0010226569488356319,0.01978079716885861,0.004225056932379179,0.02948917046116084,0.004037114251267848,0.02446000362588019,0.004032808179287528,-0.03126345317250312,0.008036433386305664,0.04713456244597425,-0.004473427285826115,0.03576379467438939,0.00812230133307823,0.04433789889429307,0.0032329055504933812,0.06717442029033016,0.00913667400706597,0.03746601647626768,0.0056298733187681105,0.005950869265571896,0.00963604772711287,-0.6136391973802958,,,0.7897059106037911,0.8441614472213406,0.7459411133187791,0.7631618104831225,0.5725253708104968,0.7238102179238858,0.44302213839979504,0.22675369792660627,0.4636497702282864,
2025-07-07,25461.30078125,23943.900390625,56949.19921875,36532.3984375,55652.8515625,38866.94921875,9522.150390625,22365.05078125,7141.25,972.75,,,1.1813410706551508e-05,0.018405168699659136,-0.001522076337568956,0.007606314694339034,-0.001450052006258029,0.024782250391384153,0.0006244076633095119,0.018108967764452366,0.016757831718587024,-0.024484750583766646,-0.007649424228682089,0.028609900146694178,-0.00608012166767069,0.019889807306607166,-0.0008733159612474006,0.040147800120665655,-0.0016357160322697517,0.06358819351713052,0.0008230750377298257,0.030455508474576343,0.002997180961835034,0.005872537450937636,0.009634380186514586,-0.6294203923553168,,,0.7848136452694978,0.8452347457891635,0.7386627590928795,0.6595864645351276,0.552695679490312,0.7137082587551574,0.4411683613359833,0.23190684201211648,0.45749279154768013,
2025-07-08,25522.5,23852.900390625,57256.30078125,36605.8515625,55504.0,38983.25,9517.400390625,22165.900390625,7123.2001953125,982.3499755859376,,,0.0024036171315751087,0.028047014974572404,-0.003800550391348523,0.010848882512624725,0.005392552778843873,0.03438850379987968,0.002010629691495902,0.020204430673963714,-0.002674643945833277,-0.018455275443407526,0.0029922796511616667,0.03951316048098552,-0.0004988369018700256,0.023932370872162823,-0.008904535588712403,0.029777128176296852,-0.002527541353054441,0.0581891399112382,0.009868903198085421,0.03809572889993085,0.00278048226804857,0.005700061455541932,0.009611402113508982,-0.6641684359766622,,,0.761589017294136,0.8408283707330296,0.7576764304327799,0.6362583626155903,0.5331365787984913,0.7131891892465794,0.418073228256099,0.23658208151295043,0.4784425599638142,
2025-07-09,25476.099609375,23944.400390625,57213.55078125,36517.5,55946.19921875,38680.8515625,9384.5,22208.5,7092.35009765625,967.75,,,-0.00181801902732881,0.02923550652421225,0.0038360114913305043,0.021647331573855233,-0.0007466427173373757,0.03241876646606645,-0.002413591235520096,0.01752506593491643,0.007966979294285137,0.0043506445147349915,-0.0077571376809271175,0.0324323298612732,-0.013963938173276014,0.015693489907462554,0.0019218533253455572,0.03810535022554706,-0.0043309322790830995,0.043437641899934265,-0.014862295463721309,0.024182426707108018,0.002236747111236551,0.005676642474846522,0.009532909942206964,-0.6688865636262783,,,0.7425357989438293,0.8483588216238007,0.7642742360982582,0.6014620993195996,0.5374035830585545,0.7052098844130257,0.3994156966233694,0.2635838235205269,0.48475239297784534,
2025-07-10,25355.25,23916.849609375,56956.0,36447.6484375,55628.19921875,38376.6484375,9423.5498046875,22076.80078125,7035.60009765625,974.7000122070312,,,-0.004743646446198069,0.02100583076277318,-0.001150614790954907,0.01532957385670164,-0.004501569606031208,0.0253834286851935,-0.0019128243308003112,0.01275259258358763,-0.005684032238841064,-4.044547602255477e-05,-0.007864437123584866,0.01648825429159162,0.00416109592279823,0.0076884198039073315,-0.005930126696985338,0.022578316655881503,-0.00800157905610921,0.03759197354278587,0.007181619433770381,0.019880715451831676,0.0027178085746359035,0.005752901454096997,0.009553379954046084,-0.6535229744413871,,,0.7369709178029199,0.8530161198477474,0.7611196062350818,0.6186690334751329,0.5488018758803542,0.6809588663464219,0.41585266738409254,0.28914768877915936,0.45541547155793777,
2025-07-11,25149.849609375,23493.80078125,56754.69921875,36097.8515625,55910.25,37693.25,9382.849609375,22225.900390625,7025.75,962.9000244140624,,,-0.008100901810276007,0.016126832906709243,-0.01768831744291155,0.007211011707814574,-0.0035343209012219656,0.018027003088511684,-0.009597241248631705,0.006098287900201171,0.005070284230141553,0.011346164281967441,-0.017807663392309436,0.009953981257577738,-0.0043189876592210075,0.020623784774155052,0.006753678254941331,0.036556652969987224,-0.0014000366023548816,0.007131594036697164,-0.012106276439096342,0.014272975379560737,0.003768419581227776,0.005931389001624441,0.009604097156974982,-0.6175638076418486,,,0.7536553212961281,0.8709038823877464,0.7761852279387895,0.5434711768733779,0.5824031545195214,0.6767994081582144,0.3306458255144157,0.3841949924324419,0.4710275828496715,
2025-07-14,25082.30078125,23552.0,56765.3515625,36201.05078125,56025.6015625,37273.69921875,9407.9501953125,22410.349609375,7076.7001953125,976.25,,,-0.002685854157148504,0.01479577197731885,0.0024772159810109162,0.00964327727750347,0.00018769095593196283,0.015418617634912923,0.002858874262123834,0.007437287294681294,0.0020631559061174976,0.005258162010208789,-0.011130660827867067,0.005716057005213271,0.002675155947551522,0.030607314042535805,0.008298841239646748,0.04750141480853309,0.007251922615023387,-0.006911358997765182,0.013864342348585135,0.005148005148005064,0.003786845224130928,0.005950828674217137,0.009377082384455738,-0.6136473751569341,,,0.743774648248643,0.8752162849631366,0.7672613797717861,0.5635849754872087,0.5856429393108412,0.669458459386032,0.29699412173499906,0.42007781933315896,0.4830723414249473,
2025-07-15,25195.80078125,23905.25,57006.6484375,36308.5,56429.05078125,37424.6015625,9411.9501953125,22665.69921875,7138.35009765625,983.9500122070312,,,0.004525103218794291,0.02661916191300806,0.014998726222826164,0.027356526261556713,0.0042507774259854525,0.02530036876860353,0.0029681243066472796,0.021347593338445048,0.007201158175873079,0.017458276591046706,0.00404849389550499,0.0165613148718875,0.00042517231883221207,0.03175190432528452,0.011394271567641168,0.06141649174315278,0.008711673610899417,0.007665148391929666,0.007887336447663262,0.0010682549261251673,0.004270538536675269,0.005818022734098986,0.009380942673483186,-0.64040325263317,,,0.7372415284247301,0.8722323583033603,0.751605142012035,0.558176912789753,0.577064935770474,0.6752927550696106,0.3013115078321061,0.4190000553669535,0.5492829166023233,
2025-07-16,25212.05078125,24011.150390625,57168.94921875,36350.8984375,56685.55078125,37660.75,9360.7001953125,22593.900390625,7267.2001953125,988.8499755859376,,,0.0006449487413033861,0.024039267807762554,0.004430005568860418,0.029081662249814677,0.0028470500493980033,0.02679924626440222,0.0011677275982207025,0.017257955466549735,0.004545531006614478,0.020799361500120073,0.00630997866752514,0.019563767679756427,-0.005445205184524293,0.019972954963885625,-0.0031677305620293472,0.0571878332820035,0.018050403229529888,0.02342678628170969,0.004979890561630951,0.013165958592149085,0.004314052487258324,0.005802237680661885,0.009375398856782798,-0.6435834037268875,,,0.7333559656467883,0.8714568414047851,0.7501313567480175,0.554181890466713,0.570886007791576,0.6689735686251524,0.30236570904138904,0.3951405711143409,0.5592871685945625,
2025-07-17,25111.44921875,24002.5,56828.80078125,36438.25,56843.05078125,37138.55078125,9423.349609375,22680.349609375,7209.89990234375,1001.0999755859376,,,-0.003990217351728331,0.014567099476573642,-0.0003602655634682428,0.029876204812057994,-0.00594988087324233,0.01915231186082189,0.0024030097261609207,0.01712214875279705,0.002778485836854472,0.021760709433083614,-0.013865874119607269,0.0008246632633779338,0.0066928127976870755,0.020782062435682258,0.003826219344840176,0.04787196699462082,-0.007884782506158317,0.021282925085296167,0.012388127928851134,0.008055583724367654,0.004043801399782958,0.005801914912591476,0.009331767848082645,-0.6436484305091039,,,0.746898926395719,0.8802927227596957,0.7345825913479302,0.5399030305140236,0.5794970989257099,0.6363898817685644,0.2590034841485034,0.4333598759543287,0.5081534669848607,
2025-07-18,24968.400390625,23894.349609375,56283.0,36231.6484375,56506.8984375,37141.8984375,9458.2001953125,22592.75,7162.5,999.9000244140624,,,-0.0056965580472427835,-0.0013858465084182203,-0.0045057969221956595,0.009849366705556362,-0.009604298766587416,-0.005221046294308196,-0.0056699090241710826,0.008562443531856534,-0.005913692863594222,0.012619447241960291,9.013965756810016e-05,-0.004101186050939898,0.0036983225054951774,0.005501544038981621,-0.00386235710135574,0.04188954239046949,-0.006574280223826889,0.00876022097988538,-0.0011986327051630719,-0.03818771845343638,0.00422676522151314,0.0056087772465727905,0.009322150563118244,-0.682559097633216,,,0.7211481482970362,0.8708394014971841,0.7625322199280715,0.563400304316009,0.5694206106946086,0.5654265895507533,0.29219157661187345,0.4410393033925822,0.41228169377917273,
2025-07-21,25090.69921875,24055.0,56952.75,36248.55078125,56222.69921875,37031.75,9555.5,22531.849609375,7118.10009765625,1006.25,,,0.004898144302865282,-0.0004979445006619843,0.006723363190516363,0.011685572274655387,0.011899685517829495,0.001990662045292302,0.00046650772125800266,-0.0028677295217861554,-0.00502946058991971,0.003509036873298843,-0.0029656114020490953,-0.01692229280076407,0.010287348827287657,0.008283211986915617,-0.00269557227982431,0.032301977517963154,-0.006198939245200652,-0.012533914393277334,0.006350610491942632,-0.030727759633842,0.005010457080077488,0.005633245400331724,0.009329931553656313,-0.6776295973152235,,,0.7243485252773267,0.8569853898890452,0.7593252420536641,0.5193856026797569,0.5421666602756745,0.5708249252793157,0.2522083186416882,0.39804178953138714,0.42891071992704427,
2025-07-22,25060.900390625,23875.849609375,56756.0,36198.5,56003.94921875,36858.8984375,9533.2998046875,22307.19921875,7006.35009765625,996.0499877929688,,,-0.0011876443882732346,-0.0017267836870250575,-0.007447532347744756,0.004918119844059099,-0.003454618082533334,0.0022408696941791373,-0.0013807664077949422,-0.008674457931959978,-0.0038907772668276275,-0.0034671836372175413,-0.004667658495750238,-0.03762667265013053,-0.0023232897611323855,0.0024816354764405357,-0.00997034839658828,0.016365920300255077,-0.015699413954124553,-0.02294009744448089,-0.01013665809394415,-0.029474870501757344,0.004085322688802235,0.005637391579504023,0.00931635911909154,-0.6767942833087124,,,0.7172819236604203,0.8614835579505459,0.7665302443268651,0.521834787845377,0.5792113870934741,0.572686561063436,0.25361818644151884,0.39516539540468587,0.43690406882086136,
2025-07-23,25219.900390625,24079.400390625,57210.44921875,36302.94921875,55710.3515625,36951.5,9579.0498046875,22417.44921875,7037.5,970.2000122070312,,,0.006344544590244583,0.003122339996195045,0.008525383790743746,0.011518541363813917,0.008007069186517723,0.013296183896492675,0.0028854570976697413,-0.008785055082043636,-0.0052424455836714845,-0.001975077245926049,0.0025123258270189908,-0.0472562543176247,0.0047989679268771734,0.008767034026865739,0.00494235062496462,0.016334785851491507,0.004445952872690562,-0.009883577784812303,-0.025952488231253734,-0.055536615033310976,0.0046643833426993206,0.0057514949813538075,0.00933168194586916,-0.653806330836116,,,0.7286681738356631,0.8772451168285077,0.7661254739600195,0.4939792977278781,0.5958323199501415,0.5794874801705678,0.2684522613781802,0.4146721746384612,0.30994464515958614,
2025-07-24,25062.099609375,24087.30078125,57066.05078125,36048.3515625,55085.8515625,36135.80078125,9582.2998046875,22541.05078125,7124.7998046875,960.0999755859376,,,-0.006256994627491075,0.006987262882964584,0.0003280974815333959,0.028852970615613316,-0.002523987129481875,0.017536648856007586,-0.007013139751150144,0.0036193197723395354,-0.01120976591395928,-0.0003311913175700898,-0.022074860797261286,-0.060438944906359926,0.00033928208603839494,0.02500933889795154,0.005513631871935765,0.022912368162081753,0.012404945603907702,0.015290317732454595,-0.010410262310879492,-0.04605299424603637,0.00499442924510506,0.005557334444562065,0.00936210395401027,-0.6929230716121565,,,0.6741483467214442,0.8704512816016563,0.7578190134417029,0.4622035239036584,0.6106539139466473,0.5180392963974315,0.2296840483608328,0.30525377019461525,0.2571858285761641,
2025-07-25,24837.0,23781.55078125,56528.8984375,35250.5,54579.94921875,35623.75,9425.099609375,22662.69921875,7003.64990234375,950.5999755859376,,,-0.008981674037030651,0.004789931165036343,-0.012693410638937253,0.01946853841491558,-0.009412817890781522,0.018037000627928235,-0.022132816839535607,-0.0137113382569104,-0.009183888955152208,0.0009683393091888259,-0.014170179439213948,-0.07396816938203887,-0.016405267891493103,0.017961270164120746,0.0053967509625234555,0.030818475929731415,-0.017003972836407866,0.009920878421114221,-0.00989480287633826,-0.05605482636541792,0.005806014052832351,0.005665329346977102,0.009412400402920363,-0.6711657739001404,,,0.7031883780228602,0.8761912200023169,0.7488391767594251,0.46872913997893145,0.6654803902001701,0.5447375306363091,0.16465344505904284,0.33472618335907994,0.300209512636936,
2025-07-28,24680.900390625,23693.0,56084.8984375,35021.55078125,54732.94921875,35370.05078125,9316.4501953125,22761.150390625,6919.5,911.9000244140624,,,-0.006284962329387578,-0.010646768459503297,-0.003723507439212792,0.013897061183443249,-0.007854389741751233,0.0025024623139928703,-0.006494921171330881,-0.027461430194686276,0.002803227232528016,-0.0025577386543503833,-0.007121631460753064,-0.0947712022982592,-0.011527667458753221,-0.004466626205487101,0.004344194437066351,0.032745880566789065,-0.012015149745790321,-0.004803736974911876,-0.04071107949273933,-0.10624322716438372,0.00599076785858047,0.005517012222947406,0.009436345318302605,-0.7010466270806215,,,0.7317038431547503,0.8769656652711912,0.7407473735689962,0.4118401721865601,0.6272121729421859,0.5394886690956142,0.13650899260545632,0.3666110814448633,0.3096977010656027,
2025-07-29,24821.099609375,23888.349609375,56222.0,35410.69921875,54891.1484375,35373.25,9409.7001953125,23072.44921875,6953.5,926.5,,,0.005680474234370125,-0.0012996523913155755,0.008245034794031936,0.028459993451267707,0.002444536164272204,0.009115306914718513,0.011111684914545394,-0.0118679758134278,0.002890383599059021,0.0033339902209428285,9.044993375284527e-05,-0.10120035787017623,0.01000917710555882,0.020088005381447394,0.01367676162155762,0.0670425839911104,0.004913649830190048,0.007301053386269407,0.01601050026873141,-0.08602151638252331,0.006486633916055224,0.0055848051850163625,0.009341194706109716,-0.6873886522546883,,,0.7376068148219987,0.8695784207371522,0.7473244536567374,0.412950058654445,0.6764515645622096,0.5498944069774625,0.15065447735313806,0.3651216240312634,0.3422372071180695,
2025-07-30,24855.05078125,23745.80078125,56150.69921875,35422.05078125,55020.3984375,35481.69921875,9399.75,23073.900390625,6907.7001953125,917.6500244140624,,,0.001367835124523431,0.0017330288567882768,-0.005967294955740998,0.018593199704790342,-0.0012682007265838457,0.0057667280523028275,0.0003205687193543749,-0.006883006952332016,0.0023546601533972478,0.010431129138452011,0.0030658539645069816,-0.09093306484946317,-0.0010574402059543297,0.026369666693964566,6.28963081137357e-05,0.06881010047623048,-0.006586582970806054,0.004807560157715329,-0.009552051360968816,-0.0904450369628994,0.006092604756590232,0.005581618908585139,0.009338249949890938,-0.688030578524879,,,0.7251038433311634,0.8714000344792404,0.7470395655205202,0.4113905602676244,0.6744045213856587,0.5463068770230376,0.14149104842909604,0.3545007427655668,0.33565283463557066,
2025-07-31,24768.349609375,23655.849609375,55961.94921875,35116.1484375,55812.1484375,35301.6484375,9285.4501953125,22771.05078125,6850.9501953125,912.3499755859376,,,-0.0034882717656889994,-0.0010043213626692582,-0.003788087531923834,0.009438980956101295,-0.0033614897521520026,0.00691827360566033,-0.008635929795231534,-0.004470822380158057,0.014390117528854107,0.028160461972791095,-0.005074468957643741,-0.08698578038268878,-0.012159877091146076,0.02710042030064308,-0.013125202252240342,0.0619909754097816,-0.008215469460951752,0.017321829144554046,-0.005775675570334093,-0.08098718147979089,0.006145394020482403,0.005617774342443577,0.009269901567430064,-0.6807464889912641,,,0.7374726143219895,0.8787007798521058,0.774910427281958,0.3331170824972121,0.6773115629859118,0.5695174942244571,0.1768512675164941,0.3803085693298159,0.33881835319168113,
2025-08-01,24565.349609375,23410.94921875,55617.6015625,34889.0,56197.05078125,34649.6015625,9102.349609375,22011.69921875,6773.35009765625,896.1500244140625,,,-0.008195943742782208,-0.021784089642590487,-0.010352635591999393,-0.011334787274678182,-0.006153246287115111,-0.011292760853095607,-0.006468489501469166,-0.019977394350518818,0.006896390024853094,0.02866692936688886,-0.018470720316486666,-0.11135384150230854,-0.019719085460167873,-0.003966690909930293,-0.03334723416124741,0.01844719468606848,-0.011326910201353568,-0.010431338229117237,-0.017756290464600588,-0.11591772028804559,0.005401254457800742,0.005255963832125192,0.009294439010713116,-0.7536389942141539,,,0.7364733285645231,0.8623003279897697,0.7663971190843617,0.23906180839348726,0.6795321341499697,0.5858462414549495,0.2682871618423979,0.3344045263023833,0.2674469481733472,
2025-08-04,24722.75,23787.5,55619.3515625,34923.44921875,56139.6484375,35203.3515625,9327.849609375,22153.80078125,6858.89990234375,912.0499877929688,,,0.006407415043054421,-0.009977229875485882,0.01608438759708286,0.013910213435459173,3.1464859160390546e-05,-0.007848824285979217,0.0009873948450800363,-0.019250778667713297,-0.0010214476196169775,0.035273979954292045,0.015981424750329598,-0.08358258736771673,0.02477382320799304,0.014056542328184207,0.0064557288870708,0.024396407207909476,0.012630353289593277,0.002829147854583658,0.017742524070456067,-0.09934334093291775,0.006438032283239469,0.005328442960610918,0.009218475390347357,-0.7390369163280053,,,0.7428788963302319,0.8395151266942029,0.7709894142353337,0.18512771325185212,0.6894879751494899,0.6494126923163488,0.29103358116625916,0.37387449430280667,0.3312644530651483,
2025-08-05,24649.55078125,23876.30078125,55360.25,34914.3984375,55733.69921875,35034.5,9336.0498046875,21970.150390625,6848.64990234375,907.8499755859376,,,-0.0029608040671041946,-0.015763988056500033,0.0037330859169733,0.011782686480989124,-0.0046584786629316755,-0.019511360191323712,-0.00025916057698960326,-0.022746135658543887,-0.007231060935515843,0.025528847733067073,-0.00479646269475853,-0.08806949063014269,0.0008791088681638914,0.004837984436970588,-0.008289791554884518,0.013752741387413447,-0.0014944087457082755,-0.013034859569622026,-0.004605024136006608,-0.10490512636338412,0.00569827060725058,0.005313688716516172,0.009225819213144892,-0.7420093944182344,,,0.7265110140240696,0.8435470823332007,0.763763121059916,0.19734656306143963,0.6883916392576962,0.6399471756922448,0.29987556800252907,0.35913369402481893,0.32607864817792465,
2025-08-06,24574.19921875,23748.849609375,55411.1484375,34683.3515625,55230.80078125,34426.25,9298.75,21523.75,6889.0498046875,894.1500244140625,,,-0.003056914228121266,-0.026561989374028316,-0.00533797815007786,-0.003313405739783004,0.0009194040399023162,-0.021370106989893167,-0.006617524154500232,-0.031747117058436136,-0.009023238086640628,0.008832421377329425,-0.017361457991408424,-0.1183223682861283,-0.003995244827075806,-0.003263966328839185,-0.020318494989250757,-0.012889399177252625,0.005898958615175198,-0.009190399590102039,-0.015090545288645285,-0.12312443492202108,0.005324011500284773,0.005080905981227827,0.009192600489670234,-0.7889071938571527,,,0.7099291585907259,0.8450960722397471,0.7744863589102643,0.16651545110873045,0.6432803106626053,0.6523233104417419,0.2879263407222619,0.35006222132256837,0.3116562324469585,
2025-08-07,24596.150390625,23808.099609375,55521.1484375,34613.80078125,55298.5,34726.80078125,9310.650390625,21684.80078125,6909.2998046875,893.0,,,0.0008932609229541644,-0.0372949864720733,0.0024948576867744876,-0.006410213565105072,0.001985160082434989,-0.02946422017471595,-0.0020053073914920727,-0.043265330360565124,0.0012257511713098523,0.0032602164089738928,0.0087302794016193,-0.10948358415873316,0.0012797839091276408,-0.0245060708832624,0.007482468494105277,-0.005658350616767338,0.0029394474672286286,-0.010504621981925477,-0.0012861649417458265,-0.11544746590286714,0.004646126385366702,0.004473327462387656,0.009183142763565253,-0.9113135891796672,,,0.7392807571000731,0.8190707117731658,0.7428008158229368,0.09538848629692351,0.6973204438000079,0.5644502522894659,0.3311317025785228,0.3574890135636501,0.4026992587125652,
2025-08-08,24363.30078125,23474.650390625,55004.8984375,34391.94921875,54900.94921875,34398.5,9147.099609375,21402.150390625,6881.25,874.1500244140625,,,-0.009466912735407229,-0.049711752223774774,-0.01400570495843756,-0.02221342703059781,-0.009298258673109738,-0.042458817495711454,-0.00640933839950264,-0.05885329045529697,-0.007189178390914708,-0.0037752595991580318,-0.009453815896201423,-0.11396478906896546,-0.017565988882439543,-0.04500851696005237,-0.013034493305993267,-0.0240074253772653,-0.004059717407033037,-0.01913619841778913,-0.02110859528100506,-0.12052918790851164,0.005362460715820773,0.004622820407544463,0.00923569654595089,-0.8811958480558985,,,0.770754855544,0.8282998345487712,0.7330112896448386,0.15438308656740443,0.7091478539729996,0.6040687493426597,0.3663422737654588,0.34921972146750724,0.49058343380305136,
2025-08-11,24585.05078125,23723.75,55510.75,34610.3515625,55309.8984375,34544.6484375,9194.7998046875,21604.650390625,7032.7001953125,890.4000244140625,,,0.009101804471857822,-0.03652459714054557,0.010611429999165534,-0.00623313288192362,0.009196482074678825,-0.03144152042957282,0.006350391551256607,-0.05355125110371395,0.007448855157687007,0.007761839303108475,0.00424868635260256,-0.1131027358793325,0.005214789097039096,-0.03565885041790273,0.009461666061775897,-0.019694847859066056,0.022009111035422357,-0.023561550223839656,0.018589486410976575,-0.09746081249669392,0.006976573973116079,0.004985046141053281,0.009131287630814874,-0.8082196894904048,,,0.7827345769780465,0.8529581052665184,0.7691677749577084,0.20530726734209157,0.7394172353839031,0.5984859456314857,0.42114979744781944,0.5725352935988971,0.5455918800095256,
2025-08-12,24487.400390625,23856.599609375,55043.69921875,34741.44921875,55034.44921875,34674.30078125,9229.7001953125,21753.5,7026.89990234375,883.9000244140625,,,-0.003971941790719136,-0.041281364601317594,0.005599857078876669,0.0013683516359552783,-0.008413699711317224,-0.04204269328797705,0.0037878163708700008,-0.04766029340053324,-0.004980107115207577,0.009751765869894458,0.003753181740568934,-0.10709529934054807,0.003795666177224266,-0.03500944803600614,0.006889702294816669,-0.013055067203538773,-0.0008247604487130467,-0.0312534730699795,-0.007300089647096941,-0.10191016719055901,0.006414476774207327,0.004991576029949241,0.009117937550491539,-0.8069041390935,,,0.7667772817905059,0.847671846563106,0.7430138996364383,0.2376911517154896,0.7132405233991437,0.5808044052080541,0.4026810578384122,0.5653594776866332,0.5481721021035159,
2025-08-13,24619.349609375,24122.650390625,55181.44921875,34739.3515625,55010.1484375,34692.94921875,9345.9501953125,22130.30078125,7017.14990234375,886.0499877929688,,,0.005388453516712133,-0.03276775473807414,0.011152083096764853,0.009322267080818847,0.0025025570947287967,-0.03189079890445279,-6.037906584699382e-05,-0.04381623086186137,-0.00044155581812788114,0.010478551993055918,0.0005378172617711563,-0.10767101541738466,0.012595208678505054,-0.03642052879480939,0.017321386501022884,0.0008819219255296051,-0.001387525101467335,-0.024535528194455924,0.0024323603569662566,-0.08659347565285214,0.006242543122181955,0.005124808889831518,0.009121277980076817,-0.7800622518131018,,,0.79010580441785,0.8515024864737786,0.7297102907908601,0.22315101781853833,0.7242749763060075,0.6570960983904651,0.4517055883533418,0.542444396807166,0.5444133881435049,
2025-08-14,24631.30078125,24118.80078125,55341.8515625,34469.05078125,54656.30078125,34833.19921875,9216.25,22151.849609375,7025.25,879.3499755859375,,,0.00048543816407109475,-0.030466082911769332,-0.00015958484298628228,0.004742837048414605,0.0029068164395997798,-0.025533507410787193,-0.00778082402498792,-0.05207932170550755,-0.0064324068612907626,0.0025781683504308983,0.004042608171351381,-0.10349180094988275,-0.013877689544884553,-0.042313327034294135,0.0009737250450412294,-0.0023599261684137396,0.001154328718778519,-0.014677611716449102,-0.007561663900837123,-0.08700622613710163,0.0061589933783278246,0.005130487376126941,0.008969617955327039,-0.778918230066517,,,0.7948910947717447,0.851441889340435,0.7104645100750029,0.21046256552814332,0.726603554869741,0.6259080036839761,0.4554320156103076,0.5457879890391404,0.5384883327839523,
2025-08-18,24876.94921875,25127.19921875,55734.8984375,34483.19921875,55304.25,34634.94921875,9387.5,22141.150390625,7053.7998046875,898.4500122070312,,,0.009973019276634965,-0.02293903543655007,0.041809642471276165,0.04782233863673668,0.007102163442365361,-0.022741659238668888,0.0004104678596978939,-0.05550327193467297,0.011854977550406876,0.01038900498518669,-0.005691409472756259,-0.11570080775837399,0.018581310185812994,-0.020134898622166664,-0.0004829943746761378,-0.010875745959201377,0.004063884514786009,-0.013861468054115034,0.02172063132015989,-0.07562117297894955,0.007021335784500376,0.005482932462115053,0.008289790970928385,-0.7079125391357498,,,0.7997488591595742,0.857869633800307,0.6800190350489513,0.28814853984595884,0.659746001291792,0.6843348468826985,0.41343911391837146,0.5353219023848731,0.5840128338871284,
2025-08-19,24980.650390625,25456.69921875,55865.1484375,34768.1015625,55886.6484375,34756.69921875,9457.5,22066.75,7122.85009765625,904.2999877929688,,,0.004168564680625764,-0.018877684009724893,0.0131132800409417,0.06318096899189074,0.0023369559046753086,-0.01903539990239378,0.008262062401538595,-0.04829403352803063,0.010530807984919788,0.004200986444287347,0.0035152354123877405,-0.10575180410653773,0.0074567243675098815,-0.006789473802960688,-0.0033602766483399327,-0.013337809252822463,0.009789091678340966,-0.002576566055487506,0.006511186495025134,-0.07036752732668339,0.007062041519097864,0.0055551228435002575,0.008128241978815771,-0.6933686339641371,,,0.8082782111465922,0.8592973515360868,0.6894557735517309,0.33596786042062843,0.671960746266443,0.6971335683758447,0.3991961956475052,0.5507591607758665,0.5906932272120865,
2025-08-20,25050.55078125,25469.25,55698.5,34847.8515625,56664.05078125,35690.05078125,9497.75,21969.5,7103.5498046875,913.8499755859376,,,0.0027981813736617234,-0.01849149647369963,0.0004930246903633861,0.0677632314269958,-0.002983048325494786,-0.027207499611294095,0.002293769185431005,-0.04802510869057175,0.013910341118762881,0.020900309549762186,0.026853860794597173,-0.08447728752092243,0.004255881575469189,-0.002064680460891033,-0.004407083054822292,-0.008860474294473786,-0.002709630654041284,-0.002758646406980314,0.010560641293688944,-0.0697307494298477,0.004847843136792293,0.005562990204177912,0.008093115961620533,-0.691783628518105,,,0.8174338664017543,0.8445352213777403,0.69018444716246,0.3633263981587738,0.6240784940902878,0.7035381165985252,0.4091786201570426,0.5488402704194242,0.592074568658404,
2025-08-21,25083.75,25377.5,55755.44921875,34681.6015625,56303.05078125,35723.8984375,9493.650390625,22177.69921875,7077.25,917.3499755859376,,,0.0013252889742787488,-0.015400693802854248,-0.0036023832660954103,0.059851137885921,0.0010224551603723597,-0.025485248557197582,-0.004770738870424451,-0.05027448312452931,-0.00637088233232086,0.006378477313618847,0.0009483779235130996,-0.0764448817840061,-0.0004316400594878145,0.011630922332036775,0.00947673905869495,-0.001386891561789394,-0.003702346771771059,-0.0021290682846071274,0.0038299503129666235,-0.052079591231270816,0.004346847646716395,0.005568992922759156,0.007865170796182272,-0.6905742849997263,,,0.8085981678663795,0.8460666413297636,0.6802613436345191,0.3611208791154547,0.6248570294446398,0.7139559458890439,0.4152206537536318,0.5407566736462986,0.5955738558226712,
2025-08-22,24870.099609375,25329.44921875,55149.3984375,34507.6015625,55737.44921875,35440.8515625,9375.4501953125,22265.0,6998.10009765625,909.6500244140624,,,-0.008517482060098724,-0.01913411978288515,-0.0018934403014481127,0.0590629465187289,-0.010869803575113024,-0.03171924928892478,-0.0050170693439988145,-0.053228313983733955,-0.01004566457148992,0.0019639319901474384,-0.007923179926602852,-0.07649956404559988,-0.012450447451617053,-0.005104192196349833,0.0039364219159483405,0.008524750511398338,-0.011183708692465322,-0.0053300357438581525,-0.008393689842262297,-0.0667384702762801,0.005677167561483788,0.005708966756284605,0.007609674082303335,-0.6623743209291876,,,0.7976558102195052,0.855119031476002,0.6843192300764399,0.3906665326954781,0.6210698869082685,0.7480101753303521,0.37500467451004116,0.556167469102676,0.6205506128256553,
2025-08-25,24967.75,25423.400390625,55139.30078125,34494.3515625,55681.6484375,36280.1015625,9436.75,22362.80078125,6980.35009765625,916.4500122070312,,,0.003926417350905487,-0.007240584425090124,0.0037091675805351887,0.08213228788910909,-0.00018309639880198514,-0.02846281382399296,-0.00038397336818674077,-0.04442092619345206,-0.0010011362563615567,-0.0040887236687369155,0.02368030007743971,-0.03749075597089668,0.006538331857188995,0.005744565123493528,0.004392579440826383,0.006159498072921599,-0.002536402702491336,-0.00646192966498238,0.007475389007271183,-0.04823970404954203,0.005567507174853288,0.0055870965827848305,0.0076058351825305445,-0.6869270135818404,,,0.7774434248104493,0.8597343775999288,0.6633206190567454,0.43139517850940984,0.5929931795772456,0.7584382277220679,0.42385461427461063,0.5550740217466783,0.6187466641473746,
2025-08-26,24712.05078125,25320.30078125,54450.44921875,33955.94921875,56187.0,36063.19921875,9280.0498046875,21990.0,6849.5,895.9500122070312,,,-0.010241179872034878,-0.014761404993467564,-0.004055303688369705,0.07508070572562842,-0.012492932495332676,-0.040780199188958366,-0.015608420490945463,-0.06201757998866786,0.009075729197694837,0.0028807979387770466,-0.005978548416584295,-0.0324759824050701,-0.016605313832887436,-0.013594926415397723,-0.016670576503215684,-0.018756941176819253,-0.018745492106504003,-0.03210538655615136,-0.022368923265799423,-0.08225350862275926,0.007275378789973986,0.0058651137379594894,0.0074749801353072845,-0.6309160178874678,,,0.7713014291451888,0.8801210726228473,0.718565899371625,0.3349187207216083,0.5839022706623966,0.7855094737077459,0.4903459627889597,0.6194097760230357,0.6779959598643882,
2025-08-28,24500.900390625,25183.5,53820.3515625,33682.8515625,55612.94921875,35488.80078125,9210.5,21808.349609375,6778.89990234375,882.5,,,-0.008544430103923584,-0.02758000813937711,-0.005402810275907277,0.05347151776283443,-0.01157194596721578,-0.05589342580792733,-0.008042704225131758,-0.0723149796190975,-0.010216790027052558,-0.014462436479104723,-0.01592755079813768,-0.05172535445747273,-0.007494550799971966,-0.021403661423201048,-0.008260590751477892,-0.03782586193792625,-0.010307335959741537,-0.050354800534442745,-0.015012011857558072,-0.10310484368964601,0.0065867268585286486,0.005965142384402394,0.0074399902445519625,-0.610763649657861,,,0.7664436381718491,0.8844237953064937,0.7201855002965705,0.3552725541439877,0.6036009078055872,0.7931325880016781,0.48556688685067356,0.621381233042384,0.679713869632957,
2025-08-29,24426.849609375,24960.849609375,53655.6484375,33638.6484375,56141.8515625,35181.25,9154.7998046875,21804.05078125,6756.0498046875,870.75,,,-0.0030223697933294824,-0.031143883482058765,-0.008841121791053674,0.03955242474016596,-0.0030602387427501876,-0.0614547027584289,-0.001312333218521533,-0.07461301141327537,0.009510417109324543,-0.009591495738449085,-0.008666136202959307,-0.06583777540277347,-0.006047467055263045,-0.0219962595029064,-0.00019711845242764703,-0.034958532865920544,-0.003370767821538334,-0.07033663266283796,-0.013314447592068013,-0.11943164130226946,0.005967807354770733,0.005969655872124191,0.007445866145144101,-0.6098543354783336,,,0.7633570055164169,0.8868712789006967,0.7157105881334112,0.3266891986776159,0.6051876974031428,0.8016471066191969,0.48606799266093725,0.6498693640812095,0.6805492993671024,
2025-09-01,24625.05078125,25660.0,54002.44921875,34155.30078125,56175.19921875,35740.6484375,9305.2998046875,21778.849609375,6830.9501953125,879.7999877929688,,,0.008114070174605414,-0.01936958847985648,0.02800987953400469,0.06905530673888127,0.006463453361372773,-0.04973449243420458,0.015358891267879926,-0.0626525483180449,0.0005939892490520737,-0.011749045016427817,0.015900470776336828,-0.03764019635509719,0.016439463801594112,-0.012527371856187464,-0.0011558022923278122,-0.03974806453721336,0.011086417772265822,-0.0525596349691434,0.01039332505652446,-0.12116670737303004,0.007088634298498046,0.006168887680819194,0.007461417617101855,-0.5697159059918966,,,0.7813920402687163,0.8924859981831695,0.7569843101055695,0.32988212140595297,0.6307591266968335,0.8366736991459397,0.4807031197143466,0.6701457576419538,0.7322266862194617,
2025-09-02,24579.599609375,25584.94921875,53661.0,34490.5,56806.6015625,35737.8984375,9384.349609375,21719.94921875,6850.10009765625,886.1500244140625,,,-0.0018457290617897026,-0.015571713652749009,-0.0029248161048324173,0.07075311264014017,-0.006322846902126145,-0.04658600287831138,0.009813973558505884,-0.04805600938923604,0.011239877250657893,0.005303832510494155,-7.69432038931761e-05,-0.03780097569225116,0.008495137861939561,-0.007808101373673604,-0.002704476668025868,-0.03863189657080257,0.002803402425169299,-0.04361604221204185,0.007217591167537174,-0.11376137335995862,0.006908216129676015,0.006099575295641458,0.007454980635267693,-0.5836799928674634,,,0.7785859854581054,0.8874527930862925,0.7127381747120265,0.293689869408542,0.6405127140503608,0.8439232936712803,0.48047092124894575,0.6600944820660101,0.7335322025960713,
2025-09-03,24715.05078125,25775.44921875,54067.55078125,34626.6015625,56969.19921875,35474.94921875,9676.400390625,21959.599609375,6920.75,889.6500244140625,,,0.0055107151470170646,-0.01497162092713944,0.007445783783709414,0.07152148072126385,0.007576280375878097,-0.05065952423280706,0.003946059422159642,-0.044745215568424146,0.0028623021229514656,0.013277555335711178,-0.007357713526716103,-0.04203962224982616,0.031121046572928135,0.012652440021453604,0.011033653357629403,-0.025397382368551713,0.010313703644698968,-0.027725108518947494,0.003949669811626144,-0.11587575213509316,0.007032463677990542,0.006119280189478491,0.00741721393703566,-0.5797101273274368,,,0.7787667441789641,0.9069543304833275,0.7211695179711363,0.3258055160356164,0.6224503915879724,0.8187352690585588,0.5109103085147223,0.7005805889794596,0.7306226537617204,
2025-09-04,24734.30078125,25994.849609375,54075.44921875,34284.69921875,57104.05078125,35143.1015625,9616.349609375,21915.400390625,6844.25,882.75,,,0.0007788776228048189,-0.013032237640479116,0.008511990955540671,0.08875076844042273,0.00014608461796172811,-0.04722938158520684,-0.009873979204481742,-0.05286961562633807,0.002367095980798206,0.019643285479797656,-0.00935442230526451,-0.04655041110111857,-0.006205900833555877,0.008711548612649889,-0.002012751577270544,-0.017563783973188363,-0.011053715276523546,-0.023136168675110258,-0.007755886275175428,-0.11374929891221319,0.006770277159919681,0.006122021523423693,0.007311989117159712,-0.579157841826547,,,0.7848594249651325,0.907361991051043,0.7001931851423819,0.3263880641408587,0.6122841541532844,0.8107070130515737,0.5125972811749948,0.7016207594415,0.7281360616478931,
2025-09-05,24741.0,26320.599609375,54114.55078125,34297.8984375,56292.1015625,34635.8515625,9681.650390625,21924.80078125,6855.7001953125,872.5,,,0.00027084730671167456,-0.018988988188193723,0.012531328509110429,0.09307537490105378,0.0007230926985335451,-0.05411421304633557,0.00038498861156055497,-0.05523107142530492,-0.014218767454175052,0.010442404035942099,-0.014433842701614852,-0.06266723779819494,0.006790599749653348,0.010710935638657215,0.00042893994439729966,-0.021976114797572444,0.001672965673740645,-0.02583300954706924,-0.011611441517983545,-0.10070089773013013,0.005510706726559597,0.005989633189024152,0.007311984844901122,-0.6058295859618305,,,0.781288407019297,0.9039426717043572,0.6967638142611415,0.337245896906779,0.5959679815261131,0.8154406280241171,0.5062961234174636,0.6995228064216584,0.8320299028515886,
2025-09-08,24773.150390625,27189.19921875,54186.8984375,34290.6484375,56171.30078125,34310.44921875,9717.849609375,21865.19921875,6889.2001953125,876.5499877929688,,,0.0012994782193525012,-0.011529330074241395,0.03300075310843664,0.1287773364757654,0.0013369353566743403,-0.05045298043816959,-0.00021138321384939207,-0.04875959784048722,-0.002145963250561489,0.019704682562970977,-0.009394957221213862,-0.050513660221614076,0.0037389512417276283,0.0141458530259293,-0.002718454005336768,-0.029983143601370332,0.004886444716894811,-0.03306754096023801,0.004641819820021542,-0.08702217468756757,0.003947490582705934,0.0059027271737406,0.007312820358170835,-0.6233381905830239,,,0.7356656793298626,0.9144031089199072,0.6914632211362324,0.3012497878572996,0.5657845944685749,0.8287916653454163,0.5346272732931083,0.7852012156994876,0.8321489440767605,
2025-09-09,24868.599609375,27182.5,54216.1015625,34249.6484375,56497.25,35255.94921875,9734.2001953125,22052.650390625,6879.89990234375,873.9500122070312,,,0.003852930178235292,0.0012722796382413915,-0.0002463926464365551,0.1430078824561516,0.0005389333186081036,-0.04091353164359102,-0.0011956612624205443,-0.028392549396462408,0.005802771419151531,0.03512829910423121,0.027557202587814134,-0.010324594722621816,0.0016825312795256675,0.03279547153327078,0.008573037455531507,-0.026918630576020508,-0.0013499815225398448,-0.017669358366783516,-0.0029661463945529487,-0.08063324778823011,0.003431169131394078,0.005719280458143309,0.007322766327085172,-0.66029646098548,,,0.7005466221587928,0.9076306474255318,0.658381586249791,0.2641348642101571,0.5390308992895125,0.8109905765450993,0.5999995876558895,0.7569310754021137,0.8354519577788583,
2025-09-10,24973.099609375,26833.94921875,54536.0,34522.1015625,56856.8515625,36183.80078125,9759.4501953125,22122.05078125,7023.85009765625,883.7999877929688,,,0.0042020862308871365,0.011839082615518803,-0.01282261680309027,0.13256865820073438,0.005900432312183623,-0.027617032046978962,0.007954917420457175,-0.014261196537801446,0.0063649392227054236,0.03880482184984113,0.026317588465510466,0.02300675238021932,0.002593947062251578,0.04755029981514758,0.0031470317352195742,-0.02807852847535497,0.02092329791941605,0.015080583518498392,0.011270639565600371,-0.030814821656737212,0.002593853064869821,0.005638124394452245,0.007319557044993719,-0.6766466460347326,,,0.636356440210641,0.9018718100201166,0.6547511401568649,0.2897773827011562,0.5374628184017556,0.798457890461474,0.6380135110645484,0.7248906748734419,0.86882389629369,
2025-09-11,25005.5,26744.44921875,54669.6015625,34826.69921875,56960.6015625,36003.5,9792.9501953125,22224.0,7076.14990234375,883.7999877929688,,,0.0012974116602184615,0.007429178945615789,-0.0033353271734397616,0.1195603570810988,0.002449786608845539,-0.02761193905410697,0.00882326516821541,-0.016492190577552135,0.0018247580924517504,0.03770103530182678,-0.004982914380388448,0.017817135830040964,0.0034325704142730284,0.04072924663326871,0.004608488596202331,-0.03677326194136776,0.007446030874854737,0.01763858522236994,0.0,-0.046087438971431416,0.0020248027834007983,0.005552926083922781,0.007310306006873171,-0.6938112062620887,,,0.629568759409499,0.8999163396974802,0.628021915109612,0.2880653349232343,0.5430403524201177,0.7948406925036895,0.6229123386069804,0.7209644766697293,0.8660067361909723,
2025-09-12,25114.0,26866.650390625,54809.30078125,34940.30078125,56557.1484375,36110.75,9883.599609375,22341.19921875,7057.0498046875,884.3499755859375,,,0.004339045410009845,0.010418374157792787,0.004569216246537167,0.13142743165938064,0.00255533632507432,-0.023889256165345762,0.0032619101163293696,-0.01360028539778968,-0.007083020788628991,0.027930550189411374,0.002978877053619877,0.01772887981975746,0.009256599110030184,0.0514747317082902,0.005273542960313238,-0.03175454342225981,-0.0026992217406139885,0.021620742816306215,0.0006222989370503473,-0.036288397474176115,0.001761828063508766,0.005599635981904609,0.007321749564189462,-0.6844007513817013,,,0.6368582141772549,0.9021771616151105,0.6325461680776491,0.25437153207340346,0.5416794615360895,0.8004927927439327,0.6282321183827976,0.7168829573497225,0.8743379672729917,
2025-09-15,25069.19921875,26760.650390625,54887.8515625,35129.0,56551.3515625,35902.19921875,9891.0,22198.69921875,7099.2998046875,905.6500244140624,,,-0.0017838966811339896,0.012146534352096117,-0.003945411819442413,0.13124875379743473,0.0014331651769012854,-0.019193356758383295,0.0054006180407943916,0.00036597300876750616,-0.00010249588531507925,0.013244484322759487,-0.005775310156947766,0.017011975582762018,0.0007487545952367114,0.06521491063440243,-0.006378350535471977,-0.025135052747380593,0.005986921046233329,0.03625038896720101,0.024085542394019166,-0.007343619609977314,0.0023096511590717226,0.005567794137357472,0.007296490110247601,-0.6908157994628535,,,0.6339436240423506,0.8925762506395514,0.6043705765004087,0.3140341889205276,0.5404640428774029,0.7971502508734628,0.6226170834945629,0.6983660753649266,0.7845804811302349,
2025-09-16,25239.099609375,27146.400390625,55147.6015625,35441.1015625,56398.6484375,36212.1484375,9973.4501953125,22264.55078125,7129.64990234375,915.3499755859376,,,0.006777256391098607,0.027426843530159895,0.01441482155213758,0.15956000489220878,0.004732376884969192,-0.008450562174491472,0.008884441985254288,0.015824516681475442,-0.002700255975867094,0.003587335161674865,0.00863315411018406,0.04509566645900742,0.008335880630118364,0.09570062932325807,0.0029664604151391494,0.011487144176702824,0.004275083246408462,0.05260318742578929,0.010710485187863661,0.021424929586347785,0.0027917164292285785,0.005438657221949972,0.007226010025868269,-0.7168324933187776,,,0.621495348939894,0.895784711297779,0.6052505738253272,0.35839545367975273,0.5088946220887854,0.774460005545962,0.5824344281964587,0.6700994256243594,0.7731263674481392,
2025-09-17,25330.25,27294.650390625,55493.30078125,35568.05078125,56321.0,36447.1484375,9923.150390625,22241.349609375,7315.89990234375,919.0999755859376,,,0.003611475529465391,0.024572509126209674,0.005461129205594384,0.14743669534944814,0.006268617473023097,-0.0022663115931575994,0.00358197722850484,0.018457557226447152,-0.0013767783386874344,0.0032303651260285893,0.00648953486992343,0.03533177438494062,-0.0050433705189745215,0.0638197233209774,-0.0010420678190614652,0.003951864918777082,0.02612330234318705,0.0666287606623095,0.004096793685496758,0.00772982609212991,0.0027126717153826882,0.005364775521197521,0.0060235222336448195,-0.7317171417863828,,,0.607644939671642,0.9074718362546074,0.6172382497776798,0.3651621618668226,0.49214211303688654,0.7485956372806726,0.5663946963285876,0.6236713674150408,0.764189722823262,
2025-09-18,25423.599609375,27329.349609375,55727.44921875,35442.1015625,56522.3515625,36750.25,9955.150390625,22574.349609375,7304.0,918.4500122070312,,,0.0036853015416349333,0.03140214744658909,0.0012712827698251328,0.14462243794636187,0.004219400075389235,0.006632903911199861,-0.003541077342826826,0.015114197827140963,0.003575070799524127,0.014150367817047371,0.008316194146704259,0.04897315503289623,0.0032247823262088193,0.06631290523178857,0.014972113016902266,0.027500914104248597,-0.0016265808038102847,0.06648757114893833,-0.000707173752770518,0.011675978307156054,0.002706527492549923,0.005340286611674953,0.005843739382988384,-0.7366508236844179,,,0.603178580902845,0.9063083486740567,0.6025924489940045,0.35437758213988513,0.4911613275387549,0.7508319972574187,0.5551114123728286,0.6099598211527971,0.7576546605428034,
2025-09-19,25327.05078125,27219.55078125,55458.8515625,35745.75,56273.05078125,36578.25,9989.900390625,22686.599609375,7397.75,923.5,,,-0.0037976065391384095,0.030635853310962746,-0.0040176158486894264,0.14614186493079306,-0.004819844798488071,0.0008608939959764417,0.00856745012607485,0.030631366048507136,-0.004410658338840245,0.018870810947101635,-0.004680240270474312,0.06251043898188158,0.0034906554533544742,0.07432723652372641,0.00497245776478028,0.05402634807480111,0.012835432639649591,0.07384185188592585,0.005498380669442859,0.03282444196673873,0.0037002652147724896,0.005361574575639655,0.005850123576232298,-0.7323620233863939,,,0.602914943611826,0.9213907347201353,0.5352665935490637,0.3472016647717544,0.4827198984394741,0.7329717450022317,0.5344108645955361,0.5736524218990399,0.7279245568924803,
2025-09-22,25202.349609375,27154.30078125,55284.75,35992.6484375,56006.75,35500.1484375,10029.099609375,22365.75,7370.9501953125,921.5499877929688,,,-0.004923635718664832,0.02464610148834745,-0.0023971740211431447,0.14054885634623915,-0.0031392926033420032,-0.0042578088557752025,0.006907071120342945,0.03983519940395874,-0.004732296855295637,0.01280776151251839,-0.02947384203727621,0.022269475991222087,0.003923884845417058,0.07716423543014939,-0.014142692818645775,0.03140214317019652,-0.003622696723665997,0.06681579952744277,-0.00211154543262726,0.03197087098876672,0.004551471718818548,0.005470403409704724,0.005630589844900951,-0.710436716826039,,,0.6084160224588416,0.9197853053776387,0.48970837307354065,0.363777452198374,0.515254714413582,0.7132206811235582,0.5657949774370313,0.5807527234294122,0.7233730084187627,
2025-09-23,25169.5,27321.94921875,55509.75,35826.19921875,55281.55078125,35249.1015625,10129.0498046875,22299.099609375,7451.10009765625,913.3499755859376,,,-0.0013034343973540308,0.03309072222965992,0.0061739184098512645,0.16389163476792334,0.004069838427414485,0.009178301875671036,-0.004624533786087848,0.04170307390480987,-0.012948425301414601,0.00693251333384981,-0.007071713388522416,0.024727867857610164,0.009966018805822596,0.1073509896302085,-0.002980020371550207,0.04190930361571987,0.010873754430564597,0.0828120032924613,-0.008898065558732626,0.04484350520741631,0.004384963944618322,0.005133382527289504,0.005629381483910714,-0.7783349556308117,,,0.5639414379796184,0.8918936196201138,0.4604822871068437,0.33095035792344313,0.5060987065593922,0.6515081065675193,0.5122369082671346,0.5576772721070681,0.684168770840108,
2025-09-24,25056.900390625,27007.599609375,55121.5,35506.69921875,55378.94921875,34994.30078125,10060.099609375,22180.69921875,7431.9501953125,890.5999755859375,,,-0.00447365300760838,0.019192541580384193,-0.011505387366699038,0.13842034287897143,-0.006994266772954338,-0.0070121553032520545,-0.008918054579252876,0.025898253435286733,0.001761861527463493,0.0012484344249523716,-0.007228575196397968,0.013016555793397,-0.006807173095406349,0.09410751980117849,-0.005309648940947431,0.026663186754226187,-0.0025700771822637636,0.05677051330385341,-0.024908305258786956,0.00022456330457387708,0.0047064885271906245,0.005000171498386591,0.00564075051909416,-0.8051724447117881,,,0.5854501566781568,0.8865013992802712,0.4710144260352604,0.28215186596368286,0.5239063010909624,0.6834966144250597,0.4991765917402847,0.5119992376222845,0.6640293795044092,
2025-09-25,24890.849609375,26758.5,54976.19921875,35255.55078125,55108.0,34548.30078125,10082.5498046875,21977.69921875,7393.35009765625,875.9000244140625,,,-0.006626948212322681,0.016475788050758666,-0.009223315399289778,0.12163931315193088,-0.0026360092023983706,-0.0012262983948762018,-0.0070732690738928294,0.014797930830776629,-0.004892639217110029,0.0013364498472157038,-0.012744932461658642,-0.003633815164576726,0.002231607656407064,0.09240274237814772,-0.00915210102251407,0.01030635156411619,-0.005193804673313873,0.05214962507012144,-0.0165056721029031,-0.009050797351548012,0.004155296965156953,0.005107077805109648,0.005573939929357655,-0.783634461986209,,,0.6173250635659779,0.8741075100316208,0.5194715044830982,0.2877927247935185,0.5601413921333599,0.6754707348445425,0.5682639777903121,0.524703264156522,0.6815046757073663,
2025-09-26,24654.69921875,26484.55078125,54389.3515625,34830.0,54847.55078125,33702.0,9888.25,21507.19921875,7261.4501953125,867.1500244140625,,,-0.009487437927231501,0.0014358465977322155,-0.010237839144570882,0.09791214283580252,-0.010674576718462059,-0.01435441923806624,-0.012070461865435367,0.0026093877238011487,-0.004726159881505376,-0.0029557756317406536,-0.02449616224567841,-0.028563418246795647,-0.019270899569191036,0.05802511177081726,-0.02140806438913312,-0.02815603676873324,-0.017840343092309863,0.03481474621016045,-0.009989724575990677,-0.021330583645719048,0.004169376899502324,0.005338767861905076,0.0056373198506734406,-0.7369568000791766,,,0.6308914639785731,0.8898466257382023,0.5789574255323106,0.31488978040931376,0.6133503800195205,0.706858337094228,0.6185337720179263,0.6000969101518775,0.6883163313337605,
2025-09-29,24634.900390625,26436.55078125,54461.0,35069.1484375,54945.80078125,33693.1015625,9923.099609375,21475.30078125,7390.75,874.75,,,-0.0008030448049409777,0.0001461396378115154,-0.0018123773514777675,0.09609723223891886,0.0013173247233453367,-0.015916553885176987,0.0068661624318115955,0.01740975288406932,0.001791328848791407,0.005296736073644226,-0.000264032920894941,-0.03273020227313228,0.0035243454984450473,0.07669601078258514,-0.0014831516263722477,-0.030541414827892077,0.01780633361239148,0.052026618269812364,0.008764314561454212,-0.005231109016489599,0.002998790293561757,0.005340423301549421,0.005570587220233871,-0.7366232853263426,,,0.6326469186195451,0.889971758059295,0.5814257010932018,0.319819792734807,0.6131655750684056,0.7404219972502853,0.618586214497197,0.5663008757777548,0.6829568844738794,
2025-09-30,24611.099609375,26542.349609375,54635.8515625,34999.6484375,54710.69921875,33655.1015625,10038.150390625,21454.25,7526.75,867.5999755859375,,,-0.0009661407544825362,-0.010686584075776717,0.004001990615206674,0.0563194639523934,0.003210583031894476,-0.019719186825691404,-0.001981798905777876,0.014976835979568337,-0.004278790356263773,-0.010732462355967254,-0.0011278273070085554,-0.028290720164230843,0.011594238270197676,0.0693102946071904,-0.0009802321962530947,-0.03102369924355186,0.01840138010350767,0.06704899605999692,-0.00817379184231204,-0.03433695386715063,0.003284757754301376,0.004999915398900108,0.0054712120534005345,-0.8052240400431111,,,0.560245161922662,0.8743401753222528,0.6230907265699666,0.24279017840298517,0.6796672604817812,0.6952284741058107,0.656090277862507,0.5600028515733877,0.6369226625470643,
2025-10-01,24836.30078125,26768.650390625,55347.94921875,35180.3515625,55105.3515625,33905.19921875,10092.9501953125,21733.5,7499.2001953125,877.1500244140625,,,0.009150390492475902,-0.005778456810282773,0.008526026692454947,0.051536578273615685,0.01303352351771081,-0.009257994173749062,0.0051629982890453174,0.01185713287390544,0.007213439955721546,-0.013980027374047133,0.007431196004134666,-0.02449887414914953,0.005459153584576715,0.06719008144990757,0.013016069077222525,-0.015101906714853786,-0.0036602523914703866,0.052837009412859404,0.011007433260559196,-0.03002318229061174,0.00592832350998182,0.0052323529331049405,0.005521047719501669,-0.758395786875142,,,0.550632054328325,0.8890610629154666,0.611222367987665,0.25861696506773174,0.6737134094081256,0.6711451015794906,0.7095263318684367,0.4844452615083325,0.647782056169005,
2025-10-03,24894.25,26753.099609375,55589.25,35375.8984375,55170.6015625,33949.75,10277.099609375,21756.349609375,7583.2998046875,876.0999755859375,,,0.0023332467769816567,-0.0062394149579733105,-0.0005809325843131319,0.05040782941684574,0.004359705908818956,-0.001961453180965411,0.0055584116222544555,0.015152924823871539,0.0011840955215756122,-0.02635620288629592,0.001313980813460791,-0.04876151036927856,0.018245350516841397,0.08205623535837425,0.0010513543320220808,-0.009702104764559905,0.011214477168854264,0.06753665606503123,-0.0011971142893445474,-0.04130874980414123,0.006161747416270974,0.005223909637717628,0.005476706745337885,-0.7600968235658022,,,0.5498393860833486,0.9065791203858143,0.6144497655847424,0.24078184694843635,0.6858060954490752,0.666578936228136,0.7256276399286383,0.5032176028757498,0.6402823520523034,
2025-10-06,25077.650390625,26857.19921875,56104.8515625,35369.44921875,55057.6484375,34722.55078125,10185.5,21779.849609375,7615.14990234375,882.0999755859375,,,0.007367178791287232,-0.00024316975631633042,0.003891123305148625,0.05830752512067772,0.009275202714553732,0.0062666940836431095,-0.00018230544056407894,0.01983321488226042,-0.002047342639032834,-0.022119624540216654,0.02276307723179105,-0.02803018987420669,-0.008912982539494019,0.07287498284729366,0.00108014443700033,-0.017939174188034812,0.004200031447597841,0.07600408383817858,0.006848533463303941,-0.03842590171486615,0.006816910203223964,0.00539811932185651,0.005520973229036455,-0.7249995006610669,,,0.5484499820358519,0.9130056716673848,0.6014407917450829,0.23445823150170456,0.7097289764237867,0.5826689988764107,0.7175171935241712,0.5022539354890843,0.6466875974450768,
2025-10-07,25108.30078125,26933.55078125,56239.3515625,35470.0,54763.8515625,34709.44921875,10156.650390625,21875.30078125,7583.75,891.7000122070312,,,0.0012222193924698033,0.009577813342782404,0.0028428713611616807,0.0633295082197276,0.0023972971365973095,0.019763644860700147,0.0028428709937811103,0.02788946185543817,-0.005336168240703376,-0.017467567495401015,-0.00037732142959601145,-0.02063726777163266,-0.0028324195547592135,0.08332401954447821,0.004382545039884667,-0.01750277200763528,-0.004123346584955057,0.08368698563484278,0.010883161644706929,-0.01973287717833394,0.006129552153537521,0.0051552404765892405,0.005512171195830544,-0.7739313226846857,,,0.5542698897156713,0.9040326771789426,0.5914479114556837,0.159903218085356,0.7167637793197371,0.5399219015279119,0.7870682054315165,0.45818681941929346,0.6385730497887728,
2025-10-08,25046.150390625,26522.400390625,56018.25,35085.75,54489.6484375,35232.25,10136.5498046875,21707.349609375,7523.4501953125,875.4000244140625,,,-0.0024752925801897474,0.0031400663105405346,-0.015265361554601453,0.04322789174988806,-0.003931438687629352,0.01594052166597093,-0.010833098393008167,0.017144790689236578,-0.005007009499451653,-0.021407412198616305,0.015062203319768708,-0.02888226651446546,-0.0019790565948842875,0.07415686594298876,-0.007677662289286347,-0.02930988735653184,-0.007951185717817721,0.07780413447150791,-0.018279676539002088,-0.04479239156111803,0.004413168231335155,0.005133716505674918,0.005506805679467522,-0.7782676703516149,,,0.5567439233242715,0.9160971813146378,0.6013042526581799,0.17327141383894926,0.676799642962074,0.5401520718071504,0.7856484393142262,0.4838364515371549,0.6313823990922932,
2025-10-09,25181.80078125,26587.0,56192.05078125,35244.1484375,54707.44921875,35628.5,10356.2001953125,21936.19921875,7569.2998046875,881.9000244140625,,,0.005416017571936882,0.019008944427890917,0.0024356622486489954,0.05002702099368461,0.0031025742726700223,0.03198507243720372,0.004514608851171831,0.0379373643908818,0.003997103807704239,-0.026332617531635405,0.011246798033052174,-0.012053817414068746,0.021669147279622214,0.11596385938375242,0.010542494293092508,-0.002446602148703958,0.006094226476512921,0.10508793411015405,0.00742517685483346,-0.01568166482676736,0.004318450205577581,0.004831307176876447,0.005532177501358081,-0.839192858952398,,,0.5576114031180138,0.8960440427823579,0.5344487094510442,0.34128807067472094,0.7130628986017041,0.4960333748227062,0.7612467327246248,0.4012130985061187,0.5873235779609477,
2025-10-10,25285.349609375,26721.19921875,56609.75,35393.94921875,54966.44921875,35609.05078125,10261.5498046875,22218.25,7695.7998046875,896.6500244140625,,,0.0041120501676790155,0.03201715880817835,0.005047550259525302,0.06105978989219141,0.007433421862036438,0.051827949028923515,0.0042503731226659625,0.05080026116776315,0.004734273004840306,-0.011624990385908696,-0.0005458893512216845,0.003388392883186153,-0.009139490241588888,0.11411430483551377,0.012857778069817805,0.01879557132781806,0.016712245949309867,0.13525792024554595,0.016725251833165533,0.016034021998937664,0.003919958528903687,0.004545886061791967,0.005492378659905349,-0.8966955006078615,,,0.5554955435939499,0.8801542712312543,0.49567110473790843,0.2806313683162554,0.6903814255322182,0.41341070005823005,0.7532925975790217,0.36047284255329287,0.5605416380617256,
2025-10-13,25227.349609375,26698.150390625,56625.0,35288.0,54473.8515625,35330.80078125,10217.4501953125,22205.099609375,7713.9501953125,896.7999877929688,,,-0.0022938183927065925,0.03277131569569125,-0.00086256713017685,0.06960102754665409,0.0002693882237601031,0.055340894183001144,-0.0029934274385485793,0.04903144564694584,-0.008961787840608193,-0.029710455811082337,-0.007814024634054895,0.004250866050808266,-0.004297558381956557,0.11607576498624206,-0.0005918733754908256,0.018393317468783144,0.0023584800911717885,0.14178409252702484,0.0001672485081392061,0.029916724424885244,0.003735275248675186,0.004525218450622649,0.00549103719426142,-0.9008593209285551,,,0.5424296474982847,0.8743763147866656,0.4994871234908161,0.37831328691136984,0.6891613588261608,0.40764765238548983,0.757245529785964,0.3465724201632381,0.5401908849833515,
2025-10-14,25145.5,26640.55078125,56496.44921875,35067.69921875,54213.75,35214.8515625,10116.7998046875,22039.25,7596.5,888.3499755859375,,,-0.003244479132464395,0.021134950070692993,-0.0021574381944909904,0.038213202698752946,-0.002270212472406219,0.04618309050942204,-0.006242937577930152,0.02671323093722755,-0.004774796623322586,-0.03491664019048668,-0.003281816890250977,-0.014711453148911535,-0.009850832517018349,0.08720836695570089,-0.007468987407963645,0.011956572330289905,-0.015225687532163579,0.11207076362712054,-0.009422404462590128,0.009718104014091677,0.00426893085233592,0.004390012208448176,0.005477123040560986,-0.92809877758557,,,0.48368102123612366,0.8775845921636667,0.45836732966570587,0.39217107794004974,0.6661818905022817,0.3885011708791406,0.811731785357485,0.36046070931838714,0.5359051621522225,
2025-10-15,25323.55078125,26708.650390625,56799.8984375,35321.6484375,54748.69921875,35401.80078125,10218.0,22057.30078125,7723.10009765625,915.4000244140624,,,0.007080820872521931,0.03026701751444505,0.002556238793040677,0.04392039875738707,0.005371120184475053,0.058494967248094554,0.007241684638786383,0.02409789471013757,0.009867408521823329,-0.03622646465632773,0.0053088174578330705,-0.009404516520124528,0.010003182554389367,0.08883411481091663,0.0008190288349194663,0.015531876207554696,0.01666558252566963,0.1274433931700787,0.030449765938568518,0.03300795485430408,0.004203575352263202,0.004511870079414365,0.005422932335227835,-0.9035485634747727,,,0.4686593889228984,0.8859409202086913,0.5303605466702177,0.5242445908802855,0.6670489189834463,0.42198200753878323,0.7857211848208091,0.39675769639207875,0.5947440189741756,
2025-10-16,25585.30078125,27048.75,57422.55078125,35468.80078125,55853.8984375,35531.05078125,10287.25,22103.19921875,7688.75,932.7999877929688,,,0.010336228211479837,0.035211337727058645,0.012733687565672724,0.049399751307680484,0.010962208751748692,0.0620520062684895,0.0041660667114780114,0.02432231812382324,0.020186766708997883,-0.01957725923033382,0.0036509442216978716,0.0015814416577191182,0.006777255823057438,0.06312777321273555,0.002080872811917933,0.006539263553498209,-0.004447708461874589,0.11097063179568689,0.019008043385233542,0.04850217747965058,0.005384124434199591,0.00475740233298381,0.005513723414012828,-0.8540821699751773,,,0.4956711790337418,0.8951797507482466,0.5222160140605396,0.5998334693082001,0.6723616211035558,0.3956900166478835,0.7386353760196293,0.30440409909072474,0.632549288271,
2025-10-17,25709.849609375,27228.599609375,57713.3515625,35395.69921875,56616.3984375,34950.69921875,10199.2998046875,22253.75,7638.75,933.75,,,0.004867983737610659,0.0394411322459749,0.006649091339710811,0.04746132478316212,0.00506422611488988,0.0672745653768625,-0.0020610102650734374,0.03240512605671064,0.013651688088580416,-0.008539715433114603,-0.01633364479066446,-0.005474825362463354,-0.008549436954725542,0.06062073645327759,0.006811266539292982,0.015438897001386342,-0.006503007641033953,0.11608284326259266,0.00101845220782959,0.05777400169923541,0.004900335761695698,0.004804301675637265,0.005535334245436637,-0.8446335484403611,,,0.5091428928177135,0.8973963822695166,0.5239515548633003,0.6080123065057477,0.6193122850358928,0.35298780122489315,0.7443781670139069,0.2772003410612694,0.6285366903412408,
2025-10-20,25843.150390625,27185.44921875,58033.19921875,35563.94921875,56597.1484375,35292.6015625,10191.849609375,22439.900390625,7857.85009765625,938.2000122070312,,,0.005184813729964155,0.04454752801523787,-0.001584745129901699,0.03285827915056139,0.005542004537782308,0.07241395116334881,0.004753402354342295,0.036913363177545344,-0.0003400074983797019,0.005418999584894113,0.009782417845494162,0.018961566422436738,-0.0007304614488413685,0.05269754619977185,0.008364899876425413,0.023493924278459533,0.02868271610620199,0.14617761480132363,0.004765742658132455,0.07530087358972071,0.004888026550310295,0.0048514906850741476,0.005558087689500561,-0.8351265689062009,,,0.5168152724221313,0.8986496806573864,0.5308312221399981,0.6270850889855429,0.6318393984168174,0.3473074361352143,0.7510153608074303,0.30814462604690795,0.6323488505537992,
2025-10-21,25868.599609375,27229.849609375,58007.19921875,35644.1484375,56609.1484375,35299.75,10232.75,22515.69921875,7853.2998046875,937.4000244140624,,,0.0009847568259027106,0.04421921319964839,0.0016332410131512098,0.0014950933382755771,-0.0004480194156106787,0.07050229652203455,0.0022550706688029276,0.039471402894785124,0.0002120248162900129,0.00779486410605168,0.00020254776308692435,0.028833804388354256,0.004013048876562841,0.05298501328197802,0.003377859384646298,0.029750472131174543,-0.0005790760719789345,0.13994361929429577,-0.0008526836309530328,0.06941992752096837,0.004988165185174772,0.004852201654238053,0.005446884238919146,-0.834983332814337,,,0.6844268633768061,0.8962286066042524,0.5302286077906218,0.627914009269605,0.6378310962792949,0.3465441616597379,0.7507557042490951,0.30859484309260193,0.6329582184627016,
2025-10-23,25891.400390625,27218.75,58078.05078125,35619.1484375,56772.44921875,36078.6484375,10241.849609375,22481.25,7875.35009765625,939.2000122070312,,,0.0008814076368377499,0.04112820172087317,-0.00040762653977999275,0.0013335785891657181,0.0012214270548180917,0.07123251409542908,-0.0007013773956148217,0.03998581189816042,0.002884706549336258,0.004871019717773928,0.02206526781351137,0.023335046622783073,0.0008892633334147693,0.0521511170796507,-0.0015300088358487507,0.019435287903408094,0.002807774249951489,0.14468963348920005,0.0019201917496149967,0.07466102075474645,0.004519879988431191,0.004831844632476947,0.005391783333060224,-0.8390845799388004,,,0.6883217946322601,0.9078564676339095,0.5414758300348107,0.6204209387718698,0.6153064697816244,0.3484421999176184,0.7490829488899075,0.32055307053425314,0.6456041933009463,
2025-10-24,25795.150390625,27108.69921875,57699.6015625,35626.8984375,56348.1015625,35986.3515625,10347.4501953125,22357.349609375,7817.39990234375,940.9000244140624,,,-0.0037174505259611745,0.03291745094154819,-0.0040431974741675925,0.010238895429079076,-0.006516217635736843,0.058009416944770464,0.00021757959805235316,0.032002596162920005,-0.007474534956470658,-0.008947910164191164,-0.002558213209119753,-0.005456840201605195,0.010310694841763501,0.060249295629626554,-0.005511276758409789,0.01063639309265274,-0.0073584278278303605,0.11297931955471197,0.001810064081064322,0.06460741956297622,0.00464332132787169,0.004886995029738815,0.005329592152778777,-0.8279736516882154,,,0.7830955618456754,0.9059437780841116,0.5287627633405277,0.628372316256095,0.6198904335943429,0.30381066096473575,0.7541009284000973,0.32739950396911405,0.6301902753165133,
2025-10-27,25966.05078125,27263.650390625,58114.25,35780.0,56428.94921875,36129.1015625,10467.150390625,22310.400390625,7990.64990234375,954.6500244140624,,,0.006625291500029773,0.038413580262342206,0.005715920584187462,0.019413418000435056,0.0071863310364606026,0.06300847891788575,0.004297358715314115,0.02737269975722434,0.0014347893541777346,-0.009333685550470205,0.00396678167699438,0.0034885931228907374,0.011568086151960921,0.06884546350855669,-0.0020999456362356117,0.0038877065616000905,0.02216210020777587,0.12923694560188737,0.0146136673857169,0.08016523828883604,0.004590274224720119,0.004990442875703859,0.00535145509909255,-0.8071324311120962,,,0.7929608023425649,0.9090941907257435,0.5513023001764946,0.6248738733593612,0.6209113128973854,0.3313686090986238,0.7295006961306895,0.36559461399376986,0.6445789691671799,
2025-10-28,25936.19921875,27148.349609375,58214.1015625,35658.1484375,56110.05078125,35860.3984375,10596.2001953125,22250.900390625,8087.64990234375,944.5999755859376,,,-0.001149638146805021,0.03273868036752403,-0.004229102838321563,0.010485088935697773,0.001718194117621863,0.06212085782372845,-0.003405577487423095,0.020544976436929208,-0.005651326879467011,-0.007905236890506928,-0.007437304371800346,-0.006932881828818238,0.012329029379675838,0.07209929722988462,-0.0026669176239886294,-0.0040418075699900635,0.012139187823952735,0.14603837668421948,-0.010527469304044912,0.06812913627331829,0.003755845006611776,0.004974606863145738,0.00534939255767703,-0.8103228487345328,,,0.7917962554511904,0.9109492239534155,0.552194746437526,0.665646623653598,0.6239138375604284,0.29417983389999,0.7268678050113392,0.36880624372877696,0.6546954972721956,
2025-10-29,26053.900390625,26948.900390625,58385.25,36347.94921875,56615.3515625,36090.1015625,10777.5,22430.69921875,8089.4501953125,950.5,,,0.0045381040946781415,0.03927932293659042,-0.007346642489130306,0.007034582390641253,0.002939982459683854,0.06371898950203159,0.01934482892343814,0.03469922909134904,0.009005530635143533,0.001131714773063619,0.006405481673616764,0.005233727956472034,0.017109888577577337,0.08962693357597806,0.008080519213539583,0.010451062817412371,0.00022259778680933096,0.13947155604996797,0.006246056072997996,0.04952241415214953,0.003715034735403694,0.004982725159036504,0.005364434453500788,-0.808687288382519,,,0.7395582061432817,0.9106967439668079,0.5565793830111906,0.6749985078625914,0.6247442264852945,0.3131372070954669,0.727862309274059,0.361596411672939,0.7377940885707035,
2025-10-30,25877.849609375,26829.55078125,58031.1015625,36392.6015625,56343.5,35906.3984375,10729.2001953125,22298.19921875,8058.75,950.9000244140624,,,-0.0067571756478100875,0.025307955112738645,-0.0044287376347467156,-0.011671883005321959,-0.00606571758277985,0.05228695207591327,0.0012284694105098026,0.026847359648854097,-0.004801728771389735,-0.0009778326081893995,-0.005090124910894667,-0.008443299091400402,-0.00448154068081652,0.07577618428928434,-0.005907082909356709,0.0015113009838194635,-0.0037950904661344653,0.13031496782904095,0.00042085682699877225,0.03883765748217605,0.004596264939758071,0.005081172918224896,0.005256396096180026,-0.7888534151362528,,,0.730743576250393,0.9213718798187712,0.5111579746023106,0.709622679990346,0.6110052345031637,0.32306962164812664,0.7352934416831254,0.3878176980814399,0.7055145452465326,
2025-10-31,25722.099609375,26809.849609375,57776.3515625,36275.94921875,56208.5,35712.3515625,10612.150390625,22175.400390625,8184.35009765625,947.5499877929688,,,-0.006018660837397216,0.015469630555363656,-0.0007343086746263161,-0.01776175090399823,-0.004389887373163703,0.04114101610660348,-0.0032053862252651166,0.019902649202052203,-0.0023960172868210394,-0.0019974787379485326,-0.005404242236596524,-0.020160613559659923,-0.010909462267153724,0.06943359446118436,-0.005507118620670548,-0.00296516263213642,0.01558555578175902,0.11870722766918673,-0.003523016652731581,0.030954208424272878,0.005128573020557486,0.005203162299114076,0.005261966233576751,-0.7642767062513264,,,0.708061762357868,0.9238957164661311,0.5163066834355553,0.7107047018970959,0.60601588006835,0.38406949561907416,0.7451599355899632,0.31340352222912393,0.7009554771707579,
2025-11-03,25763.349609375,26841.80078125,58101.44921875,36445.1484375,56153.69921875,35653.1015625,10652.7998046875,22442.599609375,8341.349609375,968.6500244140624,,,0.0016036793506921665,0.013363567914069785,0.0011917699032457651,-0.01783975232099022,0.0056268290997627535,0.042600191347018423,0.004664225813353573,0.02830099883414605,-0.0009749554115481285,-0.006522240026449744,-0.0016590898500846718,-0.02985417616206687,0.0038304596680434067,0.07007924407847144,0.012049352617910847,-0.005836270026813306,0.01918289294145792,0.1420248643722617,0.022267993132731423,0.05465731562940568,0.0051750877186322475,0.005173357753122423,0.005256652049953439,-0.7702813080039141,,,0.7080014593553327,0.9191956132858832,0.5386152377370477,0.7059159761176497,0.5985516871870344,0.3853122122749094,0.7364973637036168,0.3275307963645909,0.6860223962345507,
2025-11-04,25597.650390625,26610.05078125,57827.05078125,36278.3984375,55815.6015625,35274.55078125,10499.0498046875,22334.44921875,8332.2998046875,961.0999755859376,,,-0.006431586779760301,0.010684213164500411,-0.008633921467813166,-0.022391993346923655,-0.00472274687102725,0.042701915961623094,-0.00457536893520849,0.014901028443940811,-0.0060209329207844275,-0.008129099318397337,-0.01061761150250562,-0.035641377560435505,-0.014432825437341479,0.05096641549502445,-0.004818977859401885,-0.015522396334771926,-0.0010849329078987946,0.12632892496874049,-0.00779440317744462,0.04071464600534669,0.005528737677756522,0.0052694866785766015,0.0052400558880705125,-0.750914600843933,,,0.7210243219498149,0.9211208452715075,0.6059294802877842,0.7096003055277844,0.6100747445513837,0.4373671756300123,0.7682765349214145,0.36424309464419097,0.7105369026117886,
2025-11-06,25509.69921875,26626.5,57554.25,35839.5,55711.75,35337.6015625,10281.900390625,22250.55078125,8280.400390625,946.5999755859376,,,-0.0034359080045569534,0.012195276001594202,0.0006181581119564239,-0.019437097110393875,-0.004717528865201159,0.041051103604520245,-0.012098065416424886,-0.004254992176136674,-0.0018606188877802188,-0.005267222254460413,0.0017874297433579933,-0.004578766065898909,-0.02068276826018578,0.02520672753251807,-0.0037564587636916835,-0.005150697774498947,-0.006228702192557112,0.12338303355934466,-0.015086880000345415,0.027182451440275424,0.004378605605024771,0.005224783610789686,0.005097770586437529,-0.7599207477335562,,,0.7129308756231403,0.9200134748119941,0.6669284118685608,0.7034397239059741,0.5890319097260724,0.468923443621268,0.7630444747015427,0.3644414508333653,0.7202124987173396,
2025-11-07,25492.30078125,26779.55078125,57876.80078125,35790.30078125,55437.19921875,35117.6484375,10426.7998046875,22169.80078125,8352.150390625,946.4000244140624,,,-0.0006820322478444663,0.012825077226404913,0.0057480623157379895,-0.01985211352079419,0.005604291277359952,0.04264207245123597,-0.0013727652101731547,-0.0010020163534738558,-0.004928058825113157,0.002815558451243483,-0.0062243365501469805,-0.003729261716555299,0.014092668529897434,0.029395649714567318,-0.0036291236470445964,-0.00579838784480069,0.008665039927445495,0.12092849125086591,-0.00021123090749231022,0.03618552549576881,0.004406503037403258,0.005218955045482569,0.005084702532813125,-0.7610950052937281,,,0.7203599619524962,0.9159305455074556,0.6661904580542025,0.7255291064625091,0.5873594415770534,0.46400735503020146,0.7620500883954544,0.3698758711825585,0.7203660543056615,
2025-11-10,25574.349609375,26859.849609375,57937.55078125,35921.6015625,55334.44921875,35688.25,10484.5,22379.849609375,8340.7001953125,944.1500244140624,,,0.0032185728871263475,0.020650966826830874,0.002998512886975835,-0.005470682405581573,0.001049643366253239,0.05108806511524544,0.003668613517737951,0.011685184849030028,-0.0018534486129891947,-0.0008035544304790809,0.016248285061441825,0.019830349607151465,0.005533835538547471,0.042186499846333714,0.009474547389828114,0.008978544303808622,-0.0013709278182242324,0.12227611543645289,-0.00237743020071568,0.060128060067477174,0.004073109711848488,0.00515792558548485,0.005071734754926069,-0.7733903646179203,,,0.7145009614217355,0.9103187769586493,0.6555564531762395,0.7374590654785297,0.5786198078927739,0.4549103322429957,0.7557081233241609,0.3481979773097316,0.7072366058955444,
2025-11-11,25694.94921875,27148.25,58138.1484375,36069.8515625,55523.05078125,36116.8984375,10559.099609375,22369.599609375,8307.9501953125,942.5999755859376,,,0.0047156471705849246,0.03230502863478546,0.010737230283089039,0.014565465179288806,0.003462308184330798,0.057514874867369725,0.004127043159310784,0.023097094307290567,0.0034083932371751224,0.007531588539776424,0.012010912204997393,0.045403033456896,0.007115228134388918,0.04726481038218577,-0.00045800129039763604,0.017831729642139083,-0.00392652885646283,0.12370577418566797,-0.001641739965093758,0.07615018759303527,0.004434107158022421,0.005016526593112045,0.005094787557595225,-0.801877449697279,,,0.6926728055323902,0.911431608942098,0.6397351500523886,0.7364290680737398,0.560737091370198,0.4823416608003072,0.729007640326207,0.3005875055341073,0.6642102728872529,
2025-11-12,25875.80078125,27485.150390625,58274.6484375,36287.8984375,55529.19921875,36855.3984375,10542.5498046875,22593.400390625,8359.75,937.9500122070312,,,0.0070384090258497345,0.049528146811515184,0.01240965405228689,0.037780501456848636,0.0023478559890282025,0.07143488133950848,0.0060451281487028385,0.04185754916738449,0.00011073666546579375,0.012428056089845096,0.020447492225224462,0.09356710098807186,-0.0015673499919259815,0.06616942377948565,0.010004684266061048,0.050504073581466136,0.0062349681292896975,0.1512507522803761,-0.004933124866692062,0.08164675753864925,0.004710884532467005,0.0047152582158832435,0.0051328769516621135,-0.8625727753839694,,,0.6681817787997285,0.8728369586858502,0.5879637485870353,0.7286498444643555,0.49717109135683757,0.37224326405102953,0.683505347398615,0.18718698224002966,0.5973913329435016,
2025-11-13,25879.150390625,27382.80078125,58381.94921875,36187.8515625,55243.5,36679.5,10588.599609375,22686.80078125,8303.0498046875,941.9000244140624,,,0.00012944949620363744,0.05050761238204604,-0.0037238147843612346,0.0357932473048308,0.001841294355727996,0.07199554210811399,-0.0027570313880896924,0.03189992271964481,-0.00514502681057083,0.005418052235423687,-0.004772664113190661,0.08863530809000442,0.004367994986091972,0.06706573814609884,0.004133967840615815,0.056413645254168365,-0.0067825228400968385,0.12343805495890137,0.004211324863397259,0.07676481784974265,0.0047050968962912935,0.004701765756195958,0.005128068979507218,-0.8652910468552972,,,0.6655020854895467,0.8732616171749356,0.6186649741673128,0.735873923132882,0.4970461844458676,0.37310581590757075,0.6736999343249171,0.22309722542359453,0.6106520025119795,
2025-11-14,25910.05078125,27239.80078125,58517.55078125,36261.1015625,55560.80078125,36301.25,10494.75,22821.05078125,8399.900390625,941.1500244140624,,,0.001194026471448284,0.05277907905342816,-0.005222256157884186,0.026276919042188096,0.0023226624721266464,0.07104674142965584,0.0020241599552681677,0.03604187988495422,0.0057436762922333795,0.0155381227920528,-0.010312299785984025,0.07862547770316208,-0.008863269255351414,0.04548642843620221,0.005917537747806012,0.06370769340573545,0.011664459230730229,0.1160062962932209,-0.0007962628522772963,0.08477414810719952,0.003527558539339691,0.004676722626380557,0.005124829459906979,-0.8703363852819236,,,0.6729802071940547,0.8819607345862507,0.6138355766518578,0.7210637759125804,0.4837756887416076,0.3959118936575781,0.6641144234652225,0.2538631541346354,0.6049418314004513,
2025-11-17,26013.44921875,27472.650390625,58962.69921875,36441.8515625,55677.1484375,36375.19921875,10495.849609375,22867.599609375,8491.650390625,945.3499755859376,,,0.0039906690408659795,0.04739628690552333,0.008548139218965023,0.02629942076745695,0.007607092770578472,0.0653095561989756,0.0049846803381981,0.03585808395799761,0.002094060103778439,0.010376430941584136,0.0020370984125890335,0.0728501839515534,0.00010477709092637788,0.03991889450218622,0.0020397320251022144,0.05218209719442335,0.01092274857239972,0.13234080561455697,0.004462573514238732,0.07775175200779683,0.00274050626435736,0.004485243741074658,0.005140263072443072,-0.9089128645416091,,,0.6531298131777449,0.8686450902760148,0.6132990124555726,0.709608529162446,0.4774049344123856,0.3891188689390884,0.6261686227136167,0.318892857263449,0.5948746723426744,
2025-11-18,25910.05078125,27368.25,58899.25,36223.75,55363.44921875,35975.19921875,10383.7001953125,22713.650390625,8477.75,927.2999877929688,,,-0.003974806902018679,0.040804634855438504,-0.003800157216015343,0.022993611940555603,-0.0010760908097949828,0.05954388663275734,-0.005984919897002006,0.023966926635034635,-0.005634254403350747,0.003495478584396583,-0.010996503348188247,0.059660210126731394,-0.010685120141424975,0.010372633329374104,-0.006732198454571736,0.04400098354907356,-0.0016369480590423535,0.11794999780433435,-0.019093445030007317,0.05844083282023682,0.003589133119860577,0.004594018364228295,0.005154209342750512,-0.8869984796350812,,,0.663673070305693,0.8690899939956488,0.6330843150401534,0.7187830990009144,0.5052735305062371,0.4257165326481077,0.6471331965630384,0.3296234589566815,0.6238039861904207,
2025-11-19,26052.650390625,27434.44921875,59216.05078125,36132.30078125,55380.80078125,37044.6484375,10384.150390625,22727.650390625,8576.400390625,924.0499877929688,,,0.005503640675154298,0.03887924047160696,0.0024188327258776177,0.02149330595861243,0.005378689563109829,0.05545330095534018,-0.002524565202387974,0.021568092784877146,0.00031341187633460166,0.0058693451849261,0.029727402265297576,0.06687577968793468,4.335596213600468e-05,0.01950325370624917,0.0006163694412493204,0.043517324419082515,0.011636388266344166,0.12622870207524106,-0.0035047989246017597,0.04755698148519483,0.003782117458014025,0.00452180201527186,0.005180025805904739,-0.9015476163886065,,,0.6617592719530666,0.8633344230052501,0.6299564106324045,0.747862947996291,0.4812899972774674,0.48144504378457764,0.6557803324101483,0.3538454593754001,0.598032489389787,
2025-11-20,26192.150390625,27554.0,59347.69921875,36232.69921875,55426.69921875,37043.30078125,10386.0498046875,22687.55078125,8500.349609375,922.7999877929688,,,0.005354541588221684,0.04316698365284766,0.004357688404704518,0.02303629490924486,0.0022231884052235085,0.05526997680255308,0.0027786339460591503,0.021502656294051237,0.000828778870159308,0.01210374430099237,-3.637924253141467e-05,0.06723965994940806,0.0001829147297611744,0.02258612881607558,-0.0017643534939071337,0.03713091802130575,-0.008867447622097013,0.12086363730014837,-0.0013527406704322287,0.03487717299561588,0.0038472332839196897,0.0045824482212156155,0.005179749632593093,-0.8893294697139464,,,0.6681012845168405,0.8549529408291884,0.6323029267040274,0.7488793317128246,0.46857384556905507,0.47406229748520257,0.6325951017580635,0.30729717861558664,0.5901332713923727,
2025-11-21,26068.150390625,27537.849609375,58867.69921875,35852.3984375,55504.69921875,36885.3515625,10142.5498046875,22580.94921875,8378.7001953125,905.5999755859376,,,-0.0047342428227803435,0.04080467393434417,-0.000586135973905777,0.038286474971885864,-0.008087929377527558,0.05086644475237989,-0.010496065417428202,0.021850706839671385,0.001407264027976085,0.018628323183517592,-0.004263907789501031,0.046920124672707564,-0.023444909718235873,0.0005919173797406252,-0.00469868094303505,0.040244416066239186,-0.01431110714885575,0.11367789748018331,-0.018638938485649348,0.03449845822438613,0.004214736075788733,0.004666449254996314,0.005129772043194159,-0.872406120007495,,,0.6760137279784891,0.8565382929846703,0.6528556793308173,0.7138294802999458,0.5304202701792347,0.5184303665406307,0.6360885927713017,0.3373071749623809,0.6087839298085166,
2025-11-24,25959.5,27442.19921875,58835.3515625,35427.8515625,55138.1484375,37037.94921875,10017.900390625,22492.44921875,8365.75,887.0,,,-0.004167936312968079,0.030883383817771337,-0.0034734153894295794,0.03216606682777301,-0.0005494975458408824,0.04704047537862799,-0.011841519493879793,0.005212301421490428,-0.006603959419821059,0.007872770982756405,0.0041370801628779486,0.039559600284884366,-0.012289751242324898,-0.032666402571149944,-0.003919232940239437,0.025357628933482035,-0.0015456091053055454,0.105221118975797,-0.02053884285266583,0.0057829407469696115,0.004663051833107197,0.004705995837749666,0.005142190944037944,-0.8644388293741756,,,0.6884475246348134,0.855809550308574,0.6651668384945517,0.7226647075248498,0.494497849514893,0.5209292615568265,0.6338650655618798,0.344349312860065,0.625529781594375,
2025-11-25,25884.80078125,27378.69921875,58820.30078125,35350.3515625,55052.1015625,36826.8984375,10073.400390625,22590.94921875,8486.5,901.3499755859376,,,-0.002877529180069005,0.02370745040648914,-0.0023139544864397843,0.024605931590773844,-0.0002558118690598743,0.039048940884741645,-0.0021875444482790662,-0.001231782754180566,-0.0015605688155730935,0.0015582659052457704,-0.0056982307525590414,0.03420050884623027,0.005540083034957899,-0.018335379902999938,0.0043792474106327806,0.01677446327906118,0.014433852314496676,0.10274438204991831,0.016178100998802236,0.005241678518824955,0.004806825922510842,0.004720892622251964,0.005134585976783492,-0.8614376342425513,,,0.6875905360803924,0.8553832666051059,0.6610669381112565,0.7165704176324954,0.5115966047095395,0.5236390890517278,0.6080571448339069,0.28966869516630056,0.5550088994168738,
2025-11-26,26205.30078125,27696.400390625,59528.05078125,35964.80078125,55442.6015625,37364.6015625,10280.7001953125,22862.349609375,8551.9501953125,911.4500122070312,,,0.012381783530362567,0.03876551389732885,0.011603954203106337,0.03739023061127611,0.012032410419526629,0.05126800496688744,0.017381700367636865,0.019179346555486365,0.007093280527295853,0.017783761790526542,0.014600825695722186,0.057564525464402605,0.020578930316363486,0.006190389851767231,0.012013678044114462,0.02959905659340123,0.007712271880339294,0.10863435448536118,0.01120545503374304,0.016335888284428224,0.006684923146021277,0.005132509527539979,0.005289816381192036,-0.77851083537169,,,0.7269316852198773,0.8800821693759735,0.7196647642423423,0.7183238827805949,0.5376331182241063,0.5882348421764839,0.6631218960197488,0.2933968432716376,0.5714176106295684,
2025-11-27,26215.55078125,27603.650390625,59737.30078125,35756.1484375,55470.55078125,37446.30078125,10273.75,22863.0,8502.099609375,904.9000244140624,,,0.0003911422381892571,0.04255436484659292,-0.0033488106285246566,0.036151640305156274,0.0035151495346108508,0.057363809713981695,-0.0058015709587575515,0.0196320042114968,0.000504110881566211,0.023182325171197338,0.0021865406115288977,0.06336670807172307,-0.0006760429912807675,0.015513818434934157,2.8448109494982887e-05,0.037376498746554354,-0.005829148299393072,0.11921274394457981,-0.007186337928844155,0.018630099941421063,0.0063301205607138675,0.005064433898170396,0.005268675458643074,-0.7922257580393793,,,0.7204800241440413,0.8724810061264658,0.706161147710381,0.7104703066096408,0.5316246518390767,0.5761728243674542,0.6515969680735008,0.2593940808290258,0.559786870494397,
2025-11-28,26202.94921875,27774.599609375,59752.69921875,35548.30078125,55595.80078125,37405.5,10293.0498046875,22998.30078125,8514.400390625,903.1500244140624,,,-0.0004806903583736144,0.03472650597447502,0.006192993184990447,0.03991026140070919,0.000257769221217119,0.05198602220211934,-0.005812920723643034,0.006416811042979864,0.0022579548649863668,0.015472542262883415,-0.0010895810907557424,0.05659879369219056,0.0018785550249422744,0.007344862466970081,0.005917892719678131,0.04266161165104587,0.0014467933587176685,0.10245889383317563,-0.0019339152975856866,-0.013382127674555266,0.006130676384718447,0.004959153581343249,0.005228371198273004,-0.8134361591342432,,,0.7089973193902596,0.8720631379940217,0.6947860587081286,0.688528537316456,0.5340905624835239,0.5583392589881575,0.6521111367874457,0.22320316809853127,0.5341323505465031,
